

================================================================
== Synthesis Summary Report of 'mine'
================================================================
+ General Information: 
    * Date:           Sat Aug  1 13:45:49 2026
    * Version:        2025.2 (Build 6295257 on Nov 14 2025)
    * Project:        mine
    * Solution:       hls (Vitis Kernel Flow Target)
    * Product family: zynquplus
    * Target device:  xck26-sfvc784-2LV-c
    

* Performance & Resource Estimates: 
+------------------------------------------------------+------+---------------------+----------+---------+------+----------+---------+---------+------+---------+----+-------------+-------------+-----+
|                        Modules                       | Issue|                     | Iteration|         | Trip |          |      Latency      |      |         |    |             |             |     |
|                        & Loops                       | Type |    Violation Type   |  Latency | Interval| Count| Pipelined| (cycles)|   (ns)  | Slack|  BRAM   | DSP|      FF     |     LUT     | URAM|
+------------------------------------------------------+------+---------------------+----------+---------+------+----------+---------+---------+------+---------+----+-------------+-------------+-----+
|+ mine                                                |     -|                    -|         -|        -|     -|        no|        -|        -|  0.00|  24 (8%)|   -|  36573 (15%)|  66854 (57%)|    -|
| + mine_Pipeline_VITIS_LOOP_282_1                     |     -|                    -|         -|        -|     -|       yes|       83|  415.000|  0.00|        -|   -|    278 (~0%)|    116 (~0%)|    -|
|  o VITIS_LOOP_282_1                                  |     -|                    -|         3|        1|    80|       yes|       81|  405.000|  3.65|        -|   -|            -|            -|    -|
| + mine_Pipeline_VITIS_LOOP_284_2                     |     -|                    -|         -|        -|     -|       yes|       34|  170.000|  2.19|        -|   -|    265 (~0%)|     65 (~0%)|    -|
|  o VITIS_LOOP_284_2                                  |     -|                    -|         1|        1|    32|       yes|       32|  160.000|  3.65|        -|   -|            -|            -|    -|
| + mine_Pipeline_VITIS_LOOP_119_1                     |     -|                    -|         -|        -|     -|       yes|       10|   50.000|  2.00|        -|   -|     43 (~0%)|     66 (~0%)|    -|
|  o VITIS_LOOP_119_1                                  |     -|                    -|         2|        1|     8|       yes|        8|   40.000|  3.65|        -|   -|            -|            -|    -|
| + mine_Pipeline_VITIS_LOOP_123_2                     |     -|                    -|         -|        -|     -|       yes|       66|  330.000|  2.02|        -|   -|     16 (~0%)|     67 (~0%)|    -|
|  o VITIS_LOOP_123_2                                  |     -|                    -|         2|        1|    64|       yes|       64|  320.000|  3.65|        -|   -|            -|            -|    -|
| + sha256_compress_compact                            |     -|                    -|         -|      146|     -|        no|      146|  730.000|  0.02|  1 (~0%)|   -|   1002 (~0%)|    2246 (1%)|    -|
|  + sha256_compress_compact_Pipeline_VITIS_LOOP_40_1  |     -|                    -|         -|        -|     -|       yes|       18|   90.000|  2.01|        -|   -|     12 (~0%)|     63 (~0%)|    -|
|   o VITIS_LOOP_40_1                                  |     -|                    -|         2|        1|    16|       yes|       16|   80.000|  3.65|        -|   -|            -|            -|    -|
|  + sha256_compress_compact_Pipeline_VITIS_LOOP_47_2  |     -|                    -|         -|        -|     -|       yes|       51|  255.000|  0.02|        -|   -|     27 (~0%)|    512 (~0%)|    -|
|   o VITIS_LOOP_47_2                                  |     -|                    -|         3|        1|    48|       yes|       49|  245.000|  3.65|        -|   -|            -|            -|    -|
|  + sha256_compress_compact_Pipeline_VITIS_LOOP_56_3  |     -|                    -|         -|        -|     -|       yes|       68|  340.000|  0.24|  1 (~0%)|   -|    310 (~0%)|    774 (~0%)|    -|
|   o VITIS_LOOP_56_3                                  |     -|                    -|         3|        1|    64|       yes|       66|  330.000|  3.65|        -|   -|            -|            -|    -|
| + mine_Pipeline_VITIS_LOOP_293_3                     |     -|                    -|         -|        -|     -|        no|        -|        -|  0.09|        -|   -|  30925 (13%)|  59048 (50%)|    -|
|  o VITIS_LOOP_293_3                                  |    II|  Resource Limitation|       142|      142|     -|       yes|        -|        -|  3.65|        -|   -|            -|            -|    -|
|   + sha256d_from_midstate                            |     -|                    -|         -|        8|     -|       yes|      138|  690.000|  0.09|        -|   -|  30408 (12%)|  57047 (48%)|    -|
|    + sha256_compress                                 |     -|                    -|         -|        1|     -|       yes|       63|  315.000|  0.09|        -|   -|  29742 (12%)|  56226 (48%)|    -|
+------------------------------------------------------+------+---------------------+----------+---------+------+----------+---------+---------+------+---------+----+-------------+-------------+-----+
    II Violation Information: docs.amd.com/access/sources/dita/topic?Doc_Version=2025.2%20English&url=ug1448-hls-guidance&resourceid=200-880.html
    Name Prefix: '+' for module, 'o' for loop, '*' for dataflow


================================================================
== HW Interfaces
================================================================
* M_AXI
+-------------+------------+------------+---------------+---------+--------+----------+-----------+--------------+--------------+-------------+-------------+-------------------+
| Interface   | Read/Write | Data Width | Address Width | Latency | Offset | Register | Max Widen | Max Read     | Max Write    | Num Read    | Num Write   | Resource Estimate |
|             |            | (SW->HW)   |               |         |        |          | Bitwidth  | Burst Length | Burst Length | Outstanding | Outstanding |                   |
+-------------+------------+------------+---------------+---------+--------+----------+-----------+--------------+--------------+-------------+-------------+-------------------+
| m_axi_gmem0 | READ_ONLY  | 8 -> 128   | 64            | 64      | slave  | 0        | 512       | 16           | 16           | 16          | 16          | BRAM=8            |
| m_axi_gmem1 | READ_ONLY  | 8 -> 256   | 64            | 64      | slave  | 0        | 512       | 16           | 16           | 16          | 16          | BRAM=15           |
| m_axi_gmem2 | WRITE_ONLY | 32 -> 32   | 64            | 64      | slave  | 0        | 512       | 16           | 16           | 16          | 16          |                   |
+-------------+------------+------------+---------------+---------+--------+----------+-----------+--------------+--------------+-------------+-------------+-------------------+

* S_AXILITE Interfaces
+---------------+------------+---------------+--------+----------+
| Interface     | Data Width | Address Width | Offset | Register |
+---------------+------------+---------------+--------+----------+
| s_axi_control | 32         | 7             | 16     | 0        |
+---------------+------------+---------------+--------+----------+

* S_AXILITE Registers
+---------------+---------------+--------+-------+--------+----------------------------------+------------------------------------------------------------------------------------+
| Interface     | Register      | Offset | Width | Access | Description                      | Bit Fields                                                                         |
+---------------+---------------+--------+-------+--------+----------------------------------+------------------------------------------------------------------------------------+
| s_axi_control | CTRL          | 0x00   | 32    | RW     | Control signals                  | 0=AP_START 1=AP_DONE 2=AP_IDLE 3=AP_READY 4=AP_CONTINUE 7=AUTO_RESTART 9=INTERRUPT |
| s_axi_control | GIER          | 0x04   | 32    | RW     | Global Interrupt Enable Register | 0=Enable                                                                           |
| s_axi_control | IP_IER        | 0x08   | 32    | RW     | IP Interrupt Enable Register     | 0=CHAN0_INT_EN 1=CHAN1_INT_EN                                                      |
| s_axi_control | IP_ISR        | 0x0c   | 32    | RW     | IP Interrupt Status Register     | 0=CHAN0_INT_ST 1=CHAN1_INT_ST                                                      |
| s_axi_control | header_1      | 0x10   | 32    | W      | Data signal of header            |                                                                                    |
| s_axi_control | header_2      | 0x14   | 32    | W      | Data signal of header            |                                                                                    |
| s_axi_control | target_1      | 0x1c   | 32    | W      | Data signal of target            |                                                                                    |
| s_axi_control | target_2      | 0x20   | 32    | W      | Data signal of target            |                                                                                    |
| s_axi_control | nonce_start   | 0x28   | 32    | W      | Data signal of nonce_start       |                                                                                    |
| s_axi_control | nonce_count   | 0x30   | 32    | W      | Data signal of nonce_count       |                                                                                    |
| s_axi_control | found_nonce_1 | 0x38   | 32    | W      | Data signal of found_nonce       |                                                                                    |
| s_axi_control | found_nonce_2 | 0x3c   | 32    | W      | Data signal of found_nonce       |                                                                                    |
| s_axi_control | found_1       | 0x44   | 32    | W      | Data signal of found             |                                                                                    |
| s_axi_control | found_2       | 0x48   | 32    | W      | Data signal of found             |                                                                                    |
+---------------+---------------+--------+-------+--------+----------------------------------+------------------------------------------------------------------------------------+

* TOP LEVEL CONTROL
+-----------+---------------+-----------+
| Interface | Type          | Ports     |
+-----------+---------------+-----------+
| ap_clk    | clock         | ap_clk    |
| ap_rst_n  | reset         | ap_rst_n  |
| interrupt | interrupt     | interrupt |
| ap_ctrl   | ap_ctrl_chain |           |
+-----------+---------------+-----------+


================================================================
== SW I/O Information
================================================================
* Top Function Arguments
+-------------+-----------+-----------------------+
| Argument    | Direction | Datatype              |
+-------------+-----------+-----------------------+
| header      | in        | unsigned char const * |
| target      | in        | unsigned char const * |
| nonce_start | in        | unsigned int          |
| nonce_count | in        | unsigned int          |
| found_nonce | out       | unsigned int*         |
| found       | out       | int*                  |
+-------------+-----------+-----------------------+

* SW-to-HW Mapping
+-------------+---------------+-----------+----------+-----------------------------------------+
| Argument    | HW Interface  | HW Type   | HW Usage | HW Info                                 |
+-------------+---------------+-----------+----------+-----------------------------------------+
| header      | m_axi_gmem0   | interface |          | channel=0                               |
| header      | s_axi_control | register  | offset   | name=header_1 offset=0x10 range=32      |
| header      | s_axi_control | register  | offset   | name=header_2 offset=0x14 range=32      |
| target      | m_axi_gmem1   | interface |          | channel=0                               |
| target      | s_axi_control | register  | offset   | name=target_1 offset=0x1c range=32      |
| target      | s_axi_control | register  | offset   | name=target_2 offset=0x20 range=32      |
| nonce_start | s_axi_control | register  |          | name=nonce_start offset=0x28 range=32   |
| nonce_count | s_axi_control | register  |          | name=nonce_count offset=0x30 range=32   |
| found_nonce | m_axi_gmem2   | interface |          | channel=0                               |
| found_nonce | s_axi_control | register  | offset   | name=found_nonce_1 offset=0x38 range=32 |
| found_nonce | s_axi_control | register  | offset   | name=found_nonce_2 offset=0x3c range=32 |
| found       | m_axi_gmem2   | interface |          | channel=0                               |
| found       | s_axi_control | register  | offset   | name=found_1 offset=0x44 range=32       |
| found       | s_axi_control | register  | offset   | name=found_2 offset=0x48 range=32       |
+-------------+---------------+-----------+----------+-----------------------------------------+


================================================================
== M_AXI Burst Information
================================================================
 Note: All burst requests might be further partitioned into multiple requests during RTL generation based on max_read_burst_length or max_write_burst_length settings.

* Inferred Burst Summary
+--------------+-----------+--------+-------+
| HW Interface | Direction | Length | Width |
+--------------+-----------+--------+-------+
| m_axi_gmem0  | read      | 5      | 128   |
+--------------+-----------+--------+-------+

* All M_AXI Variable Accesses
+--------------+----------+---------------------------------------------------------------------------+-----------+--------------+--------+------------------+---------------------------------------------------------------------------+
| HW Interface | Variable | Access Location                                                           | Direction | Burst Status | Length | Loop             | Loop Location                                                             |
+--------------+----------+---------------------------------------------------------------------------+-----------+--------------+--------+------------------+---------------------------------------------------------------------------+
| m_axi_gmem0  | header   | ../4601-hardware-acceleration-design-project/baseline-hls/mine.cpp:282:61 | read      | Widened      | 5      | VITIS_LOOP_282_1 | ../4601-hardware-acceleration-design-project/baseline-hls/mine.cpp:282:23 |
| m_axi_gmem0  | header   | ../4601-hardware-acceleration-design-project/baseline-hls/mine.cpp:282:61 | read      | Inferred     | 80     | VITIS_LOOP_282_1 | ../4601-hardware-acceleration-design-project/baseline-hls/mine.cpp:282:23 |
| m_axi_gmem1  | target   | ../4601-hardware-acceleration-design-project/baseline-hls/mine.cpp:284:61 | read      | Widened      | 1      | VITIS_LOOP_284_2 | ../4601-hardware-acceleration-design-project/baseline-hls/mine.cpp:284:23 |
| m_axi_gmem1  | target   | ../4601-hardware-acceleration-design-project/baseline-hls/mine.cpp:284:61 | read      | Inferred     | 32     | VITIS_LOOP_284_2 | ../4601-hardware-acceleration-design-project/baseline-hls/mine.cpp:284:23 |
+--------------+----------+---------------------------------------------------------------------------+-----------+--------------+--------+------------------+---------------------------------------------------------------------------+


================================================================
== Bind Op Report
================================================================
+------------------------------------------------------+-----+--------+---------------+-----------+--------------------------+---------+
| Name                                                 | DSP | Pragma | Variable      | Op        | Impl                     | Latency |
+------------------------------------------------------+-----+--------+---------------+-----------+--------------------------+---------+
| + mine                                               | 0   |        |               |           |                          |         |
|   icmp_ln293_fu_712_p2                               |     |        | icmp_ln293    | seteq     | auto                     | 0       |
|  + mine_Pipeline_VITIS_LOOP_282_1                    | 0   |        |               |           |                          |         |
|    icmp_ln282_fu_120_p2                              |     |        | icmp_ln282    | seteq     | auto                     | 0       |
|    add_ln282_fu_126_p2                               |     |        | add_ln282     | add       | fabric                   | 0       |
|    icmp_ln282_1_fu_136_p2                            |     |        | icmp_ln282_1  | seteq     | auto                     | 0       |
|  + mine_Pipeline_VITIS_LOOP_284_2                    | 0   |        |               |           |                          |         |
|    icmp_ln284_fu_78_p2                               |     |        | icmp_ln284    | seteq     | auto                     | 0       |
|    add_ln284_fu_84_p2                                |     |        | add_ln284     | add       | fabric                   | 0       |
|  + mine_Pipeline_VITIS_LOOP_119_1                    | 0   |        |               |           |                          |         |
|    icmp_ln119_fu_69_p2                               |     |        | icmp_ln119    | seteq     | auto                     | 0       |
|    add_ln119_fu_75_p2                                |     |        | add_ln119     | add       | fabric                   | 0       |
|  + mine_Pipeline_VITIS_LOOP_123_2                    | 0   |        |               |           |                          |         |
|    icmp_ln123_fu_89_p2                               |     |        | icmp_ln123    | seteq     | auto                     | 0       |
|    add_ln123_fu_95_p2                                |     |        | add_ln123     | add       | fabric                   | 0       |
|  + sha256_compress_compact                           | 0   |        |               |           |                          |         |
|    add_ln68_fu_217_p2                                |     |        | add_ln68      | add       | fabric                   | 0       |
|    add_ln68_1_fu_223_p2                              |     |        | add_ln68_1    | add       | fabric                   | 0       |
|    add_ln68_2_fu_235_p2                              |     |        | add_ln68_2    | add       | fabric                   | 0       |
|    add_ln68_3_fu_241_p2                              |     |        | add_ln68_3    | add       | fabric                   | 0       |
|    add_ln69_fu_253_p2                                |     |        | add_ln69      | add       | fabric                   | 0       |
|    add_ln69_1_fu_259_p2                              |     |        | add_ln69_1    | add       | fabric                   | 0       |
|    add_ln69_2_fu_271_p2                              |     |        | add_ln69_2    | add       | fabric                   | 0       |
|    add_ln69_3_fu_277_p2                              |     |        | add_ln69_3    | add       | fabric                   | 0       |
|   + sha256_compress_compact_Pipeline_VITIS_LOOP_40_1 | 0   |        |               |           |                          |         |
|     icmp_ln40_fu_170_p2                              |     |        | icmp_ln40     | seteq     | auto                     | 0       |
|     add_ln40_fu_176_p2                               |     |        | add_ln40      | add       | fabric                   | 0       |
|   + sha256_compress_compact_Pipeline_VITIS_LOOP_47_2 | 0   |        |               |           |                          |         |
|     icmp_ln47_fu_320_p2                              |     |        | icmp_ln47     | seteq     | auto                     | 0       |
|     add_ln48_fu_363_p2                               |     |        | add_ln48      | add       | fabric                   | 0       |
|     sparsemux_9_2_32_1_1_U17                         |     |        | x_assign      | sparsemux | compactencoding_dontcare | 0       |
|     add_ln49_fu_387_p2                               |     |        | add_ln49      | add       | fabric                   | 0       |
|     sparsemux_9_2_32_1_1_U18                         |     |        | x_assign_1    | sparsemux | compactencoding_dontcare | 0       |
|     add_ln50_fu_411_p2                               |     |        | add_ln50      | add       | fabric                   | 0       |
|     sparsemux_9_2_32_1_1_U19                         |     |        | tmp           | sparsemux | compactencoding_dontcare | 0       |
|     add_ln50_1_fu_435_p2                             |     |        | add_ln50_1    | add       | fabric                   | 0       |
|     sparsemux_9_2_32_1_1_U20                         |     |        | tmp_1         | sparsemux | compactencoding_dontcare | 0       |
|     xor_ln50_fu_666_p2                               |     |        | xor_ln50      | xor       | auto                     | 0       |
|     xor_ln50_1_fu_672_p2                             |     |        | xor_ln50_1    | xor       | auto                     | 0       |
|     xor_ln50_2_fu_686_p2                             |     |        | xor_ln50_2    | xor       | auto                     | 0       |
|     xor_ln50_3_fu_692_p2                             |     |        | xor_ln50_3    | xor       | auto                     | 0       |
|     add_ln50_3_fu_704_p2                             |     |        | add_ln50_3    | add       | fabric                   | 0       |
|     add_ln47_fu_340_p2                               |     |        | add_ln47      | add       | fabric                   | 0       |
|   + sha256_compress_compact_Pipeline_VITIS_LOOP_56_3 | 0   |        |               |           |                          |         |
|     icmp_ln56_fu_379_p2                              |     |        | icmp_ln56     | seteq     | auto                     | 0       |
|     add_ln56_fu_385_p2                               |     |        | add_ln56      | add       | fabric                   | 0       |
|     sparsemux_9_2_32_1_1_U28                         |     |        | tmp_2         | sparsemux | compactencoding_dontcare | 0       |
|     xor_ln60_fu_516_p2                               |     |        | xor_ln60      | xor       | auto                     | 0       |
|     and_ln60_fu_522_p2                               |     |        | and_ln60      | and       | auto                     | 0       |
|     and_ln60_1_fu_528_p2                             |     |        | and_ln60_1    | and       | auto                     | 0       |
|     xor_ln60_1_fu_550_p2                             |     |        | xor_ln60_1    | xor       | auto                     | 0       |
|     xor_ln60_2_fu_564_p2                             |     |        | xor_ln60_2    | xor       | auto                     | 0       |
|     xor_ln60_3_fu_570_p2                             |     |        | xor_ln60_3    | xor       | auto                     | 0       |
|     e_2_fu_641_p2                                    |     |        | e_2           | add       | fabric                   | 0       |
|     xor_ln65_fu_647_p2                               |     |        | xor_ln65      | xor       | auto                     | 0       |
|     and_ln65_fu_653_p2                               |     |        | and_ln65      | and       | auto                     | 0       |
|     and_ln65_1_fu_659_p2                             |     |        | and_ln65_1    | and       | auto                     | 0       |
|     xor_ln65_1_fu_681_p2                             |     |        | xor_ln65_1    | xor       | auto                     | 0       |
|     xor_ln65_2_fu_695_p2                             |     |        | xor_ln65_2    | xor       | auto                     | 0       |
|     xor_ln65_3_fu_701_p2                             |     |        | xor_ln65_3    | xor       | auto                     | 0       |
|  + mine_Pipeline_VITIS_LOOP_293_3                    | 0   |        |               |           |                          |         |
|    icmp_ln293_fu_798_p2                              |     |        | icmp_ln293    | setlt     | auto                     | 0       |
|    k_2_fu_803_p2                                     |     |        | k_2           | add       | fabric                   | 0       |
|    n_fu_809_p2                                       |     |        | n             | add       | fabric                   | 0       |
|    icmp_ln260_fu_978_p2                              |     |        | icmp_ln260    | setlt     | auto                     | 0       |
|    icmp_ln261_fu_982_p2                              |     |        | icmp_ln261    | setgt     | auto                     | 0       |
|    icmp_ln260_1_fu_986_p2                            |     |        | icmp_ln260_1  | setlt     | auto                     | 0       |
|    icmp_ln261_1_fu_990_p2                            |     |        | icmp_ln261_1  | setgt     | auto                     | 0       |
|    icmp_ln260_2_fu_994_p2                            |     |        | icmp_ln260_2  | setlt     | auto                     | 0       |
|    icmp_ln261_2_fu_998_p2                            |     |        | icmp_ln261_2  | setgt     | auto                     | 0       |
|    icmp_ln260_3_fu_1002_p2                           |     |        | icmp_ln260_3  | setlt     | auto                     | 0       |
|    icmp_ln261_3_fu_1006_p2                           |     |        | icmp_ln261_3  | setgt     | auto                     | 0       |
|    icmp_ln260_4_fu_1010_p2                           |     |        | icmp_ln260_4  | setlt     | auto                     | 0       |
|    icmp_ln261_4_fu_1014_p2                           |     |        | icmp_ln261_4  | setgt     | auto                     | 0       |
|    icmp_ln260_5_fu_1018_p2                           |     |        | icmp_ln260_5  | setlt     | auto                     | 0       |
|    icmp_ln261_5_fu_1022_p2                           |     |        | icmp_ln261_5  | setgt     | auto                     | 0       |
|    icmp_ln260_6_fu_1026_p2                           |     |        | icmp_ln260_6  | setlt     | auto                     | 0       |
|    icmp_ln261_6_fu_1030_p2                           |     |        | icmp_ln261_6  | setgt     | auto                     | 0       |
|    icmp_ln260_7_fu_1034_p2                           |     |        | icmp_ln260_7  | setlt     | auto                     | 0       |
|    icmp_ln261_7_fu_1038_p2                           |     |        | icmp_ln261_7  | setgt     | auto                     | 0       |
|    icmp_ln260_8_fu_1042_p2                           |     |        | icmp_ln260_8  | setlt     | auto                     | 0       |
|    icmp_ln261_8_fu_1046_p2                           |     |        | icmp_ln261_8  | setgt     | auto                     | 0       |
|    icmp_ln260_9_fu_1050_p2                           |     |        | icmp_ln260_9  | setlt     | auto                     | 0       |
|    icmp_ln261_9_fu_1054_p2                           |     |        | icmp_ln261_9  | setgt     | auto                     | 0       |
|    icmp_ln260_10_fu_1058_p2                          |     |        | icmp_ln260_10 | setlt     | auto                     | 0       |
|    icmp_ln261_10_fu_1062_p2                          |     |        | icmp_ln261_10 | setgt     | auto                     | 0       |
|    icmp_ln260_11_fu_1066_p2                          |     |        | icmp_ln260_11 | setlt     | auto                     | 0       |
|    icmp_ln261_11_fu_1070_p2                          |     |        | icmp_ln261_11 | setgt     | auto                     | 0       |
|    icmp_ln260_12_fu_1074_p2                          |     |        | icmp_ln260_12 | setlt     | auto                     | 0       |
|    icmp_ln261_12_fu_1078_p2                          |     |        | icmp_ln261_12 | setgt     | auto                     | 0       |
|    icmp_ln260_13_fu_1082_p2                          |     |        | icmp_ln260_13 | setlt     | auto                     | 0       |
|    icmp_ln261_13_fu_1086_p2                          |     |        | icmp_ln261_13 | setgt     | auto                     | 0       |
|    icmp_ln260_14_fu_1090_p2                          |     |        | icmp_ln260_14 | setlt     | auto                     | 0       |
|    icmp_ln261_14_fu_1094_p2                          |     |        | icmp_ln261_14 | setgt     | auto                     | 0       |
|    icmp_ln260_15_fu_1098_p2                          |     |        | icmp_ln260_15 | setlt     | auto                     | 0       |
|    icmp_ln261_15_fu_1102_p2                          |     |        | icmp_ln261_15 | setgt     | auto                     | 0       |
|    icmp_ln260_16_fu_1106_p2                          |     |        | icmp_ln260_16 | setlt     | auto                     | 0       |
|    icmp_ln261_16_fu_1110_p2                          |     |        | icmp_ln261_16 | setgt     | auto                     | 0       |
|    icmp_ln260_17_fu_1114_p2                          |     |        | icmp_ln260_17 | setlt     | auto                     | 0       |
|    icmp_ln261_17_fu_1118_p2                          |     |        | icmp_ln261_17 | setgt     | auto                     | 0       |
|    icmp_ln260_18_fu_1122_p2                          |     |        | icmp_ln260_18 | setlt     | auto                     | 0       |
|    icmp_ln261_18_fu_1126_p2                          |     |        | icmp_ln261_18 | setgt     | auto                     | 0       |
|    icmp_ln260_19_fu_1130_p2                          |     |        | icmp_ln260_19 | setlt     | auto                     | 0       |
|    icmp_ln261_19_fu_1134_p2                          |     |        | icmp_ln261_19 | setgt     | auto                     | 0       |
|    icmp_ln260_20_fu_1138_p2                          |     |        | icmp_ln260_20 | setlt     | auto                     | 0       |
|    icmp_ln261_20_fu_1142_p2                          |     |        | icmp_ln261_20 | setgt     | auto                     | 0       |
|    icmp_ln260_21_fu_1146_p2                          |     |        | icmp_ln260_21 | setlt     | auto                     | 0       |
|    icmp_ln261_21_fu_1150_p2                          |     |        | icmp_ln261_21 | setgt     | auto                     | 0       |
|    icmp_ln260_22_fu_1154_p2                          |     |        | icmp_ln260_22 | setlt     | auto                     | 0       |
|    icmp_ln261_22_fu_1158_p2                          |     |        | icmp_ln261_22 | setgt     | auto                     | 0       |
|    icmp_ln260_23_fu_1162_p2                          |     |        | icmp_ln260_23 | setlt     | auto                     | 0       |
|    icmp_ln261_23_fu_1166_p2                          |     |        | icmp_ln261_23 | setgt     | auto                     | 0       |
|    icmp_ln260_24_fu_1170_p2                          |     |        | icmp_ln260_24 | setlt     | auto                     | 0       |
|    icmp_ln261_24_fu_1174_p2                          |     |        | icmp_ln261_24 | setgt     | auto                     | 0       |
|    icmp_ln260_25_fu_1178_p2                          |     |        | icmp_ln260_25 | setlt     | auto                     | 0       |
|    icmp_ln261_25_fu_1182_p2                          |     |        | icmp_ln261_25 | setgt     | auto                     | 0       |
|    icmp_ln260_26_fu_1186_p2                          |     |        | icmp_ln260_26 | setlt     | auto                     | 0       |
|    icmp_ln261_26_fu_1190_p2                          |     |        | icmp_ln261_26 | setgt     | auto                     | 0       |
|    icmp_ln260_27_fu_1194_p2                          |     |        | icmp_ln260_27 | setlt     | auto                     | 0       |
|    icmp_ln261_27_fu_1198_p2                          |     |        | icmp_ln261_27 | setgt     | auto                     | 0       |
|    icmp_ln260_28_fu_1202_p2                          |     |        | icmp_ln260_28 | setlt     | auto                     | 0       |
|    icmp_ln261_28_fu_1206_p2                          |     |        | icmp_ln261_28 | setgt     | auto                     | 0       |
|    icmp_ln260_29_fu_1210_p2                          |     |        | icmp_ln260_29 | setlt     | auto                     | 0       |
|    icmp_ln261_29_fu_1214_p2                          |     |        | icmp_ln261_29 | setgt     | auto                     | 0       |
|    icmp_ln260_30_fu_1218_p2                          |     |        | icmp_ln260_30 | setlt     | auto                     | 0       |
|    icmp_ln261_30_fu_1222_p2                          |     |        | icmp_ln261_30 | setgt     | auto                     | 0       |
|    icmp_ln260_31_fu_1226_p2                          |     |        | icmp_ln260_31 | setlt     | auto                     | 0       |
|    icmp_ln260_32_fu_1231_p2                          |     |        | icmp_ln260_32 | setne     | auto                     | 0       |
|    spec_select_i_fu_1236_p2                          |     |        | spec_select_i | and       | auto                     | 0       |
|   + sha256d_from_midstate                            | 0   |        |               |           |                          |         |
|    + sha256_compress                                 | 0   |        |               |           |                          |         |
|      xor_ln89_fu_692_p2                              |     |        | xor_ln89      | xor       | auto                     | 0       |
|      xor_ln89_1_fu_698_p2                            |     |        | xor_ln89_1    | xor       | auto                     | 0       |
|      w_13_fu_704_p2                                  |     |        | w_13          | add       | fabric                   | 0       |
|      xor_ln89_2_fu_790_p2                            |     |        | xor_ln89_2    | xor       | auto                     | 0       |
|      xor_ln89_3_fu_796_p2                            |     |        | xor_ln89_3    | xor       | auto                     | 0       |
|      xor_ln89_4_fu_1748_p2                           |     |        | xor_ln89_4    | xor       | auto                     | 0       |
|      xor_ln89_5_fu_932_p2                            |     |        | xor_ln89_5    | xor       | auto                     | 0       |
|      xor_ln89_6_fu_938_p2                            |     |        | xor_ln89_6    | xor       | auto                     | 0       |
|      xor_ln89_7_fu_952_p2                            |     |        | xor_ln89_7    | xor       | auto                     | 0       |
|      xor_ln89_8_fu_958_p2                            |     |        | xor_ln89_8    | xor       | auto                     | 0       |
|      xor_ln89_9_fu_1044_p2                           |     |        | xor_ln89_9    | xor       | auto                     | 0       |
|      xor_ln89_10_fu_1050_p2                          |     |        | xor_ln89_10   | xor       | auto                     | 0       |
|      xor_ln89_11_fu_1837_p2                          |     |        | xor_ln89_11   | xor       | auto                     | 0       |
|      xor_ln89_12_fu_1843_p2                          |     |        | xor_ln89_12   | xor       | auto                     | 0       |
|      xor_ln89_13_fu_1136_p2                          |     |        | xor_ln89_13   | xor       | auto                     | 0       |
|      xor_ln89_14_fu_1142_p2                          |     |        | xor_ln89_14   | xor       | auto                     | 0       |
|      xor_ln89_15_fu_1907_p2                          |     |        | xor_ln89_15   | xor       | auto                     | 0       |
|      xor_ln89_16_fu_1913_p2                          |     |        | xor_ln89_16   | xor       | auto                     | 0       |
|      xor_ln89_17_fu_1228_p2                          |     |        | xor_ln89_17   | xor       | auto                     | 0       |
|      xor_ln89_18_fu_1234_p2                          |     |        | xor_ln89_18   | xor       | auto                     | 0       |
|      xor_ln89_19_fu_2162_p2                          |     |        | xor_ln89_19   | xor       | auto                     | 0       |
|      xor_ln89_20_fu_2168_p2                          |     |        | xor_ln89_20   | xor       | auto                     | 0       |
|      xor_ln89_21_fu_1320_p2                          |     |        | xor_ln89_21   | xor       | auto                     | 0       |
|      xor_ln89_22_fu_1326_p2                          |     |        | xor_ln89_22   | xor       | auto                     | 0       |
|      xor_ln89_23_fu_3216_p2                          |     |        | xor_ln89_23   | xor       | auto                     | 0       |
|      xor_ln89_24_fu_3222_p2                          |     |        | xor_ln89_24   | xor       | auto                     | 0       |
|      add_ln89_11_fu_3233_p2                          |     |        | add_ln89_11   | add       | fabric                   | 0       |
|      xor_ln89_25_fu_2256_p2                          |     |        | xor_ln89_25   | xor       | auto                     | 0       |
|      xor_ln89_26_fu_2274_p2                          |     |        | xor_ln89_26   | xor       | auto                     | 0       |
|      xor_ln89_27_fu_2280_p2                          |     |        | xor_ln89_27   | xor       | auto                     | 0       |
|      add_ln89_14_fu_2286_p2                          |     |        | add_ln89_14   | add       | fabric                   | 0       |
|      xor_ln89_28_fu_3303_p2                          |     |        | xor_ln89_28   | xor       | auto                     | 0       |
|      xor_ln89_29_fu_3309_p2                          |     |        | xor_ln89_29   | xor       | auto                     | 0       |
|      xor_ln89_30_fu_7470_p2                          |     |        | xor_ln89_30   | xor       | auto                     | 0       |
|      xor_ln89_31_fu_7476_p2                          |     |        | xor_ln89_31   | xor       | auto                     | 0       |
|      w_22_fu_7482_p2                                 |     |        | w_22          | add       | fabric                   | 0       |
|      xor_ln89_32_fu_7756_p2                          |     |        | xor_ln89_32   | xor       | auto                     | 0       |
|      xor_ln89_33_fu_7762_p2                          |     |        | xor_ln89_33   | xor       | auto                     | 0       |
|      w_23_fu_7768_p2                                 |     |        | w_23          | add       | fabric                   | 0       |
|      xor_ln89_34_fu_7545_p2                          |     |        | xor_ln89_34   | xor       | auto                     | 0       |
|      xor_ln89_35_fu_7551_p2                          |     |        | xor_ln89_35   | xor       | auto                     | 0       |
|      w_24_fu_7557_p2                                 |     |        | w_24          | add       | fabric                   | 0       |
|      xor_ln89_36_fu_7831_p2                          |     |        | xor_ln89_36   | xor       | auto                     | 0       |
|      xor_ln89_37_fu_7837_p2                          |     |        | xor_ln89_37   | xor       | auto                     | 0       |
|      w_25_fu_7843_p2                                 |     |        | w_25          | add       | fabric                   | 0       |
|      xor_ln89_38_fu_9145_p2                          |     |        | xor_ln89_38   | xor       | auto                     | 0       |
|      xor_ln89_39_fu_9151_p2                          |     |        | xor_ln89_39   | xor       | auto                     | 0       |
|      w_26_fu_9157_p2                                 |     |        | w_26          | add       | fabric                   | 0       |
|      xor_ln89_40_fu_9625_p2                          |     |        | xor_ln89_40   | xor       | auto                     | 0       |
|      xor_ln89_41_fu_7906_p2                          |     |        | xor_ln89_41   | xor       | auto                     | 0       |
|      xor_ln89_42_fu_7912_p2                          |     |        | xor_ln89_42   | xor       | auto                     | 0       |
|      xor_ln89_43_fu_1412_p2                          |     |        | xor_ln89_43   | xor       | auto                     | 0       |
|      xor_ln89_44_fu_1418_p2                          |     |        | xor_ln89_44   | xor       | auto                     | 0       |
|      xor_ln89_45_fu_9220_p2                          |     |        | xor_ln89_45   | xor       | auto                     | 0       |
|      xor_ln89_46_fu_9226_p2                          |     |        | xor_ln89_46   | xor       | auto                     | 0       |
|      add_ln89_26_fu_9232_p2                          |     |        | add_ln89_26   | add       | fabric                   | 0       |
|      xor_ln89_47_fu_9744_p2                          |     |        | xor_ln89_47   | xor       | auto                     | 0       |
|      xor_ln89_48_fu_9750_p2                          |     |        | xor_ln89_48   | xor       | auto                     | 0       |
|      xor_ln89_49_fu_9764_p2                          |     |        | xor_ln89_49   | xor       | auto                     | 0       |
|      xor_ln89_50_fu_9770_p2                          |     |        | xor_ln89_50   | xor       | auto                     | 0       |
|      add_ln89_29_fu_9776_p2                          |     |        | add_ln89_29   | add       | fabric                   | 0       |
|      xor_ln89_51_fu_10030_p2                         |     |        | xor_ln89_51   | xor       | auto                     | 0       |
|      xor_ln89_52_fu_10036_p2                         |     |        | xor_ln89_52   | xor       | auto                     | 0       |
|      xor_ln89_53_fu_10050_p2                         |     |        | xor_ln89_53   | xor       | auto                     | 0       |
|      xor_ln89_54_fu_10056_p2                         |     |        | xor_ln89_54   | xor       | auto                     | 0       |
|      add_ln89_32_fu_10062_p2                         |     |        | add_ln89_32   | add       | fabric                   | 0       |
|      xor_ln89_55_fu_10171_p2                         |     |        | xor_ln89_55   | xor       | auto                     | 0       |
|      xor_ln89_56_fu_10177_p2                         |     |        | xor_ln89_56   | xor       | auto                     | 0       |
|      xor_ln89_57_fu_10191_p2                         |     |        | xor_ln89_57   | xor       | auto                     | 0       |
|      xor_ln89_58_fu_10197_p2                         |     |        | xor_ln89_58   | xor       | auto                     | 0       |
|      add_ln89_35_fu_10203_p2                         |     |        | add_ln89_35   | add       | fabric                   | 0       |
|      xor_ln89_59_fu_10792_p2                         |     |        | xor_ln89_59   | xor       | auto                     | 0       |
|      xor_ln89_60_fu_10798_p2                         |     |        | xor_ln89_60   | xor       | auto                     | 0       |
|      xor_ln89_61_fu_10812_p2                         |     |        | xor_ln89_61   | xor       | auto                     | 0       |
|      xor_ln89_62_fu_10818_p2                         |     |        | xor_ln89_62   | xor       | auto                     | 0       |
|      add_ln89_38_fu_10824_p2                         |     |        | add_ln89_38   | add       | fabric                   | 0       |
|      xor_ln89_63_fu_11176_p2                         |     |        | xor_ln89_63   | xor       | auto                     | 0       |
|      xor_ln89_64_fu_11182_p2                         |     |        | xor_ln89_64   | xor       | auto                     | 0       |
|      xor_ln89_65_fu_11196_p2                         |     |        | xor_ln89_65   | xor       | auto                     | 0       |
|      xor_ln89_66_fu_11202_p2                         |     |        | xor_ln89_66   | xor       | auto                     | 0       |
|      add_ln89_41_fu_11208_p2                         |     |        | add_ln89_41   | add       | fabric                   | 0       |
|      xor_ln89_67_fu_11560_p2                         |     |        | xor_ln89_67   | xor       | auto                     | 0       |
|      xor_ln89_68_fu_11566_p2                         |     |        | xor_ln89_68   | xor       | auto                     | 0       |
|      xor_ln89_69_fu_11580_p2                         |     |        | xor_ln89_69   | xor       | auto                     | 0       |
|      xor_ln89_70_fu_11586_p2                         |     |        | xor_ln89_70   | xor       | auto                     | 0       |
|      add_ln89_44_fu_11592_p2                         |     |        | add_ln89_44   | add       | fabric                   | 0       |
|      xor_ln89_71_fu_12055_p2                         |     |        | xor_ln89_71   | xor       | auto                     | 0       |
|      xor_ln89_72_fu_12061_p2                         |     |        | xor_ln89_72   | xor       | auto                     | 0       |
|      xor_ln89_73_fu_12075_p2                         |     |        | xor_ln89_73   | xor       | auto                     | 0       |
|      xor_ln89_74_fu_12081_p2                         |     |        | xor_ln89_74   | xor       | auto                     | 0       |
|      add_ln89_47_fu_12087_p2                         |     |        | add_ln89_47   | add       | fabric                   | 0       |
|      xor_ln89_75_fu_12332_p2                         |     |        | xor_ln89_75   | xor       | auto                     | 0       |
|      xor_ln89_76_fu_12338_p2                         |     |        | xor_ln89_76   | xor       | auto                     | 0       |
|      xor_ln89_77_fu_12352_p2                         |     |        | xor_ln89_77   | xor       | auto                     | 0       |
|      xor_ln89_78_fu_12358_p2                         |     |        | xor_ln89_78   | xor       | auto                     | 0       |
|      add_ln89_50_fu_12364_p2                         |     |        | add_ln89_50   | add       | fabric                   | 0       |
|      xor_ln89_79_fu_12716_p2                         |     |        | xor_ln89_79   | xor       | auto                     | 0       |
|      xor_ln89_80_fu_12722_p2                         |     |        | xor_ln89_80   | xor       | auto                     | 0       |
|      xor_ln89_81_fu_12736_p2                         |     |        | xor_ln89_81   | xor       | auto                     | 0       |
|      xor_ln89_82_fu_12742_p2                         |     |        | xor_ln89_82   | xor       | auto                     | 0       |
|      add_ln89_53_fu_12748_p2                         |     |        | add_ln89_53   | add       | fabric                   | 0       |
|      xor_ln89_83_fu_13100_p2                         |     |        | xor_ln89_83   | xor       | auto                     | 0       |
|      xor_ln89_84_fu_13106_p2                         |     |        | xor_ln89_84   | xor       | auto                     | 0       |
|      xor_ln89_85_fu_13120_p2                         |     |        | xor_ln89_85   | xor       | auto                     | 0       |
|      xor_ln89_86_fu_13126_p2                         |     |        | xor_ln89_86   | xor       | auto                     | 0       |
|      add_ln89_56_fu_13132_p2                         |     |        | add_ln89_56   | add       | fabric                   | 0       |
|      xor_ln89_87_fu_13484_p2                         |     |        | xor_ln89_87   | xor       | auto                     | 0       |
|      xor_ln89_88_fu_13490_p2                         |     |        | xor_ln89_88   | xor       | auto                     | 0       |
|      xor_ln89_89_fu_13504_p2                         |     |        | xor_ln89_89   | xor       | auto                     | 0       |
|      xor_ln89_90_fu_13510_p2                         |     |        | xor_ln89_90   | xor       | auto                     | 0       |
|      add_ln89_59_fu_13516_p2                         |     |        | add_ln89_59   | add       | fabric                   | 0       |
|      xor_ln89_91_fu_13877_p2                         |     |        | xor_ln89_91   | xor       | auto                     | 0       |
|      xor_ln89_92_fu_13883_p2                         |     |        | xor_ln89_92   | xor       | auto                     | 0       |
|      xor_ln89_93_fu_13897_p2                         |     |        | xor_ln89_93   | xor       | auto                     | 0       |
|      xor_ln89_94_fu_13903_p2                         |     |        | xor_ln89_94   | xor       | auto                     | 0       |
|      add_ln89_62_fu_13909_p2                         |     |        | add_ln89_62   | add       | fabric                   | 0       |
|      xor_ln89_95_fu_14018_p2                         |     |        | xor_ln89_95   | xor       | auto                     | 0       |
|      xor_ln89_96_fu_14024_p2                         |     |        | xor_ln89_96   | xor       | auto                     | 0       |
|      xor_ln89_97_fu_14038_p2                         |     |        | xor_ln89_97   | xor       | auto                     | 0       |
|      xor_ln89_98_fu_14044_p2                         |     |        | xor_ln89_98   | xor       | auto                     | 0       |
|      add_ln89_65_fu_14054_p2                         |     |        | add_ln89_65   | add       | fabric                   | 0       |
|      xor_ln89_99_fu_14786_p2                         |     |        | xor_ln89_99   | xor       | auto                     | 0       |
|      xor_ln89_100_fu_14792_p2                        |     |        | xor_ln89_100  | xor       | auto                     | 0       |
|      xor_ln89_101_fu_14806_p2                        |     |        | xor_ln89_101  | xor       | auto                     | 0       |
|      xor_ln89_102_fu_14812_p2                        |     |        | xor_ln89_102  | xor       | auto                     | 0       |
|      add_ln89_68_fu_14818_p2                         |     |        | add_ln89_68   | add       | fabric                   | 0       |
|      xor_ln89_103_fu_14169_p2                        |     |        | xor_ln89_103  | xor       | auto                     | 0       |
|      xor_ln89_104_fu_14175_p2                        |     |        | xor_ln89_104  | xor       | auto                     | 0       |
|      xor_ln89_105_fu_14189_p2                        |     |        | xor_ln89_105  | xor       | auto                     | 0       |
|      xor_ln89_106_fu_14195_p2                        |     |        | xor_ln89_106  | xor       | auto                     | 0       |
|      add_ln89_71_fu_14201_p2                         |     |        | add_ln89_71   | add       | fabric                   | 0       |
|      xor_ln89_107_fu_15407_p2                        |     |        | xor_ln89_107  | xor       | auto                     | 0       |
|      xor_ln89_108_fu_15413_p2                        |     |        | xor_ln89_108  | xor       | auto                     | 0       |
|      xor_ln89_109_fu_15427_p2                        |     |        | xor_ln89_109  | xor       | auto                     | 0       |
|      xor_ln89_110_fu_15433_p2                        |     |        | xor_ln89_110  | xor       | auto                     | 0       |
|      add_ln89_74_fu_15439_p2                         |     |        | add_ln89_74   | add       | fabric                   | 0       |
|      xor_ln89_111_fu_15911_p2                        |     |        | xor_ln89_111  | xor       | auto                     | 0       |
|      xor_ln89_112_fu_15917_p2                        |     |        | xor_ln89_112  | xor       | auto                     | 0       |
|      xor_ln89_113_fu_15931_p2                        |     |        | xor_ln89_113  | xor       | auto                     | 0       |
|      xor_ln89_114_fu_15937_p2                        |     |        | xor_ln89_114  | xor       | auto                     | 0       |
|      add_ln89_77_fu_15943_p2                         |     |        | add_ln89_77   | add       | fabric                   | 0       |
|      xor_ln89_115_fu_16052_p2                        |     |        | xor_ln89_115  | xor       | auto                     | 0       |
|      xor_ln89_116_fu_16058_p2                        |     |        | xor_ln89_116  | xor       | auto                     | 0       |
|      xor_ln89_117_fu_16072_p2                        |     |        | xor_ln89_117  | xor       | auto                     | 0       |
|      xor_ln89_118_fu_16078_p2                        |     |        | xor_ln89_118  | xor       | auto                     | 0       |
|      add_ln89_80_fu_16088_p2                         |     |        | add_ln89_80   | add       | fabric                   | 0       |
|      xor_ln89_119_fu_16550_p2                        |     |        | xor_ln89_119  | xor       | auto                     | 0       |
|      xor_ln89_120_fu_16556_p2                        |     |        | xor_ln89_120  | xor       | auto                     | 0       |
|      xor_ln89_121_fu_16570_p2                        |     |        | xor_ln89_121  | xor       | auto                     | 0       |
|      xor_ln89_122_fu_16576_p2                        |     |        | xor_ln89_122  | xor       | auto                     | 0       |
|      add_ln89_83_fu_16586_p2                         |     |        | add_ln89_83   | add       | fabric                   | 0       |
|      xor_ln89_123_fu_16203_p2                        |     |        | xor_ln89_123  | xor       | auto                     | 0       |
|      xor_ln89_124_fu_16209_p2                        |     |        | xor_ln89_124  | xor       | auto                     | 0       |
|      xor_ln89_125_fu_16223_p2                        |     |        | xor_ln89_125  | xor       | auto                     | 0       |
|      xor_ln89_126_fu_16229_p2                        |     |        | xor_ln89_126  | xor       | auto                     | 0       |
|      add_ln89_86_fu_16235_p2                         |     |        | add_ln89_86   | add       | fabric                   | 0       |
|      xor_ln89_127_fu_16710_p2                        |     |        | xor_ln89_127  | xor       | auto                     | 0       |
|      xor_ln89_128_fu_16716_p2                        |     |        | xor_ln89_128  | xor       | auto                     | 0       |
|      xor_ln89_129_fu_16730_p2                        |     |        | xor_ln89_129  | xor       | auto                     | 0       |
|      xor_ln89_130_fu_16736_p2                        |     |        | xor_ln89_130  | xor       | auto                     | 0       |
|      add_ln89_89_fu_16742_p2                         |     |        | add_ln89_89   | add       | fabric                   | 0       |
|      xor_ln89_131_fu_16851_p2                        |     |        | xor_ln89_131  | xor       | auto                     | 0       |
|      xor_ln89_132_fu_16857_p2                        |     |        | xor_ln89_132  | xor       | auto                     | 0       |
|      xor_ln89_133_fu_16871_p2                        |     |        | xor_ln89_133  | xor       | auto                     | 0       |
|      xor_ln89_134_fu_16877_p2                        |     |        | xor_ln89_134  | xor       | auto                     | 0       |
|      add_ln89_92_fu_16887_p2                         |     |        | add_ln89_92   | add       | fabric                   | 0       |
|      xor_ln89_135_fu_17566_p2                        |     |        | xor_ln89_135  | xor       | auto                     | 0       |
|      xor_ln89_136_fu_17572_p2                        |     |        | xor_ln89_136  | xor       | auto                     | 0       |
|      xor_ln89_137_fu_17586_p2                        |     |        | xor_ln89_137  | xor       | auto                     | 0       |
|      xor_ln89_138_fu_17592_p2                        |     |        | xor_ln89_138  | xor       | auto                     | 0       |
|      add_ln89_95_fu_17602_p2                         |     |        | add_ln89_95   | add       | fabric                   | 0       |
|      xor_ln89_139_fu_17002_p2                        |     |        | xor_ln89_139  | xor       | auto                     | 0       |
|      xor_ln89_140_fu_17008_p2                        |     |        | xor_ln89_140  | xor       | auto                     | 0       |
|      xor_ln89_141_fu_17022_p2                        |     |        | xor_ln89_141  | xor       | auto                     | 0       |
|      xor_ln89_142_fu_17028_p2                        |     |        | xor_ln89_142  | xor       | auto                     | 0       |
|      add_ln89_98_fu_17034_p2                         |     |        | add_ln89_98   | add       | fabric                   | 0       |
|      xor_ln89_143_fu_17726_p2                        |     |        | xor_ln89_143  | xor       | auto                     | 0       |
|      xor_ln89_144_fu_17732_p2                        |     |        | xor_ln89_144  | xor       | auto                     | 0       |
|      xor_ln89_145_fu_17746_p2                        |     |        | xor_ln89_145  | xor       | auto                     | 0       |
|      xor_ln89_146_fu_17752_p2                        |     |        | xor_ln89_146  | xor       | auto                     | 0       |
|      add_ln89_101_fu_17758_p2                        |     |        | add_ln89_101  | add       | fabric                   | 0       |
|      xor_ln89_147_fu_17867_p2                        |     |        | xor_ln89_147  | xor       | auto                     | 0       |
|      xor_ln89_148_fu_17873_p2                        |     |        | xor_ln89_148  | xor       | auto                     | 0       |
|      xor_ln89_149_fu_17887_p2                        |     |        | xor_ln89_149  | xor       | auto                     | 0       |
|      xor_ln89_150_fu_17893_p2                        |     |        | xor_ln89_150  | xor       | auto                     | 0       |
|      add_ln89_104_fu_17903_p2                        |     |        | add_ln89_104  | add       | fabric                   | 0       |
|      xor_ln89_151_fu_18294_p2                        |     |        | xor_ln89_151  | xor       | auto                     | 0       |
|      xor_ln89_152_fu_18300_p2                        |     |        | xor_ln89_152  | xor       | auto                     | 0       |
|      xor_ln89_153_fu_18314_p2                        |     |        | xor_ln89_153  | xor       | auto                     | 0       |
|      xor_ln89_154_fu_18320_p2                        |     |        | xor_ln89_154  | xor       | auto                     | 0       |
|      add_ln89_107_fu_18330_p2                        |     |        | add_ln89_107  | add       | fabric                   | 0       |
|      xor_ln89_155_fu_18018_p2                        |     |        | xor_ln89_155  | xor       | auto                     | 0       |
|      xor_ln89_156_fu_18024_p2                        |     |        | xor_ln89_156  | xor       | auto                     | 0       |
|      xor_ln89_157_fu_18038_p2                        |     |        | xor_ln89_157  | xor       | auto                     | 0       |
|      xor_ln89_158_fu_18044_p2                        |     |        | xor_ln89_158  | xor       | auto                     | 0       |
|      add_ln89_110_fu_18050_p2                        |     |        | add_ln89_110  | add       | fabric                   | 0       |
|      xor_ln89_159_fu_18454_p2                        |     |        | xor_ln89_159  | xor       | auto                     | 0       |
|      xor_ln89_160_fu_18460_p2                        |     |        | xor_ln89_160  | xor       | auto                     | 0       |
|      xor_ln89_161_fu_18474_p2                        |     |        | xor_ln89_161  | xor       | auto                     | 0       |
|      xor_ln89_162_fu_18480_p2                        |     |        | xor_ln89_162  | xor       | auto                     | 0       |
|      add_ln89_113_fu_18486_p2                        |     |        | add_ln89_113  | add       | fabric                   | 0       |
|      xor_ln89_163_fu_18595_p2                        |     |        | xor_ln89_163  | xor       | auto                     | 0       |
|      xor_ln89_164_fu_18601_p2                        |     |        | xor_ln89_164  | xor       | auto                     | 0       |
|      xor_ln89_165_fu_18615_p2                        |     |        | xor_ln89_165  | xor       | auto                     | 0       |
|      xor_ln89_166_fu_18621_p2                        |     |        | xor_ln89_166  | xor       | auto                     | 0       |
|      add_ln89_116_fu_18631_p2                        |     |        | add_ln89_116  | add       | fabric                   | 0       |
|      xor_ln100_fu_1466_p2                            |     |        | xor_ln100     | xor       | auto                     | 0       |
|      and_ln100_fu_1472_p2                            |     |        | and_ln100     | and       | auto                     | 0       |
|      and_ln100_1_fu_1478_p2                          |     |        | and_ln100_1   | and       | auto                     | 0       |
|      xor_ln100_1_fu_1500_p2                          |     |        | xor_ln100_1   | xor       | auto                     | 0       |
|      xor_ln100_2_fu_1514_p2                          |     |        | xor_ln100_2   | xor       | auto                     | 0       |
|      xor_ln100_3_fu_1520_p2                          |     |        | xor_ln100_3   | xor       | auto                     | 0       |
|      e_fu_1592_p2                                    |     |        | e             | add       | fabric                   | 0       |
|      and_ln105_fu_2437_p2                            |     |        | and_ln105     | and       | auto                     | 0       |
|      and_ln105_1_fu_2441_p2                          |     |        | and_ln105_1   | and       | auto                     | 0       |
|      and_ln105_2_fu_2445_p2                          |     |        | and_ln105_2   | and       | auto                     | 0       |
|      xor_ln105_fu_2449_p2                            |     |        | xor_ln105     | xor       | auto                     | 0       |
|      xor_ln105_1_fu_2455_p2                          |     |        | xor_ln105_1   | xor       | auto                     | 0       |
|      xor_ln105_2_fu_1622_p2                          |     |        | xor_ln105_2   | xor       | auto                     | 0       |
|      xor_ln105_3_fu_1628_p2                          |     |        | xor_ln105_3   | xor       | auto                     | 0       |
|      xor_ln100_4_fu_1919_p2                          |     |        | xor_ln100_4   | xor       | auto                     | 0       |
|      and_ln100_2_fu_1924_p2                          |     |        | and_ln100_2   | and       | auto                     | 0       |
|      and_ln100_3_fu_1929_p2                          |     |        | and_ln100_3   | and       | auto                     | 0       |
|      xor_ln100_5_fu_1933_p2                          |     |        | xor_ln100_5   | xor       | auto                     | 0       |
|      xor_ln100_6_fu_1700_p2                          |     |        | xor_ln100_6   | xor       | auto                     | 0       |
|      xor_ln100_7_fu_1706_p2                          |     |        | xor_ln100_7   | xor       | auto                     | 0       |
|      e_4_fu_1961_p2                                  |     |        | e_4           | add       | fabric                   | 0       |
|      and_ln105_3_fu_2513_p2                          |     |        | and_ln105_3   | and       | auto                     | 0       |
|      and_ln105_4_fu_2534_p2                          |     |        | and_ln105_4   | and       | auto                     | 0       |
|      xor_ln105_4_fu_2547_p2                          |     |        | xor_ln105_4   | xor       | auto                     | 0       |
|      xor_ln105_5_fu_2553_p2                          |     |        | xor_ln105_5   | xor       | auto                     | 0       |
|      xor_ln105_6_fu_2559_p2                          |     |        | xor_ln105_6   | xor       | auto                     | 0       |
|      xor_ln105_7_fu_2565_p2                          |     |        | xor_ln105_7   | xor       | auto                     | 0       |
|      xor_ln100_8_fu_2008_p2                          |     |        | xor_ln100_8   | xor       | auto                     | 0       |
|      and_ln100_4_fu_2014_p2                          |     |        | and_ln100_4   | and       | auto                     | 0       |
|      and_ln100_5_fu_2019_p2                          |     |        | and_ln100_5   | and       | auto                     | 0       |
|      xor_ln100_9_fu_2040_p2                          |     |        | xor_ln100_9   | xor       | auto                     | 0       |
|      xor_ln100_10_fu_2054_p2                         |     |        | xor_ln100_10  | xor       | auto                     | 0       |
|      xor_ln100_11_fu_2060_p2                         |     |        | xor_ln100_11  | xor       | auto                     | 0       |
|      e_5_fu_2301_p2                                  |     |        | e_5           | add       | fabric                   | 0       |
|      and_ln105_5_fu_2787_p2                          |     |        | and_ln105_5   | and       | auto                     | 0       |
|      and_ln105_6_fu_2791_p2                          |     |        | and_ln105_6   | and       | auto                     | 0       |
|      xor_ln105_8_fu_2795_p2                          |     |        | xor_ln105_8   | xor       | auto                     | 0       |
|      xor_ln105_9_fu_2800_p2                          |     |        | xor_ln105_9   | xor       | auto                     | 0       |
|      xor_ln105_10_fu_2648_p2                         |     |        | xor_ln105_10  | xor       | auto                     | 0       |
|      xor_ln105_11_fu_2654_p2                         |     |        | xor_ln105_11  | xor       | auto                     | 0       |
|      xor_ln100_12_fu_2348_p2                         |     |        | xor_ln100_12  | xor       | auto                     | 0       |
|      and_ln100_6_fu_2354_p2                          |     |        | and_ln100_6   | and       | auto                     | 0       |
|      and_ln100_7_fu_2359_p2                          |     |        | and_ln100_7   | and       | auto                     | 0       |
|      xor_ln100_13_fu_2380_p2                         |     |        | xor_ln100_13  | xor       | auto                     | 0       |
|      xor_ln100_14_fu_2394_p2                         |     |        | xor_ln100_14  | xor       | auto                     | 0       |
|      xor_ln100_15_fu_2400_p2                         |     |        | xor_ln100_15  | xor       | auto                     | 0       |
|      e_6_fu_2660_p2                                  |     |        | e_6           | add       | fabric                   | 0       |
|      and_ln105_7_fu_2858_p2                          |     |        | and_ln105_7   | and       | auto                     | 0       |
|      and_ln105_8_fu_2879_p2                          |     |        | and_ln105_8   | and       | auto                     | 0       |
|      xor_ln105_12_fu_2892_p2                         |     |        | xor_ln105_12  | xor       | auto                     | 0       |
|      xor_ln105_13_fu_2898_p2                         |     |        | xor_ln105_13  | xor       | auto                     | 0       |
|      xor_ln105_14_fu_2904_p2                         |     |        | xor_ln105_14  | xor       | auto                     | 0       |
|      xor_ln105_15_fu_2910_p2                         |     |        | xor_ln105_15  | xor       | auto                     | 0       |
|      xor_ln100_16_fu_2706_p2                         |     |        | xor_ln100_16  | xor       | auto                     | 0       |
|      and_ln100_8_fu_2712_p2                          |     |        | and_ln100_8   | and       | auto                     | 0       |
|      and_ln100_9_fu_2717_p2                          |     |        | and_ln100_9   | and       | auto                     | 0       |
|      xor_ln100_17_fu_2738_p2                         |     |        | xor_ln100_17  | xor       | auto                     | 0       |
|      xor_ln100_18_fu_2752_p2                         |     |        | xor_ln100_18  | xor       | auto                     | 0       |
|      xor_ln100_19_fu_2758_p2                         |     |        | xor_ln100_19  | xor       | auto                     | 0       |
|      e_7_fu_2969_p2                                  |     |        | e_7           | add       | fabric                   | 0       |
|      and_ln105_9_fu_3315_p2                          |     |        | and_ln105_9   | and       | auto                     | 0       |
|      and_ln105_10_fu_3319_p2                         |     |        | and_ln105_10  | and       | auto                     | 0       |
|      xor_ln105_16_fu_3323_p2                         |     |        | xor_ln105_16  | xor       | auto                     | 0       |
|      xor_ln105_17_fu_3328_p2                         |     |        | xor_ln105_17  | xor       | auto                     | 0       |
|      xor_ln105_18_fu_2997_p2                         |     |        | xor_ln105_18  | xor       | auto                     | 0       |
|      xor_ln105_19_fu_3003_p2                         |     |        | xor_ln105_19  | xor       | auto                     | 0       |
|      xor_ln100_20_fu_3051_p2                         |     |        | xor_ln100_20  | xor       | auto                     | 0       |
|      and_ln100_10_fu_3057_p2                         |     |        | and_ln100_10  | and       | auto                     | 0       |
|      and_ln100_11_fu_3062_p2                         |     |        | and_ln100_11  | and       | auto                     | 0       |
|      xor_ln100_21_fu_3083_p2                         |     |        | xor_ln100_21  | xor       | auto                     | 0       |
|      xor_ln100_22_fu_3097_p2                         |     |        | xor_ln100_22  | xor       | auto                     | 0       |
|      xor_ln100_23_fu_3103_p2                         |     |        | xor_ln100_23  | xor       | auto                     | 0       |
|      e_8_fu_3386_p2                                  |     |        | e_8           | add       | fabric                   | 0       |
|      and_ln105_11_fu_3390_p2                         |     |        | and_ln105_11  | and       | auto                     | 0       |
|      and_ln105_12_fu_3411_p2                         |     |        | and_ln105_12  | and       | auto                     | 0       |
|      xor_ln105_20_fu_3424_p2                         |     |        | xor_ln105_20  | xor       | auto                     | 0       |
|      xor_ln105_21_fu_3430_p2                         |     |        | xor_ln105_21  | xor       | auto                     | 0       |
|      xor_ln105_22_fu_3436_p2                         |     |        | xor_ln105_22  | xor       | auto                     | 0       |
|      xor_ln105_23_fu_3442_p2                         |     |        | xor_ln105_23  | xor       | auto                     | 0       |
|      xor_ln100_24_fu_3501_p2                         |     |        | xor_ln100_24  | xor       | auto                     | 0       |
|      and_ln100_12_fu_3507_p2                         |     |        | and_ln100_12  | and       | auto                     | 0       |
|      and_ln100_13_fu_3512_p2                         |     |        | and_ln100_13  | and       | auto                     | 0       |
|      xor_ln100_25_fu_3533_p2                         |     |        | xor_ln100_25  | xor       | auto                     | 0       |
|      xor_ln100_26_fu_3547_p2                         |     |        | xor_ln100_26  | xor       | auto                     | 0       |
|      xor_ln100_27_fu_3553_p2                         |     |        | xor_ln100_27  | xor       | auto                     | 0       |
|      e_9_fu_3668_p2                                  |     |        | e_9           | add       | fabric                   | 0       |
|      and_ln105_13_fu_3802_p2                         |     |        | and_ln105_13  | and       | auto                     | 0       |
|      and_ln105_14_fu_3806_p2                         |     |        | and_ln105_14  | and       | auto                     | 0       |
|      xor_ln105_24_fu_3810_p2                         |     |        | xor_ln105_24  | xor       | auto                     | 0       |
|      xor_ln105_25_fu_3815_p2                         |     |        | xor_ln105_25  | xor       | auto                     | 0       |
|      xor_ln105_26_fu_3648_p2                         |     |        | xor_ln105_26  | xor       | auto                     | 0       |
|      xor_ln105_27_fu_3654_p2                         |     |        | xor_ln105_27  | xor       | auto                     | 0       |
|      xor_ln100_28_fu_3714_p2                         |     |        | xor_ln100_28  | xor       | auto                     | 0       |
|      and_ln100_14_fu_3720_p2                         |     |        | and_ln100_14  | and       | auto                     | 0       |
|      and_ln100_15_fu_3725_p2                         |     |        | and_ln100_15  | and       | auto                     | 0       |
|      xor_ln100_29_fu_3746_p2                         |     |        | xor_ln100_29  | xor       | auto                     | 0       |
|      xor_ln100_30_fu_3760_p2                         |     |        | xor_ln100_30  | xor       | auto                     | 0       |
|      xor_ln100_31_fu_3766_p2                         |     |        | xor_ln100_31  | xor       | auto                     | 0       |
|      e_10_fu_3873_p2                                 |     |        | e_10          | add       | fabric                   | 0       |
|      and_ln105_15_fu_4036_p2                         |     |        | and_ln105_15  | and       | auto                     | 0       |
|      and_ln105_16_fu_4040_p2                         |     |        | and_ln105_16  | and       | auto                     | 0       |
|      xor_ln105_28_fu_4044_p2                         |     |        | xor_ln105_28  | xor       | auto                     | 0       |
|      xor_ln105_29_fu_4049_p2                         |     |        | xor_ln105_29  | xor       | auto                     | 0       |
|      xor_ln105_30_fu_3901_p2                         |     |        | xor_ln105_30  | xor       | auto                     | 0       |
|      xor_ln105_31_fu_3907_p2                         |     |        | xor_ln105_31  | xor       | auto                     | 0       |
|      xor_ln100_32_fu_3955_p2                         |     |        | xor_ln100_32  | xor       | auto                     | 0       |
|      and_ln100_16_fu_3961_p2                         |     |        | and_ln100_16  | and       | auto                     | 0       |
|      and_ln100_17_fu_3966_p2                         |     |        | and_ln100_17  | and       | auto                     | 0       |
|      xor_ln100_33_fu_3987_p2                         |     |        | xor_ln100_33  | xor       | auto                     | 0       |
|      xor_ln100_34_fu_4001_p2                         |     |        | xor_ln100_34  | xor       | auto                     | 0       |
|      xor_ln100_35_fu_4007_p2                         |     |        | xor_ln100_35  | xor       | auto                     | 0       |
|      e_11_fu_4107_p2                                 |     |        | e_11          | add       | fabric                   | 0       |
|      and_ln105_17_fu_4264_p2                         |     |        | and_ln105_17  | and       | auto                     | 0       |
|      and_ln105_18_fu_4268_p2                         |     |        | and_ln105_18  | and       | auto                     | 0       |
|      xor_ln105_32_fu_4272_p2                         |     |        | xor_ln105_32  | xor       | auto                     | 0       |
|      xor_ln105_33_fu_4277_p2                         |     |        | xor_ln105_33  | xor       | auto                     | 0       |
|      xor_ln105_34_fu_4135_p2                         |     |        | xor_ln105_34  | xor       | auto                     | 0       |
|      xor_ln105_35_fu_4141_p2                         |     |        | xor_ln105_35  | xor       | auto                     | 0       |
|      xor_ln100_36_fu_4189_p2                         |     |        | xor_ln100_36  | xor       | auto                     | 0       |
|      and_ln100_18_fu_4195_p2                         |     |        | and_ln100_18  | and       | auto                     | 0       |
|      and_ln100_19_fu_4200_p2                         |     |        | and_ln100_19  | and       | auto                     | 0       |
|      xor_ln100_37_fu_4221_p2                         |     |        | xor_ln100_37  | xor       | auto                     | 0       |
|      xor_ln100_38_fu_4235_p2                         |     |        | xor_ln100_38  | xor       | auto                     | 0       |
|      xor_ln100_39_fu_4241_p2                         |     |        | xor_ln100_39  | xor       | auto                     | 0       |
|      add_ln100_37_fu_4252_p2                         |     |        | add_ln100_37  | add       | fabric                   | 0       |
|      e_12_fu_4335_p2                                 |     |        | e_12          | add       | fabric                   | 0       |
|      and_ln105_19_fu_4339_p2                         |     |        | and_ln105_19  | and       | auto                     | 0       |
|      and_ln105_20_fu_4360_p2                         |     |        | and_ln105_20  | and       | auto                     | 0       |
|      xor_ln105_36_fu_4373_p2                         |     |        | xor_ln105_36  | xor       | auto                     | 0       |
|      xor_ln105_37_fu_4379_p2                         |     |        | xor_ln105_37  | xor       | auto                     | 0       |
|      xor_ln105_38_fu_4385_p2                         |     |        | xor_ln105_38  | xor       | auto                     | 0       |
|      xor_ln105_39_fu_4391_p2                         |     |        | xor_ln105_39  | xor       | auto                     | 0       |
|      xor_ln100_40_fu_4450_p2                         |     |        | xor_ln100_40  | xor       | auto                     | 0       |
|      and_ln100_20_fu_4456_p2                         |     |        | and_ln100_20  | and       | auto                     | 0       |
|      and_ln100_21_fu_4461_p2                         |     |        | and_ln100_21  | and       | auto                     | 0       |
|      xor_ln100_41_fu_4482_p2                         |     |        | xor_ln100_41  | xor       | auto                     | 0       |
|      xor_ln100_42_fu_4496_p2                         |     |        | xor_ln100_42  | xor       | auto                     | 0       |
|      xor_ln100_43_fu_4502_p2                         |     |        | xor_ln100_43  | xor       | auto                     | 0       |
|      add_ln100_40_fu_4513_p2                         |     |        | add_ln100_40  | add       | fabric                   | 0       |
|      e_13_fu_4603_p2                                 |     |        | e_13          | add       | fabric                   | 0       |
|      and_ln105_21_fu_4724_p2                         |     |        | and_ln105_21  | and       | auto                     | 0       |
|      and_ln105_22_fu_4728_p2                         |     |        | and_ln105_22  | and       | auto                     | 0       |
|      xor_ln105_40_fu_4732_p2                         |     |        | xor_ln105_40  | xor       | auto                     | 0       |
|      xor_ln105_41_fu_4737_p2                         |     |        | xor_ln105_41  | xor       | auto                     | 0       |
|      xor_ln105_42_fu_4591_p2                         |     |        | xor_ln105_42  | xor       | auto                     | 0       |
|      xor_ln105_43_fu_4597_p2                         |     |        | xor_ln105_43  | xor       | auto                     | 0       |
|      xor_ln100_44_fu_4649_p2                         |     |        | xor_ln100_44  | xor       | auto                     | 0       |
|      and_ln100_22_fu_4655_p2                         |     |        | and_ln100_22  | and       | auto                     | 0       |
|      and_ln100_23_fu_4660_p2                         |     |        | and_ln100_23  | and       | auto                     | 0       |
|      xor_ln100_45_fu_4681_p2                         |     |        | xor_ln100_45  | xor       | auto                     | 0       |
|      xor_ln100_46_fu_4695_p2                         |     |        | xor_ln100_46  | xor       | auto                     | 0       |
|      xor_ln100_47_fu_4701_p2                         |     |        | xor_ln100_47  | xor       | auto                     | 0       |
|      add_ln100_43_fu_4712_p2                         |     |        | add_ln100_43  | add       | fabric                   | 0       |
|      e_14_fu_4795_p2                                 |     |        | e_14          | add       | fabric                   | 0       |
|      and_ln105_23_fu_4799_p2                         |     |        | and_ln105_23  | and       | auto                     | 0       |
|      and_ln105_24_fu_4820_p2                         |     |        | and_ln105_24  | and       | auto                     | 0       |
|      xor_ln105_44_fu_4833_p2                         |     |        | xor_ln105_44  | xor       | auto                     | 0       |
|      xor_ln105_45_fu_4839_p2                         |     |        | xor_ln105_45  | xor       | auto                     | 0       |
|      xor_ln105_46_fu_4845_p2                         |     |        | xor_ln105_46  | xor       | auto                     | 0       |
|      xor_ln105_47_fu_4851_p2                         |     |        | xor_ln105_47  | xor       | auto                     | 0       |
|      xor_ln100_48_fu_4910_p2                         |     |        | xor_ln100_48  | xor       | auto                     | 0       |
|      and_ln100_24_fu_4916_p2                         |     |        | and_ln100_24  | and       | auto                     | 0       |
|      and_ln100_25_fu_4921_p2                         |     |        | and_ln100_25  | and       | auto                     | 0       |
|      xor_ln100_49_fu_4942_p2                         |     |        | xor_ln100_49  | xor       | auto                     | 0       |
|      xor_ln100_50_fu_4956_p2                         |     |        | xor_ln100_50  | xor       | auto                     | 0       |
|      xor_ln100_51_fu_4962_p2                         |     |        | xor_ln100_51  | xor       | auto                     | 0       |
|      add_ln100_46_fu_4973_p2                         |     |        | add_ln100_46  | add       | fabric                   | 0       |
|      e_15_fu_5063_p2                                 |     |        | e_15          | add       | fabric                   | 0       |
|      and_ln105_25_fu_5184_p2                         |     |        | and_ln105_25  | and       | auto                     | 0       |
|      and_ln105_26_fu_5188_p2                         |     |        | and_ln105_26  | and       | auto                     | 0       |
|      xor_ln105_48_fu_5192_p2                         |     |        | xor_ln105_48  | xor       | auto                     | 0       |
|      xor_ln105_49_fu_5197_p2                         |     |        | xor_ln105_49  | xor       | auto                     | 0       |
|      xor_ln105_50_fu_5051_p2                         |     |        | xor_ln105_50  | xor       | auto                     | 0       |
|      xor_ln105_51_fu_5057_p2                         |     |        | xor_ln105_51  | xor       | auto                     | 0       |
|      xor_ln100_52_fu_5109_p2                         |     |        | xor_ln100_52  | xor       | auto                     | 0       |
|      and_ln100_26_fu_5115_p2                         |     |        | and_ln100_26  | and       | auto                     | 0       |
|      and_ln100_27_fu_5120_p2                         |     |        | and_ln100_27  | and       | auto                     | 0       |
|      xor_ln100_53_fu_5141_p2                         |     |        | xor_ln100_53  | xor       | auto                     | 0       |
|      xor_ln100_54_fu_5155_p2                         |     |        | xor_ln100_54  | xor       | auto                     | 0       |
|      xor_ln100_55_fu_5161_p2                         |     |        | xor_ln100_55  | xor       | auto                     | 0       |
|      add_ln100_49_fu_5173_p2                         |     |        | add_ln100_49  | add       | fabric                   | 0       |
|      e_16_fu_5255_p2                                 |     |        | e_16          | add       | fabric                   | 0       |
|      and_ln105_27_fu_5415_p2                         |     |        | and_ln105_27  | and       | auto                     | 0       |
|      and_ln105_28_fu_5419_p2                         |     |        | and_ln105_28  | and       | auto                     | 0       |
|      xor_ln105_52_fu_5423_p2                         |     |        | xor_ln105_52  | xor       | auto                     | 0       |
|      xor_ln105_53_fu_5428_p2                         |     |        | xor_ln105_53  | xor       | auto                     | 0       |
|      xor_ln105_54_fu_5283_p2                         |     |        | xor_ln105_54  | xor       | auto                     | 0       |
|      xor_ln105_55_fu_5289_p2                         |     |        | xor_ln105_55  | xor       | auto                     | 0       |
|      xor_ln100_56_fu_5337_p2                         |     |        | xor_ln100_56  | xor       | auto                     | 0       |
|      and_ln100_28_fu_5343_p2                         |     |        | and_ln100_28  | and       | auto                     | 0       |
|      and_ln100_29_fu_5348_p2                         |     |        | and_ln100_29  | and       | auto                     | 0       |
|      xor_ln100_57_fu_5369_p2                         |     |        | xor_ln100_57  | xor       | auto                     | 0       |
|      xor_ln100_58_fu_5383_p2                         |     |        | xor_ln100_58  | xor       | auto                     | 0       |
|      xor_ln100_59_fu_5389_p2                         |     |        | xor_ln100_59  | xor       | auto                     | 0       |
|      add_ln100_52_fu_5401_p2                         |     |        | add_ln100_52  | add       | fabric                   | 0       |
|      e_17_fu_5486_p2                                 |     |        | e_17          | add       | fabric                   | 0       |
|      and_ln105_29_fu_5653_p2                         |     |        | and_ln105_29  | and       | auto                     | 0       |
|      and_ln105_30_fu_5657_p2                         |     |        | and_ln105_30  | and       | auto                     | 0       |
|      xor_ln105_56_fu_5661_p2                         |     |        | xor_ln105_56  | xor       | auto                     | 0       |
|      xor_ln105_57_fu_5666_p2                         |     |        | xor_ln105_57  | xor       | auto                     | 0       |
|      xor_ln105_58_fu_5514_p2                         |     |        | xor_ln105_58  | xor       | auto                     | 0       |
|      xor_ln105_59_fu_5520_p2                         |     |        | xor_ln105_59  | xor       | auto                     | 0       |
|      xor_ln100_60_fu_5568_p2                         |     |        | xor_ln100_60  | xor       | auto                     | 0       |
|      and_ln100_30_fu_5574_p2                         |     |        | and_ln100_30  | and       | auto                     | 0       |
|      and_ln100_31_fu_5579_p2                         |     |        | and_ln100_31  | and       | auto                     | 0       |
|      xor_ln100_61_fu_5600_p2                         |     |        | xor_ln100_61  | xor       | auto                     | 0       |
|      xor_ln100_62_fu_5614_p2                         |     |        | xor_ln100_62  | xor       | auto                     | 0       |
|      xor_ln100_63_fu_5620_p2                         |     |        | xor_ln100_63  | xor       | auto                     | 0       |
|      add_ln100_55_fu_5631_p2                         |     |        | add_ln100_55  | add       | fabric                   | 0       |
|      add_ln100_56_fu_5641_p2                         |     |        | add_ln100_56  | add       | fabric                   | 0       |
|      e_18_fu_5724_p2                                 |     |        | e_18          | add       | fabric                   | 0       |
|      and_ln105_31_fu_5886_p2                         |     |        | and_ln105_31  | and       | auto                     | 0       |
|      and_ln105_32_fu_5890_p2                         |     |        | and_ln105_32  | and       | auto                     | 0       |
|      xor_ln105_60_fu_5894_p2                         |     |        | xor_ln105_60  | xor       | auto                     | 0       |
|      xor_ln105_61_fu_5899_p2                         |     |        | xor_ln105_61  | xor       | auto                     | 0       |
|      xor_ln105_62_fu_5752_p2                         |     |        | xor_ln105_62  | xor       | auto                     | 0       |
|      xor_ln105_63_fu_5758_p2                         |     |        | xor_ln105_63  | xor       | auto                     | 0       |
|      xor_ln100_64_fu_5806_p2                         |     |        | xor_ln100_64  | xor       | auto                     | 0       |
|      and_ln100_32_fu_5812_p2                         |     |        | and_ln100_32  | and       | auto                     | 0       |
|      and_ln100_33_fu_5817_p2                         |     |        | and_ln100_33  | and       | auto                     | 0       |
|      xor_ln100_65_fu_5838_p2                         |     |        | xor_ln100_65  | xor       | auto                     | 0       |
|      xor_ln100_66_fu_5852_p2                         |     |        | xor_ln100_66  | xor       | auto                     | 0       |
|      xor_ln100_67_fu_5858_p2                         |     |        | xor_ln100_67  | xor       | auto                     | 0       |
|      e_19_fu_5957_p2                                 |     |        | e_19          | add       | fabric                   | 0       |
|      and_ln105_33_fu_5961_p2                         |     |        | and_ln105_33  | and       | auto                     | 0       |
|      and_ln105_34_fu_5982_p2                         |     |        | and_ln105_34  | and       | auto                     | 0       |
|      xor_ln105_64_fu_5995_p2                         |     |        | xor_ln105_64  | xor       | auto                     | 0       |
|      xor_ln105_65_fu_6001_p2                         |     |        | xor_ln105_65  | xor       | auto                     | 0       |
|      xor_ln105_66_fu_6007_p2                         |     |        | xor_ln105_66  | xor       | auto                     | 0       |
|      xor_ln105_67_fu_6013_p2                         |     |        | xor_ln105_67  | xor       | auto                     | 0       |
|      xor_ln100_68_fu_6072_p2                         |     |        | xor_ln100_68  | xor       | auto                     | 0       |
|      and_ln100_34_fu_6078_p2                         |     |        | and_ln100_34  | and       | auto                     | 0       |
|      and_ln100_35_fu_6083_p2                         |     |        | and_ln100_35  | and       | auto                     | 0       |
|      xor_ln100_69_fu_6104_p2                         |     |        | xor_ln100_69  | xor       | auto                     | 0       |
|      xor_ln100_70_fu_6118_p2                         |     |        | xor_ln100_70  | xor       | auto                     | 0       |
|      xor_ln100_71_fu_6124_p2                         |     |        | xor_ln100_71  | xor       | auto                     | 0       |
|      e_20_fu_6230_p2                                 |     |        | e_20          | add       | fabric                   | 0       |
|      and_ln105_35_fu_6356_p2                         |     |        | and_ln105_35  | and       | auto                     | 0       |
|      and_ln105_36_fu_6360_p2                         |     |        | and_ln105_36  | and       | auto                     | 0       |
|      xor_ln105_68_fu_6364_p2                         |     |        | xor_ln105_68  | xor       | auto                     | 0       |
|      xor_ln105_69_fu_6369_p2                         |     |        | xor_ln105_69  | xor       | auto                     | 0       |
|      xor_ln105_70_fu_6218_p2                         |     |        | xor_ln105_70  | xor       | auto                     | 0       |
|      xor_ln105_71_fu_6224_p2                         |     |        | xor_ln105_71  | xor       | auto                     | 0       |
|      xor_ln100_72_fu_6276_p2                         |     |        | xor_ln100_72  | xor       | auto                     | 0       |
|      and_ln100_36_fu_6282_p2                         |     |        | and_ln100_36  | and       | auto                     | 0       |
|      and_ln100_37_fu_6287_p2                         |     |        | and_ln100_37  | and       | auto                     | 0       |
|      xor_ln100_73_fu_6308_p2                         |     |        | xor_ln100_73  | xor       | auto                     | 0       |
|      xor_ln100_74_fu_6322_p2                         |     |        | xor_ln100_74  | xor       | auto                     | 0       |
|      xor_ln100_75_fu_6328_p2                         |     |        | xor_ln100_75  | xor       | auto                     | 0       |
|      e_21_fu_6427_p2                                 |     |        | e_21          | add       | fabric                   | 0       |
|      and_ln105_37_fu_6589_p2                         |     |        | and_ln105_37  | and       | auto                     | 0       |
|      and_ln105_38_fu_6593_p2                         |     |        | and_ln105_38  | and       | auto                     | 0       |
|      xor_ln105_72_fu_6597_p2                         |     |        | xor_ln105_72  | xor       | auto                     | 0       |
|      xor_ln105_73_fu_6602_p2                         |     |        | xor_ln105_73  | xor       | auto                     | 0       |
|      xor_ln105_74_fu_6455_p2                         |     |        | xor_ln105_74  | xor       | auto                     | 0       |
|      xor_ln105_75_fu_6461_p2                         |     |        | xor_ln105_75  | xor       | auto                     | 0       |
|      xor_ln100_76_fu_6509_p2                         |     |        | xor_ln100_76  | xor       | auto                     | 0       |
|      and_ln100_38_fu_6515_p2                         |     |        | and_ln100_38  | and       | auto                     | 0       |
|      and_ln100_39_fu_6520_p2                         |     |        | and_ln100_39  | and       | auto                     | 0       |
|      xor_ln100_77_fu_6541_p2                         |     |        | xor_ln100_77  | xor       | auto                     | 0       |
|      xor_ln100_78_fu_6555_p2                         |     |        | xor_ln100_78  | xor       | auto                     | 0       |
|      xor_ln100_79_fu_6561_p2                         |     |        | xor_ln100_79  | xor       | auto                     | 0       |
|      e_22_fu_6660_p2                                 |     |        | e_22          | add       | fabric                   | 0       |
|      and_ln105_39_fu_6664_p2                         |     |        | and_ln105_39  | and       | auto                     | 0       |
|      and_ln105_40_fu_6685_p2                         |     |        | and_ln105_40  | and       | auto                     | 0       |
|      xor_ln105_76_fu_6698_p2                         |     |        | xor_ln105_76  | xor       | auto                     | 0       |
|      xor_ln105_77_fu_6704_p2                         |     |        | xor_ln105_77  | xor       | auto                     | 0       |
|      xor_ln105_78_fu_6710_p2                         |     |        | xor_ln105_78  | xor       | auto                     | 0       |
|      xor_ln105_79_fu_6716_p2                         |     |        | xor_ln105_79  | xor       | auto                     | 0       |
|      xor_ln100_80_fu_6775_p2                         |     |        | xor_ln100_80  | xor       | auto                     | 0       |
|      and_ln100_40_fu_6781_p2                         |     |        | and_ln100_40  | and       | auto                     | 0       |
|      and_ln100_41_fu_6786_p2                         |     |        | and_ln100_41  | and       | auto                     | 0       |
|      xor_ln100_81_fu_6807_p2                         |     |        | xor_ln100_81  | xor       | auto                     | 0       |
|      xor_ln100_82_fu_6821_p2                         |     |        | xor_ln100_82  | xor       | auto                     | 0       |
|      xor_ln100_83_fu_6827_p2                         |     |        | xor_ln100_83  | xor       | auto                     | 0       |
|      e_23_fu_6933_p2                                 |     |        | e_23          | add       | fabric                   | 0       |
|      and_ln105_41_fu_7059_p2                         |     |        | and_ln105_41  | and       | auto                     | 0       |
|      and_ln105_42_fu_7063_p2                         |     |        | and_ln105_42  | and       | auto                     | 0       |
|      xor_ln105_80_fu_7067_p2                         |     |        | xor_ln105_80  | xor       | auto                     | 0       |
|      xor_ln105_81_fu_7072_p2                         |     |        | xor_ln105_81  | xor       | auto                     | 0       |
|      xor_ln105_82_fu_6921_p2                         |     |        | xor_ln105_82  | xor       | auto                     | 0       |
|      xor_ln105_83_fu_6927_p2                         |     |        | xor_ln105_83  | xor       | auto                     | 0       |
|      xor_ln100_84_fu_6979_p2                         |     |        | xor_ln100_84  | xor       | auto                     | 0       |
|      and_ln100_42_fu_6985_p2                         |     |        | and_ln100_42  | and       | auto                     | 0       |
|      and_ln100_43_fu_6990_p2                         |     |        | and_ln100_43  | and       | auto                     | 0       |
|      xor_ln100_85_fu_7011_p2                         |     |        | xor_ln100_85  | xor       | auto                     | 0       |
|      xor_ln100_86_fu_7025_p2                         |     |        | xor_ln100_86  | xor       | auto                     | 0       |
|      xor_ln100_87_fu_7031_p2                         |     |        | xor_ln100_87  | xor       | auto                     | 0       |
|      e_24_fu_7130_p2                                 |     |        | e_24          | add       | fabric                   | 0       |
|      and_ln105_43_fu_7134_p2                         |     |        | and_ln105_43  | and       | auto                     | 0       |
|      and_ln105_44_fu_7155_p2                         |     |        | and_ln105_44  | and       | auto                     | 0       |
|      xor_ln105_84_fu_7168_p2                         |     |        | xor_ln105_84  | xor       | auto                     | 0       |
|      xor_ln105_85_fu_7174_p2                         |     |        | xor_ln105_85  | xor       | auto                     | 0       |
|      xor_ln105_86_fu_7180_p2                         |     |        | xor_ln105_86  | xor       | auto                     | 0       |
|      xor_ln105_87_fu_7186_p2                         |     |        | xor_ln105_87  | xor       | auto                     | 0       |
|      xor_ln100_88_fu_7245_p2                         |     |        | xor_ln100_88  | xor       | auto                     | 0       |
|      and_ln100_44_fu_7251_p2                         |     |        | and_ln100_44  | and       | auto                     | 0       |
|      and_ln100_45_fu_7256_p2                         |     |        | and_ln100_45  | and       | auto                     | 0       |
|      xor_ln100_89_fu_7277_p2                         |     |        | xor_ln100_89  | xor       | auto                     | 0       |
|      xor_ln100_90_fu_7291_p2                         |     |        | xor_ln100_90  | xor       | auto                     | 0       |
|      xor_ln100_91_fu_7297_p2                         |     |        | xor_ln100_91  | xor       | auto                     | 0       |
|      e_25_fu_7562_p2                                 |     |        | e_25          | add       | fabric                   | 0       |
|      and_ln105_45_fu_7918_p2                         |     |        | and_ln105_45  | and       | auto                     | 0       |
|      and_ln105_46_fu_7922_p2                         |     |        | and_ln105_46  | and       | auto                     | 0       |
|      xor_ln105_88_fu_7926_p2                         |     |        | xor_ln105_88  | xor       | auto                     | 0       |
|      xor_ln105_89_fu_7931_p2                         |     |        | xor_ln105_89  | xor       | auto                     | 0       |
|      xor_ln105_90_fu_7391_p2                         |     |        | xor_ln105_90  | xor       | auto                     | 0       |
|      xor_ln105_91_fu_7397_p2                         |     |        | xor_ln105_91  | xor       | auto                     | 0       |
|      xor_ln100_92_fu_7608_p2                         |     |        | xor_ln100_92  | xor       | auto                     | 0       |
|      and_ln100_46_fu_7614_p2                         |     |        | and_ln100_46  | and       | auto                     | 0       |
|      and_ln100_47_fu_7619_p2                         |     |        | and_ln100_47  | and       | auto                     | 0       |
|      xor_ln100_93_fu_7640_p2                         |     |        | xor_ln100_93  | xor       | auto                     | 0       |
|      xor_ln100_94_fu_7654_p2                         |     |        | xor_ln100_94  | xor       | auto                     | 0       |
|      xor_ln100_95_fu_7660_p2                         |     |        | xor_ln100_95  | xor       | auto                     | 0       |
|      e_26_fu_7989_p2                                 |     |        | e_26          | add       | fabric                   | 0       |
|      and_ln105_47_fu_7993_p2                         |     |        | and_ln105_47  | and       | auto                     | 0       |
|      and_ln105_48_fu_8014_p2                         |     |        | and_ln105_48  | and       | auto                     | 0       |
|      xor_ln105_92_fu_8027_p2                         |     |        | xor_ln105_92  | xor       | auto                     | 0       |
|      xor_ln105_93_fu_8033_p2                         |     |        | xor_ln105_93  | xor       | auto                     | 0       |
|      xor_ln105_94_fu_8039_p2                         |     |        | xor_ln105_94  | xor       | auto                     | 0       |
|      xor_ln105_95_fu_8045_p2                         |     |        | xor_ln105_95  | xor       | auto                     | 0       |
|      xor_ln100_96_fu_8104_p2                         |     |        | xor_ln100_96  | xor       | auto                     | 0       |
|      and_ln100_48_fu_8110_p2                         |     |        | and_ln100_48  | and       | auto                     | 0       |
|      and_ln100_49_fu_8115_p2                         |     |        | and_ln100_49  | and       | auto                     | 0       |
|      xor_ln100_97_fu_8136_p2                         |     |        | xor_ln100_97  | xor       | auto                     | 0       |
|      xor_ln100_98_fu_8150_p2                         |     |        | xor_ln100_98  | xor       | auto                     | 0       |
|      xor_ln100_99_fu_8156_p2                         |     |        | xor_ln100_99  | xor       | auto                     | 0       |
|      e_27_fu_8263_p2                                 |     |        | e_27          | add       | fabric                   | 0       |
|      and_ln105_49_fu_8389_p2                         |     |        | and_ln105_49  | and       | auto                     | 0       |
|      and_ln105_50_fu_8393_p2                         |     |        | and_ln105_50  | and       | auto                     | 0       |
|      xor_ln105_96_fu_8397_p2                         |     |        | xor_ln105_96  | xor       | auto                     | 0       |
|      xor_ln105_97_fu_8402_p2                         |     |        | xor_ln105_97  | xor       | auto                     | 0       |
|      xor_ln105_98_fu_8251_p2                         |     |        | xor_ln105_98  | xor       | auto                     | 0       |
|      xor_ln105_99_fu_8257_p2                         |     |        | xor_ln105_99  | xor       | auto                     | 0       |
|      xor_ln100_100_fu_8309_p2                        |     |        | xor_ln100_100 | xor       | auto                     | 0       |
|      and_ln100_50_fu_8315_p2                         |     |        | and_ln100_50  | and       | auto                     | 0       |
|      and_ln100_51_fu_8320_p2                         |     |        | and_ln100_51  | and       | auto                     | 0       |
|      xor_ln100_101_fu_8341_p2                        |     |        | xor_ln100_101 | xor       | auto                     | 0       |
|      xor_ln100_102_fu_8355_p2                        |     |        | xor_ln100_102 | xor       | auto                     | 0       |
|      xor_ln100_103_fu_8361_p2                        |     |        | xor_ln100_103 | xor       | auto                     | 0       |
|      e_28_fu_8460_p2                                 |     |        | e_28          | add       | fabric                   | 0       |
|      and_ln105_51_fu_8622_p2                         |     |        | and_ln105_51  | and       | auto                     | 0       |
|      and_ln105_52_fu_8626_p2                         |     |        | and_ln105_52  | and       | auto                     | 0       |
|      xor_ln105_100_fu_8630_p2                        |     |        | xor_ln105_100 | xor       | auto                     | 0       |
|      xor_ln105_101_fu_8635_p2                        |     |        | xor_ln105_101 | xor       | auto                     | 0       |
|      xor_ln105_102_fu_8488_p2                        |     |        | xor_ln105_102 | xor       | auto                     | 0       |
|      xor_ln105_103_fu_8494_p2                        |     |        | xor_ln105_103 | xor       | auto                     | 0       |
|      xor_ln100_104_fu_8542_p2                        |     |        | xor_ln100_104 | xor       | auto                     | 0       |
|      and_ln100_52_fu_8548_p2                         |     |        | and_ln100_52  | and       | auto                     | 0       |
|      and_ln100_53_fu_8553_p2                         |     |        | and_ln100_53  | and       | auto                     | 0       |
|      xor_ln100_105_fu_8574_p2                        |     |        | xor_ln100_105 | xor       | auto                     | 0       |
|      xor_ln100_106_fu_8588_p2                        |     |        | xor_ln100_106 | xor       | auto                     | 0       |
|      xor_ln100_107_fu_8594_p2                        |     |        | xor_ln100_107 | xor       | auto                     | 0       |
|      e_29_fu_8693_p2                                 |     |        | e_29          | add       | fabric                   | 0       |
|      and_ln105_53_fu_8697_p2                         |     |        | and_ln105_53  | and       | auto                     | 0       |
|      and_ln105_54_fu_8718_p2                         |     |        | and_ln105_54  | and       | auto                     | 0       |
|      xor_ln105_104_fu_8731_p2                        |     |        | xor_ln105_104 | xor       | auto                     | 0       |
|      xor_ln105_105_fu_8737_p2                        |     |        | xor_ln105_105 | xor       | auto                     | 0       |
|      xor_ln105_106_fu_8743_p2                        |     |        | xor_ln105_106 | xor       | auto                     | 0       |
|      xor_ln105_107_fu_8749_p2                        |     |        | xor_ln105_107 | xor       | auto                     | 0       |
|      xor_ln100_108_fu_8808_p2                        |     |        | xor_ln100_108 | xor       | auto                     | 0       |
|      and_ln100_54_fu_8814_p2                         |     |        | and_ln100_54  | and       | auto                     | 0       |
|      and_ln100_55_fu_8819_p2                         |     |        | and_ln100_55  | and       | auto                     | 0       |
|      xor_ln100_109_fu_8840_p2                        |     |        | xor_ln100_109 | xor       | auto                     | 0       |
|      xor_ln100_110_fu_8854_p2                        |     |        | xor_ln100_110 | xor       | auto                     | 0       |
|      xor_ln100_111_fu_8860_p2                        |     |        | xor_ln100_111 | xor       | auto                     | 0       |
|      e_30_fu_8966_p2                                 |     |        | e_30          | add       | fabric                   | 0       |
|      and_ln105_55_fu_9237_p2                         |     |        | and_ln105_55  | and       | auto                     | 0       |
|      and_ln105_56_fu_9241_p2                         |     |        | and_ln105_56  | and       | auto                     | 0       |
|      xor_ln105_108_fu_9245_p2                        |     |        | xor_ln105_108 | xor       | auto                     | 0       |
|      xor_ln105_109_fu_9250_p2                        |     |        | xor_ln105_109 | xor       | auto                     | 0       |
|      xor_ln105_110_fu_8954_p2                        |     |        | xor_ln105_110 | xor       | auto                     | 0       |
|      xor_ln105_111_fu_8960_p2                        |     |        | xor_ln105_111 | xor       | auto                     | 0       |
|      xor_ln100_112_fu_9012_p2                        |     |        | xor_ln100_112 | xor       | auto                     | 0       |
|      and_ln100_56_fu_9018_p2                         |     |        | and_ln100_56  | and       | auto                     | 0       |
|      and_ln100_57_fu_9023_p2                         |     |        | and_ln100_57  | and       | auto                     | 0       |
|      xor_ln100_113_fu_9044_p2                        |     |        | xor_ln100_113 | xor       | auto                     | 0       |
|      xor_ln100_114_fu_9058_p2                        |     |        | xor_ln100_114 | xor       | auto                     | 0       |
|      xor_ln100_115_fu_9064_p2                        |     |        | xor_ln100_115 | xor       | auto                     | 0       |
|      e_31_fu_9308_p2                                 |     |        | e_31          | add       | fabric                   | 0       |
|      and_ln105_57_fu_9312_p2                         |     |        | and_ln105_57  | and       | auto                     | 0       |
|      and_ln105_58_fu_9333_p2                         |     |        | and_ln105_58  | and       | auto                     | 0       |
|      xor_ln105_112_fu_9346_p2                        |     |        | xor_ln105_112 | xor       | auto                     | 0       |
|      xor_ln105_113_fu_9352_p2                        |     |        | xor_ln105_113 | xor       | auto                     | 0       |
|      xor_ln105_114_fu_9358_p2                        |     |        | xor_ln105_114 | xor       | auto                     | 0       |
|      xor_ln105_115_fu_9364_p2                        |     |        | xor_ln105_115 | xor       | auto                     | 0       |
|      xor_ln100_116_fu_9423_p2                        |     |        | xor_ln100_116 | xor       | auto                     | 0       |
|      and_ln100_58_fu_9429_p2                         |     |        | and_ln100_58  | and       | auto                     | 0       |
|      and_ln100_59_fu_9434_p2                         |     |        | and_ln100_59  | and       | auto                     | 0       |
|      xor_ln100_117_fu_9455_p2                        |     |        | xor_ln100_117 | xor       | auto                     | 0       |
|      xor_ln100_118_fu_9469_p2                        |     |        | xor_ln100_118 | xor       | auto                     | 0       |
|      xor_ln100_119_fu_9475_p2                        |     |        | xor_ln100_119 | xor       | auto                     | 0       |
|      e_32_fu_9782_p2                                 |     |        | e_32          | add       | fabric                   | 0       |
|      and_ln105_59_fu_10209_p2                        |     |        | and_ln105_59  | and       | auto                     | 0       |
|      and_ln105_60_fu_10213_p2                        |     |        | and_ln105_60  | and       | auto                     | 0       |
|      xor_ln105_116_fu_10217_p2                       |     |        | xor_ln105_116 | xor       | auto                     | 0       |
|      xor_ln105_117_fu_10222_p2                       |     |        | xor_ln105_117 | xor       | auto                     | 0       |
|      xor_ln105_118_fu_9570_p2                        |     |        | xor_ln105_118 | xor       | auto                     | 0       |
|      xor_ln105_119_fu_9576_p2                        |     |        | xor_ln105_119 | xor       | auto                     | 0       |
|      xor_ln100_120_fu_9828_p2                        |     |        | xor_ln100_120 | xor       | auto                     | 0       |
|      and_ln100_60_fu_9834_p2                         |     |        | and_ln100_60  | and       | auto                     | 0       |
|      and_ln100_61_fu_9839_p2                         |     |        | and_ln100_61  | and       | auto                     | 0       |
|      xor_ln100_121_fu_9860_p2                        |     |        | xor_ln100_121 | xor       | auto                     | 0       |
|      xor_ln100_122_fu_9874_p2                        |     |        | xor_ln100_122 | xor       | auto                     | 0       |
|      xor_ln100_123_fu_9880_p2                        |     |        | xor_ln100_123 | xor       | auto                     | 0       |
|      e_33_fu_10280_p2                                |     |        | e_33          | add       | fabric                   | 0       |
|      and_ln105_61_fu_10284_p2                        |     |        | and_ln105_61  | and       | auto                     | 0       |
|      and_ln105_62_fu_10305_p2                        |     |        | and_ln105_62  | and       | auto                     | 0       |
|      xor_ln105_120_fu_10318_p2                       |     |        | xor_ln105_120 | xor       | auto                     | 0       |
|      xor_ln105_121_fu_10324_p2                       |     |        | xor_ln105_121 | xor       | auto                     | 0       |
|      xor_ln105_122_fu_10330_p2                       |     |        | xor_ln105_122 | xor       | auto                     | 0       |
|      xor_ln105_123_fu_10336_p2                       |     |        | xor_ln105_123 | xor       | auto                     | 0       |
|      xor_ln100_124_fu_10395_p2                       |     |        | xor_ln100_124 | xor       | auto                     | 0       |
|      and_ln100_62_fu_10401_p2                        |     |        | and_ln100_62  | and       | auto                     | 0       |
|      and_ln100_63_fu_10406_p2                        |     |        | and_ln100_63  | and       | auto                     | 0       |
|      xor_ln100_125_fu_10427_p2                       |     |        | xor_ln100_125 | xor       | auto                     | 0       |
|      xor_ln100_126_fu_10441_p2                       |     |        | xor_ln100_126 | xor       | auto                     | 0       |
|      xor_ln100_127_fu_10447_p2                       |     |        | xor_ln100_127 | xor       | auto                     | 0       |
|      e_34_fu_10554_p2                                |     |        | e_34          | add       | fabric                   | 0       |
|      and_ln105_63_fu_10830_p2                        |     |        | and_ln105_63  | and       | auto                     | 0       |
|      and_ln105_64_fu_10834_p2                        |     |        | and_ln105_64  | and       | auto                     | 0       |
|      xor_ln105_124_fu_10838_p2                       |     |        | xor_ln105_124 | xor       | auto                     | 0       |
|      xor_ln105_125_fu_10843_p2                       |     |        | xor_ln105_125 | xor       | auto                     | 0       |
|      xor_ln105_126_fu_10542_p2                       |     |        | xor_ln105_126 | xor       | auto                     | 0       |
|      xor_ln105_127_fu_10548_p2                       |     |        | xor_ln105_127 | xor       | auto                     | 0       |
|      xor_ln100_128_fu_10600_p2                       |     |        | xor_ln100_128 | xor       | auto                     | 0       |
|      and_ln100_64_fu_10606_p2                        |     |        | and_ln100_64  | and       | auto                     | 0       |
|      and_ln100_65_fu_10611_p2                        |     |        | and_ln100_65  | and       | auto                     | 0       |
|      xor_ln100_129_fu_10632_p2                       |     |        | xor_ln100_129 | xor       | auto                     | 0       |
|      xor_ln100_130_fu_10646_p2                       |     |        | xor_ln100_130 | xor       | auto                     | 0       |
|      xor_ln100_131_fu_10652_p2                       |     |        | xor_ln100_131 | xor       | auto                     | 0       |
|      e_35_fu_10901_p2                                |     |        | e_35          | add       | fabric                   | 0       |
|      and_ln105_65_fu_11214_p2                        |     |        | and_ln105_65  | and       | auto                     | 0       |
|      and_ln105_66_fu_11218_p2                        |     |        | and_ln105_66  | and       | auto                     | 0       |
|      xor_ln105_128_fu_11222_p2                       |     |        | xor_ln105_128 | xor       | auto                     | 0       |
|      xor_ln105_129_fu_11227_p2                       |     |        | xor_ln105_129 | xor       | auto                     | 0       |
|      xor_ln105_130_fu_10929_p2                       |     |        | xor_ln105_130 | xor       | auto                     | 0       |
|      xor_ln105_131_fu_10935_p2                       |     |        | xor_ln105_131 | xor       | auto                     | 0       |
|      xor_ln100_132_fu_10983_p2                       |     |        | xor_ln100_132 | xor       | auto                     | 0       |
|      and_ln100_66_fu_10989_p2                        |     |        | and_ln100_66  | and       | auto                     | 0       |
|      and_ln100_67_fu_10994_p2                        |     |        | and_ln100_67  | and       | auto                     | 0       |
|      xor_ln100_133_fu_11015_p2                       |     |        | xor_ln100_133 | xor       | auto                     | 0       |
|      xor_ln100_134_fu_11029_p2                       |     |        | xor_ln100_134 | xor       | auto                     | 0       |
|      xor_ln100_135_fu_11035_p2                       |     |        | xor_ln100_135 | xor       | auto                     | 0       |
|      e_36_fu_11285_p2                                |     |        | e_36          | add       | fabric                   | 0       |
|      and_ln105_67_fu_11598_p2                        |     |        | and_ln105_67  | and       | auto                     | 0       |
|      and_ln105_68_fu_11602_p2                        |     |        | and_ln105_68  | and       | auto                     | 0       |
|      xor_ln105_132_fu_11606_p2                       |     |        | xor_ln105_132 | xor       | auto                     | 0       |
|      xor_ln105_133_fu_11611_p2                       |     |        | xor_ln105_133 | xor       | auto                     | 0       |
|      xor_ln105_134_fu_11313_p2                       |     |        | xor_ln105_134 | xor       | auto                     | 0       |
|      xor_ln105_135_fu_11319_p2                       |     |        | xor_ln105_135 | xor       | auto                     | 0       |
|      xor_ln100_136_fu_11367_p2                       |     |        | xor_ln100_136 | xor       | auto                     | 0       |
|      and_ln100_68_fu_11373_p2                        |     |        | and_ln100_68  | and       | auto                     | 0       |
|      and_ln100_69_fu_11378_p2                        |     |        | and_ln100_69  | and       | auto                     | 0       |
|      xor_ln100_137_fu_11399_p2                       |     |        | xor_ln100_137 | xor       | auto                     | 0       |
|      xor_ln100_138_fu_11413_p2                       |     |        | xor_ln100_138 | xor       | auto                     | 0       |
|      xor_ln100_139_fu_11419_p2                       |     |        | xor_ln100_139 | xor       | auto                     | 0       |
|      e_37_fu_11669_p2                                |     |        | e_37          | add       | fabric                   | 0       |
|      and_ln105_69_fu_11673_p2                        |     |        | and_ln105_69  | and       | auto                     | 0       |
|      and_ln105_70_fu_11694_p2                        |     |        | and_ln105_70  | and       | auto                     | 0       |
|      xor_ln105_136_fu_11707_p2                       |     |        | xor_ln105_136 | xor       | auto                     | 0       |
|      xor_ln105_137_fu_11713_p2                       |     |        | xor_ln105_137 | xor       | auto                     | 0       |
|      xor_ln105_138_fu_11719_p2                       |     |        | xor_ln105_138 | xor       | auto                     | 0       |
|      xor_ln105_139_fu_11725_p2                       |     |        | xor_ln105_139 | xor       | auto                     | 0       |
|      xor_ln100_140_fu_11784_p2                       |     |        | xor_ln100_140 | xor       | auto                     | 0       |
|      and_ln100_70_fu_11790_p2                        |     |        | and_ln100_70  | and       | auto                     | 0       |
|      and_ln100_71_fu_11795_p2                        |     |        | and_ln100_71  | and       | auto                     | 0       |
|      xor_ln100_141_fu_11816_p2                       |     |        | xor_ln100_141 | xor       | auto                     | 0       |
|      xor_ln100_142_fu_11830_p2                       |     |        | xor_ln100_142 | xor       | auto                     | 0       |
|      xor_ln100_143_fu_11836_p2                       |     |        | xor_ln100_143 | xor       | auto                     | 0       |
|      e_38_fu_12093_p2                                |     |        | e_38          | add       | fabric                   | 0       |
|      and_ln105_71_fu_12370_p2                        |     |        | and_ln105_71  | and       | auto                     | 0       |
|      and_ln105_72_fu_12374_p2                        |     |        | and_ln105_72  | and       | auto                     | 0       |
|      xor_ln105_140_fu_12378_p2                       |     |        | xor_ln105_140 | xor       | auto                     | 0       |
|      xor_ln105_141_fu_12383_p2                       |     |        | xor_ln105_141 | xor       | auto                     | 0       |
|      xor_ln105_142_fu_11931_p2                       |     |        | xor_ln105_142 | xor       | auto                     | 0       |
|      xor_ln105_143_fu_11937_p2                       |     |        | xor_ln105_143 | xor       | auto                     | 0       |
|      xor_ln100_144_fu_12139_p2                       |     |        | xor_ln100_144 | xor       | auto                     | 0       |
|      and_ln100_72_fu_12145_p2                        |     |        | and_ln100_72  | and       | auto                     | 0       |
|      and_ln100_73_fu_12150_p2                        |     |        | and_ln100_73  | and       | auto                     | 0       |
|      xor_ln100_145_fu_12171_p2                       |     |        | xor_ln100_145 | xor       | auto                     | 0       |
|      xor_ln100_146_fu_12185_p2                       |     |        | xor_ln100_146 | xor       | auto                     | 0       |
|      xor_ln100_147_fu_12191_p2                       |     |        | xor_ln100_147 | xor       | auto                     | 0       |
|      e_39_fu_12441_p2                                |     |        | e_39          | add       | fabric                   | 0       |
|      and_ln105_73_fu_12754_p2                        |     |        | and_ln105_73  | and       | auto                     | 0       |
|      and_ln105_74_fu_12758_p2                        |     |        | and_ln105_74  | and       | auto                     | 0       |
|      xor_ln105_144_fu_12762_p2                       |     |        | xor_ln105_144 | xor       | auto                     | 0       |
|      xor_ln105_145_fu_12767_p2                       |     |        | xor_ln105_145 | xor       | auto                     | 0       |
|      xor_ln105_146_fu_12469_p2                       |     |        | xor_ln105_146 | xor       | auto                     | 0       |
|      xor_ln105_147_fu_12475_p2                       |     |        | xor_ln105_147 | xor       | auto                     | 0       |
|      xor_ln100_148_fu_12523_p2                       |     |        | xor_ln100_148 | xor       | auto                     | 0       |
|      and_ln100_74_fu_12529_p2                        |     |        | and_ln100_74  | and       | auto                     | 0       |
|      and_ln100_75_fu_12534_p2                        |     |        | and_ln100_75  | and       | auto                     | 0       |
|      xor_ln100_149_fu_12555_p2                       |     |        | xor_ln100_149 | xor       | auto                     | 0       |
|      xor_ln100_150_fu_12569_p2                       |     |        | xor_ln100_150 | xor       | auto                     | 0       |
|      xor_ln100_151_fu_12575_p2                       |     |        | xor_ln100_151 | xor       | auto                     | 0       |
|      e_40_fu_12825_p2                                |     |        | e_40          | add       | fabric                   | 0       |
|      and_ln105_75_fu_13138_p2                        |     |        | and_ln105_75  | and       | auto                     | 0       |
|      and_ln105_76_fu_13142_p2                        |     |        | and_ln105_76  | and       | auto                     | 0       |
|      xor_ln105_148_fu_13146_p2                       |     |        | xor_ln105_148 | xor       | auto                     | 0       |
|      xor_ln105_149_fu_13151_p2                       |     |        | xor_ln105_149 | xor       | auto                     | 0       |
|      xor_ln105_150_fu_12853_p2                       |     |        | xor_ln105_150 | xor       | auto                     | 0       |
|      xor_ln105_151_fu_12859_p2                       |     |        | xor_ln105_151 | xor       | auto                     | 0       |
|      xor_ln100_152_fu_12907_p2                       |     |        | xor_ln100_152 | xor       | auto                     | 0       |
|      and_ln100_76_fu_12913_p2                        |     |        | and_ln100_76  | and       | auto                     | 0       |
|      and_ln100_77_fu_12918_p2                        |     |        | and_ln100_77  | and       | auto                     | 0       |
|      xor_ln100_153_fu_12939_p2                       |     |        | xor_ln100_153 | xor       | auto                     | 0       |
|      xor_ln100_154_fu_12953_p2                       |     |        | xor_ln100_154 | xor       | auto                     | 0       |
|      xor_ln100_155_fu_12959_p2                       |     |        | xor_ln100_155 | xor       | auto                     | 0       |
|      e_41_fu_13209_p2                                |     |        | e_41          | add       | fabric                   | 0       |
|      and_ln105_77_fu_13522_p2                        |     |        | and_ln105_77  | and       | auto                     | 0       |
|      and_ln105_78_fu_13526_p2                        |     |        | and_ln105_78  | and       | auto                     | 0       |
|      xor_ln105_152_fu_13530_p2                       |     |        | xor_ln105_152 | xor       | auto                     | 0       |
|      xor_ln105_153_fu_13535_p2                       |     |        | xor_ln105_153 | xor       | auto                     | 0       |
|      xor_ln105_154_fu_13237_p2                       |     |        | xor_ln105_154 | xor       | auto                     | 0       |
|      xor_ln105_155_fu_13243_p2                       |     |        | xor_ln105_155 | xor       | auto                     | 0       |
|      xor_ln100_156_fu_13291_p2                       |     |        | xor_ln100_156 | xor       | auto                     | 0       |
|      and_ln100_78_fu_13297_p2                        |     |        | and_ln100_78  | and       | auto                     | 0       |
|      and_ln100_79_fu_13302_p2                        |     |        | and_ln100_79  | and       | auto                     | 0       |
|      xor_ln100_157_fu_13323_p2                       |     |        | xor_ln100_157 | xor       | auto                     | 0       |
|      xor_ln100_158_fu_13337_p2                       |     |        | xor_ln100_158 | xor       | auto                     | 0       |
|      xor_ln100_159_fu_13343_p2                       |     |        | xor_ln100_159 | xor       | auto                     | 0       |
|      e_42_fu_13593_p2                                |     |        | e_42          | add       | fabric                   | 0       |
|      and_ln105_79_fu_14207_p2                        |     |        | and_ln105_79  | and       | auto                     | 0       |
|      and_ln105_80_fu_14211_p2                        |     |        | and_ln105_80  | and       | auto                     | 0       |
|      xor_ln105_156_fu_14215_p2                       |     |        | xor_ln105_156 | xor       | auto                     | 0       |
|      xor_ln105_157_fu_14220_p2                       |     |        | xor_ln105_157 | xor       | auto                     | 0       |
|      xor_ln105_158_fu_13621_p2                       |     |        | xor_ln105_158 | xor       | auto                     | 0       |
|      xor_ln105_159_fu_13627_p2                       |     |        | xor_ln105_159 | xor       | auto                     | 0       |
|      xor_ln100_160_fu_13675_p2                       |     |        | xor_ln100_160 | xor       | auto                     | 0       |
|      and_ln100_80_fu_13681_p2                        |     |        | and_ln100_80  | and       | auto                     | 0       |
|      and_ln100_81_fu_13686_p2                        |     |        | and_ln100_81  | and       | auto                     | 0       |
|      xor_ln100_161_fu_13707_p2                       |     |        | xor_ln100_161 | xor       | auto                     | 0       |
|      xor_ln100_162_fu_13721_p2                       |     |        | xor_ln100_162 | xor       | auto                     | 0       |
|      xor_ln100_163_fu_13727_p2                       |     |        | xor_ln100_163 | xor       | auto                     | 0       |
|      e_43_fu_14278_p2                                |     |        | e_43          | add       | fabric                   | 0       |
|      and_ln105_81_fu_14441_p2                        |     |        | and_ln105_81  | and       | auto                     | 0       |
|      and_ln105_82_fu_14445_p2                        |     |        | and_ln105_82  | and       | auto                     | 0       |
|      xor_ln105_160_fu_14449_p2                       |     |        | xor_ln105_160 | xor       | auto                     | 0       |
|      xor_ln105_161_fu_14454_p2                       |     |        | xor_ln105_161 | xor       | auto                     | 0       |
|      xor_ln105_162_fu_14306_p2                       |     |        | xor_ln105_162 | xor       | auto                     | 0       |
|      xor_ln105_163_fu_14312_p2                       |     |        | xor_ln105_163 | xor       | auto                     | 0       |
|      xor_ln100_164_fu_14360_p2                       |     |        | xor_ln100_164 | xor       | auto                     | 0       |
|      and_ln100_82_fu_14366_p2                        |     |        | and_ln100_82  | and       | auto                     | 0       |
|      and_ln100_83_fu_14371_p2                        |     |        | and_ln100_83  | and       | auto                     | 0       |
|      xor_ln100_165_fu_14392_p2                       |     |        | xor_ln100_165 | xor       | auto                     | 0       |
|      xor_ln100_166_fu_14406_p2                       |     |        | xor_ln100_166 | xor       | auto                     | 0       |
|      xor_ln100_167_fu_14412_p2                       |     |        | xor_ln100_167 | xor       | auto                     | 0       |
|      e_44_fu_14512_p2                                |     |        | e_44          | add       | fabric                   | 0       |
|      and_ln105_83_fu_14824_p2                        |     |        | and_ln105_83  | and       | auto                     | 0       |
|      and_ln105_84_fu_14828_p2                        |     |        | and_ln105_84  | and       | auto                     | 0       |
|      xor_ln105_164_fu_14832_p2                       |     |        | xor_ln105_164 | xor       | auto                     | 0       |
|      xor_ln105_165_fu_14837_p2                       |     |        | xor_ln105_165 | xor       | auto                     | 0       |
|      xor_ln105_166_fu_14540_p2                       |     |        | xor_ln105_166 | xor       | auto                     | 0       |
|      xor_ln105_167_fu_14546_p2                       |     |        | xor_ln105_167 | xor       | auto                     | 0       |
|      xor_ln100_168_fu_14594_p2                       |     |        | xor_ln100_168 | xor       | auto                     | 0       |
|      and_ln100_84_fu_14600_p2                        |     |        | and_ln100_84  | and       | auto                     | 0       |
|      and_ln100_85_fu_14605_p2                        |     |        | and_ln100_85  | and       | auto                     | 0       |
|      xor_ln100_169_fu_14626_p2                       |     |        | xor_ln100_169 | xor       | auto                     | 0       |
|      xor_ln100_170_fu_14640_p2                       |     |        | xor_ln100_170 | xor       | auto                     | 0       |
|      xor_ln100_171_fu_14646_p2                       |     |        | xor_ln100_171 | xor       | auto                     | 0       |
|      e_45_fu_14895_p2                                |     |        | e_45          | add       | fabric                   | 0       |
|      and_ln105_85_fu_14899_p2                        |     |        | and_ln105_85  | and       | auto                     | 0       |
|      and_ln105_86_fu_14920_p2                        |     |        | and_ln105_86  | and       | auto                     | 0       |
|      xor_ln105_168_fu_14933_p2                       |     |        | xor_ln105_168 | xor       | auto                     | 0       |
|      xor_ln105_169_fu_14939_p2                       |     |        | xor_ln105_169 | xor       | auto                     | 0       |
|      xor_ln105_170_fu_14945_p2                       |     |        | xor_ln105_170 | xor       | auto                     | 0       |
|      xor_ln105_171_fu_14951_p2                       |     |        | xor_ln105_171 | xor       | auto                     | 0       |
|      xor_ln100_172_fu_15010_p2                       |     |        | xor_ln100_172 | xor       | auto                     | 0       |
|      and_ln100_86_fu_15016_p2                        |     |        | and_ln100_86  | and       | auto                     | 0       |
|      and_ln100_87_fu_15021_p2                        |     |        | and_ln100_87  | and       | auto                     | 0       |
|      xor_ln100_173_fu_15042_p2                       |     |        | xor_ln100_173 | xor       | auto                     | 0       |
|      xor_ln100_174_fu_15056_p2                       |     |        | xor_ln100_174 | xor       | auto                     | 0       |
|      xor_ln100_175_fu_15062_p2                       |     |        | xor_ln100_175 | xor       | auto                     | 0       |
|      e_46_fu_15169_p2                                |     |        | e_46          | add       | fabric                   | 0       |
|      and_ln105_87_fu_15445_p2                        |     |        | and_ln105_87  | and       | auto                     | 0       |
|      and_ln105_88_fu_15449_p2                        |     |        | and_ln105_88  | and       | auto                     | 0       |
|      xor_ln105_172_fu_15453_p2                       |     |        | xor_ln105_172 | xor       | auto                     | 0       |
|      xor_ln105_173_fu_15458_p2                       |     |        | xor_ln105_173 | xor       | auto                     | 0       |
|      xor_ln105_174_fu_15157_p2                       |     |        | xor_ln105_174 | xor       | auto                     | 0       |
|      xor_ln105_175_fu_15163_p2                       |     |        | xor_ln105_175 | xor       | auto                     | 0       |
|      xor_ln100_176_fu_15215_p2                       |     |        | xor_ln100_176 | xor       | auto                     | 0       |
|      and_ln100_88_fu_15221_p2                        |     |        | and_ln100_88  | and       | auto                     | 0       |
|      and_ln100_89_fu_15226_p2                        |     |        | and_ln100_89  | and       | auto                     | 0       |
|      xor_ln100_177_fu_15247_p2                       |     |        | xor_ln100_177 | xor       | auto                     | 0       |
|      xor_ln100_178_fu_15261_p2                       |     |        | xor_ln100_178 | xor       | auto                     | 0       |
|      xor_ln100_179_fu_15267_p2                       |     |        | xor_ln100_179 | xor       | auto                     | 0       |
|      e_47_fu_15516_p2                                |     |        | e_47          | add       | fabric                   | 0       |
|      and_ln105_89_fu_15520_p2                        |     |        | and_ln105_89  | and       | auto                     | 0       |
|      and_ln105_90_fu_15541_p2                        |     |        | and_ln105_90  | and       | auto                     | 0       |
|      xor_ln105_176_fu_15554_p2                       |     |        | xor_ln105_176 | xor       | auto                     | 0       |
|      xor_ln105_177_fu_15560_p2                       |     |        | xor_ln105_177 | xor       | auto                     | 0       |
|      xor_ln105_178_fu_15566_p2                       |     |        | xor_ln105_178 | xor       | auto                     | 0       |
|      xor_ln105_179_fu_15572_p2                       |     |        | xor_ln105_179 | xor       | auto                     | 0       |
|      xor_ln100_180_fu_15631_p2                       |     |        | xor_ln100_180 | xor       | auto                     | 0       |
|      and_ln100_90_fu_15637_p2                        |     |        | and_ln100_90  | and       | auto                     | 0       |
|      and_ln100_91_fu_15642_p2                        |     |        | and_ln100_91  | and       | auto                     | 0       |
|      xor_ln100_181_fu_15663_p2                       |     |        | xor_ln100_181 | xor       | auto                     | 0       |
|      xor_ln100_182_fu_15677_p2                       |     |        | xor_ln100_182 | xor       | auto                     | 0       |
|      xor_ln100_183_fu_15683_p2                       |     |        | xor_ln100_183 | xor       | auto                     | 0       |
|      e_48_fu_16283_p2                                |     |        | e_48          | add       | fabric                   | 0       |
|      and_ln105_91_fu_17082_p2                        |     |        | and_ln105_91  | and       | auto                     | 0       |
|      and_ln105_92_fu_17086_p2                        |     |        | and_ln105_92  | and       | auto                     | 0       |
|      xor_ln105_180_fu_17090_p2                       |     |        | xor_ln105_180 | xor       | auto                     | 0       |
|      xor_ln105_181_fu_17095_p2                       |     |        | xor_ln105_181 | xor       | auto                     | 0       |
|      xor_ln105_182_fu_15778_p2                       |     |        | xor_ln105_182 | xor       | auto                     | 0       |
|      xor_ln105_183_fu_15784_p2                       |     |        | xor_ln105_183 | xor       | auto                     | 0       |
|      xor_ln100_184_fu_16329_p2                       |     |        | xor_ln100_184 | xor       | auto                     | 0       |
|      and_ln100_92_fu_16335_p2                        |     |        | and_ln100_92  | and       | auto                     | 0       |
|      and_ln100_93_fu_16340_p2                        |     |        | and_ln100_93  | and       | auto                     | 0       |
|      xor_ln100_185_fu_16361_p2                       |     |        | xor_ln100_185 | xor       | auto                     | 0       |
|      xor_ln100_186_fu_16375_p2                       |     |        | xor_ln100_186 | xor       | auto                     | 0       |
|      xor_ln100_187_fu_16381_p2                       |     |        | xor_ln100_187 | xor       | auto                     | 0       |
|      e_49_fu_17153_p2                                |     |        | e_49          | add       | fabric                   | 0       |
|      and_ln105_93_fu_17157_p2                        |     |        | and_ln105_93  | and       | auto                     | 0       |
|      and_ln105_94_fu_17178_p2                        |     |        | and_ln105_94  | and       | auto                     | 0       |
|      xor_ln105_184_fu_17191_p2                       |     |        | xor_ln105_184 | xor       | auto                     | 0       |
|      xor_ln105_185_fu_17197_p2                       |     |        | xor_ln105_185 | xor       | auto                     | 0       |
|      xor_ln105_186_fu_17203_p2                       |     |        | xor_ln105_186 | xor       | auto                     | 0       |
|      xor_ln105_187_fu_17209_p2                       |     |        | xor_ln105_187 | xor       | auto                     | 0       |
|      xor_ln100_188_fu_17268_p2                       |     |        | xor_ln100_188 | xor       | auto                     | 0       |
|      and_ln100_94_fu_17274_p2                        |     |        | and_ln100_94  | and       | auto                     | 0       |
|      and_ln100_95_fu_17279_p2                        |     |        | and_ln100_95  | and       | auto                     | 0       |
|      xor_ln100_189_fu_17300_p2                       |     |        | xor_ln100_189 | xor       | auto                     | 0       |
|      xor_ln100_190_fu_17314_p2                       |     |        | xor_ln100_190 | xor       | auto                     | 0       |
|      xor_ln100_191_fu_17320_p2                       |     |        | xor_ln100_191 | xor       | auto                     | 0       |
|      e_50_fu_18056_p2                                |     |        | e_50          | add       | fabric                   | 0       |
|      and_ln105_95_fu_18685_p2                        |     |        | and_ln105_95  | and       | auto                     | 0       |
|      and_ln105_96_fu_18689_p2                        |     |        | and_ln105_96  | and       | auto                     | 0       |
|      xor_ln105_188_fu_18693_p2                       |     |        | xor_ln105_188 | xor       | auto                     | 0       |
|      xor_ln105_189_fu_18698_p2                       |     |        | xor_ln105_189 | xor       | auto                     | 0       |
|      xor_ln105_190_fu_17414_p2                       |     |        | xor_ln105_190 | xor       | auto                     | 0       |
|      xor_ln105_191_fu_17420_p2                       |     |        | xor_ln105_191 | xor       | auto                     | 0       |
|      xor_ln100_192_fu_18102_p2                       |     |        | xor_ln100_192 | xor       | auto                     | 0       |
|      and_ln100_96_fu_18108_p2                        |     |        | and_ln100_96  | and       | auto                     | 0       |
|      and_ln100_97_fu_18113_p2                        |     |        | and_ln100_97  | and       | auto                     | 0       |
|      xor_ln100_193_fu_18134_p2                       |     |        | xor_ln100_193 | xor       | auto                     | 0       |
|      xor_ln100_194_fu_18148_p2                       |     |        | xor_ln100_194 | xor       | auto                     | 0       |
|      xor_ln100_195_fu_18154_p2                       |     |        | xor_ln100_195 | xor       | auto                     | 0       |
|      e_51_fu_18756_p2                                |     |        | e_51          | add       | fabric                   | 0       |
|      and_ln105_97_fu_19002_p2                        |     |        | and_ln105_97  | and       | auto                     | 0       |
|      and_ln105_98_fu_19006_p2                        |     |        | and_ln105_98  | and       | auto                     | 0       |
|      xor_ln105_192_fu_19010_p2                       |     |        | xor_ln105_192 | xor       | auto                     | 0       |
|      xor_ln105_193_fu_19015_p2                       |     |        | xor_ln105_193 | xor       | auto                     | 0       |
|      xor_ln105_194_fu_18784_p2                       |     |        | xor_ln105_194 | xor       | auto                     | 0       |
|      xor_ln105_195_fu_18790_p2                       |     |        | xor_ln105_195 | xor       | auto                     | 0       |
|      xor_ln100_196_fu_18838_p2                       |     |        | xor_ln100_196 | xor       | auto                     | 0       |
|      and_ln100_98_fu_18844_p2                        |     |        | and_ln100_98  | and       | auto                     | 0       |
|      and_ln100_99_fu_18849_p2                        |     |        | and_ln100_99  | and       | auto                     | 0       |
|      xor_ln100_197_fu_18870_p2                       |     |        | xor_ln100_197 | xor       | auto                     | 0       |
|      xor_ln100_198_fu_18884_p2                       |     |        | xor_ln100_198 | xor       | auto                     | 0       |
|      xor_ln100_199_fu_18890_p2                       |     |        | xor_ln100_199 | xor       | auto                     | 0       |
|      e_52_fu_19073_p2                                |     |        | e_52          | add       | fabric                   | 0       |
|      and_ln105_99_fu_19268_p2                        |     |        | and_ln105_99  | and       | auto                     | 0       |
|      and_ln105_100_fu_19272_p2                       |     |        | and_ln105_100 | and       | auto                     | 0       |
|      xor_ln105_196_fu_19276_p2                       |     |        | xor_ln105_196 | xor       | auto                     | 0       |
|      xor_ln105_197_fu_19281_p2                       |     |        | xor_ln105_197 | xor       | auto                     | 0       |
|      xor_ln105_198_fu_19101_p2                       |     |        | xor_ln105_198 | xor       | auto                     | 0       |
|      xor_ln105_199_fu_19107_p2                       |     |        | xor_ln105_199 | xor       | auto                     | 0       |
|      xor_ln100_200_fu_19155_p2                       |     |        | xor_ln100_200 | xor       | auto                     | 0       |
|      and_ln100_100_fu_19161_p2                       |     |        | and_ln100_100 | and       | auto                     | 0       |
|      and_ln100_101_fu_19166_p2                       |     |        | and_ln100_101 | and       | auto                     | 0       |
|      xor_ln100_201_fu_19187_p2                       |     |        | xor_ln100_201 | xor       | auto                     | 0       |
|      xor_ln100_202_fu_19201_p2                       |     |        | xor_ln100_202 | xor       | auto                     | 0       |
|      xor_ln100_203_fu_19207_p2                       |     |        | xor_ln100_203 | xor       | auto                     | 0       |
|      e_53_fu_19339_p2                                |     |        | e_53          | add       | fabric                   | 0       |
|      and_ln105_101_fu_19501_p2                       |     |        | and_ln105_101 | and       | auto                     | 0       |
|      and_ln105_102_fu_19505_p2                       |     |        | and_ln105_102 | and       | auto                     | 0       |
|      xor_ln105_200_fu_19509_p2                       |     |        | xor_ln105_200 | xor       | auto                     | 0       |
|      xor_ln105_201_fu_19514_p2                       |     |        | xor_ln105_201 | xor       | auto                     | 0       |
|      xor_ln105_202_fu_19367_p2                       |     |        | xor_ln105_202 | xor       | auto                     | 0       |
|      xor_ln105_203_fu_19373_p2                       |     |        | xor_ln105_203 | xor       | auto                     | 0       |
|      xor_ln100_204_fu_19421_p2                       |     |        | xor_ln100_204 | xor       | auto                     | 0       |
|      and_ln100_102_fu_19427_p2                       |     |        | and_ln100_102 | and       | auto                     | 0       |
|      and_ln100_103_fu_19432_p2                       |     |        | and_ln100_103 | and       | auto                     | 0       |
|      xor_ln100_205_fu_19453_p2                       |     |        | xor_ln100_205 | xor       | auto                     | 0       |
|      xor_ln100_206_fu_19467_p2                       |     |        | xor_ln100_206 | xor       | auto                     | 0       |
|      xor_ln100_207_fu_19473_p2                       |     |        | xor_ln100_207 | xor       | auto                     | 0       |
|      e_54_fu_19572_p2                                |     |        | e_54          | add       | fabric                   | 0       |
|      and_ln105_103_fu_19576_p2                       |     |        | and_ln105_103 | and       | auto                     | 0       |
|      and_ln105_104_fu_19597_p2                       |     |        | and_ln105_104 | and       | auto                     | 0       |
|      xor_ln105_204_fu_19610_p2                       |     |        | xor_ln105_204 | xor       | auto                     | 0       |
|      xor_ln105_205_fu_19616_p2                       |     |        | xor_ln105_205 | xor       | auto                     | 0       |
|      xor_ln105_206_fu_19622_p2                       |     |        | xor_ln105_206 | xor       | auto                     | 0       |
|      xor_ln105_207_fu_19628_p2                       |     |        | xor_ln105_207 | xor       | auto                     | 0       |
|      xor_ln100_208_fu_19687_p2                       |     |        | xor_ln100_208 | xor       | auto                     | 0       |
|      and_ln100_104_fu_19693_p2                       |     |        | and_ln100_104 | and       | auto                     | 0       |
|      and_ln100_105_fu_19698_p2                       |     |        | and_ln100_105 | and       | auto                     | 0       |
|      xor_ln100_209_fu_19719_p2                       |     |        | xor_ln100_209 | xor       | auto                     | 0       |
|      xor_ln100_210_fu_19733_p2                       |     |        | xor_ln100_210 | xor       | auto                     | 0       |
|      xor_ln100_211_fu_19739_p2                       |     |        | xor_ln100_211 | xor       | auto                     | 0       |
|      e_55_fu_19845_p2                                |     |        | e_55          | add       | fabric                   | 0       |
|      and_ln105_105_fu_19971_p2                       |     |        | and_ln105_105 | and       | auto                     | 0       |
|      and_ln105_106_fu_19975_p2                       |     |        | and_ln105_106 | and       | auto                     | 0       |
|      xor_ln105_208_fu_19979_p2                       |     |        | xor_ln105_208 | xor       | auto                     | 0       |
|      xor_ln105_209_fu_19984_p2                       |     |        | xor_ln105_209 | xor       | auto                     | 0       |
|      xor_ln105_210_fu_19833_p2                       |     |        | xor_ln105_210 | xor       | auto                     | 0       |
|      xor_ln105_211_fu_19839_p2                       |     |        | xor_ln105_211 | xor       | auto                     | 0       |
|      xor_ln100_212_fu_19891_p2                       |     |        | xor_ln100_212 | xor       | auto                     | 0       |
|      and_ln100_106_fu_19897_p2                       |     |        | and_ln100_106 | and       | auto                     | 0       |
|      and_ln100_107_fu_19902_p2                       |     |        | and_ln100_107 | and       | auto                     | 0       |
|      xor_ln100_213_fu_19923_p2                       |     |        | xor_ln100_213 | xor       | auto                     | 0       |
|      xor_ln100_214_fu_19937_p2                       |     |        | xor_ln100_214 | xor       | auto                     | 0       |
|      xor_ln100_215_fu_19943_p2                       |     |        | xor_ln100_215 | xor       | auto                     | 0       |
|      e_56_fu_20042_p2                                |     |        | e_56          | add       | fabric                   | 0       |
|      and_ln105_107_fu_20046_p2                       |     |        | and_ln105_107 | and       | auto                     | 0       |
|      and_ln105_108_fu_20067_p2                       |     |        | and_ln105_108 | and       | auto                     | 0       |
|      xor_ln105_212_fu_20080_p2                       |     |        | xor_ln105_212 | xor       | auto                     | 0       |
|      xor_ln105_213_fu_20086_p2                       |     |        | xor_ln105_213 | xor       | auto                     | 0       |
|      xor_ln105_214_fu_20092_p2                       |     |        | xor_ln105_214 | xor       | auto                     | 0       |
|      xor_ln105_215_fu_20098_p2                       |     |        | xor_ln105_215 | xor       | auto                     | 0       |
|      xor_ln100_216_fu_20157_p2                       |     |        | xor_ln100_216 | xor       | auto                     | 0       |
|      and_ln100_108_fu_20163_p2                       |     |        | and_ln100_108 | and       | auto                     | 0       |
|      and_ln100_109_fu_20168_p2                       |     |        | and_ln100_109 | and       | auto                     | 0       |
|      xor_ln100_217_fu_20189_p2                       |     |        | xor_ln100_217 | xor       | auto                     | 0       |
|      xor_ln100_218_fu_20203_p2                       |     |        | xor_ln100_218 | xor       | auto                     | 0       |
|      xor_ln100_219_fu_20209_p2                       |     |        | xor_ln100_219 | xor       | auto                     | 0       |
|      e_57_fu_20315_p2                                |     |        | e_57          | add       | fabric                   | 0       |
|      and_ln105_109_fu_20441_p2                       |     |        | and_ln105_109 | and       | auto                     | 0       |
|      and_ln105_110_fu_20445_p2                       |     |        | and_ln105_110 | and       | auto                     | 0       |
|      xor_ln105_216_fu_20449_p2                       |     |        | xor_ln105_216 | xor       | auto                     | 0       |
|      xor_ln105_217_fu_20454_p2                       |     |        | xor_ln105_217 | xor       | auto                     | 0       |
|      xor_ln105_218_fu_20303_p2                       |     |        | xor_ln105_218 | xor       | auto                     | 0       |
|      xor_ln105_219_fu_20309_p2                       |     |        | xor_ln105_219 | xor       | auto                     | 0       |
|      xor_ln100_220_fu_20361_p2                       |     |        | xor_ln100_220 | xor       | auto                     | 0       |
|      and_ln100_110_fu_20367_p2                       |     |        | and_ln100_110 | and       | auto                     | 0       |
|      and_ln100_111_fu_20372_p2                       |     |        | and_ln100_111 | and       | auto                     | 0       |
|      xor_ln100_221_fu_20393_p2                       |     |        | xor_ln100_221 | xor       | auto                     | 0       |
|      xor_ln100_222_fu_20407_p2                       |     |        | xor_ln100_222 | xor       | auto                     | 0       |
|      xor_ln100_223_fu_20413_p2                       |     |        | xor_ln100_223 | xor       | auto                     | 0       |
|      e_58_fu_20512_p2                                |     |        | e_58          | add       | fabric                   | 0       |
|      and_ln105_111_fu_20674_p2                       |     |        | and_ln105_111 | and       | auto                     | 0       |
|      and_ln105_112_fu_20678_p2                       |     |        | and_ln105_112 | and       | auto                     | 0       |
|      xor_ln105_220_fu_20682_p2                       |     |        | xor_ln105_220 | xor       | auto                     | 0       |
|      xor_ln105_221_fu_20687_p2                       |     |        | xor_ln105_221 | xor       | auto                     | 0       |
|      xor_ln105_222_fu_20540_p2                       |     |        | xor_ln105_222 | xor       | auto                     | 0       |
|      xor_ln105_223_fu_20546_p2                       |     |        | xor_ln105_223 | xor       | auto                     | 0       |
|      xor_ln100_224_fu_20594_p2                       |     |        | xor_ln100_224 | xor       | auto                     | 0       |
|      and_ln100_112_fu_20600_p2                       |     |        | and_ln100_112 | and       | auto                     | 0       |
|      and_ln100_113_fu_20605_p2                       |     |        | and_ln100_113 | and       | auto                     | 0       |
|      xor_ln100_225_fu_20626_p2                       |     |        | xor_ln100_225 | xor       | auto                     | 0       |
|      xor_ln100_226_fu_20640_p2                       |     |        | xor_ln100_226 | xor       | auto                     | 0       |
|      xor_ln100_227_fu_20646_p2                       |     |        | xor_ln100_227 | xor       | auto                     | 0       |
|      e_59_fu_20745_p2                                |     |        | e_59          | add       | fabric                   | 0       |
|      and_ln105_113_fu_20907_p2                       |     |        | and_ln105_113 | and       | auto                     | 0       |
|      and_ln105_114_fu_20911_p2                       |     |        | and_ln105_114 | and       | auto                     | 0       |
|      xor_ln105_224_fu_20915_p2                       |     |        | xor_ln105_224 | xor       | auto                     | 0       |
|      xor_ln105_225_fu_20920_p2                       |     |        | xor_ln105_225 | xor       | auto                     | 0       |
|      xor_ln105_226_fu_20773_p2                       |     |        | xor_ln105_226 | xor       | auto                     | 0       |
|      xor_ln105_227_fu_20779_p2                       |     |        | xor_ln105_227 | xor       | auto                     | 0       |
|      xor_ln100_228_fu_20827_p2                       |     |        | xor_ln100_228 | xor       | auto                     | 0       |
|      and_ln100_114_fu_20833_p2                       |     |        | and_ln100_114 | and       | auto                     | 0       |
|      and_ln100_115_fu_20838_p2                       |     |        | and_ln100_115 | and       | auto                     | 0       |
|      xor_ln100_229_fu_20859_p2                       |     |        | xor_ln100_229 | xor       | auto                     | 0       |
|      xor_ln100_230_fu_20873_p2                       |     |        | xor_ln100_230 | xor       | auto                     | 0       |
|      xor_ln100_231_fu_20879_p2                       |     |        | xor_ln100_231 | xor       | auto                     | 0       |
|      e_60_fu_20978_p2                                |     |        | e_60          | add       | fabric                   | 0       |
|      and_ln105_115_fu_21140_p2                       |     |        | and_ln105_115 | and       | auto                     | 0       |
|      and_ln105_116_fu_21144_p2                       |     |        | and_ln105_116 | and       | auto                     | 0       |
|      xor_ln105_228_fu_21148_p2                       |     |        | xor_ln105_228 | xor       | auto                     | 0       |
|      xor_ln105_229_fu_21153_p2                       |     |        | xor_ln105_229 | xor       | auto                     | 0       |
|      xor_ln105_230_fu_21006_p2                       |     |        | xor_ln105_230 | xor       | auto                     | 0       |
|      xor_ln105_231_fu_21012_p2                       |     |        | xor_ln105_231 | xor       | auto                     | 0       |
|      xor_ln100_232_fu_21060_p2                       |     |        | xor_ln100_232 | xor       | auto                     | 0       |
|      and_ln100_116_fu_21066_p2                       |     |        | and_ln100_116 | and       | auto                     | 0       |
|      and_ln100_117_fu_21071_p2                       |     |        | and_ln100_117 | and       | auto                     | 0       |
|      xor_ln100_233_fu_21092_p2                       |     |        | xor_ln100_233 | xor       | auto                     | 0       |
|      xor_ln100_234_fu_21106_p2                       |     |        | xor_ln100_234 | xor       | auto                     | 0       |
|      xor_ln100_235_fu_21112_p2                       |     |        | xor_ln100_235 | xor       | auto                     | 0       |
|      e_61_fu_21211_p2                                |     |        | e_61          | add       | fabric                   | 0       |
|      and_ln105_117_fu_21373_p2                       |     |        | and_ln105_117 | and       | auto                     | 0       |
|      and_ln105_118_fu_21377_p2                       |     |        | and_ln105_118 | and       | auto                     | 0       |
|      xor_ln105_232_fu_21381_p2                       |     |        | xor_ln105_232 | xor       | auto                     | 0       |
|      xor_ln105_233_fu_21386_p2                       |     |        | xor_ln105_233 | xor       | auto                     | 0       |
|      xor_ln105_234_fu_21239_p2                       |     |        | xor_ln105_234 | xor       | auto                     | 0       |
|      xor_ln105_235_fu_21245_p2                       |     |        | xor_ln105_235 | xor       | auto                     | 0       |
|      xor_ln100_236_fu_21293_p2                       |     |        | xor_ln100_236 | xor       | auto                     | 0       |
|      and_ln100_118_fu_21299_p2                       |     |        | and_ln100_118 | and       | auto                     | 0       |
|      and_ln100_119_fu_21304_p2                       |     |        | and_ln100_119 | and       | auto                     | 0       |
|      xor_ln100_237_fu_21325_p2                       |     |        | xor_ln100_237 | xor       | auto                     | 0       |
|      xor_ln100_238_fu_21339_p2                       |     |        | xor_ln100_238 | xor       | auto                     | 0       |
|      xor_ln100_239_fu_21345_p2                       |     |        | xor_ln100_239 | xor       | auto                     | 0       |
|      e_62_fu_21444_p2                                |     |        | e_62          | add       | fabric                   | 0       |
|      and_ln105_119_fu_21606_p2                       |     |        | and_ln105_119 | and       | auto                     | 0       |
|      and_ln105_120_fu_21610_p2                       |     |        | and_ln105_120 | and       | auto                     | 0       |
|      xor_ln105_236_fu_21614_p2                       |     |        | xor_ln105_236 | xor       | auto                     | 0       |
|      xor_ln105_237_fu_21619_p2                       |     |        | xor_ln105_237 | xor       | auto                     | 0       |
|      xor_ln105_238_fu_21472_p2                       |     |        | xor_ln105_238 | xor       | auto                     | 0       |
|      xor_ln105_239_fu_21478_p2                       |     |        | xor_ln105_239 | xor       | auto                     | 0       |
|      xor_ln100_240_fu_21526_p2                       |     |        | xor_ln100_240 | xor       | auto                     | 0       |
|      and_ln100_120_fu_21532_p2                       |     |        | and_ln100_120 | and       | auto                     | 0       |
|      and_ln100_121_fu_21537_p2                       |     |        | and_ln100_121 | and       | auto                     | 0       |
|      xor_ln100_241_fu_21558_p2                       |     |        | xor_ln100_241 | xor       | auto                     | 0       |
|      xor_ln100_242_fu_21572_p2                       |     |        | xor_ln100_242 | xor       | auto                     | 0       |
|      xor_ln100_243_fu_21578_p2                       |     |        | xor_ln100_243 | xor       | auto                     | 0       |
|      e_63_fu_21677_p2                                |     |        | e_63          | add       | fabric                   | 0       |
|      and_ln105_121_fu_21844_p2                       |     |        | and_ln105_121 | and       | auto                     | 0       |
|      and_ln105_122_fu_21848_p2                       |     |        | and_ln105_122 | and       | auto                     | 0       |
|      xor_ln105_240_fu_21852_p2                       |     |        | xor_ln105_240 | xor       | auto                     | 0       |
|      xor_ln105_241_fu_21857_p2                       |     |        | xor_ln105_241 | xor       | auto                     | 0       |
|      xor_ln105_242_fu_21705_p2                       |     |        | xor_ln105_242 | xor       | auto                     | 0       |
|      xor_ln105_243_fu_21711_p2                       |     |        | xor_ln105_243 | xor       | auto                     | 0       |
|      xor_ln100_244_fu_21759_p2                       |     |        | xor_ln100_244 | xor       | auto                     | 0       |
|      and_ln100_122_fu_21765_p2                       |     |        | and_ln100_122 | and       | auto                     | 0       |
|      and_ln100_123_fu_21770_p2                       |     |        | and_ln100_123 | and       | auto                     | 0       |
|      xor_ln100_245_fu_21791_p2                       |     |        | xor_ln100_245 | xor       | auto                     | 0       |
|      xor_ln100_246_fu_21805_p2                       |     |        | xor_ln100_246 | xor       | auto                     | 0       |
|      xor_ln100_247_fu_21811_p2                       |     |        | xor_ln100_247 | xor       | auto                     | 0       |
|      e_64_fu_21915_p2                                |     |        | e_64          | add       | fabric                   | 0       |
|      and_ln105_123_fu_22092_p2                       |     |        | and_ln105_123 | and       | auto                     | 0       |
|      and_ln105_124_fu_22096_p2                       |     |        | and_ln105_124 | and       | auto                     | 0       |
|      xor_ln105_244_fu_22100_p2                       |     |        | xor_ln105_244 | xor       | auto                     | 0       |
|      xor_ln105_245_fu_22105_p2                       |     |        | xor_ln105_245 | xor       | auto                     | 0       |
|      xor_ln105_246_fu_21943_p2                       |     |        | xor_ln105_246 | xor       | auto                     | 0       |
|      xor_ln105_247_fu_21949_p2                       |     |        | xor_ln105_247 | xor       | auto                     | 0       |
|      xor_ln100_248_fu_21997_p2                       |     |        | xor_ln100_248 | xor       | auto                     | 0       |
|      and_ln100_124_fu_22003_p2                       |     |        | and_ln100_124 | and       | auto                     | 0       |
|      and_ln100_125_fu_22008_p2                       |     |        | and_ln100_125 | and       | auto                     | 0       |
|      xor_ln100_249_fu_22029_p2                       |     |        | xor_ln100_249 | xor       | auto                     | 0       |
|      xor_ln100_250_fu_22043_p2                       |     |        | xor_ln100_250 | xor       | auto                     | 0       |
|      xor_ln100_251_fu_22049_p2                       |     |        | xor_ln100_251 | xor       | auto                     | 0       |
|      xor_ln100_252_fu_19251_p2                       |     |        | xor_ln100_252 | xor       | auto                     | 0       |
|      xor_ln100_253_fu_19257_p2                       |     |        | xor_ln100_253 | xor       | auto                     | 0       |
|      xor_ln100_254_fu_16426_p2                       |     |        | xor_ln100_254 | xor       | auto                     | 0       |
|      xor_ln100_255_fu_16432_p2                       |     |        | xor_ln100_255 | xor       | auto                     | 0       |
|      add_ln100_242_fu_22055_p2                       |     |        | add_ln100_242 | add       | fabric                   | 0       |
|      add_ln100_243_fu_19263_p2                       |     |        | add_ln100_243 | add       | fabric                   | 0       |
|      add_ln100_246_fu_22069_p2                       |     |        | add_ln100_246 | add       | fabric                   | 0       |
|      e_65_fu_22163_p2                                |     |        | e_65          | add       | fabric                   | 0       |
|      and_ln105_125_fu_22340_p2                       |     |        | and_ln105_125 | and       | auto                     | 0       |
|      and_ln105_126_fu_22344_p2                       |     |        | and_ln105_126 | and       | auto                     | 0       |
|      xor_ln105_248_fu_22348_p2                       |     |        | xor_ln105_248 | xor       | auto                     | 0       |
|      xor_ln105_249_fu_22353_p2                       |     |        | xor_ln105_249 | xor       | auto                     | 0       |
|      xor_ln105_250_fu_22191_p2                       |     |        | xor_ln105_250 | xor       | auto                     | 0       |
|      xor_ln105_251_fu_22197_p2                       |     |        | xor_ln105_251 | xor       | auto                     | 0       |
|      xor_ln100_256_fu_22245_p2                       |     |        | xor_ln100_256 | xor       | auto                     | 0       |
|      and_ln100_126_fu_22251_p2                       |     |        | and_ln100_126 | and       | auto                     | 0       |
|      and_ln100_127_fu_22256_p2                       |     |        | and_ln100_127 | and       | auto                     | 0       |
|      xor_ln100_257_fu_22277_p2                       |     |        | xor_ln100_257 | xor       | auto                     | 0       |
|      xor_ln100_258_fu_22291_p2                       |     |        | xor_ln100_258 | xor       | auto                     | 0       |
|      xor_ln100_259_fu_22297_p2                       |     |        | xor_ln100_259 | xor       | auto                     | 0       |
|      xor_ln100_260_fu_18934_p2                       |     |        | xor_ln100_260 | xor       | auto                     | 0       |
|      xor_ln100_261_fu_18940_p2                       |     |        | xor_ln100_261 | xor       | auto                     | 0       |
|      xor_ln100_262_fu_17442_p2                       |     |        | xor_ln100_262 | xor       | auto                     | 0       |
|      xor_ln100_263_fu_17448_p2                       |     |        | xor_ln100_263 | xor       | auto                     | 0       |
|      add_ln100_249_fu_22303_p2                       |     |        | add_ln100_249 | add       | fabric                   | 0       |
|      add_ln100_250_fu_18946_p2                       |     |        | add_ln100_250 | add       | fabric                   | 0       |
|      add_ln100_253_fu_22317_p2                       |     |        | add_ln100_253 | add       | fabric                   | 0       |
|      and_ln108_fu_22411_p2                           |     |        | and_ln108     | and       | auto                     | 0       |
|      and_ln108_1_fu_22416_p2                         |     |        | and_ln108_1   | and       | auto                     | 0       |
|      xor_ln108_fu_22437_p2                           |     |        | xor_ln108     | xor       | auto                     | 0       |
|      xor_ln108_1_fu_22443_p2                         |     |        | xor_ln108_1   | xor       | auto                     | 0       |
|      xor_ln108_2_fu_22457_p2                         |     |        | xor_ln108_2   | xor       | auto                     | 0       |
|      xor_ln108_3_fu_22463_p2                         |     |        | xor_ln108_3   | xor       | auto                     | 0       |
|      add_ln108_1_fu_22474_p2                         |     |        | add_ln108_1   | add       | fabric                   | 0       |
|      add_ln108_3_fu_22485_p2                         |     |        | add_ln108_3   | add       | fabric                   | 0       |
|      add_ln108_4_fu_22490_p2                         |     |        | add_ln108_4   | add       | fabric                   | 0       |
|      add_ln108_5_fu_22494_p2                         |     |        | add_ln108_5   | add       | fabric                   | 0       |
|      add_ln109_2_fu_22335_p2                         |     |        | add_ln109_2   | add       | fabric                   | 0       |
|      add_ln109_3_fu_22087_p2                         |     |        | add_ln109_3   | add       | fabric                   | 0       |
|      add_ln109_4_fu_21839_p2                         |     |        | add_ln109_4   | add       | fabric                   | 0       |
+------------------------------------------------------+-----+--------+---------------+-----------+--------------------------+---------+


================================================================
== Storage Report
================================================================
+------------------------------------------------------+---------------+-----------+------+------+--------+----------+------+---------+------------------+
| Name                                                 | Usage         | Type      | BRAM | URAM | Pragma | Variable | Impl | Latency | Bitwidth, Depth, |
|                                                      |               |           |      |      |        |          |      |         | Banks            |
+------------------------------------------------------+---------------+-----------+------+------+--------+----------+------+---------+------------------+
| + mine                                               |               |           | 24   | 0    |        |          |      |         |                  |
|   control_s_axi_U                                    | interface     | s_axilite |      |      |        |          |      |         |                  |
|   gmem0_m_axi_U                                      | interface     | m_axi     | 8    |      |        |          |      |         |                  |
|   gmem1_m_axi_U                                      | interface     | m_axi     | 15   |      |        |          |      |         |                  |
|   gmem2_m_axi_U                                      | interface     | m_axi     |      |      |        |          |      |         |                  |
|   block_U                                            | ram_2p array  |           |      |      |        | block    | auto | 1       | 8, 32, 1         |
|   block_48_U                                         | ram_2p array  |           |      |      |        | block_48 | auto | 1       | 8, 32, 1         |
|   hdr_U                                              | ram_t2p array |           |      |      |        | hdr      | auto | 1       | 8, 80, 1         |
|   tgt_U                                              | ram_2p array  |           |      |      |        | tgt      | auto | 1       | 8, 32, 1         |
|   midstate_U                                         | ram_t2p array |           |      |      |        | midstate | auto | 1       | 32, 8, 1         |
|  + mine_Pipeline_VITIS_LOOP_119_1                    |               |           | 0    | 0    |        |          |      |         |                  |
|    H0_U                                              | rom_1p        |           |      |      |        | H0       | auto | 1       | 32, 8, 1         |
|  + sha256_compress_compact                           |               |           | 1    | 0    |        |          |      |         |                  |
|    w_U                                               | rom_np array  |           |      |      |        | w        | auto | 1       | 32, 16, 1        |
|    w_1_U                                             | rom_np array  |           |      |      |        | w_1      | auto | 1       | 32, 16, 1        |
|    w_2_U                                             | rom_np array  |           |      |      |        | w_2      | auto | 1       | 32, 16, 1        |
|    w_3_U                                             | rom_np array  |           |      |      |        | w_3      | auto | 1       | 32, 16, 1        |
|   + sha256_compress_compact_Pipeline_VITIS_LOOP_56_3 |               |           | 1    | 0    |        |          |      |         |                  |
|     K_U                                              | rom_1p        |           | 1    |      |        | K        | auto | 1       | 32, 64, 1        |
+------------------------------------------------------+---------------+-----------+------+------+--------+----------+------+---------+------------------+


================================================================
== Pragma Report
================================================================
* Inferred Pragmas
+----------+---------+----------------------------------------------------------------------------------------------------------------------------------------------------------------------------------------------------+-------------------------------+
| Type     | Options | Location                                                                                                                                                                                           | Inferred From                 |
+----------+---------+----------------------------------------------------------------------------------------------------------------------------------------------------------------------------------------------------+-------------------------------+
| PIPELINE |         | loop VITIS_LOOP_40_1 (../4601-hardware-acceleration-design-project/baseline-hls/mine.cpp:40:22) in sha256_compress_compact (../4601-hardware-acceleration-design-project/baseline-hls/mine.cpp:40) | syn.compile.pipeline_loops=64 |
| PIPELINE |         | loop VITIS_LOOP_47_2 (../4601-hardware-acceleration-design-project/baseline-hls/mine.cpp:47:22) in sha256_compress_compact (../4601-hardware-acceleration-design-project/baseline-hls/mine.cpp:47) | syn.compile.pipeline_loops=64 |
| PIPELINE |         | loop VITIS_LOOP_282_1 (../4601-hardware-acceleration-design-project/baseline-hls/mine.cpp:282:23) in mine (../4601-hardware-acceleration-design-project/baseline-hls/mine.cpp:282)                 | syn.compile.pipeline_loops=64 |
| PIPELINE |         | loop VITIS_LOOP_284_2 (../4601-hardware-acceleration-design-project/baseline-hls/mine.cpp:284:23) in mine (../4601-hardware-acceleration-design-project/baseline-hls/mine.cpp:284)                 | syn.compile.pipeline_loops=64 |
| PIPELINE |         | loop VITIS_LOOP_119_1 (../4601-hardware-acceleration-design-project/baseline-hls/mine.cpp:119:23) in mine (../4601-hardware-acceleration-design-project/baseline-hls/mine.cpp:119)                 | syn.compile.pipeline_loops=64 |
| PIPELINE |         | loop VITIS_LOOP_123_2 (../4601-hardware-acceleration-design-project/baseline-hls/mine.cpp:123:23) in mine (../4601-hardware-acceleration-design-project/baseline-hls/mine.cpp:123)                 | syn.compile.pipeline_loops=64 |
| PIPELINE |         | loop VITIS_LOOP_293_3 (../4601-hardware-acceleration-design-project/baseline-hls/mine.cpp:293:23) in mine (../4601-hardware-acceleration-design-project/baseline-hls/mine.cpp:293)                 | syn.compile.pipeline_loops=64 |
+----------+---------+----------------------------------------------------------------------------------------------------------------------------------------------------------------------------------------------------+-------------------------------+

* Valid Pragma Syntax
+-----------------+---------------------------------------------+----------------------------------------------------------------------------------------------------+
| Type            | Options                                     | Location                                                                                           |
+-----------------+---------------------------------------------+----------------------------------------------------------------------------------------------------+
| ARRAY_PARTITION | variable=w cyclic factor=4                  | in sha256_compress_compact (../4601-hardware-acceleration-design-project/baseline-hls/mine.cpp:38) |
| PIPELINE        | ii=1                                        | in sha256_compress_compact (../4601-hardware-acceleration-design-project/baseline-hls/mine.cpp:57) |
| ARRAY_PARTITION | variable=w cyclic factor=4                  | in sha256_compress (../4601-hardware-acceleration-design-project/baseline-hls/mine.cpp:76)         |
| INTERFACE       | m_axi port=header bundle=gmem0 depth=80     | in mine (../4601-hardware-acceleration-design-project/baseline-hls/mine.cpp:272)                   |
| INTERFACE       | m_axi port=target bundle=gmem1 depth=32     | in mine (../4601-hardware-acceleration-design-project/baseline-hls/mine.cpp:273)                   |
| INTERFACE       | m_axi port=found_nonce bundle=gmem2 depth=1 | in mine (../4601-hardware-acceleration-design-project/baseline-hls/mine.cpp:274)                   |
| INTERFACE       | m_axi port=found bundle=gmem2 depth=1       | in mine (../4601-hardware-acceleration-design-project/baseline-hls/mine.cpp:275)                   |
| INTERFACE       | s_axilite port=nonce_start                  | in mine (../4601-hardware-acceleration-design-project/baseline-hls/mine.cpp:276)                   |
| INTERFACE       | s_axilite port=nonce_count                  | in mine (../4601-hardware-acceleration-design-project/baseline-hls/mine.cpp:277)                   |
| INTERFACE       | s_axilite port=return                       | in mine (../4601-hardware-acceleration-design-project/baseline-hls/mine.cpp:278)                   |
+-----------------+---------------------------------------------+----------------------------------------------------------------------------------------------------+


