Copyright 1986-2022 Xilinx, Inc. All Rights Reserved. Copyright 2022-2025 Advanced Micro Devices, Inc. All Rights Reserved.
----------------------------------------------------------------------------------------------------------------------------------------------------------------------------------------------------------------------------------------
| Tool Version      : Vivado v.2025.2 (lin64) Build 6299465 Fri Nov 14 12:34:56 MST 2025
| Date              : Sat Aug  8 22:20:06 2026
| Host              : qiyuewangLaptop running 64-bit Ubuntu 22.04.5 LTS
| Command           : report_timing_summary -max_paths 10 -routable_nets -report_unconstrained -file system_wrapper_timing_summary_routed.rpt -pb system_wrapper_timing_summary_routed.pb -rpx system_wrapper_timing_summary_routed.rpx
| Design            : system_wrapper
| Device            : xck26-sfvc784
| Speed File        : -2LV  PRODUCTION 1.30 05-15-2022
| Design State      : Routed
| Temperature Grade : C
----------------------------------------------------------------------------------------------------------------------------------------------------------------------------------------------------------------------------------------

Timing Summary Report

------------------------------------------------------------------------------------------------
| Timer Settings
| --------------
------------------------------------------------------------------------------------------------

  Enable Multi Corner Analysis               :  Yes
  Enable Pessimism Removal                   :  Yes
  Pessimism Removal Resolution               :  Nearest Common Node
  Enable Input Delay Default Clock           :  No
  Enable Preset / Clear Arcs                 :  No
  Disable Flight Delays                      :  No
  Ignore I/O Paths                           :  No
  Timing Early Launch at Borrowing Latches   :  No
  Borrow Time for Max Delay Exceptions       :  Yes
  Merge Timing Exceptions                    :  Yes
  Inter-SLR Compensation                     :  Conservative

  Corner  Analyze    Analyze    
  Name    Max Paths  Min Paths  
  ------  ---------  ---------  
  Slow    Yes        Yes        
  Fast    Yes        Yes        


------------------------------------------------------------------------------------------------
| Report Methodology
| ------------------
------------------------------------------------------------------------------------------------

Rule      Severity          Description                                         Violations  
--------  ----------------  --------------------------------------------------  ----------  
TIMING-2  Critical Warning  Invalid primary clock source pin                    1           
TIMING-4  Critical Warning  Invalid primary clock redefinition on a clock tree  1           
CLKC-40   Advisory          Substitute PLLE4 for MMCME4 check                   1           
CLKC-56   Advisory          MMCME4 with global clock driver has no LOC          1           

Note: This report is based on the most recent report_methodology run and may not be up-to-date. Run report_methodology on the current design for the latest report.



check_timing report

Table of Contents
-----------------
1. checking no_clock (0)
2. checking constant_clock (0)
3. checking pulse_width_clock (0)
4. checking unconstrained_internal_endpoints (0)
5. checking no_input_delay (0)
6. checking no_output_delay (0)
7. checking multiple_clock (0)
8. checking generated_clocks (0)
9. checking loops (0)
10. checking partial_input_delay (0)
11. checking partial_output_delay (0)
12. checking latch_loops (0)

1. checking no_clock (0)
------------------------
 There are 0 register/latch pins with no clock.


2. checking constant_clock (0)
------------------------------
 There are 0 register/latch pins with constant_clock.


3. checking pulse_width_clock (0)
---------------------------------
 There are 0 register/latch pins which need pulse_width check


4. checking unconstrained_internal_endpoints (0)
------------------------------------------------
 There are 0 pins that are not constrained for maximum delay.

 There are 0 pins that are not constrained for maximum delay due to constant clock.


5. checking no_input_delay (0)
------------------------------
 There are 0 input ports with no input delay specified.

 There are 0 input ports with no input delay but user has a false path constraint.


6. checking no_output_delay (0)
-------------------------------
 There are 0 ports with no output delay specified.

 There are 0 ports with no output delay but user has a false path constraint

 There are 0 ports with no output delay but with a timing clock defined on it or propagating through it


7. checking multiple_clock (0)
------------------------------
 There are 0 register/latch pins with multiple clocks.


8. checking generated_clocks (0)
--------------------------------
 There are 0 generated clocks that are not connected to a clock source.


9. checking loops (0)
---------------------
 There are 0 combinational loops in the design.


10. checking partial_input_delay (0)
------------------------------------
 There are 0 input ports with partial input delay specified.


11. checking partial_output_delay (0)
-------------------------------------
 There are 0 ports with partial output delay specified.


12. checking latch_loops (0)
----------------------------
 There are 0 combinational latch loops in the design through latch input



------------------------------------------------------------------------------------------------
| Design Timing Summary
| ---------------------
------------------------------------------------------------------------------------------------

    WNS(ns)      TNS(ns)  TNS Failing Endpoints  TNS Total Endpoints      WHS(ns)      THS(ns)  THS Failing Endpoints  THS Total Endpoints     WPWS(ns)     TPWS(ns)  TPWS Failing Endpoints  TPWS Total Endpoints  
    -------      -------  ---------------------  -------------------      -------      -------  ---------------------  -------------------     --------     --------  ----------------------  --------------------  
      0.001        0.000                      0               119319        0.008        0.000                      0               119319        1.000        0.000                       0                 67947  


All user specified timing constraints are met.


------------------------------------------------------------------------------------------------
| Clock Summary
| -------------
------------------------------------------------------------------------------------------------

Clock                            Waveform(ns)         Period(ns)      Frequency(MHz)
-----                            ------------         ----------      --------------
clk_pl_0                         {0.000 5.000}        10.000          100.000         
clk_pl_1                         {0.000 5.000}        10.000          100.000         
system_i/clk_wiz_0/inst/clk_in1  {0.000 5.000}        10.000          100.000         
  clk_out2_system_clk_wiz_0_0    {0.000 2.500}        5.000           200.000         


------------------------------------------------------------------------------------------------
| Intra Clock Table
| -----------------
------------------------------------------------------------------------------------------------

Clock                                WNS(ns)      TNS(ns)  TNS Failing Endpoints  TNS Total Endpoints      WHS(ns)      THS(ns)  THS Failing Endpoints  THS Total Endpoints     WPWS(ns)     TPWS(ns)  TPWS Failing Endpoints  TPWS Total Endpoints  
-----                                -------      -------  ---------------------  -------------------      -------      -------  ---------------------  -------------------     --------     --------  ----------------------  --------------------  
system_i/clk_wiz_0/inst/clk_in1                                                                                                                                                    2.000        0.000                       0                     1  
  clk_out2_system_clk_wiz_0_0          0.001        0.000                      0               119319        0.008        0.000                      0               119319        1.000        0.000                       0                 67946  


------------------------------------------------------------------------------------------------
| Inter Clock Table
| -----------------
------------------------------------------------------------------------------------------------

From Clock    To Clock          WNS(ns)      TNS(ns)  TNS Failing Endpoints  TNS Total Endpoints      WHS(ns)      THS(ns)  THS Failing Endpoints  THS Total Endpoints  
----------    --------          -------      -------  ---------------------  -------------------      -------      -------  ---------------------  -------------------  


------------------------------------------------------------------------------------------------
| Other Path Groups Table
| -----------------------
------------------------------------------------------------------------------------------------

Path Group    From Clock    To Clock          WNS(ns)      TNS(ns)  TNS Failing Endpoints  TNS Total Endpoints      WHS(ns)      THS(ns)  THS Failing Endpoints  THS Total Endpoints  
----------    ----------    --------          -------      -------  ---------------------  -------------------      -------      -------  ---------------------  -------------------  


------------------------------------------------------------------------------------------------
| User Ignored Path Table
| -----------------------
------------------------------------------------------------------------------------------------

Path Group                   From Clock                   To Clock                   
----------                   ----------                   --------                   
(none)                                                    clk_out2_system_clk_wiz_0_0  
(none)                       clk_out2_system_clk_wiz_0_0  clk_out2_system_clk_wiz_0_0  


------------------------------------------------------------------------------------------------
| Unconstrained Path Table
| ------------------------
------------------------------------------------------------------------------------------------

Path Group                   From Clock                   To Clock                   
----------                   ----------                   --------                   
(none)                                                    clk_out2_system_clk_wiz_0_0  


------------------------------------------------------------------------------------------------
| Timing Details
| --------------
------------------------------------------------------------------------------------------------


---------------------------------------------------------------------------------------------------
From Clock:  system_i/clk_wiz_0/inst/clk_in1
  To Clock:  system_i/clk_wiz_0/inst/clk_in1

Setup :           NA  Failing Endpoints,  Worst Slack           NA  ,  Total Violation           NA
Hold  :           NA  Failing Endpoints,  Worst Slack           NA  ,  Total Violation           NA
PW    :            0  Failing Endpoints,  Worst Slack        2.000ns,  Total Violation        0.000ns
---------------------------------------------------------------------------------------------------


Pulse Width Checks
--------------------------------------------------------------------------------------
Clock Name:         system_i/clk_wiz_0/inst/clk_in1
Waveform(ns):       { 0.000 5.000 }
Period(ns):         10.000
Sources:            { system_i/clk_wiz_0/inst/clk_in1 }

Check Type        Corner  Lib Pin            Reference Pin  Required(ns)  Actual(ns)  Slack(ns)  Location   Pin
Min Period        n/a     MMCME4_ADV/CLKIN1  n/a            1.071         10.000      8.929      MMCM_X0Y3  system_i/clk_wiz_0/inst/mmcme4_adv_inst/CLKIN1
Max Period        n/a     MMCME4_ADV/CLKIN1  n/a            100.000       10.000      90.000     MMCM_X0Y3  system_i/clk_wiz_0/inst/mmcme4_adv_inst/CLKIN1
Low Pulse Width   Slow    MMCME4_ADV/CLKIN1  n/a            3.000         5.000       2.000      MMCM_X0Y3  system_i/clk_wiz_0/inst/mmcme4_adv_inst/CLKIN1
Low Pulse Width   Fast    MMCME4_ADV/CLKIN1  n/a            3.000         5.000       2.000      MMCM_X0Y3  system_i/clk_wiz_0/inst/mmcme4_adv_inst/CLKIN1
High Pulse Width  Slow    MMCME4_ADV/CLKIN1  n/a            3.000         5.000       2.000      MMCM_X0Y3  system_i/clk_wiz_0/inst/mmcme4_adv_inst/CLKIN1
High Pulse Width  Fast    MMCME4_ADV/CLKIN1  n/a            3.000         5.000       2.000      MMCM_X0Y3  system_i/clk_wiz_0/inst/mmcme4_adv_inst/CLKIN1



---------------------------------------------------------------------------------------------------
From Clock:  clk_out2_system_clk_wiz_0_0
  To Clock:  clk_out2_system_clk_wiz_0_0

Setup :            0  Failing Endpoints,  Worst Slack        0.001ns,  Total Violation        0.000ns
Hold  :            0  Failing Endpoints,  Worst Slack        0.008ns,  Total Violation        0.000ns
PW    :            0  Failing Endpoints,  Worst Slack        1.000ns,  Total Violation        0.000ns
---------------------------------------------------------------------------------------------------


Max Delay Paths
--------------------------------------------------------------------------------------
Slack (MET) :             0.001ns  (required time - arrival time)
  Source:                 system_i/mine_1/inst/grp_mine_Pipeline_HASH_CHUNK_fu_351/grp_sha256d_80_from_midstate_words_ii1_fu_358/grp_sha256_compress_words_ii1_fu_140/next_a_61_reg_8583_reg[23]/C
                            (rising edge-triggered cell FDRE clocked by clk_out2_system_clk_wiz_0_0  {rise@0.000ns fall@2.500ns period=5.000ns})
  Destination:            system_i/mine_1/inst/grp_mine_Pipeline_HASH_CHUNK_fu_351/grp_sha256d_80_from_midstate_words_ii1_fu_358/grp_sha256_compress_words_ii1_fu_140/t2_63_reg_8615_reg/DSP_OUTPUT_INST/ALU_OUT[24]
                            (rising edge-triggered cell DSP_OUTPUT clocked by clk_out2_system_clk_wiz_0_0  {rise@0.000ns fall@2.500ns period=5.000ns})
  Path Group:             clk_out2_system_clk_wiz_0_0
  Path Type:              Setup (Max at Slow Process Corner)
  Requirement:            5.000ns  (clk_out2_system_clk_wiz_0_0 rise@5.000ns - clk_out2_system_clk_wiz_0_0 rise@0.000ns)
  Data Path Delay:        4.953ns  (logic 3.490ns (70.462%)  route 1.463ns (29.539%))
  Logic Levels:           9  (DSP_A_B_DATA=1 DSP_ALU=3 DSP_C_DATA=1 DSP_OUTPUT=2 LUT3=2)
  Clock Path Skew:        0.002ns (DCD - SCD + CPR)
    Destination Clock Delay (DCD):    5.009ns = ( 10.009 - 5.000 ) 
    Source Clock Delay      (SCD):    4.528ns
    Clock Pessimism Removal (CPR):    -0.478ns
  Clock Uncertainty:      0.062ns  ((TSJ^2 + DJ^2)^1/2) / 2 + PE
    Total System Jitter     (TSJ):    0.071ns
    Discrete Jitter          (DJ):    0.102ns
    Phase Error              (PE):    0.000ns
  Clock Net Delay (Source):      2.621ns (routing 1.241ns, distribution 1.380ns)
  Clock Net Delay (Destination): 2.461ns (routing 1.133ns, distribution 1.328ns)

    Location             Delay type                Incr(ns)  Path(ns)    Netlist Resource(s)
  -------------------------------------------------------------------    -------------------
                         (clock clk_out2_system_clk_wiz_0_0 rise edge)
                                                      0.000     0.000 r  
    BUFG_PS_X0Y81        BUFG_PS                      0.000     0.000 r  system_i/zynq_ultra_ps_e_0/inst/buffer_pl_clk_0.PL_CLK_0_BUFG/O
                         net (fo=1, routed)           1.611     1.611    system_i/clk_wiz_0/inst/clk_in1
    MMCM_X0Y3            MMCME4_ADV (Prop_MMCM_CLKIN1_CLKOUT1)
                                                     -0.103     1.508 r  system_i/clk_wiz_0/inst/mmcme4_adv_inst/CLKOUT1
                         net (fo=1, routed)           0.355     1.863    system_i/clk_wiz_0/inst/clk_out2_system_clk_wiz_0_0
    BUFGCE_X0Y76         BUFGCE (Prop_BUFCE_BUFGCE_I_O)
                                                      0.044     1.907 r  system_i/clk_wiz_0/inst/clkout2_buf/O
    X1Y1 (CLOCK_ROOT)    net (fo=69546, routed)       2.621     4.528    system_i/mine_1/inst/grp_mine_Pipeline_HASH_CHUNK_fu_351/grp_sha256d_80_from_midstate_words_ii1_fu_358/grp_sha256_compress_words_ii1_fu_140/ap_clk
    SLICE_X40Y140        FDRE                                         r  system_i/mine_1/inst/grp_mine_Pipeline_HASH_CHUNK_fu_351/grp_sha256d_80_from_midstate_words_ii1_fu_358/grp_sha256_compress_words_ii1_fu_140/next_a_61_reg_8583_reg[23]/C
  -------------------------------------------------------------------    -------------------
    SLICE_X40Y140        FDRE (Prop_HFF_SLICEM_C_Q)
                                                      0.114     4.642 r  system_i/mine_1/inst/grp_mine_Pipeline_HASH_CHUNK_fu_351/grp_sha256d_80_from_midstate_words_ii1_fu_358/grp_sha256_compress_words_ii1_fu_140/next_a_61_reg_8583_reg[23]/Q
                         net (fo=5, routed)           0.322     4.964    system_i/mine_1/inst/grp_mine_Pipeline_HASH_CHUNK_fu_351/grp_sha256d_80_from_midstate_words_ii1_fu_358/grp_sha256_compress_words_ii1_fu_140/add_32ns_32ns_32_1_0_U256/next_a_61_reg_8583[23]
    SLICE_X40Y137        LUT3 (Prop_E6LUT_SLICEM_I1_O)
                                                      0.223     5.187 r  system_i/mine_1/inst/grp_mine_Pipeline_HASH_CHUNK_fu_351/grp_sha256d_80_from_midstate_words_ii1_fu_358/grp_sha256_compress_words_ii1_fu_140/add_32ns_32ns_32_1_0_U256/dout_i_63__34/O
                         net (fo=1, routed)           0.369     5.556    system_i/mine_1/inst/grp_mine_Pipeline_HASH_CHUNK_fu_351/grp_sha256d_80_from_midstate_words_ii1_fu_358/grp_sha256_compress_words_ii1_fu_140/add_32ns_32ns_32_1_0_U256/dout/C[1]
    DSP48E2_X11Y54       DSP_C_DATA (Prop_DSP_C_DATA_DSP48E2_C[1]_C_DATA[1])
                                                      0.135     5.691 r  system_i/mine_1/inst/grp_mine_Pipeline_HASH_CHUNK_fu_351/grp_sha256d_80_from_midstate_words_ii1_fu_358/grp_sha256_compress_words_ii1_fu_140/add_32ns_32ns_32_1_0_U256/dout/DSP_C_DATA_INST/C_DATA[1]
                         net (fo=2, routed)           0.000     5.691    system_i/mine_1/inst/grp_mine_Pipeline_HASH_CHUNK_fu_351/grp_sha256d_80_from_midstate_words_ii1_fu_358/grp_sha256_compress_words_ii1_fu_140/add_32ns_32ns_32_1_0_U256/dout/DSP_C_DATA.C_DATA<1>
    DSP48E2_X11Y54       DSP_ALU (Prop_DSP_ALU_DSP48E2_C_DATA[1]_ALU_OUT[47])
                                                      0.786     6.477 f  system_i/mine_1/inst/grp_mine_Pipeline_HASH_CHUNK_fu_351/grp_sha256d_80_from_midstate_words_ii1_fu_358/grp_sha256_compress_words_ii1_fu_140/add_32ns_32ns_32_1_0_U256/dout/DSP_ALU_INST/ALU_OUT[47]
                         net (fo=1, routed)           0.000     6.477    system_i/mine_1/inst/grp_mine_Pipeline_HASH_CHUNK_fu_351/grp_sha256d_80_from_midstate_words_ii1_fu_358/grp_sha256_compress_words_ii1_fu_140/add_32ns_32ns_32_1_0_U256/dout/DSP_ALU.ALU_OUT<47>
    DSP48E2_X11Y54       DSP_OUTPUT (Prop_DSP_OUTPUT_DSP48E2_ALU_OUT[47]_PCOUT[47])
                                                      0.167     6.644 r  system_i/mine_1/inst/grp_mine_Pipeline_HASH_CHUNK_fu_351/grp_sha256d_80_from_midstate_words_ii1_fu_358/grp_sha256_compress_words_ii1_fu_140/add_32ns_32ns_32_1_0_U256/dout/DSP_OUTPUT_INST/PCOUT[47]
                         net (fo=1, routed)           0.014     6.658    system_i/mine_1/inst/grp_mine_Pipeline_HASH_CHUNK_fu_351/grp_sha256d_80_from_midstate_words_ii1_fu_358/grp_sha256_compress_words_ii1_fu_140/next_a_62_fu_6388_p2/PCIN[47]
    DSP48E2_X11Y55       DSP_ALU (Prop_DSP_ALU_DSP48E2_PCIN[47]_ALU_OUT[24])
                                                      0.739     7.397 r  system_i/mine_1/inst/grp_mine_Pipeline_HASH_CHUNK_fu_351/grp_sha256d_80_from_midstate_words_ii1_fu_358/grp_sha256_compress_words_ii1_fu_140/next_a_62_fu_6388_p2/DSP_ALU_INST/ALU_OUT[24]
                         net (fo=1, routed)           0.000     7.397    system_i/mine_1/inst/grp_mine_Pipeline_HASH_CHUNK_fu_351/grp_sha256d_80_from_midstate_words_ii1_fu_358/grp_sha256_compress_words_ii1_fu_140/next_a_62_fu_6388_p2/DSP_ALU.ALU_OUT<24>
    DSP48E2_X11Y55       DSP_OUTPUT (Prop_DSP_OUTPUT_DSP48E2_ALU_OUT[24]_P[24])
                                                      0.146     7.543 f  system_i/mine_1/inst/grp_mine_Pipeline_HASH_CHUNK_fu_351/grp_sha256d_80_from_midstate_words_ii1_fu_358/grp_sha256_compress_words_ii1_fu_140/next_a_62_fu_6388_p2/DSP_OUTPUT_INST/P[24]
                         net (fo=6, routed)           0.420     7.963    system_i/mine_1/inst/grp_mine_Pipeline_HASH_CHUNK_fu_351/grp_sha256d_80_from_midstate_words_ii1_fu_358/grp_sha256_compress_words_ii1_fu_140/maj_63_majority_fu_2857/P[24]
    SLICE_X40Y134        LUT3 (Prop_H5LUT_SLICEM_I1_O)
                                                      0.189     8.152 f  system_i/mine_1/inst/grp_mine_Pipeline_HASH_CHUNK_fu_351/grp_sha256d_80_from_midstate_words_ii1_fu_358/grp_sha256_compress_words_ii1_fu_140/maj_63_majority_fu_2857/t2_63_reg_8615_reg_i_26/O
                         net (fo=1, routed)           0.338     8.490    system_i/mine_1/inst/grp_mine_Pipeline_HASH_CHUNK_fu_351/grp_sha256d_80_from_midstate_words_ii1_fu_358/grp_sha256_compress_words_ii1_fu_140/t2_63_reg_8615_reg/A[6]
    DSP48E2_X11Y52       DSP_A_B_DATA (Prop_DSP_A_B_DATA_DSP48E2_A[6]_A_ALU[6])
                                                      0.265     8.755 r  system_i/mine_1/inst/grp_mine_Pipeline_HASH_CHUNK_fu_351/grp_sha256d_80_from_midstate_words_ii1_fu_358/grp_sha256_compress_words_ii1_fu_140/t2_63_reg_8615_reg/DSP_A_B_DATA_INST/A_ALU[6]
                         net (fo=1, routed)           0.000     8.755    system_i/mine_1/inst/grp_mine_Pipeline_HASH_CHUNK_fu_351/grp_sha256d_80_from_midstate_words_ii1_fu_358/grp_sha256_compress_words_ii1_fu_140/t2_63_reg_8615_reg/DSP_A_B_DATA.A_ALU<6>
    DSP48E2_X11Y52       DSP_ALU (Prop_DSP_ALU_DSP48E2_A_ALU[6]_ALU_OUT[24])
                                                      0.726     9.481 r  system_i/mine_1/inst/grp_mine_Pipeline_HASH_CHUNK_fu_351/grp_sha256d_80_from_midstate_words_ii1_fu_358/grp_sha256_compress_words_ii1_fu_140/t2_63_reg_8615_reg/DSP_ALU_INST/ALU_OUT[24]
                         net (fo=1, routed)           0.000     9.481    system_i/mine_1/inst/grp_mine_Pipeline_HASH_CHUNK_fu_351/grp_sha256d_80_from_midstate_words_ii1_fu_358/grp_sha256_compress_words_ii1_fu_140/t2_63_reg_8615_reg/DSP_ALU.ALU_OUT<24>
    DSP48E2_X11Y52       DSP_OUTPUT                                   r  system_i/mine_1/inst/grp_mine_Pipeline_HASH_CHUNK_fu_351/grp_sha256d_80_from_midstate_words_ii1_fu_358/grp_sha256_compress_words_ii1_fu_140/t2_63_reg_8615_reg/DSP_OUTPUT_INST/ALU_OUT[24]
  -------------------------------------------------------------------    -------------------

                         (clock clk_out2_system_clk_wiz_0_0 rise edge)
                                                      5.000     5.000 r  
    BUFG_PS_X0Y81        BUFG_PS                      0.000     5.000 r  system_i/zynq_ultra_ps_e_0/inst/buffer_pl_clk_0.PL_CLK_0_BUFG/O
                         net (fo=1, routed)           1.458     6.458    system_i/clk_wiz_0/inst/clk_in1
    MMCM_X0Y3            MMCME4_ADV (Prop_MMCM_CLKIN1_CLKOUT1)
                                                      0.739     7.197 r  system_i/clk_wiz_0/inst/mmcme4_adv_inst/CLKOUT1
                         net (fo=1, routed)           0.312     7.509    system_i/clk_wiz_0/inst/clk_out2_system_clk_wiz_0_0
    BUFGCE_X0Y76         BUFGCE (Prop_BUFCE_BUFGCE_I_O)
                                                      0.039     7.548 r  system_i/clk_wiz_0/inst/clkout2_buf/O
    X1Y1 (CLOCK_ROOT)    net (fo=69546, routed)       2.461    10.009    system_i/mine_1/inst/grp_mine_Pipeline_HASH_CHUNK_fu_351/grp_sha256d_80_from_midstate_words_ii1_fu_358/grp_sha256_compress_words_ii1_fu_140/t2_63_reg_8615_reg/CLK
    DSP48E2_X11Y52       DSP_OUTPUT                                   r  system_i/mine_1/inst/grp_mine_Pipeline_HASH_CHUNK_fu_351/grp_sha256d_80_from_midstate_words_ii1_fu_358/grp_sha256_compress_words_ii1_fu_140/t2_63_reg_8615_reg/DSP_OUTPUT_INST/CLK
                         clock pessimism             -0.478     9.531    
                         clock uncertainty           -0.062     9.469    
    DSP48E2_X11Y52       DSP_OUTPUT (Setup_DSP_OUTPUT_DSP48E2_CLK_ALU_OUT[24])
                                                      0.014     9.483    system_i/mine_1/inst/grp_mine_Pipeline_HASH_CHUNK_fu_351/grp_sha256d_80_from_midstate_words_ii1_fu_358/grp_sha256_compress_words_ii1_fu_140/t2_63_reg_8615_reg/DSP_OUTPUT_INST
  -------------------------------------------------------------------
                         required time                          9.483    
                         arrival time                          -9.481    
  -------------------------------------------------------------------
                         slack                                  0.001    

Slack (MET) :             0.001ns  (required time - arrival time)
  Source:                 system_i/mine_1/inst/grp_mine_Pipeline_HASH_CHUNK_fu_351/grp_sha256d_80_from_midstate_words_ii1_fu_358/grp_sha256_compress_words_ii1_fu_140/next_a_61_reg_8583_reg[23]/C
                            (rising edge-triggered cell FDRE clocked by clk_out2_system_clk_wiz_0_0  {rise@0.000ns fall@2.500ns period=5.000ns})
  Destination:            system_i/mine_1/inst/grp_mine_Pipeline_HASH_CHUNK_fu_351/grp_sha256d_80_from_midstate_words_ii1_fu_358/grp_sha256_compress_words_ii1_fu_140/t2_63_reg_8615_reg/DSP_OUTPUT_INST/ALU_OUT[25]
                            (rising edge-triggered cell DSP_OUTPUT clocked by clk_out2_system_clk_wiz_0_0  {rise@0.000ns fall@2.500ns period=5.000ns})
  Path Group:             clk_out2_system_clk_wiz_0_0
  Path Type:              Setup (Max at Slow Process Corner)
  Requirement:            5.000ns  (clk_out2_system_clk_wiz_0_0 rise@5.000ns - clk_out2_system_clk_wiz_0_0 rise@0.000ns)
  Data Path Delay:        4.953ns  (logic 3.490ns (70.462%)  route 1.463ns (29.539%))
  Logic Levels:           9  (DSP_A_B_DATA=1 DSP_ALU=3 DSP_C_DATA=1 DSP_OUTPUT=2 LUT3=2)
  Clock Path Skew:        0.002ns (DCD - SCD + CPR)
    Destination Clock Delay (DCD):    5.009ns = ( 10.009 - 5.000 ) 
    Source Clock Delay      (SCD):    4.528ns
    Clock Pessimism Removal (CPR):    -0.478ns
  Clock Uncertainty:      0.062ns  ((TSJ^2 + DJ^2)^1/2) / 2 + PE
    Total System Jitter     (TSJ):    0.071ns
    Discrete Jitter          (DJ):    0.102ns
    Phase Error              (PE):    0.000ns
  Clock Net Delay (Source):      2.621ns (routing 1.241ns, distribution 1.380ns)
  Clock Net Delay (Destination): 2.461ns (routing 1.133ns, distribution 1.328ns)

    Location             Delay type                Incr(ns)  Path(ns)    Netlist Resource(s)
  -------------------------------------------------------------------    -------------------
                         (clock clk_out2_system_clk_wiz_0_0 rise edge)
                                                      0.000     0.000 r  
    BUFG_PS_X0Y81        BUFG_PS                      0.000     0.000 r  system_i/zynq_ultra_ps_e_0/inst/buffer_pl_clk_0.PL_CLK_0_BUFG/O
                         net (fo=1, routed)           1.611     1.611    system_i/clk_wiz_0/inst/clk_in1
    MMCM_X0Y3            MMCME4_ADV (Prop_MMCM_CLKIN1_CLKOUT1)
                                                     -0.103     1.508 r  system_i/clk_wiz_0/inst/mmcme4_adv_inst/CLKOUT1
                         net (fo=1, routed)           0.355     1.863    system_i/clk_wiz_0/inst/clk_out2_system_clk_wiz_0_0
    BUFGCE_X0Y76         BUFGCE (Prop_BUFCE_BUFGCE_I_O)
                                                      0.044     1.907 r  system_i/clk_wiz_0/inst/clkout2_buf/O
    X1Y1 (CLOCK_ROOT)    net (fo=69546, routed)       2.621     4.528    system_i/mine_1/inst/grp_mine_Pipeline_HASH_CHUNK_fu_351/grp_sha256d_80_from_midstate_words_ii1_fu_358/grp_sha256_compress_words_ii1_fu_140/ap_clk
    SLICE_X40Y140        FDRE                                         r  system_i/mine_1/inst/grp_mine_Pipeline_HASH_CHUNK_fu_351/grp_sha256d_80_from_midstate_words_ii1_fu_358/grp_sha256_compress_words_ii1_fu_140/next_a_61_reg_8583_reg[23]/C
  -------------------------------------------------------------------    -------------------
    SLICE_X40Y140        FDRE (Prop_HFF_SLICEM_C_Q)
                                                      0.114     4.642 r  system_i/mine_1/inst/grp_mine_Pipeline_HASH_CHUNK_fu_351/grp_sha256d_80_from_midstate_words_ii1_fu_358/grp_sha256_compress_words_ii1_fu_140/next_a_61_reg_8583_reg[23]/Q
                         net (fo=5, routed)           0.322     4.964    system_i/mine_1/inst/grp_mine_Pipeline_HASH_CHUNK_fu_351/grp_sha256d_80_from_midstate_words_ii1_fu_358/grp_sha256_compress_words_ii1_fu_140/add_32ns_32ns_32_1_0_U256/next_a_61_reg_8583[23]
    SLICE_X40Y137        LUT3 (Prop_E6LUT_SLICEM_I1_O)
                                                      0.223     5.187 r  system_i/mine_1/inst/grp_mine_Pipeline_HASH_CHUNK_fu_351/grp_sha256d_80_from_midstate_words_ii1_fu_358/grp_sha256_compress_words_ii1_fu_140/add_32ns_32ns_32_1_0_U256/dout_i_63__34/O
                         net (fo=1, routed)           0.369     5.556    system_i/mine_1/inst/grp_mine_Pipeline_HASH_CHUNK_fu_351/grp_sha256d_80_from_midstate_words_ii1_fu_358/grp_sha256_compress_words_ii1_fu_140/add_32ns_32ns_32_1_0_U256/dout/C[1]
    DSP48E2_X11Y54       DSP_C_DATA (Prop_DSP_C_DATA_DSP48E2_C[1]_C_DATA[1])
                                                      0.135     5.691 r  system_i/mine_1/inst/grp_mine_Pipeline_HASH_CHUNK_fu_351/grp_sha256d_80_from_midstate_words_ii1_fu_358/grp_sha256_compress_words_ii1_fu_140/add_32ns_32ns_32_1_0_U256/dout/DSP_C_DATA_INST/C_DATA[1]
                         net (fo=2, routed)           0.000     5.691    system_i/mine_1/inst/grp_mine_Pipeline_HASH_CHUNK_fu_351/grp_sha256d_80_from_midstate_words_ii1_fu_358/grp_sha256_compress_words_ii1_fu_140/add_32ns_32ns_32_1_0_U256/dout/DSP_C_DATA.C_DATA<1>
    DSP48E2_X11Y54       DSP_ALU (Prop_DSP_ALU_DSP48E2_C_DATA[1]_ALU_OUT[47])
                                                      0.786     6.477 f  system_i/mine_1/inst/grp_mine_Pipeline_HASH_CHUNK_fu_351/grp_sha256d_80_from_midstate_words_ii1_fu_358/grp_sha256_compress_words_ii1_fu_140/add_32ns_32ns_32_1_0_U256/dout/DSP_ALU_INST/ALU_OUT[47]
                         net (fo=1, routed)           0.000     6.477    system_i/mine_1/inst/grp_mine_Pipeline_HASH_CHUNK_fu_351/grp_sha256d_80_from_midstate_words_ii1_fu_358/grp_sha256_compress_words_ii1_fu_140/add_32ns_32ns_32_1_0_U256/dout/DSP_ALU.ALU_OUT<47>
    DSP48E2_X11Y54       DSP_OUTPUT (Prop_DSP_OUTPUT_DSP48E2_ALU_OUT[47]_PCOUT[47])
                                                      0.167     6.644 r  system_i/mine_1/inst/grp_mine_Pipeline_HASH_CHUNK_fu_351/grp_sha256d_80_from_midstate_words_ii1_fu_358/grp_sha256_compress_words_ii1_fu_140/add_32ns_32ns_32_1_0_U256/dout/DSP_OUTPUT_INST/PCOUT[47]
                         net (fo=1, routed)           0.014     6.658    system_i/mine_1/inst/grp_mine_Pipeline_HASH_CHUNK_fu_351/grp_sha256d_80_from_midstate_words_ii1_fu_358/grp_sha256_compress_words_ii1_fu_140/next_a_62_fu_6388_p2/PCIN[47]
    DSP48E2_X11Y55       DSP_ALU (Prop_DSP_ALU_DSP48E2_PCIN[47]_ALU_OUT[24])
                                                      0.739     7.397 r  system_i/mine_1/inst/grp_mine_Pipeline_HASH_CHUNK_fu_351/grp_sha256d_80_from_midstate_words_ii1_fu_358/grp_sha256_compress_words_ii1_fu_140/next_a_62_fu_6388_p2/DSP_ALU_INST/ALU_OUT[24]
                         net (fo=1, routed)           0.000     7.397    system_i/mine_1/inst/grp_mine_Pipeline_HASH_CHUNK_fu_351/grp_sha256d_80_from_midstate_words_ii1_fu_358/grp_sha256_compress_words_ii1_fu_140/next_a_62_fu_6388_p2/DSP_ALU.ALU_OUT<24>
    DSP48E2_X11Y55       DSP_OUTPUT (Prop_DSP_OUTPUT_DSP48E2_ALU_OUT[24]_P[24])
                                                      0.146     7.543 f  system_i/mine_1/inst/grp_mine_Pipeline_HASH_CHUNK_fu_351/grp_sha256d_80_from_midstate_words_ii1_fu_358/grp_sha256_compress_words_ii1_fu_140/next_a_62_fu_6388_p2/DSP_OUTPUT_INST/P[24]
                         net (fo=6, routed)           0.420     7.963    system_i/mine_1/inst/grp_mine_Pipeline_HASH_CHUNK_fu_351/grp_sha256d_80_from_midstate_words_ii1_fu_358/grp_sha256_compress_words_ii1_fu_140/maj_63_majority_fu_2857/P[24]
    SLICE_X40Y134        LUT3 (Prop_H5LUT_SLICEM_I1_O)
                                                      0.189     8.152 f  system_i/mine_1/inst/grp_mine_Pipeline_HASH_CHUNK_fu_351/grp_sha256d_80_from_midstate_words_ii1_fu_358/grp_sha256_compress_words_ii1_fu_140/maj_63_majority_fu_2857/t2_63_reg_8615_reg_i_26/O
                         net (fo=1, routed)           0.338     8.490    system_i/mine_1/inst/grp_mine_Pipeline_HASH_CHUNK_fu_351/grp_sha256d_80_from_midstate_words_ii1_fu_358/grp_sha256_compress_words_ii1_fu_140/t2_63_reg_8615_reg/A[6]
    DSP48E2_X11Y52       DSP_A_B_DATA (Prop_DSP_A_B_DATA_DSP48E2_A[6]_A_ALU[6])
                                                      0.265     8.755 r  system_i/mine_1/inst/grp_mine_Pipeline_HASH_CHUNK_fu_351/grp_sha256d_80_from_midstate_words_ii1_fu_358/grp_sha256_compress_words_ii1_fu_140/t2_63_reg_8615_reg/DSP_A_B_DATA_INST/A_ALU[6]
                         net (fo=1, routed)           0.000     8.755    system_i/mine_1/inst/grp_mine_Pipeline_HASH_CHUNK_fu_351/grp_sha256d_80_from_midstate_words_ii1_fu_358/grp_sha256_compress_words_ii1_fu_140/t2_63_reg_8615_reg/DSP_A_B_DATA.A_ALU<6>
    DSP48E2_X11Y52       DSP_ALU (Prop_DSP_ALU_DSP48E2_A_ALU[6]_ALU_OUT[25])
                                                      0.726     9.481 r  system_i/mine_1/inst/grp_mine_Pipeline_HASH_CHUNK_fu_351/grp_sha256d_80_from_midstate_words_ii1_fu_358/grp_sha256_compress_words_ii1_fu_140/t2_63_reg_8615_reg/DSP_ALU_INST/ALU_OUT[25]
                         net (fo=1, routed)           0.000     9.481    system_i/mine_1/inst/grp_mine_Pipeline_HASH_CHUNK_fu_351/grp_sha256d_80_from_midstate_words_ii1_fu_358/grp_sha256_compress_words_ii1_fu_140/t2_63_reg_8615_reg/DSP_ALU.ALU_OUT<25>
    DSP48E2_X11Y52       DSP_OUTPUT                                   r  system_i/mine_1/inst/grp_mine_Pipeline_HASH_CHUNK_fu_351/grp_sha256d_80_from_midstate_words_ii1_fu_358/grp_sha256_compress_words_ii1_fu_140/t2_63_reg_8615_reg/DSP_OUTPUT_INST/ALU_OUT[25]
  -------------------------------------------------------------------    -------------------

                         (clock clk_out2_system_clk_wiz_0_0 rise edge)
                                                      5.000     5.000 r  
    BUFG_PS_X0Y81        BUFG_PS                      0.000     5.000 r  system_i/zynq_ultra_ps_e_0/inst/buffer_pl_clk_0.PL_CLK_0_BUFG/O
                         net (fo=1, routed)           1.458     6.458    system_i/clk_wiz_0/inst/clk_in1
    MMCM_X0Y3            MMCME4_ADV (Prop_MMCM_CLKIN1_CLKOUT1)
                                                      0.739     7.197 r  system_i/clk_wiz_0/inst/mmcme4_adv_inst/CLKOUT1
                         net (fo=1, routed)           0.312     7.509    system_i/clk_wiz_0/inst/clk_out2_system_clk_wiz_0_0
    BUFGCE_X0Y76         BUFGCE (Prop_BUFCE_BUFGCE_I_O)
                                                      0.039     7.548 r  system_i/clk_wiz_0/inst/clkout2_buf/O
    X1Y1 (CLOCK_ROOT)    net (fo=69546, routed)       2.461    10.009    system_i/mine_1/inst/grp_mine_Pipeline_HASH_CHUNK_fu_351/grp_sha256d_80_from_midstate_words_ii1_fu_358/grp_sha256_compress_words_ii1_fu_140/t2_63_reg_8615_reg/CLK
    DSP48E2_X11Y52       DSP_OUTPUT                                   r  system_i/mine_1/inst/grp_mine_Pipeline_HASH_CHUNK_fu_351/grp_sha256d_80_from_midstate_words_ii1_fu_358/grp_sha256_compress_words_ii1_fu_140/t2_63_reg_8615_reg/DSP_OUTPUT_INST/CLK
                         clock pessimism             -0.478     9.531    
                         clock uncertainty           -0.062     9.469    
    DSP48E2_X11Y52       DSP_OUTPUT (Setup_DSP_OUTPUT_DSP48E2_CLK_ALU_OUT[25])
                                                      0.014     9.483    system_i/mine_1/inst/grp_mine_Pipeline_HASH_CHUNK_fu_351/grp_sha256d_80_from_midstate_words_ii1_fu_358/grp_sha256_compress_words_ii1_fu_140/t2_63_reg_8615_reg/DSP_OUTPUT_INST
  -------------------------------------------------------------------
                         required time                          9.483    
                         arrival time                          -9.481    
  -------------------------------------------------------------------
                         slack                                  0.001    

Slack (MET) :             0.001ns  (required time - arrival time)
  Source:                 system_i/mine_1/inst/grp_mine_Pipeline_HASH_CHUNK_fu_351/grp_sha256d_80_from_midstate_words_ii1_fu_358/grp_sha256_compress_words_ii1_fu_140/next_a_61_reg_8583_reg[23]/C
                            (rising edge-triggered cell FDRE clocked by clk_out2_system_clk_wiz_0_0  {rise@0.000ns fall@2.500ns period=5.000ns})
  Destination:            system_i/mine_1/inst/grp_mine_Pipeline_HASH_CHUNK_fu_351/grp_sha256d_80_from_midstate_words_ii1_fu_358/grp_sha256_compress_words_ii1_fu_140/t2_63_reg_8615_reg/DSP_OUTPUT_INST/ALU_OUT[26]
                            (rising edge-triggered cell DSP_OUTPUT clocked by clk_out2_system_clk_wiz_0_0  {rise@0.000ns fall@2.500ns period=5.000ns})
  Path Group:             clk_out2_system_clk_wiz_0_0
  Path Type:              Setup (Max at Slow Process Corner)
  Requirement:            5.000ns  (clk_out2_system_clk_wiz_0_0 rise@5.000ns - clk_out2_system_clk_wiz_0_0 rise@0.000ns)
  Data Path Delay:        4.953ns  (logic 3.490ns (70.462%)  route 1.463ns (29.539%))
  Logic Levels:           9  (DSP_A_B_DATA=1 DSP_ALU=3 DSP_C_DATA=1 DSP_OUTPUT=2 LUT3=2)
  Clock Path Skew:        0.002ns (DCD - SCD + CPR)
    Destination Clock Delay (DCD):    5.009ns = ( 10.009 - 5.000 ) 
    Source Clock Delay      (SCD):    4.528ns
    Clock Pessimism Removal (CPR):    -0.478ns
  Clock Uncertainty:      0.062ns  ((TSJ^2 + DJ^2)^1/2) / 2 + PE
    Total System Jitter     (TSJ):    0.071ns
    Discrete Jitter          (DJ):    0.102ns
    Phase Error              (PE):    0.000ns
  Clock Net Delay (Source):      2.621ns (routing 1.241ns, distribution 1.380ns)
  Clock Net Delay (Destination): 2.461ns (routing 1.133ns, distribution 1.328ns)

    Location             Delay type                Incr(ns)  Path(ns)    Netlist Resource(s)
  -------------------------------------------------------------------    -------------------
                         (clock clk_out2_system_clk_wiz_0_0 rise edge)
                                                      0.000     0.000 r  
    BUFG_PS_X0Y81        BUFG_PS                      0.000     0.000 r  system_i/zynq_ultra_ps_e_0/inst/buffer_pl_clk_0.PL_CLK_0_BUFG/O
                         net (fo=1, routed)           1.611     1.611    system_i/clk_wiz_0/inst/clk_in1
    MMCM_X0Y3            MMCME4_ADV (Prop_MMCM_CLKIN1_CLKOUT1)
                                                     -0.103     1.508 r  system_i/clk_wiz_0/inst/mmcme4_adv_inst/CLKOUT1
                         net (fo=1, routed)           0.355     1.863    system_i/clk_wiz_0/inst/clk_out2_system_clk_wiz_0_0
    BUFGCE_X0Y76         BUFGCE (Prop_BUFCE_BUFGCE_I_O)
                                                      0.044     1.907 r  system_i/clk_wiz_0/inst/clkout2_buf/O
    X1Y1 (CLOCK_ROOT)    net (fo=69546, routed)       2.621     4.528    system_i/mine_1/inst/grp_mine_Pipeline_HASH_CHUNK_fu_351/grp_sha256d_80_from_midstate_words_ii1_fu_358/grp_sha256_compress_words_ii1_fu_140/ap_clk
    SLICE_X40Y140        FDRE                                         r  system_i/mine_1/inst/grp_mine_Pipeline_HASH_CHUNK_fu_351/grp_sha256d_80_from_midstate_words_ii1_fu_358/grp_sha256_compress_words_ii1_fu_140/next_a_61_reg_8583_reg[23]/C
  -------------------------------------------------------------------    -------------------
    SLICE_X40Y140        FDRE (Prop_HFF_SLICEM_C_Q)
                                                      0.114     4.642 r  system_i/mine_1/inst/grp_mine_Pipeline_HASH_CHUNK_fu_351/grp_sha256d_80_from_midstate_words_ii1_fu_358/grp_sha256_compress_words_ii1_fu_140/next_a_61_reg_8583_reg[23]/Q
                         net (fo=5, routed)           0.322     4.964    system_i/mine_1/inst/grp_mine_Pipeline_HASH_CHUNK_fu_351/grp_sha256d_80_from_midstate_words_ii1_fu_358/grp_sha256_compress_words_ii1_fu_140/add_32ns_32ns_32_1_0_U256/next_a_61_reg_8583[23]
    SLICE_X40Y137        LUT3 (Prop_E6LUT_SLICEM_I1_O)
                                                      0.223     5.187 r  system_i/mine_1/inst/grp_mine_Pipeline_HASH_CHUNK_fu_351/grp_sha256d_80_from_midstate_words_ii1_fu_358/grp_sha256_compress_words_ii1_fu_140/add_32ns_32ns_32_1_0_U256/dout_i_63__34/O
                         net (fo=1, routed)           0.369     5.556    system_i/mine_1/inst/grp_mine_Pipeline_HASH_CHUNK_fu_351/grp_sha256d_80_from_midstate_words_ii1_fu_358/grp_sha256_compress_words_ii1_fu_140/add_32ns_32ns_32_1_0_U256/dout/C[1]
    DSP48E2_X11Y54       DSP_C_DATA (Prop_DSP_C_DATA_DSP48E2_C[1]_C_DATA[1])
                                                      0.135     5.691 r  system_i/mine_1/inst/grp_mine_Pipeline_HASH_CHUNK_fu_351/grp_sha256d_80_from_midstate_words_ii1_fu_358/grp_sha256_compress_words_ii1_fu_140/add_32ns_32ns_32_1_0_U256/dout/DSP_C_DATA_INST/C_DATA[1]
                         net (fo=2, routed)           0.000     5.691    system_i/mine_1/inst/grp_mine_Pipeline_HASH_CHUNK_fu_351/grp_sha256d_80_from_midstate_words_ii1_fu_358/grp_sha256_compress_words_ii1_fu_140/add_32ns_32ns_32_1_0_U256/dout/DSP_C_DATA.C_DATA<1>
    DSP48E2_X11Y54       DSP_ALU (Prop_DSP_ALU_DSP48E2_C_DATA[1]_ALU_OUT[47])
                                                      0.786     6.477 f  system_i/mine_1/inst/grp_mine_Pipeline_HASH_CHUNK_fu_351/grp_sha256d_80_from_midstate_words_ii1_fu_358/grp_sha256_compress_words_ii1_fu_140/add_32ns_32ns_32_1_0_U256/dout/DSP_ALU_INST/ALU_OUT[47]
                         net (fo=1, routed)           0.000     6.477    system_i/mine_1/inst/grp_mine_Pipeline_HASH_CHUNK_fu_351/grp_sha256d_80_from_midstate_words_ii1_fu_358/grp_sha256_compress_words_ii1_fu_140/add_32ns_32ns_32_1_0_U256/dout/DSP_ALU.ALU_OUT<47>
    DSP48E2_X11Y54       DSP_OUTPUT (Prop_DSP_OUTPUT_DSP48E2_ALU_OUT[47]_PCOUT[47])
                                                      0.167     6.644 r  system_i/mine_1/inst/grp_mine_Pipeline_HASH_CHUNK_fu_351/grp_sha256d_80_from_midstate_words_ii1_fu_358/grp_sha256_compress_words_ii1_fu_140/add_32ns_32ns_32_1_0_U256/dout/DSP_OUTPUT_INST/PCOUT[47]
                         net (fo=1, routed)           0.014     6.658    system_i/mine_1/inst/grp_mine_Pipeline_HASH_CHUNK_fu_351/grp_sha256d_80_from_midstate_words_ii1_fu_358/grp_sha256_compress_words_ii1_fu_140/next_a_62_fu_6388_p2/PCIN[47]
    DSP48E2_X11Y55       DSP_ALU (Prop_DSP_ALU_DSP48E2_PCIN[47]_ALU_OUT[24])
                                                      0.739     7.397 r  system_i/mine_1/inst/grp_mine_Pipeline_HASH_CHUNK_fu_351/grp_sha256d_80_from_midstate_words_ii1_fu_358/grp_sha256_compress_words_ii1_fu_140/next_a_62_fu_6388_p2/DSP_ALU_INST/ALU_OUT[24]
                         net (fo=1, routed)           0.000     7.397    system_i/mine_1/inst/grp_mine_Pipeline_HASH_CHUNK_fu_351/grp_sha256d_80_from_midstate_words_ii1_fu_358/grp_sha256_compress_words_ii1_fu_140/next_a_62_fu_6388_p2/DSP_ALU.ALU_OUT<24>
    DSP48E2_X11Y55       DSP_OUTPUT (Prop_DSP_OUTPUT_DSP48E2_ALU_OUT[24]_P[24])
                                                      0.146     7.543 f  system_i/mine_1/inst/grp_mine_Pipeline_HASH_CHUNK_fu_351/grp_sha256d_80_from_midstate_words_ii1_fu_358/grp_sha256_compress_words_ii1_fu_140/next_a_62_fu_6388_p2/DSP_OUTPUT_INST/P[24]
                         net (fo=6, routed)           0.420     7.963    system_i/mine_1/inst/grp_mine_Pipeline_HASH_CHUNK_fu_351/grp_sha256d_80_from_midstate_words_ii1_fu_358/grp_sha256_compress_words_ii1_fu_140/maj_63_majority_fu_2857/P[24]
    SLICE_X40Y134        LUT3 (Prop_H5LUT_SLICEM_I1_O)
                                                      0.189     8.152 f  system_i/mine_1/inst/grp_mine_Pipeline_HASH_CHUNK_fu_351/grp_sha256d_80_from_midstate_words_ii1_fu_358/grp_sha256_compress_words_ii1_fu_140/maj_63_majority_fu_2857/t2_63_reg_8615_reg_i_26/O
                         net (fo=1, routed)           0.338     8.490    system_i/mine_1/inst/grp_mine_Pipeline_HASH_CHUNK_fu_351/grp_sha256d_80_from_midstate_words_ii1_fu_358/grp_sha256_compress_words_ii1_fu_140/t2_63_reg_8615_reg/A[6]
    DSP48E2_X11Y52       DSP_A_B_DATA (Prop_DSP_A_B_DATA_DSP48E2_A[6]_A_ALU[6])
                                                      0.265     8.755 r  system_i/mine_1/inst/grp_mine_Pipeline_HASH_CHUNK_fu_351/grp_sha256d_80_from_midstate_words_ii1_fu_358/grp_sha256_compress_words_ii1_fu_140/t2_63_reg_8615_reg/DSP_A_B_DATA_INST/A_ALU[6]
                         net (fo=1, routed)           0.000     8.755    system_i/mine_1/inst/grp_mine_Pipeline_HASH_CHUNK_fu_351/grp_sha256d_80_from_midstate_words_ii1_fu_358/grp_sha256_compress_words_ii1_fu_140/t2_63_reg_8615_reg/DSP_A_B_DATA.A_ALU<6>
    DSP48E2_X11Y52       DSP_ALU (Prop_DSP_ALU_DSP48E2_A_ALU[6]_ALU_OUT[26])
                                                      0.726     9.481 r  system_i/mine_1/inst/grp_mine_Pipeline_HASH_CHUNK_fu_351/grp_sha256d_80_from_midstate_words_ii1_fu_358/grp_sha256_compress_words_ii1_fu_140/t2_63_reg_8615_reg/DSP_ALU_INST/ALU_OUT[26]
                         net (fo=1, routed)           0.000     9.481    system_i/mine_1/inst/grp_mine_Pipeline_HASH_CHUNK_fu_351/grp_sha256d_80_from_midstate_words_ii1_fu_358/grp_sha256_compress_words_ii1_fu_140/t2_63_reg_8615_reg/DSP_ALU.ALU_OUT<26>
    DSP48E2_X11Y52       DSP_OUTPUT                                   r  system_i/mine_1/inst/grp_mine_Pipeline_HASH_CHUNK_fu_351/grp_sha256d_80_from_midstate_words_ii1_fu_358/grp_sha256_compress_words_ii1_fu_140/t2_63_reg_8615_reg/DSP_OUTPUT_INST/ALU_OUT[26]
  -------------------------------------------------------------------    -------------------

                         (clock clk_out2_system_clk_wiz_0_0 rise edge)
                                                      5.000     5.000 r  
    BUFG_PS_X0Y81        BUFG_PS                      0.000     5.000 r  system_i/zynq_ultra_ps_e_0/inst/buffer_pl_clk_0.PL_CLK_0_BUFG/O
                         net (fo=1, routed)           1.458     6.458    system_i/clk_wiz_0/inst/clk_in1
    MMCM_X0Y3            MMCME4_ADV (Prop_MMCM_CLKIN1_CLKOUT1)
                                                      0.739     7.197 r  system_i/clk_wiz_0/inst/mmcme4_adv_inst/CLKOUT1
                         net (fo=1, routed)           0.312     7.509    system_i/clk_wiz_0/inst/clk_out2_system_clk_wiz_0_0
    BUFGCE_X0Y76         BUFGCE (Prop_BUFCE_BUFGCE_I_O)
                                                      0.039     7.548 r  system_i/clk_wiz_0/inst/clkout2_buf/O
    X1Y1 (CLOCK_ROOT)    net (fo=69546, routed)       2.461    10.009    system_i/mine_1/inst/grp_mine_Pipeline_HASH_CHUNK_fu_351/grp_sha256d_80_from_midstate_words_ii1_fu_358/grp_sha256_compress_words_ii1_fu_140/t2_63_reg_8615_reg/CLK
    DSP48E2_X11Y52       DSP_OUTPUT                                   r  system_i/mine_1/inst/grp_mine_Pipeline_HASH_CHUNK_fu_351/grp_sha256d_80_from_midstate_words_ii1_fu_358/grp_sha256_compress_words_ii1_fu_140/t2_63_reg_8615_reg/DSP_OUTPUT_INST/CLK
                         clock pessimism             -0.478     9.531    
                         clock uncertainty           -0.062     9.469    
    DSP48E2_X11Y52       DSP_OUTPUT (Setup_DSP_OUTPUT_DSP48E2_CLK_ALU_OUT[26])
                                                      0.014     9.483    system_i/mine_1/inst/grp_mine_Pipeline_HASH_CHUNK_fu_351/grp_sha256d_80_from_midstate_words_ii1_fu_358/grp_sha256_compress_words_ii1_fu_140/t2_63_reg_8615_reg/DSP_OUTPUT_INST
  -------------------------------------------------------------------
                         required time                          9.483    
                         arrival time                          -9.481    
  -------------------------------------------------------------------
                         slack                                  0.001    

Slack (MET) :             0.001ns  (required time - arrival time)
  Source:                 system_i/mine_1/inst/grp_mine_Pipeline_HASH_CHUNK_fu_351/grp_sha256d_80_from_midstate_words_ii1_fu_358/grp_sha256_compress_words_ii1_fu_140/next_a_61_reg_8583_reg[23]/C
                            (rising edge-triggered cell FDRE clocked by clk_out2_system_clk_wiz_0_0  {rise@0.000ns fall@2.500ns period=5.000ns})
  Destination:            system_i/mine_1/inst/grp_mine_Pipeline_HASH_CHUNK_fu_351/grp_sha256d_80_from_midstate_words_ii1_fu_358/grp_sha256_compress_words_ii1_fu_140/t2_63_reg_8615_reg/DSP_OUTPUT_INST/ALU_OUT[27]
                            (rising edge-triggered cell DSP_OUTPUT clocked by clk_out2_system_clk_wiz_0_0  {rise@0.000ns fall@2.500ns period=5.000ns})
  Path Group:             clk_out2_system_clk_wiz_0_0
  Path Type:              Setup (Max at Slow Process Corner)
  Requirement:            5.000ns  (clk_out2_system_clk_wiz_0_0 rise@5.000ns - clk_out2_system_clk_wiz_0_0 rise@0.000ns)
  Data Path Delay:        4.953ns  (logic 3.490ns (70.462%)  route 1.463ns (29.539%))
  Logic Levels:           9  (DSP_A_B_DATA=1 DSP_ALU=3 DSP_C_DATA=1 DSP_OUTPUT=2 LUT3=2)
  Clock Path Skew:        0.002ns (DCD - SCD + CPR)
    Destination Clock Delay (DCD):    5.009ns = ( 10.009 - 5.000 ) 
    Source Clock Delay      (SCD):    4.528ns
    Clock Pessimism Removal (CPR):    -0.478ns
  Clock Uncertainty:      0.062ns  ((TSJ^2 + DJ^2)^1/2) / 2 + PE
    Total System Jitter     (TSJ):    0.071ns
    Discrete Jitter          (DJ):    0.102ns
    Phase Error              (PE):    0.000ns
  Clock Net Delay (Source):      2.621ns (routing 1.241ns, distribution 1.380ns)
  Clock Net Delay (Destination): 2.461ns (routing 1.133ns, distribution 1.328ns)

    Location             Delay type                Incr(ns)  Path(ns)    Netlist Resource(s)
  -------------------------------------------------------------------    -------------------
                         (clock clk_out2_system_clk_wiz_0_0 rise edge)
                                                      0.000     0.000 r  
    BUFG_PS_X0Y81        BUFG_PS                      0.000     0.000 r  system_i/zynq_ultra_ps_e_0/inst/buffer_pl_clk_0.PL_CLK_0_BUFG/O
                         net (fo=1, routed)           1.611     1.611    system_i/clk_wiz_0/inst/clk_in1
    MMCM_X0Y3            MMCME4_ADV (Prop_MMCM_CLKIN1_CLKOUT1)
                                                     -0.103     1.508 r  system_i/clk_wiz_0/inst/mmcme4_adv_inst/CLKOUT1
                         net (fo=1, routed)           0.355     1.863    system_i/clk_wiz_0/inst/clk_out2_system_clk_wiz_0_0
    BUFGCE_X0Y76         BUFGCE (Prop_BUFCE_BUFGCE_I_O)
                                                      0.044     1.907 r  system_i/clk_wiz_0/inst/clkout2_buf/O
    X1Y1 (CLOCK_ROOT)    net (fo=69546, routed)       2.621     4.528    system_i/mine_1/inst/grp_mine_Pipeline_HASH_CHUNK_fu_351/grp_sha256d_80_from_midstate_words_ii1_fu_358/grp_sha256_compress_words_ii1_fu_140/ap_clk
    SLICE_X40Y140        FDRE                                         r  system_i/mine_1/inst/grp_mine_Pipeline_HASH_CHUNK_fu_351/grp_sha256d_80_from_midstate_words_ii1_fu_358/grp_sha256_compress_words_ii1_fu_140/next_a_61_reg_8583_reg[23]/C
  -------------------------------------------------------------------    -------------------
    SLICE_X40Y140        FDRE (Prop_HFF_SLICEM_C_Q)
                                                      0.114     4.642 r  system_i/mine_1/inst/grp_mine_Pipeline_HASH_CHUNK_fu_351/grp_sha256d_80_from_midstate_words_ii1_fu_358/grp_sha256_compress_words_ii1_fu_140/next_a_61_reg_8583_reg[23]/Q
                         net (fo=5, routed)           0.322     4.964    system_i/mine_1/inst/grp_mine_Pipeline_HASH_CHUNK_fu_351/grp_sha256d_80_from_midstate_words_ii1_fu_358/grp_sha256_compress_words_ii1_fu_140/add_32ns_32ns_32_1_0_U256/next_a_61_reg_8583[23]
    SLICE_X40Y137        LUT3 (Prop_E6LUT_SLICEM_I1_O)
                                                      0.223     5.187 r  system_i/mine_1/inst/grp_mine_Pipeline_HASH_CHUNK_fu_351/grp_sha256d_80_from_midstate_words_ii1_fu_358/grp_sha256_compress_words_ii1_fu_140/add_32ns_32ns_32_1_0_U256/dout_i_63__34/O
                         net (fo=1, routed)           0.369     5.556    system_i/mine_1/inst/grp_mine_Pipeline_HASH_CHUNK_fu_351/grp_sha256d_80_from_midstate_words_ii1_fu_358/grp_sha256_compress_words_ii1_fu_140/add_32ns_32ns_32_1_0_U256/dout/C[1]
    DSP48E2_X11Y54       DSP_C_DATA (Prop_DSP_C_DATA_DSP48E2_C[1]_C_DATA[1])
                                                      0.135     5.691 r  system_i/mine_1/inst/grp_mine_Pipeline_HASH_CHUNK_fu_351/grp_sha256d_80_from_midstate_words_ii1_fu_358/grp_sha256_compress_words_ii1_fu_140/add_32ns_32ns_32_1_0_U256/dout/DSP_C_DATA_INST/C_DATA[1]
                         net (fo=2, routed)           0.000     5.691    system_i/mine_1/inst/grp_mine_Pipeline_HASH_CHUNK_fu_351/grp_sha256d_80_from_midstate_words_ii1_fu_358/grp_sha256_compress_words_ii1_fu_140/add_32ns_32ns_32_1_0_U256/dout/DSP_C_DATA.C_DATA<1>
    DSP48E2_X11Y54       DSP_ALU (Prop_DSP_ALU_DSP48E2_C_DATA[1]_ALU_OUT[47])
                                                      0.786     6.477 f  system_i/mine_1/inst/grp_mine_Pipeline_HASH_CHUNK_fu_351/grp_sha256d_80_from_midstate_words_ii1_fu_358/grp_sha256_compress_words_ii1_fu_140/add_32ns_32ns_32_1_0_U256/dout/DSP_ALU_INST/ALU_OUT[47]
                         net (fo=1, routed)           0.000     6.477    system_i/mine_1/inst/grp_mine_Pipeline_HASH_CHUNK_fu_351/grp_sha256d_80_from_midstate_words_ii1_fu_358/grp_sha256_compress_words_ii1_fu_140/add_32ns_32ns_32_1_0_U256/dout/DSP_ALU.ALU_OUT<47>
    DSP48E2_X11Y54       DSP_OUTPUT (Prop_DSP_OUTPUT_DSP48E2_ALU_OUT[47]_PCOUT[47])
                                                      0.167     6.644 r  system_i/mine_1/inst/grp_mine_Pipeline_HASH_CHUNK_fu_351/grp_sha256d_80_from_midstate_words_ii1_fu_358/grp_sha256_compress_words_ii1_fu_140/add_32ns_32ns_32_1_0_U256/dout/DSP_OUTPUT_INST/PCOUT[47]
                         net (fo=1, routed)           0.014     6.658    system_i/mine_1/inst/grp_mine_Pipeline_HASH_CHUNK_fu_351/grp_sha256d_80_from_midstate_words_ii1_fu_358/grp_sha256_compress_words_ii1_fu_140/next_a_62_fu_6388_p2/PCIN[47]
    DSP48E2_X11Y55       DSP_ALU (Prop_DSP_ALU_DSP48E2_PCIN[47]_ALU_OUT[24])
                                                      0.739     7.397 r  system_i/mine_1/inst/grp_mine_Pipeline_HASH_CHUNK_fu_351/grp_sha256d_80_from_midstate_words_ii1_fu_358/grp_sha256_compress_words_ii1_fu_140/next_a_62_fu_6388_p2/DSP_ALU_INST/ALU_OUT[24]
                         net (fo=1, routed)           0.000     7.397    system_i/mine_1/inst/grp_mine_Pipeline_HASH_CHUNK_fu_351/grp_sha256d_80_from_midstate_words_ii1_fu_358/grp_sha256_compress_words_ii1_fu_140/next_a_62_fu_6388_p2/DSP_ALU.ALU_OUT<24>
    DSP48E2_X11Y55       DSP_OUTPUT (Prop_DSP_OUTPUT_DSP48E2_ALU_OUT[24]_P[24])
                                                      0.146     7.543 f  system_i/mine_1/inst/grp_mine_Pipeline_HASH_CHUNK_fu_351/grp_sha256d_80_from_midstate_words_ii1_fu_358/grp_sha256_compress_words_ii1_fu_140/next_a_62_fu_6388_p2/DSP_OUTPUT_INST/P[24]
                         net (fo=6, routed)           0.420     7.963    system_i/mine_1/inst/grp_mine_Pipeline_HASH_CHUNK_fu_351/grp_sha256d_80_from_midstate_words_ii1_fu_358/grp_sha256_compress_words_ii1_fu_140/maj_63_majority_fu_2857/P[24]
    SLICE_X40Y134        LUT3 (Prop_H5LUT_SLICEM_I1_O)
                                                      0.189     8.152 f  system_i/mine_1/inst/grp_mine_Pipeline_HASH_CHUNK_fu_351/grp_sha256d_80_from_midstate_words_ii1_fu_358/grp_sha256_compress_words_ii1_fu_140/maj_63_majority_fu_2857/t2_63_reg_8615_reg_i_26/O
                         net (fo=1, routed)           0.338     8.490    system_i/mine_1/inst/grp_mine_Pipeline_HASH_CHUNK_fu_351/grp_sha256d_80_from_midstate_words_ii1_fu_358/grp_sha256_compress_words_ii1_fu_140/t2_63_reg_8615_reg/A[6]
    DSP48E2_X11Y52       DSP_A_B_DATA (Prop_DSP_A_B_DATA_DSP48E2_A[6]_A_ALU[6])
                                                      0.265     8.755 r  system_i/mine_1/inst/grp_mine_Pipeline_HASH_CHUNK_fu_351/grp_sha256d_80_from_midstate_words_ii1_fu_358/grp_sha256_compress_words_ii1_fu_140/t2_63_reg_8615_reg/DSP_A_B_DATA_INST/A_ALU[6]
                         net (fo=1, routed)           0.000     8.755    system_i/mine_1/inst/grp_mine_Pipeline_HASH_CHUNK_fu_351/grp_sha256d_80_from_midstate_words_ii1_fu_358/grp_sha256_compress_words_ii1_fu_140/t2_63_reg_8615_reg/DSP_A_B_DATA.A_ALU<6>
    DSP48E2_X11Y52       DSP_ALU (Prop_DSP_ALU_DSP48E2_A_ALU[6]_ALU_OUT[27])
                                                      0.726     9.481 r  system_i/mine_1/inst/grp_mine_Pipeline_HASH_CHUNK_fu_351/grp_sha256d_80_from_midstate_words_ii1_fu_358/grp_sha256_compress_words_ii1_fu_140/t2_63_reg_8615_reg/DSP_ALU_INST/ALU_OUT[27]
                         net (fo=1, routed)           0.000     9.481    system_i/mine_1/inst/grp_mine_Pipeline_HASH_CHUNK_fu_351/grp_sha256d_80_from_midstate_words_ii1_fu_358/grp_sha256_compress_words_ii1_fu_140/t2_63_reg_8615_reg/DSP_ALU.ALU_OUT<27>
    DSP48E2_X11Y52       DSP_OUTPUT                                   r  system_i/mine_1/inst/grp_mine_Pipeline_HASH_CHUNK_fu_351/grp_sha256d_80_from_midstate_words_ii1_fu_358/grp_sha256_compress_words_ii1_fu_140/t2_63_reg_8615_reg/DSP_OUTPUT_INST/ALU_OUT[27]
  -------------------------------------------------------------------    -------------------

                         (clock clk_out2_system_clk_wiz_0_0 rise edge)
                                                      5.000     5.000 r  
    BUFG_PS_X0Y81        BUFG_PS                      0.000     5.000 r  system_i/zynq_ultra_ps_e_0/inst/buffer_pl_clk_0.PL_CLK_0_BUFG/O
                         net (fo=1, routed)           1.458     6.458    system_i/clk_wiz_0/inst/clk_in1
    MMCM_X0Y3            MMCME4_ADV (Prop_MMCM_CLKIN1_CLKOUT1)
                                                      0.739     7.197 r  system_i/clk_wiz_0/inst/mmcme4_adv_inst/CLKOUT1
                         net (fo=1, routed)           0.312     7.509    system_i/clk_wiz_0/inst/clk_out2_system_clk_wiz_0_0
    BUFGCE_X0Y76         BUFGCE (Prop_BUFCE_BUFGCE_I_O)
                                                      0.039     7.548 r  system_i/clk_wiz_0/inst/clkout2_buf/O
    X1Y1 (CLOCK_ROOT)    net (fo=69546, routed)       2.461    10.009    system_i/mine_1/inst/grp_mine_Pipeline_HASH_CHUNK_fu_351/grp_sha256d_80_from_midstate_words_ii1_fu_358/grp_sha256_compress_words_ii1_fu_140/t2_63_reg_8615_reg/CLK
    DSP48E2_X11Y52       DSP_OUTPUT                                   r  system_i/mine_1/inst/grp_mine_Pipeline_HASH_CHUNK_fu_351/grp_sha256d_80_from_midstate_words_ii1_fu_358/grp_sha256_compress_words_ii1_fu_140/t2_63_reg_8615_reg/DSP_OUTPUT_INST/CLK
                         clock pessimism             -0.478     9.531    
                         clock uncertainty           -0.062     9.469    
    DSP48E2_X11Y52       DSP_OUTPUT (Setup_DSP_OUTPUT_DSP48E2_CLK_ALU_OUT[27])
                                                      0.014     9.483    system_i/mine_1/inst/grp_mine_Pipeline_HASH_CHUNK_fu_351/grp_sha256d_80_from_midstate_words_ii1_fu_358/grp_sha256_compress_words_ii1_fu_140/t2_63_reg_8615_reg/DSP_OUTPUT_INST
  -------------------------------------------------------------------
                         required time                          9.483    
                         arrival time                          -9.481    
  -------------------------------------------------------------------
                         slack                                  0.001    

Slack (MET) :             0.001ns  (required time - arrival time)
  Source:                 system_i/mine_1/inst/grp_mine_Pipeline_HASH_CHUNK_fu_351/grp_sha256d_80_from_midstate_words_ii1_fu_358/grp_sha256_compress_words_ii1_fu_140/next_a_61_reg_8583_reg[23]/C
                            (rising edge-triggered cell FDRE clocked by clk_out2_system_clk_wiz_0_0  {rise@0.000ns fall@2.500ns period=5.000ns})
  Destination:            system_i/mine_1/inst/grp_mine_Pipeline_HASH_CHUNK_fu_351/grp_sha256d_80_from_midstate_words_ii1_fu_358/grp_sha256_compress_words_ii1_fu_140/t2_63_reg_8615_reg/DSP_OUTPUT_INST/ALU_OUT[28]
                            (rising edge-triggered cell DSP_OUTPUT clocked by clk_out2_system_clk_wiz_0_0  {rise@0.000ns fall@2.500ns period=5.000ns})
  Path Group:             clk_out2_system_clk_wiz_0_0
  Path Type:              Setup (Max at Slow Process Corner)
  Requirement:            5.000ns  (clk_out2_system_clk_wiz_0_0 rise@5.000ns - clk_out2_system_clk_wiz_0_0 rise@0.000ns)
  Data Path Delay:        4.953ns  (logic 3.490ns (70.462%)  route 1.463ns (29.539%))
  Logic Levels:           9  (DSP_A_B_DATA=1 DSP_ALU=3 DSP_C_DATA=1 DSP_OUTPUT=2 LUT3=2)
  Clock Path Skew:        0.002ns (DCD - SCD + CPR)
    Destination Clock Delay (DCD):    5.009ns = ( 10.009 - 5.000 ) 
    Source Clock Delay      (SCD):    4.528ns
    Clock Pessimism Removal (CPR):    -0.478ns
  Clock Uncertainty:      0.062ns  ((TSJ^2 + DJ^2)^1/2) / 2 + PE
    Total System Jitter     (TSJ):    0.071ns
    Discrete Jitter          (DJ):    0.102ns
    Phase Error              (PE):    0.000ns
  Clock Net Delay (Source):      2.621ns (routing 1.241ns, distribution 1.380ns)
  Clock Net Delay (Destination): 2.461ns (routing 1.133ns, distribution 1.328ns)

    Location             Delay type                Incr(ns)  Path(ns)    Netlist Resource(s)
  -------------------------------------------------------------------    -------------------
                         (clock clk_out2_system_clk_wiz_0_0 rise edge)
                                                      0.000     0.000 r  
    BUFG_PS_X0Y81        BUFG_PS                      0.000     0.000 r  system_i/zynq_ultra_ps_e_0/inst/buffer_pl_clk_0.PL_CLK_0_BUFG/O
                         net (fo=1, routed)           1.611     1.611    system_i/clk_wiz_0/inst/clk_in1
    MMCM_X0Y3            MMCME4_ADV (Prop_MMCM_CLKIN1_CLKOUT1)
                                                     -0.103     1.508 r  system_i/clk_wiz_0/inst/mmcme4_adv_inst/CLKOUT1
                         net (fo=1, routed)           0.355     1.863    system_i/clk_wiz_0/inst/clk_out2_system_clk_wiz_0_0
    BUFGCE_X0Y76         BUFGCE (Prop_BUFCE_BUFGCE_I_O)
                                                      0.044     1.907 r  system_i/clk_wiz_0/inst/clkout2_buf/O
    X1Y1 (CLOCK_ROOT)    net (fo=69546, routed)       2.621     4.528    system_i/mine_1/inst/grp_mine_Pipeline_HASH_CHUNK_fu_351/grp_sha256d_80_from_midstate_words_ii1_fu_358/grp_sha256_compress_words_ii1_fu_140/ap_clk
    SLICE_X40Y140        FDRE                                         r  system_i/mine_1/inst/grp_mine_Pipeline_HASH_CHUNK_fu_351/grp_sha256d_80_from_midstate_words_ii1_fu_358/grp_sha256_compress_words_ii1_fu_140/next_a_61_reg_8583_reg[23]/C
  -------------------------------------------------------------------    -------------------
    SLICE_X40Y140        FDRE (Prop_HFF_SLICEM_C_Q)
                                                      0.114     4.642 r  system_i/mine_1/inst/grp_mine_Pipeline_HASH_CHUNK_fu_351/grp_sha256d_80_from_midstate_words_ii1_fu_358/grp_sha256_compress_words_ii1_fu_140/next_a_61_reg_8583_reg[23]/Q
                         net (fo=5, routed)           0.322     4.964    system_i/mine_1/inst/grp_mine_Pipeline_HASH_CHUNK_fu_351/grp_sha256d_80_from_midstate_words_ii1_fu_358/grp_sha256_compress_words_ii1_fu_140/add_32ns_32ns_32_1_0_U256/next_a_61_reg_8583[23]
    SLICE_X40Y137        LUT3 (Prop_E6LUT_SLICEM_I1_O)
                                                      0.223     5.187 r  system_i/mine_1/inst/grp_mine_Pipeline_HASH_CHUNK_fu_351/grp_sha256d_80_from_midstate_words_ii1_fu_358/grp_sha256_compress_words_ii1_fu_140/add_32ns_32ns_32_1_0_U256/dout_i_63__34/O
                         net (fo=1, routed)           0.369     5.556    system_i/mine_1/inst/grp_mine_Pipeline_HASH_CHUNK_fu_351/grp_sha256d_80_from_midstate_words_ii1_fu_358/grp_sha256_compress_words_ii1_fu_140/add_32ns_32ns_32_1_0_U256/dout/C[1]
    DSP48E2_X11Y54       DSP_C_DATA (Prop_DSP_C_DATA_DSP48E2_C[1]_C_DATA[1])
                                                      0.135     5.691 r  system_i/mine_1/inst/grp_mine_Pipeline_HASH_CHUNK_fu_351/grp_sha256d_80_from_midstate_words_ii1_fu_358/grp_sha256_compress_words_ii1_fu_140/add_32ns_32ns_32_1_0_U256/dout/DSP_C_DATA_INST/C_DATA[1]
                         net (fo=2, routed)           0.000     5.691    system_i/mine_1/inst/grp_mine_Pipeline_HASH_CHUNK_fu_351/grp_sha256d_80_from_midstate_words_ii1_fu_358/grp_sha256_compress_words_ii1_fu_140/add_32ns_32ns_32_1_0_U256/dout/DSP_C_DATA.C_DATA<1>
    DSP48E2_X11Y54       DSP_ALU (Prop_DSP_ALU_DSP48E2_C_DATA[1]_ALU_OUT[47])
                                                      0.786     6.477 f  system_i/mine_1/inst/grp_mine_Pipeline_HASH_CHUNK_fu_351/grp_sha256d_80_from_midstate_words_ii1_fu_358/grp_sha256_compress_words_ii1_fu_140/add_32ns_32ns_32_1_0_U256/dout/DSP_ALU_INST/ALU_OUT[47]
                         net (fo=1, routed)           0.000     6.477    system_i/mine_1/inst/grp_mine_Pipeline_HASH_CHUNK_fu_351/grp_sha256d_80_from_midstate_words_ii1_fu_358/grp_sha256_compress_words_ii1_fu_140/add_32ns_32ns_32_1_0_U256/dout/DSP_ALU.ALU_OUT<47>
    DSP48E2_X11Y54       DSP_OUTPUT (Prop_DSP_OUTPUT_DSP48E2_ALU_OUT[47]_PCOUT[47])
                                                      0.167     6.644 r  system_i/mine_1/inst/grp_mine_Pipeline_HASH_CHUNK_fu_351/grp_sha256d_80_from_midstate_words_ii1_fu_358/grp_sha256_compress_words_ii1_fu_140/add_32ns_32ns_32_1_0_U256/dout/DSP_OUTPUT_INST/PCOUT[47]
                         net (fo=1, routed)           0.014     6.658    system_i/mine_1/inst/grp_mine_Pipeline_HASH_CHUNK_fu_351/grp_sha256d_80_from_midstate_words_ii1_fu_358/grp_sha256_compress_words_ii1_fu_140/next_a_62_fu_6388_p2/PCIN[47]
    DSP48E2_X11Y55       DSP_ALU (Prop_DSP_ALU_DSP48E2_PCIN[47]_ALU_OUT[24])
                                                      0.739     7.397 r  system_i/mine_1/inst/grp_mine_Pipeline_HASH_CHUNK_fu_351/grp_sha256d_80_from_midstate_words_ii1_fu_358/grp_sha256_compress_words_ii1_fu_140/next_a_62_fu_6388_p2/DSP_ALU_INST/ALU_OUT[24]
                         net (fo=1, routed)           0.000     7.397    system_i/mine_1/inst/grp_mine_Pipeline_HASH_CHUNK_fu_351/grp_sha256d_80_from_midstate_words_ii1_fu_358/grp_sha256_compress_words_ii1_fu_140/next_a_62_fu_6388_p2/DSP_ALU.ALU_OUT<24>
    DSP48E2_X11Y55       DSP_OUTPUT (Prop_DSP_OUTPUT_DSP48E2_ALU_OUT[24]_P[24])
                                                      0.146     7.543 f  system_i/mine_1/inst/grp_mine_Pipeline_HASH_CHUNK_fu_351/grp_sha256d_80_from_midstate_words_ii1_fu_358/grp_sha256_compress_words_ii1_fu_140/next_a_62_fu_6388_p2/DSP_OUTPUT_INST/P[24]
                         net (fo=6, routed)           0.420     7.963    system_i/mine_1/inst/grp_mine_Pipeline_HASH_CHUNK_fu_351/grp_sha256d_80_from_midstate_words_ii1_fu_358/grp_sha256_compress_words_ii1_fu_140/maj_63_majority_fu_2857/P[24]
    SLICE_X40Y134        LUT3 (Prop_H5LUT_SLICEM_I1_O)
                                                      0.189     8.152 f  system_i/mine_1/inst/grp_mine_Pipeline_HASH_CHUNK_fu_351/grp_sha256d_80_from_midstate_words_ii1_fu_358/grp_sha256_compress_words_ii1_fu_140/maj_63_majority_fu_2857/t2_63_reg_8615_reg_i_26/O
                         net (fo=1, routed)           0.338     8.490    system_i/mine_1/inst/grp_mine_Pipeline_HASH_CHUNK_fu_351/grp_sha256d_80_from_midstate_words_ii1_fu_358/grp_sha256_compress_words_ii1_fu_140/t2_63_reg_8615_reg/A[6]
    DSP48E2_X11Y52       DSP_A_B_DATA (Prop_DSP_A_B_DATA_DSP48E2_A[6]_A_ALU[6])
                                                      0.265     8.755 r  system_i/mine_1/inst/grp_mine_Pipeline_HASH_CHUNK_fu_351/grp_sha256d_80_from_midstate_words_ii1_fu_358/grp_sha256_compress_words_ii1_fu_140/t2_63_reg_8615_reg/DSP_A_B_DATA_INST/A_ALU[6]
                         net (fo=1, routed)           0.000     8.755    system_i/mine_1/inst/grp_mine_Pipeline_HASH_CHUNK_fu_351/grp_sha256d_80_from_midstate_words_ii1_fu_358/grp_sha256_compress_words_ii1_fu_140/t2_63_reg_8615_reg/DSP_A_B_DATA.A_ALU<6>
    DSP48E2_X11Y52       DSP_ALU (Prop_DSP_ALU_DSP48E2_A_ALU[6]_ALU_OUT[28])
                                                      0.726     9.481 r  system_i/mine_1/inst/grp_mine_Pipeline_HASH_CHUNK_fu_351/grp_sha256d_80_from_midstate_words_ii1_fu_358/grp_sha256_compress_words_ii1_fu_140/t2_63_reg_8615_reg/DSP_ALU_INST/ALU_OUT[28]
                         net (fo=1, routed)           0.000     9.481    system_i/mine_1/inst/grp_mine_Pipeline_HASH_CHUNK_fu_351/grp_sha256d_80_from_midstate_words_ii1_fu_358/grp_sha256_compress_words_ii1_fu_140/t2_63_reg_8615_reg/DSP_ALU.ALU_OUT<28>
    DSP48E2_X11Y52       DSP_OUTPUT                                   r  system_i/mine_1/inst/grp_mine_Pipeline_HASH_CHUNK_fu_351/grp_sha256d_80_from_midstate_words_ii1_fu_358/grp_sha256_compress_words_ii1_fu_140/t2_63_reg_8615_reg/DSP_OUTPUT_INST/ALU_OUT[28]
  -------------------------------------------------------------------    -------------------

                         (clock clk_out2_system_clk_wiz_0_0 rise edge)
                                                      5.000     5.000 r  
    BUFG_PS_X0Y81        BUFG_PS                      0.000     5.000 r  system_i/zynq_ultra_ps_e_0/inst/buffer_pl_clk_0.PL_CLK_0_BUFG/O
                         net (fo=1, routed)           1.458     6.458    system_i/clk_wiz_0/inst/clk_in1
    MMCM_X0Y3            MMCME4_ADV (Prop_MMCM_CLKIN1_CLKOUT1)
                                                      0.739     7.197 r  system_i/clk_wiz_0/inst/mmcme4_adv_inst/CLKOUT1
                         net (fo=1, routed)           0.312     7.509    system_i/clk_wiz_0/inst/clk_out2_system_clk_wiz_0_0
    BUFGCE_X0Y76         BUFGCE (Prop_BUFCE_BUFGCE_I_O)
                                                      0.039     7.548 r  system_i/clk_wiz_0/inst/clkout2_buf/O
    X1Y1 (CLOCK_ROOT)    net (fo=69546, routed)       2.461    10.009    system_i/mine_1/inst/grp_mine_Pipeline_HASH_CHUNK_fu_351/grp_sha256d_80_from_midstate_words_ii1_fu_358/grp_sha256_compress_words_ii1_fu_140/t2_63_reg_8615_reg/CLK
    DSP48E2_X11Y52       DSP_OUTPUT                                   r  system_i/mine_1/inst/grp_mine_Pipeline_HASH_CHUNK_fu_351/grp_sha256d_80_from_midstate_words_ii1_fu_358/grp_sha256_compress_words_ii1_fu_140/t2_63_reg_8615_reg/DSP_OUTPUT_INST/CLK
                         clock pessimism             -0.478     9.531    
                         clock uncertainty           -0.062     9.469    
    DSP48E2_X11Y52       DSP_OUTPUT (Setup_DSP_OUTPUT_DSP48E2_CLK_ALU_OUT[28])
                                                      0.014     9.483    system_i/mine_1/inst/grp_mine_Pipeline_HASH_CHUNK_fu_351/grp_sha256d_80_from_midstate_words_ii1_fu_358/grp_sha256_compress_words_ii1_fu_140/t2_63_reg_8615_reg/DSP_OUTPUT_INST
  -------------------------------------------------------------------
                         required time                          9.483    
                         arrival time                          -9.481    
  -------------------------------------------------------------------
                         slack                                  0.001    

Slack (MET) :             0.001ns  (required time - arrival time)
  Source:                 system_i/mine_1/inst/grp_mine_Pipeline_HASH_CHUNK_fu_351/grp_sha256d_80_from_midstate_words_ii1_fu_358/grp_sha256_compress_words_ii1_fu_140/next_a_61_reg_8583_reg[23]/C
                            (rising edge-triggered cell FDRE clocked by clk_out2_system_clk_wiz_0_0  {rise@0.000ns fall@2.500ns period=5.000ns})
  Destination:            system_i/mine_1/inst/grp_mine_Pipeline_HASH_CHUNK_fu_351/grp_sha256d_80_from_midstate_words_ii1_fu_358/grp_sha256_compress_words_ii1_fu_140/t2_63_reg_8615_reg/DSP_OUTPUT_INST/ALU_OUT[29]
                            (rising edge-triggered cell DSP_OUTPUT clocked by clk_out2_system_clk_wiz_0_0  {rise@0.000ns fall@2.500ns period=5.000ns})
  Path Group:             clk_out2_system_clk_wiz_0_0
  Path Type:              Setup (Max at Slow Process Corner)
  Requirement:            5.000ns  (clk_out2_system_clk_wiz_0_0 rise@5.000ns - clk_out2_system_clk_wiz_0_0 rise@0.000ns)
  Data Path Delay:        4.953ns  (logic 3.490ns (70.462%)  route 1.463ns (29.539%))
  Logic Levels:           9  (DSP_A_B_DATA=1 DSP_ALU=3 DSP_C_DATA=1 DSP_OUTPUT=2 LUT3=2)
  Clock Path Skew:        0.002ns (DCD - SCD + CPR)
    Destination Clock Delay (DCD):    5.009ns = ( 10.009 - 5.000 ) 
    Source Clock Delay      (SCD):    4.528ns
    Clock Pessimism Removal (CPR):    -0.478ns
  Clock Uncertainty:      0.062ns  ((TSJ^2 + DJ^2)^1/2) / 2 + PE
    Total System Jitter     (TSJ):    0.071ns
    Discrete Jitter          (DJ):    0.102ns
    Phase Error              (PE):    0.000ns
  Clock Net Delay (Source):      2.621ns (routing 1.241ns, distribution 1.380ns)
  Clock Net Delay (Destination): 2.461ns (routing 1.133ns, distribution 1.328ns)

    Location             Delay type                Incr(ns)  Path(ns)    Netlist Resource(s)
  -------------------------------------------------------------------    -------------------
                         (clock clk_out2_system_clk_wiz_0_0 rise edge)
                                                      0.000     0.000 r  
    BUFG_PS_X0Y81        BUFG_PS                      0.000     0.000 r  system_i/zynq_ultra_ps_e_0/inst/buffer_pl_clk_0.PL_CLK_0_BUFG/O
                         net (fo=1, routed)           1.611     1.611    system_i/clk_wiz_0/inst/clk_in1
    MMCM_X0Y3            MMCME4_ADV (Prop_MMCM_CLKIN1_CLKOUT1)
                                                     -0.103     1.508 r  system_i/clk_wiz_0/inst/mmcme4_adv_inst/CLKOUT1
                         net (fo=1, routed)           0.355     1.863    system_i/clk_wiz_0/inst/clk_out2_system_clk_wiz_0_0
    BUFGCE_X0Y76         BUFGCE (Prop_BUFCE_BUFGCE_I_O)
                                                      0.044     1.907 r  system_i/clk_wiz_0/inst/clkout2_buf/O
    X1Y1 (CLOCK_ROOT)    net (fo=69546, routed)       2.621     4.528    system_i/mine_1/inst/grp_mine_Pipeline_HASH_CHUNK_fu_351/grp_sha256d_80_from_midstate_words_ii1_fu_358/grp_sha256_compress_words_ii1_fu_140/ap_clk
    SLICE_X40Y140        FDRE                                         r  system_i/mine_1/inst/grp_mine_Pipeline_HASH_CHUNK_fu_351/grp_sha256d_80_from_midstate_words_ii1_fu_358/grp_sha256_compress_words_ii1_fu_140/next_a_61_reg_8583_reg[23]/C
  -------------------------------------------------------------------    -------------------
    SLICE_X40Y140        FDRE (Prop_HFF_SLICEM_C_Q)
                                                      0.114     4.642 r  system_i/mine_1/inst/grp_mine_Pipeline_HASH_CHUNK_fu_351/grp_sha256d_80_from_midstate_words_ii1_fu_358/grp_sha256_compress_words_ii1_fu_140/next_a_61_reg_8583_reg[23]/Q
                         net (fo=5, routed)           0.322     4.964    system_i/mine_1/inst/grp_mine_Pipeline_HASH_CHUNK_fu_351/grp_sha256d_80_from_midstate_words_ii1_fu_358/grp_sha256_compress_words_ii1_fu_140/add_32ns_32ns_32_1_0_U256/next_a_61_reg_8583[23]
    SLICE_X40Y137        LUT3 (Prop_E6LUT_SLICEM_I1_O)
                                                      0.223     5.187 r  system_i/mine_1/inst/grp_mine_Pipeline_HASH_CHUNK_fu_351/grp_sha256d_80_from_midstate_words_ii1_fu_358/grp_sha256_compress_words_ii1_fu_140/add_32ns_32ns_32_1_0_U256/dout_i_63__34/O
                         net (fo=1, routed)           0.369     5.556    system_i/mine_1/inst/grp_mine_Pipeline_HASH_CHUNK_fu_351/grp_sha256d_80_from_midstate_words_ii1_fu_358/grp_sha256_compress_words_ii1_fu_140/add_32ns_32ns_32_1_0_U256/dout/C[1]
    DSP48E2_X11Y54       DSP_C_DATA (Prop_DSP_C_DATA_DSP48E2_C[1]_C_DATA[1])
                                                      0.135     5.691 r  system_i/mine_1/inst/grp_mine_Pipeline_HASH_CHUNK_fu_351/grp_sha256d_80_from_midstate_words_ii1_fu_358/grp_sha256_compress_words_ii1_fu_140/add_32ns_32ns_32_1_0_U256/dout/DSP_C_DATA_INST/C_DATA[1]
                         net (fo=2, routed)           0.000     5.691    system_i/mine_1/inst/grp_mine_Pipeline_HASH_CHUNK_fu_351/grp_sha256d_80_from_midstate_words_ii1_fu_358/grp_sha256_compress_words_ii1_fu_140/add_32ns_32ns_32_1_0_U256/dout/DSP_C_DATA.C_DATA<1>
    DSP48E2_X11Y54       DSP_ALU (Prop_DSP_ALU_DSP48E2_C_DATA[1]_ALU_OUT[47])
                                                      0.786     6.477 f  system_i/mine_1/inst/grp_mine_Pipeline_HASH_CHUNK_fu_351/grp_sha256d_80_from_midstate_words_ii1_fu_358/grp_sha256_compress_words_ii1_fu_140/add_32ns_32ns_32_1_0_U256/dout/DSP_ALU_INST/ALU_OUT[47]
                         net (fo=1, routed)           0.000     6.477    system_i/mine_1/inst/grp_mine_Pipeline_HASH_CHUNK_fu_351/grp_sha256d_80_from_midstate_words_ii1_fu_358/grp_sha256_compress_words_ii1_fu_140/add_32ns_32ns_32_1_0_U256/dout/DSP_ALU.ALU_OUT<47>
    DSP48E2_X11Y54       DSP_OUTPUT (Prop_DSP_OUTPUT_DSP48E2_ALU_OUT[47]_PCOUT[47])
                                                      0.167     6.644 r  system_i/mine_1/inst/grp_mine_Pipeline_HASH_CHUNK_fu_351/grp_sha256d_80_from_midstate_words_ii1_fu_358/grp_sha256_compress_words_ii1_fu_140/add_32ns_32ns_32_1_0_U256/dout/DSP_OUTPUT_INST/PCOUT[47]
                         net (fo=1, routed)           0.014     6.658    system_i/mine_1/inst/grp_mine_Pipeline_HASH_CHUNK_fu_351/grp_sha256d_80_from_midstate_words_ii1_fu_358/grp_sha256_compress_words_ii1_fu_140/next_a_62_fu_6388_p2/PCIN[47]
    DSP48E2_X11Y55       DSP_ALU (Prop_DSP_ALU_DSP48E2_PCIN[47]_ALU_OUT[24])
                                                      0.739     7.397 r  system_i/mine_1/inst/grp_mine_Pipeline_HASH_CHUNK_fu_351/grp_sha256d_80_from_midstate_words_ii1_fu_358/grp_sha256_compress_words_ii1_fu_140/next_a_62_fu_6388_p2/DSP_ALU_INST/ALU_OUT[24]
                         net (fo=1, routed)           0.000     7.397    system_i/mine_1/inst/grp_mine_Pipeline_HASH_CHUNK_fu_351/grp_sha256d_80_from_midstate_words_ii1_fu_358/grp_sha256_compress_words_ii1_fu_140/next_a_62_fu_6388_p2/DSP_ALU.ALU_OUT<24>
    DSP48E2_X11Y55       DSP_OUTPUT (Prop_DSP_OUTPUT_DSP48E2_ALU_OUT[24]_P[24])
                                                      0.146     7.543 f  system_i/mine_1/inst/grp_mine_Pipeline_HASH_CHUNK_fu_351/grp_sha256d_80_from_midstate_words_ii1_fu_358/grp_sha256_compress_words_ii1_fu_140/next_a_62_fu_6388_p2/DSP_OUTPUT_INST/P[24]
                         net (fo=6, routed)           0.420     7.963    system_i/mine_1/inst/grp_mine_Pipeline_HASH_CHUNK_fu_351/grp_sha256d_80_from_midstate_words_ii1_fu_358/grp_sha256_compress_words_ii1_fu_140/maj_63_majority_fu_2857/P[24]
    SLICE_X40Y134        LUT3 (Prop_H5LUT_SLICEM_I1_O)
                                                      0.189     8.152 f  system_i/mine_1/inst/grp_mine_Pipeline_HASH_CHUNK_fu_351/grp_sha256d_80_from_midstate_words_ii1_fu_358/grp_sha256_compress_words_ii1_fu_140/maj_63_majority_fu_2857/t2_63_reg_8615_reg_i_26/O
                         net (fo=1, routed)           0.338     8.490    system_i/mine_1/inst/grp_mine_Pipeline_HASH_CHUNK_fu_351/grp_sha256d_80_from_midstate_words_ii1_fu_358/grp_sha256_compress_words_ii1_fu_140/t2_63_reg_8615_reg/A[6]
    DSP48E2_X11Y52       DSP_A_B_DATA (Prop_DSP_A_B_DATA_DSP48E2_A[6]_A_ALU[6])
                                                      0.265     8.755 r  system_i/mine_1/inst/grp_mine_Pipeline_HASH_CHUNK_fu_351/grp_sha256d_80_from_midstate_words_ii1_fu_358/grp_sha256_compress_words_ii1_fu_140/t2_63_reg_8615_reg/DSP_A_B_DATA_INST/A_ALU[6]
                         net (fo=1, routed)           0.000     8.755    system_i/mine_1/inst/grp_mine_Pipeline_HASH_CHUNK_fu_351/grp_sha256d_80_from_midstate_words_ii1_fu_358/grp_sha256_compress_words_ii1_fu_140/t2_63_reg_8615_reg/DSP_A_B_DATA.A_ALU<6>
    DSP48E2_X11Y52       DSP_ALU (Prop_DSP_ALU_DSP48E2_A_ALU[6]_ALU_OUT[29])
                                                      0.726     9.481 r  system_i/mine_1/inst/grp_mine_Pipeline_HASH_CHUNK_fu_351/grp_sha256d_80_from_midstate_words_ii1_fu_358/grp_sha256_compress_words_ii1_fu_140/t2_63_reg_8615_reg/DSP_ALU_INST/ALU_OUT[29]
                         net (fo=1, routed)           0.000     9.481    system_i/mine_1/inst/grp_mine_Pipeline_HASH_CHUNK_fu_351/grp_sha256d_80_from_midstate_words_ii1_fu_358/grp_sha256_compress_words_ii1_fu_140/t2_63_reg_8615_reg/DSP_ALU.ALU_OUT<29>
    DSP48E2_X11Y52       DSP_OUTPUT                                   r  system_i/mine_1/inst/grp_mine_Pipeline_HASH_CHUNK_fu_351/grp_sha256d_80_from_midstate_words_ii1_fu_358/grp_sha256_compress_words_ii1_fu_140/t2_63_reg_8615_reg/DSP_OUTPUT_INST/ALU_OUT[29]
  -------------------------------------------------------------------    -------------------

                         (clock clk_out2_system_clk_wiz_0_0 rise edge)
                                                      5.000     5.000 r  
    BUFG_PS_X0Y81        BUFG_PS                      0.000     5.000 r  system_i/zynq_ultra_ps_e_0/inst/buffer_pl_clk_0.PL_CLK_0_BUFG/O
                         net (fo=1, routed)           1.458     6.458    system_i/clk_wiz_0/inst/clk_in1
    MMCM_X0Y3            MMCME4_ADV (Prop_MMCM_CLKIN1_CLKOUT1)
                                                      0.739     7.197 r  system_i/clk_wiz_0/inst/mmcme4_adv_inst/CLKOUT1
                         net (fo=1, routed)           0.312     7.509    system_i/clk_wiz_0/inst/clk_out2_system_clk_wiz_0_0
    BUFGCE_X0Y76         BUFGCE (Prop_BUFCE_BUFGCE_I_O)
                                                      0.039     7.548 r  system_i/clk_wiz_0/inst/clkout2_buf/O
    X1Y1 (CLOCK_ROOT)    net (fo=69546, routed)       2.461    10.009    system_i/mine_1/inst/grp_mine_Pipeline_HASH_CHUNK_fu_351/grp_sha256d_80_from_midstate_words_ii1_fu_358/grp_sha256_compress_words_ii1_fu_140/t2_63_reg_8615_reg/CLK
    DSP48E2_X11Y52       DSP_OUTPUT                                   r  system_i/mine_1/inst/grp_mine_Pipeline_HASH_CHUNK_fu_351/grp_sha256d_80_from_midstate_words_ii1_fu_358/grp_sha256_compress_words_ii1_fu_140/t2_63_reg_8615_reg/DSP_OUTPUT_INST/CLK
                         clock pessimism             -0.478     9.531    
                         clock uncertainty           -0.062     9.469    
    DSP48E2_X11Y52       DSP_OUTPUT (Setup_DSP_OUTPUT_DSP48E2_CLK_ALU_OUT[29])
                                                      0.014     9.483    system_i/mine_1/inst/grp_mine_Pipeline_HASH_CHUNK_fu_351/grp_sha256d_80_from_midstate_words_ii1_fu_358/grp_sha256_compress_words_ii1_fu_140/t2_63_reg_8615_reg/DSP_OUTPUT_INST
  -------------------------------------------------------------------
                         required time                          9.483    
                         arrival time                          -9.481    
  -------------------------------------------------------------------
                         slack                                  0.001    

Slack (MET) :             0.001ns  (required time - arrival time)
  Source:                 system_i/mine_1/inst/grp_mine_Pipeline_HASH_CHUNK_fu_351/grp_sha256d_80_from_midstate_words_ii1_fu_358/grp_sha256_compress_words_ii1_fu_140/next_a_61_reg_8583_reg[23]/C
                            (rising edge-triggered cell FDRE clocked by clk_out2_system_clk_wiz_0_0  {rise@0.000ns fall@2.500ns period=5.000ns})
  Destination:            system_i/mine_1/inst/grp_mine_Pipeline_HASH_CHUNK_fu_351/grp_sha256d_80_from_midstate_words_ii1_fu_358/grp_sha256_compress_words_ii1_fu_140/t2_63_reg_8615_reg/DSP_OUTPUT_INST/ALU_OUT[30]
                            (rising edge-triggered cell DSP_OUTPUT clocked by clk_out2_system_clk_wiz_0_0  {rise@0.000ns fall@2.500ns period=5.000ns})
  Path Group:             clk_out2_system_clk_wiz_0_0
  Path Type:              Setup (Max at Slow Process Corner)
  Requirement:            5.000ns  (clk_out2_system_clk_wiz_0_0 rise@5.000ns - clk_out2_system_clk_wiz_0_0 rise@0.000ns)
  Data Path Delay:        4.953ns  (logic 3.490ns (70.462%)  route 1.463ns (29.539%))
  Logic Levels:           9  (DSP_A_B_DATA=1 DSP_ALU=3 DSP_C_DATA=1 DSP_OUTPUT=2 LUT3=2)
  Clock Path Skew:        0.002ns (DCD - SCD + CPR)
    Destination Clock Delay (DCD):    5.009ns = ( 10.009 - 5.000 ) 
    Source Clock Delay      (SCD):    4.528ns
    Clock Pessimism Removal (CPR):    -0.478ns
  Clock Uncertainty:      0.062ns  ((TSJ^2 + DJ^2)^1/2) / 2 + PE
    Total System Jitter     (TSJ):    0.071ns
    Discrete Jitter          (DJ):    0.102ns
    Phase Error              (PE):    0.000ns
  Clock Net Delay (Source):      2.621ns (routing 1.241ns, distribution 1.380ns)
  Clock Net Delay (Destination): 2.461ns (routing 1.133ns, distribution 1.328ns)

    Location             Delay type                Incr(ns)  Path(ns)    Netlist Resource(s)
  -------------------------------------------------------------------    -------------------
                         (clock clk_out2_system_clk_wiz_0_0 rise edge)
                                                      0.000     0.000 r  
    BUFG_PS_X0Y81        BUFG_PS                      0.000     0.000 r  system_i/zynq_ultra_ps_e_0/inst/buffer_pl_clk_0.PL_CLK_0_BUFG/O
                         net (fo=1, routed)           1.611     1.611    system_i/clk_wiz_0/inst/clk_in1
    MMCM_X0Y3            MMCME4_ADV (Prop_MMCM_CLKIN1_CLKOUT1)
                                                     -0.103     1.508 r  system_i/clk_wiz_0/inst/mmcme4_adv_inst/CLKOUT1
                         net (fo=1, routed)           0.355     1.863    system_i/clk_wiz_0/inst/clk_out2_system_clk_wiz_0_0
    BUFGCE_X0Y76         BUFGCE (Prop_BUFCE_BUFGCE_I_O)
                                                      0.044     1.907 r  system_i/clk_wiz_0/inst/clkout2_buf/O
    X1Y1 (CLOCK_ROOT)    net (fo=69546, routed)       2.621     4.528    system_i/mine_1/inst/grp_mine_Pipeline_HASH_CHUNK_fu_351/grp_sha256d_80_from_midstate_words_ii1_fu_358/grp_sha256_compress_words_ii1_fu_140/ap_clk
    SLICE_X40Y140        FDRE                                         r  system_i/mine_1/inst/grp_mine_Pipeline_HASH_CHUNK_fu_351/grp_sha256d_80_from_midstate_words_ii1_fu_358/grp_sha256_compress_words_ii1_fu_140/next_a_61_reg_8583_reg[23]/C
  -------------------------------------------------------------------    -------------------
    SLICE_X40Y140        FDRE (Prop_HFF_SLICEM_C_Q)
                                                      0.114     4.642 r  system_i/mine_1/inst/grp_mine_Pipeline_HASH_CHUNK_fu_351/grp_sha256d_80_from_midstate_words_ii1_fu_358/grp_sha256_compress_words_ii1_fu_140/next_a_61_reg_8583_reg[23]/Q
                         net (fo=5, routed)           0.322     4.964    system_i/mine_1/inst/grp_mine_Pipeline_HASH_CHUNK_fu_351/grp_sha256d_80_from_midstate_words_ii1_fu_358/grp_sha256_compress_words_ii1_fu_140/add_32ns_32ns_32_1_0_U256/next_a_61_reg_8583[23]
    SLICE_X40Y137        LUT3 (Prop_E6LUT_SLICEM_I1_O)
                                                      0.223     5.187 r  system_i/mine_1/inst/grp_mine_Pipeline_HASH_CHUNK_fu_351/grp_sha256d_80_from_midstate_words_ii1_fu_358/grp_sha256_compress_words_ii1_fu_140/add_32ns_32ns_32_1_0_U256/dout_i_63__34/O
                         net (fo=1, routed)           0.369     5.556    system_i/mine_1/inst/grp_mine_Pipeline_HASH_CHUNK_fu_351/grp_sha256d_80_from_midstate_words_ii1_fu_358/grp_sha256_compress_words_ii1_fu_140/add_32ns_32ns_32_1_0_U256/dout/C[1]
    DSP48E2_X11Y54       DSP_C_DATA (Prop_DSP_C_DATA_DSP48E2_C[1]_C_DATA[1])
                                                      0.135     5.691 r  system_i/mine_1/inst/grp_mine_Pipeline_HASH_CHUNK_fu_351/grp_sha256d_80_from_midstate_words_ii1_fu_358/grp_sha256_compress_words_ii1_fu_140/add_32ns_32ns_32_1_0_U256/dout/DSP_C_DATA_INST/C_DATA[1]
                         net (fo=2, routed)           0.000     5.691    system_i/mine_1/inst/grp_mine_Pipeline_HASH_CHUNK_fu_351/grp_sha256d_80_from_midstate_words_ii1_fu_358/grp_sha256_compress_words_ii1_fu_140/add_32ns_32ns_32_1_0_U256/dout/DSP_C_DATA.C_DATA<1>
    DSP48E2_X11Y54       DSP_ALU (Prop_DSP_ALU_DSP48E2_C_DATA[1]_ALU_OUT[47])
                                                      0.786     6.477 f  system_i/mine_1/inst/grp_mine_Pipeline_HASH_CHUNK_fu_351/grp_sha256d_80_from_midstate_words_ii1_fu_358/grp_sha256_compress_words_ii1_fu_140/add_32ns_32ns_32_1_0_U256/dout/DSP_ALU_INST/ALU_OUT[47]
                         net (fo=1, routed)           0.000     6.477    system_i/mine_1/inst/grp_mine_Pipeline_HASH_CHUNK_fu_351/grp_sha256d_80_from_midstate_words_ii1_fu_358/grp_sha256_compress_words_ii1_fu_140/add_32ns_32ns_32_1_0_U256/dout/DSP_ALU.ALU_OUT<47>
    DSP48E2_X11Y54       DSP_OUTPUT (Prop_DSP_OUTPUT_DSP48E2_ALU_OUT[47]_PCOUT[47])
                                                      0.167     6.644 r  system_i/mine_1/inst/grp_mine_Pipeline_HASH_CHUNK_fu_351/grp_sha256d_80_from_midstate_words_ii1_fu_358/grp_sha256_compress_words_ii1_fu_140/add_32ns_32ns_32_1_0_U256/dout/DSP_OUTPUT_INST/PCOUT[47]
                         net (fo=1, routed)           0.014     6.658    system_i/mine_1/inst/grp_mine_Pipeline_HASH_CHUNK_fu_351/grp_sha256d_80_from_midstate_words_ii1_fu_358/grp_sha256_compress_words_ii1_fu_140/next_a_62_fu_6388_p2/PCIN[47]
    DSP48E2_X11Y55       DSP_ALU (Prop_DSP_ALU_DSP48E2_PCIN[47]_ALU_OUT[24])
                                                      0.739     7.397 r  system_i/mine_1/inst/grp_mine_Pipeline_HASH_CHUNK_fu_351/grp_sha256d_80_from_midstate_words_ii1_fu_358/grp_sha256_compress_words_ii1_fu_140/next_a_62_fu_6388_p2/DSP_ALU_INST/ALU_OUT[24]
                         net (fo=1, routed)           0.000     7.397    system_i/mine_1/inst/grp_mine_Pipeline_HASH_CHUNK_fu_351/grp_sha256d_80_from_midstate_words_ii1_fu_358/grp_sha256_compress_words_ii1_fu_140/next_a_62_fu_6388_p2/DSP_ALU.ALU_OUT<24>
    DSP48E2_X11Y55       DSP_OUTPUT (Prop_DSP_OUTPUT_DSP48E2_ALU_OUT[24]_P[24])
                                                      0.146     7.543 f  system_i/mine_1/inst/grp_mine_Pipeline_HASH_CHUNK_fu_351/grp_sha256d_80_from_midstate_words_ii1_fu_358/grp_sha256_compress_words_ii1_fu_140/next_a_62_fu_6388_p2/DSP_OUTPUT_INST/P[24]
                         net (fo=6, routed)           0.420     7.963    system_i/mine_1/inst/grp_mine_Pipeline_HASH_CHUNK_fu_351/grp_sha256d_80_from_midstate_words_ii1_fu_358/grp_sha256_compress_words_ii1_fu_140/maj_63_majority_fu_2857/P[24]
    SLICE_X40Y134        LUT3 (Prop_H5LUT_SLICEM_I1_O)
                                                      0.189     8.152 f  system_i/mine_1/inst/grp_mine_Pipeline_HASH_CHUNK_fu_351/grp_sha256d_80_from_midstate_words_ii1_fu_358/grp_sha256_compress_words_ii1_fu_140/maj_63_majority_fu_2857/t2_63_reg_8615_reg_i_26/O
                         net (fo=1, routed)           0.338     8.490    system_i/mine_1/inst/grp_mine_Pipeline_HASH_CHUNK_fu_351/grp_sha256d_80_from_midstate_words_ii1_fu_358/grp_sha256_compress_words_ii1_fu_140/t2_63_reg_8615_reg/A[6]
    DSP48E2_X11Y52       DSP_A_B_DATA (Prop_DSP_A_B_DATA_DSP48E2_A[6]_A_ALU[6])
                                                      0.265     8.755 r  system_i/mine_1/inst/grp_mine_Pipeline_HASH_CHUNK_fu_351/grp_sha256d_80_from_midstate_words_ii1_fu_358/grp_sha256_compress_words_ii1_fu_140/t2_63_reg_8615_reg/DSP_A_B_DATA_INST/A_ALU[6]
                         net (fo=1, routed)           0.000     8.755    system_i/mine_1/inst/grp_mine_Pipeline_HASH_CHUNK_fu_351/grp_sha256d_80_from_midstate_words_ii1_fu_358/grp_sha256_compress_words_ii1_fu_140/t2_63_reg_8615_reg/DSP_A_B_DATA.A_ALU<6>
    DSP48E2_X11Y52       DSP_ALU (Prop_DSP_ALU_DSP48E2_A_ALU[6]_ALU_OUT[30])
                                                      0.726     9.481 r  system_i/mine_1/inst/grp_mine_Pipeline_HASH_CHUNK_fu_351/grp_sha256d_80_from_midstate_words_ii1_fu_358/grp_sha256_compress_words_ii1_fu_140/t2_63_reg_8615_reg/DSP_ALU_INST/ALU_OUT[30]
                         net (fo=1, routed)           0.000     9.481    system_i/mine_1/inst/grp_mine_Pipeline_HASH_CHUNK_fu_351/grp_sha256d_80_from_midstate_words_ii1_fu_358/grp_sha256_compress_words_ii1_fu_140/t2_63_reg_8615_reg/DSP_ALU.ALU_OUT<30>
    DSP48E2_X11Y52       DSP_OUTPUT                                   r  system_i/mine_1/inst/grp_mine_Pipeline_HASH_CHUNK_fu_351/grp_sha256d_80_from_midstate_words_ii1_fu_358/grp_sha256_compress_words_ii1_fu_140/t2_63_reg_8615_reg/DSP_OUTPUT_INST/ALU_OUT[30]
  -------------------------------------------------------------------    -------------------

                         (clock clk_out2_system_clk_wiz_0_0 rise edge)
                                                      5.000     5.000 r  
    BUFG_PS_X0Y81        BUFG_PS                      0.000     5.000 r  system_i/zynq_ultra_ps_e_0/inst/buffer_pl_clk_0.PL_CLK_0_BUFG/O
                         net (fo=1, routed)           1.458     6.458    system_i/clk_wiz_0/inst/clk_in1
    MMCM_X0Y3            MMCME4_ADV (Prop_MMCM_CLKIN1_CLKOUT1)
                                                      0.739     7.197 r  system_i/clk_wiz_0/inst/mmcme4_adv_inst/CLKOUT1
                         net (fo=1, routed)           0.312     7.509    system_i/clk_wiz_0/inst/clk_out2_system_clk_wiz_0_0
    BUFGCE_X0Y76         BUFGCE (Prop_BUFCE_BUFGCE_I_O)
                                                      0.039     7.548 r  system_i/clk_wiz_0/inst/clkout2_buf/O
    X1Y1 (CLOCK_ROOT)    net (fo=69546, routed)       2.461    10.009    system_i/mine_1/inst/grp_mine_Pipeline_HASH_CHUNK_fu_351/grp_sha256d_80_from_midstate_words_ii1_fu_358/grp_sha256_compress_words_ii1_fu_140/t2_63_reg_8615_reg/CLK
    DSP48E2_X11Y52       DSP_OUTPUT                                   r  system_i/mine_1/inst/grp_mine_Pipeline_HASH_CHUNK_fu_351/grp_sha256d_80_from_midstate_words_ii1_fu_358/grp_sha256_compress_words_ii1_fu_140/t2_63_reg_8615_reg/DSP_OUTPUT_INST/CLK
                         clock pessimism             -0.478     9.531    
                         clock uncertainty           -0.062     9.469    
    DSP48E2_X11Y52       DSP_OUTPUT (Setup_DSP_OUTPUT_DSP48E2_CLK_ALU_OUT[30])
                                                      0.014     9.483    system_i/mine_1/inst/grp_mine_Pipeline_HASH_CHUNK_fu_351/grp_sha256d_80_from_midstate_words_ii1_fu_358/grp_sha256_compress_words_ii1_fu_140/t2_63_reg_8615_reg/DSP_OUTPUT_INST
  -------------------------------------------------------------------
                         required time                          9.483    
                         arrival time                          -9.481    
  -------------------------------------------------------------------
                         slack                                  0.001    

Slack (MET) :             0.001ns  (required time - arrival time)
  Source:                 system_i/mine_1/inst/grp_mine_Pipeline_HASH_CHUNK_fu_351/grp_sha256d_80_from_midstate_words_ii1_fu_358/grp_sha256_compress_words_ii1_fu_140/next_a_61_reg_8583_reg[23]/C
                            (rising edge-triggered cell FDRE clocked by clk_out2_system_clk_wiz_0_0  {rise@0.000ns fall@2.500ns period=5.000ns})
  Destination:            system_i/mine_1/inst/grp_mine_Pipeline_HASH_CHUNK_fu_351/grp_sha256d_80_from_midstate_words_ii1_fu_358/grp_sha256_compress_words_ii1_fu_140/t2_63_reg_8615_reg/DSP_OUTPUT_INST/ALU_OUT[31]
                            (rising edge-triggered cell DSP_OUTPUT clocked by clk_out2_system_clk_wiz_0_0  {rise@0.000ns fall@2.500ns period=5.000ns})
  Path Group:             clk_out2_system_clk_wiz_0_0
  Path Type:              Setup (Max at Slow Process Corner)
  Requirement:            5.000ns  (clk_out2_system_clk_wiz_0_0 rise@5.000ns - clk_out2_system_clk_wiz_0_0 rise@0.000ns)
  Data Path Delay:        4.953ns  (logic 3.490ns (70.462%)  route 1.463ns (29.539%))
  Logic Levels:           9  (DSP_A_B_DATA=1 DSP_ALU=3 DSP_C_DATA=1 DSP_OUTPUT=2 LUT3=2)
  Clock Path Skew:        0.002ns (DCD - SCD + CPR)
    Destination Clock Delay (DCD):    5.009ns = ( 10.009 - 5.000 ) 
    Source Clock Delay      (SCD):    4.528ns
    Clock Pessimism Removal (CPR):    -0.478ns
  Clock Uncertainty:      0.062ns  ((TSJ^2 + DJ^2)^1/2) / 2 + PE
    Total System Jitter     (TSJ):    0.071ns
    Discrete Jitter          (DJ):    0.102ns
    Phase Error              (PE):    0.000ns
  Clock Net Delay (Source):      2.621ns (routing 1.241ns, distribution 1.380ns)
  Clock Net Delay (Destination): 2.461ns (routing 1.133ns, distribution 1.328ns)

    Location             Delay type                Incr(ns)  Path(ns)    Netlist Resource(s)
  -------------------------------------------------------------------    -------------------
                         (clock clk_out2_system_clk_wiz_0_0 rise edge)
                                                      0.000     0.000 r  
    BUFG_PS_X0Y81        BUFG_PS                      0.000     0.000 r  system_i/zynq_ultra_ps_e_0/inst/buffer_pl_clk_0.PL_CLK_0_BUFG/O
                         net (fo=1, routed)           1.611     1.611    system_i/clk_wiz_0/inst/clk_in1
    MMCM_X0Y3            MMCME4_ADV (Prop_MMCM_CLKIN1_CLKOUT1)
                                                     -0.103     1.508 r  system_i/clk_wiz_0/inst/mmcme4_adv_inst/CLKOUT1
                         net (fo=1, routed)           0.355     1.863    system_i/clk_wiz_0/inst/clk_out2_system_clk_wiz_0_0
    BUFGCE_X0Y76         BUFGCE (Prop_BUFCE_BUFGCE_I_O)
                                                      0.044     1.907 r  system_i/clk_wiz_0/inst/clkout2_buf/O
    X1Y1 (CLOCK_ROOT)    net (fo=69546, routed)       2.621     4.528    system_i/mine_1/inst/grp_mine_Pipeline_HASH_CHUNK_fu_351/grp_sha256d_80_from_midstate_words_ii1_fu_358/grp_sha256_compress_words_ii1_fu_140/ap_clk
    SLICE_X40Y140        FDRE                                         r  system_i/mine_1/inst/grp_mine_Pipeline_HASH_CHUNK_fu_351/grp_sha256d_80_from_midstate_words_ii1_fu_358/grp_sha256_compress_words_ii1_fu_140/next_a_61_reg_8583_reg[23]/C
  -------------------------------------------------------------------    -------------------
    SLICE_X40Y140        FDRE (Prop_HFF_SLICEM_C_Q)
                                                      0.114     4.642 r  system_i/mine_1/inst/grp_mine_Pipeline_HASH_CHUNK_fu_351/grp_sha256d_80_from_midstate_words_ii1_fu_358/grp_sha256_compress_words_ii1_fu_140/next_a_61_reg_8583_reg[23]/Q
                         net (fo=5, routed)           0.322     4.964    system_i/mine_1/inst/grp_mine_Pipeline_HASH_CHUNK_fu_351/grp_sha256d_80_from_midstate_words_ii1_fu_358/grp_sha256_compress_words_ii1_fu_140/add_32ns_32ns_32_1_0_U256/next_a_61_reg_8583[23]
    SLICE_X40Y137        LUT3 (Prop_E6LUT_SLICEM_I1_O)
                                                      0.223     5.187 r  system_i/mine_1/inst/grp_mine_Pipeline_HASH_CHUNK_fu_351/grp_sha256d_80_from_midstate_words_ii1_fu_358/grp_sha256_compress_words_ii1_fu_140/add_32ns_32ns_32_1_0_U256/dout_i_63__34/O
                         net (fo=1, routed)           0.369     5.556    system_i/mine_1/inst/grp_mine_Pipeline_HASH_CHUNK_fu_351/grp_sha256d_80_from_midstate_words_ii1_fu_358/grp_sha256_compress_words_ii1_fu_140/add_32ns_32ns_32_1_0_U256/dout/C[1]
    DSP48E2_X11Y54       DSP_C_DATA (Prop_DSP_C_DATA_DSP48E2_C[1]_C_DATA[1])
                                                      0.135     5.691 r  system_i/mine_1/inst/grp_mine_Pipeline_HASH_CHUNK_fu_351/grp_sha256d_80_from_midstate_words_ii1_fu_358/grp_sha256_compress_words_ii1_fu_140/add_32ns_32ns_32_1_0_U256/dout/DSP_C_DATA_INST/C_DATA[1]
                         net (fo=2, routed)           0.000     5.691    system_i/mine_1/inst/grp_mine_Pipeline_HASH_CHUNK_fu_351/grp_sha256d_80_from_midstate_words_ii1_fu_358/grp_sha256_compress_words_ii1_fu_140/add_32ns_32ns_32_1_0_U256/dout/DSP_C_DATA.C_DATA<1>
    DSP48E2_X11Y54       DSP_ALU (Prop_DSP_ALU_DSP48E2_C_DATA[1]_ALU_OUT[47])
                                                      0.786     6.477 f  system_i/mine_1/inst/grp_mine_Pipeline_HASH_CHUNK_fu_351/grp_sha256d_80_from_midstate_words_ii1_fu_358/grp_sha256_compress_words_ii1_fu_140/add_32ns_32ns_32_1_0_U256/dout/DSP_ALU_INST/ALU_OUT[47]
                         net (fo=1, routed)           0.000     6.477    system_i/mine_1/inst/grp_mine_Pipeline_HASH_CHUNK_fu_351/grp_sha256d_80_from_midstate_words_ii1_fu_358/grp_sha256_compress_words_ii1_fu_140/add_32ns_32ns_32_1_0_U256/dout/DSP_ALU.ALU_OUT<47>
    DSP48E2_X11Y54       DSP_OUTPUT (Prop_DSP_OUTPUT_DSP48E2_ALU_OUT[47]_PCOUT[47])
                                                      0.167     6.644 r  system_i/mine_1/inst/grp_mine_Pipeline_HASH_CHUNK_fu_351/grp_sha256d_80_from_midstate_words_ii1_fu_358/grp_sha256_compress_words_ii1_fu_140/add_32ns_32ns_32_1_0_U256/dout/DSP_OUTPUT_INST/PCOUT[47]
                         net (fo=1, routed)           0.014     6.658    system_i/mine_1/inst/grp_mine_Pipeline_HASH_CHUNK_fu_351/grp_sha256d_80_from_midstate_words_ii1_fu_358/grp_sha256_compress_words_ii1_fu_140/next_a_62_fu_6388_p2/PCIN[47]
    DSP48E2_X11Y55       DSP_ALU (Prop_DSP_ALU_DSP48E2_PCIN[47]_ALU_OUT[24])
                                                      0.739     7.397 r  system_i/mine_1/inst/grp_mine_Pipeline_HASH_CHUNK_fu_351/grp_sha256d_80_from_midstate_words_ii1_fu_358/grp_sha256_compress_words_ii1_fu_140/next_a_62_fu_6388_p2/DSP_ALU_INST/ALU_OUT[24]
                         net (fo=1, routed)           0.000     7.397    system_i/mine_1/inst/grp_mine_Pipeline_HASH_CHUNK_fu_351/grp_sha256d_80_from_midstate_words_ii1_fu_358/grp_sha256_compress_words_ii1_fu_140/next_a_62_fu_6388_p2/DSP_ALU.ALU_OUT<24>
    DSP48E2_X11Y55       DSP_OUTPUT (Prop_DSP_OUTPUT_DSP48E2_ALU_OUT[24]_P[24])
                                                      0.146     7.543 f  system_i/mine_1/inst/grp_mine_Pipeline_HASH_CHUNK_fu_351/grp_sha256d_80_from_midstate_words_ii1_fu_358/grp_sha256_compress_words_ii1_fu_140/next_a_62_fu_6388_p2/DSP_OUTPUT_INST/P[24]
                         net (fo=6, routed)           0.420     7.963    system_i/mine_1/inst/grp_mine_Pipeline_HASH_CHUNK_fu_351/grp_sha256d_80_from_midstate_words_ii1_fu_358/grp_sha256_compress_words_ii1_fu_140/maj_63_majority_fu_2857/P[24]
    SLICE_X40Y134        LUT3 (Prop_H5LUT_SLICEM_I1_O)
                                                      0.189     8.152 f  system_i/mine_1/inst/grp_mine_Pipeline_HASH_CHUNK_fu_351/grp_sha256d_80_from_midstate_words_ii1_fu_358/grp_sha256_compress_words_ii1_fu_140/maj_63_majority_fu_2857/t2_63_reg_8615_reg_i_26/O
                         net (fo=1, routed)           0.338     8.490    system_i/mine_1/inst/grp_mine_Pipeline_HASH_CHUNK_fu_351/grp_sha256d_80_from_midstate_words_ii1_fu_358/grp_sha256_compress_words_ii1_fu_140/t2_63_reg_8615_reg/A[6]
    DSP48E2_X11Y52       DSP_A_B_DATA (Prop_DSP_A_B_DATA_DSP48E2_A[6]_A_ALU[6])
                                                      0.265     8.755 r  system_i/mine_1/inst/grp_mine_Pipeline_HASH_CHUNK_fu_351/grp_sha256d_80_from_midstate_words_ii1_fu_358/grp_sha256_compress_words_ii1_fu_140/t2_63_reg_8615_reg/DSP_A_B_DATA_INST/A_ALU[6]
                         net (fo=1, routed)           0.000     8.755    system_i/mine_1/inst/grp_mine_Pipeline_HASH_CHUNK_fu_351/grp_sha256d_80_from_midstate_words_ii1_fu_358/grp_sha256_compress_words_ii1_fu_140/t2_63_reg_8615_reg/DSP_A_B_DATA.A_ALU<6>
    DSP48E2_X11Y52       DSP_ALU (Prop_DSP_ALU_DSP48E2_A_ALU[6]_ALU_OUT[31])
                                                      0.726     9.481 r  system_i/mine_1/inst/grp_mine_Pipeline_HASH_CHUNK_fu_351/grp_sha256d_80_from_midstate_words_ii1_fu_358/grp_sha256_compress_words_ii1_fu_140/t2_63_reg_8615_reg/DSP_ALU_INST/ALU_OUT[31]
                         net (fo=1, routed)           0.000     9.481    system_i/mine_1/inst/grp_mine_Pipeline_HASH_CHUNK_fu_351/grp_sha256d_80_from_midstate_words_ii1_fu_358/grp_sha256_compress_words_ii1_fu_140/t2_63_reg_8615_reg/DSP_ALU.ALU_OUT<31>
    DSP48E2_X11Y52       DSP_OUTPUT                                   r  system_i/mine_1/inst/grp_mine_Pipeline_HASH_CHUNK_fu_351/grp_sha256d_80_from_midstate_words_ii1_fu_358/grp_sha256_compress_words_ii1_fu_140/t2_63_reg_8615_reg/DSP_OUTPUT_INST/ALU_OUT[31]
  -------------------------------------------------------------------    -------------------

                         (clock clk_out2_system_clk_wiz_0_0 rise edge)
                                                      5.000     5.000 r  
    BUFG_PS_X0Y81        BUFG_PS                      0.000     5.000 r  system_i/zynq_ultra_ps_e_0/inst/buffer_pl_clk_0.PL_CLK_0_BUFG/O
                         net (fo=1, routed)           1.458     6.458    system_i/clk_wiz_0/inst/clk_in1
    MMCM_X0Y3            MMCME4_ADV (Prop_MMCM_CLKIN1_CLKOUT1)
                                                      0.739     7.197 r  system_i/clk_wiz_0/inst/mmcme4_adv_inst/CLKOUT1
                         net (fo=1, routed)           0.312     7.509    system_i/clk_wiz_0/inst/clk_out2_system_clk_wiz_0_0
    BUFGCE_X0Y76         BUFGCE (Prop_BUFCE_BUFGCE_I_O)
                                                      0.039     7.548 r  system_i/clk_wiz_0/inst/clkout2_buf/O
    X1Y1 (CLOCK_ROOT)    net (fo=69546, routed)       2.461    10.009    system_i/mine_1/inst/grp_mine_Pipeline_HASH_CHUNK_fu_351/grp_sha256d_80_from_midstate_words_ii1_fu_358/grp_sha256_compress_words_ii1_fu_140/t2_63_reg_8615_reg/CLK
    DSP48E2_X11Y52       DSP_OUTPUT                                   r  system_i/mine_1/inst/grp_mine_Pipeline_HASH_CHUNK_fu_351/grp_sha256d_80_from_midstate_words_ii1_fu_358/grp_sha256_compress_words_ii1_fu_140/t2_63_reg_8615_reg/DSP_OUTPUT_INST/CLK
                         clock pessimism             -0.478     9.531    
                         clock uncertainty           -0.062     9.469    
    DSP48E2_X11Y52       DSP_OUTPUT (Setup_DSP_OUTPUT_DSP48E2_CLK_ALU_OUT[31])
                                                      0.014     9.483    system_i/mine_1/inst/grp_mine_Pipeline_HASH_CHUNK_fu_351/grp_sha256d_80_from_midstate_words_ii1_fu_358/grp_sha256_compress_words_ii1_fu_140/t2_63_reg_8615_reg/DSP_OUTPUT_INST
  -------------------------------------------------------------------
                         required time                          9.483    
                         arrival time                          -9.481    
  -------------------------------------------------------------------
                         slack                                  0.001    

Slack (MET) :             0.001ns  (required time - arrival time)
  Source:                 system_i/mine_1/inst/grp_mine_Pipeline_HASH_CHUNK_fu_351/grp_sha256d_80_from_midstate_words_ii1_fu_358/grp_sha256_compress_words_ii1_fu_140/next_a_61_reg_8583_reg[23]/C
                            (rising edge-triggered cell FDRE clocked by clk_out2_system_clk_wiz_0_0  {rise@0.000ns fall@2.500ns period=5.000ns})
  Destination:            system_i/mine_1/inst/grp_mine_Pipeline_HASH_CHUNK_fu_351/grp_sha256d_80_from_midstate_words_ii1_fu_358/grp_sha256_compress_words_ii1_fu_140/t2_63_reg_8615_reg/DSP_OUTPUT_INST/ALU_OUT[32]
                            (rising edge-triggered cell DSP_OUTPUT clocked by clk_out2_system_clk_wiz_0_0  {rise@0.000ns fall@2.500ns period=5.000ns})
  Path Group:             clk_out2_system_clk_wiz_0_0
  Path Type:              Setup (Max at Slow Process Corner)
  Requirement:            5.000ns  (clk_out2_system_clk_wiz_0_0 rise@5.000ns - clk_out2_system_clk_wiz_0_0 rise@0.000ns)
  Data Path Delay:        4.953ns  (logic 3.490ns (70.462%)  route 1.463ns (29.539%))
  Logic Levels:           9  (DSP_A_B_DATA=1 DSP_ALU=3 DSP_C_DATA=1 DSP_OUTPUT=2 LUT3=2)
  Clock Path Skew:        0.002ns (DCD - SCD + CPR)
    Destination Clock Delay (DCD):    5.009ns = ( 10.009 - 5.000 ) 
    Source Clock Delay      (SCD):    4.528ns
    Clock Pessimism Removal (CPR):    -0.478ns
  Clock Uncertainty:      0.062ns  ((TSJ^2 + DJ^2)^1/2) / 2 + PE
    Total System Jitter     (TSJ):    0.071ns
    Discrete Jitter          (DJ):    0.102ns
    Phase Error              (PE):    0.000ns
  Clock Net Delay (Source):      2.621ns (routing 1.241ns, distribution 1.380ns)
  Clock Net Delay (Destination): 2.461ns (routing 1.133ns, distribution 1.328ns)

    Location             Delay type                Incr(ns)  Path(ns)    Netlist Resource(s)
  -------------------------------------------------------------------    -------------------
                         (clock clk_out2_system_clk_wiz_0_0 rise edge)
                                                      0.000     0.000 r  
    BUFG_PS_X0Y81        BUFG_PS                      0.000     0.000 r  system_i/zynq_ultra_ps_e_0/inst/buffer_pl_clk_0.PL_CLK_0_BUFG/O
                         net (fo=1, routed)           1.611     1.611    system_i/clk_wiz_0/inst/clk_in1
    MMCM_X0Y3            MMCME4_ADV (Prop_MMCM_CLKIN1_CLKOUT1)
                                                     -0.103     1.508 r  system_i/clk_wiz_0/inst/mmcme4_adv_inst/CLKOUT1
                         net (fo=1, routed)           0.355     1.863    system_i/clk_wiz_0/inst/clk_out2_system_clk_wiz_0_0
    BUFGCE_X0Y76         BUFGCE (Prop_BUFCE_BUFGCE_I_O)
                                                      0.044     1.907 r  system_i/clk_wiz_0/inst/clkout2_buf/O
    X1Y1 (CLOCK_ROOT)    net (fo=69546, routed)       2.621     4.528    system_i/mine_1/inst/grp_mine_Pipeline_HASH_CHUNK_fu_351/grp_sha256d_80_from_midstate_words_ii1_fu_358/grp_sha256_compress_words_ii1_fu_140/ap_clk
    SLICE_X40Y140        FDRE                                         r  system_i/mine_1/inst/grp_mine_Pipeline_HASH_CHUNK_fu_351/grp_sha256d_80_from_midstate_words_ii1_fu_358/grp_sha256_compress_words_ii1_fu_140/next_a_61_reg_8583_reg[23]/C
  -------------------------------------------------------------------    -------------------
    SLICE_X40Y140        FDRE (Prop_HFF_SLICEM_C_Q)
                                                      0.114     4.642 r  system_i/mine_1/inst/grp_mine_Pipeline_HASH_CHUNK_fu_351/grp_sha256d_80_from_midstate_words_ii1_fu_358/grp_sha256_compress_words_ii1_fu_140/next_a_61_reg_8583_reg[23]/Q
                         net (fo=5, routed)           0.322     4.964    system_i/mine_1/inst/grp_mine_Pipeline_HASH_CHUNK_fu_351/grp_sha256d_80_from_midstate_words_ii1_fu_358/grp_sha256_compress_words_ii1_fu_140/add_32ns_32ns_32_1_0_U256/next_a_61_reg_8583[23]
    SLICE_X40Y137        LUT3 (Prop_E6LUT_SLICEM_I1_O)
                                                      0.223     5.187 r  system_i/mine_1/inst/grp_mine_Pipeline_HASH_CHUNK_fu_351/grp_sha256d_80_from_midstate_words_ii1_fu_358/grp_sha256_compress_words_ii1_fu_140/add_32ns_32ns_32_1_0_U256/dout_i_63__34/O
                         net (fo=1, routed)           0.369     5.556    system_i/mine_1/inst/grp_mine_Pipeline_HASH_CHUNK_fu_351/grp_sha256d_80_from_midstate_words_ii1_fu_358/grp_sha256_compress_words_ii1_fu_140/add_32ns_32ns_32_1_0_U256/dout/C[1]
    DSP48E2_X11Y54       DSP_C_DATA (Prop_DSP_C_DATA_DSP48E2_C[1]_C_DATA[1])
                                                      0.135     5.691 r  system_i/mine_1/inst/grp_mine_Pipeline_HASH_CHUNK_fu_351/grp_sha256d_80_from_midstate_words_ii1_fu_358/grp_sha256_compress_words_ii1_fu_140/add_32ns_32ns_32_1_0_U256/dout/DSP_C_DATA_INST/C_DATA[1]
                         net (fo=2, routed)           0.000     5.691    system_i/mine_1/inst/grp_mine_Pipeline_HASH_CHUNK_fu_351/grp_sha256d_80_from_midstate_words_ii1_fu_358/grp_sha256_compress_words_ii1_fu_140/add_32ns_32ns_32_1_0_U256/dout/DSP_C_DATA.C_DATA<1>
    DSP48E2_X11Y54       DSP_ALU (Prop_DSP_ALU_DSP48E2_C_DATA[1]_ALU_OUT[47])
                                                      0.786     6.477 f  system_i/mine_1/inst/grp_mine_Pipeline_HASH_CHUNK_fu_351/grp_sha256d_80_from_midstate_words_ii1_fu_358/grp_sha256_compress_words_ii1_fu_140/add_32ns_32ns_32_1_0_U256/dout/DSP_ALU_INST/ALU_OUT[47]
                         net (fo=1, routed)           0.000     6.477    system_i/mine_1/inst/grp_mine_Pipeline_HASH_CHUNK_fu_351/grp_sha256d_80_from_midstate_words_ii1_fu_358/grp_sha256_compress_words_ii1_fu_140/add_32ns_32ns_32_1_0_U256/dout/DSP_ALU.ALU_OUT<47>
    DSP48E2_X11Y54       DSP_OUTPUT (Prop_DSP_OUTPUT_DSP48E2_ALU_OUT[47]_PCOUT[47])
                                                      0.167     6.644 r  system_i/mine_1/inst/grp_mine_Pipeline_HASH_CHUNK_fu_351/grp_sha256d_80_from_midstate_words_ii1_fu_358/grp_sha256_compress_words_ii1_fu_140/add_32ns_32ns_32_1_0_U256/dout/DSP_OUTPUT_INST/PCOUT[47]
                         net (fo=1, routed)           0.014     6.658    system_i/mine_1/inst/grp_mine_Pipeline_HASH_CHUNK_fu_351/grp_sha256d_80_from_midstate_words_ii1_fu_358/grp_sha256_compress_words_ii1_fu_140/next_a_62_fu_6388_p2/PCIN[47]
    DSP48E2_X11Y55       DSP_ALU (Prop_DSP_ALU_DSP48E2_PCIN[47]_ALU_OUT[24])
                                                      0.739     7.397 r  system_i/mine_1/inst/grp_mine_Pipeline_HASH_CHUNK_fu_351/grp_sha256d_80_from_midstate_words_ii1_fu_358/grp_sha256_compress_words_ii1_fu_140/next_a_62_fu_6388_p2/DSP_ALU_INST/ALU_OUT[24]
                         net (fo=1, routed)           0.000     7.397    system_i/mine_1/inst/grp_mine_Pipeline_HASH_CHUNK_fu_351/grp_sha256d_80_from_midstate_words_ii1_fu_358/grp_sha256_compress_words_ii1_fu_140/next_a_62_fu_6388_p2/DSP_ALU.ALU_OUT<24>
    DSP48E2_X11Y55       DSP_OUTPUT (Prop_DSP_OUTPUT_DSP48E2_ALU_OUT[24]_P[24])
                                                      0.146     7.543 f  system_i/mine_1/inst/grp_mine_Pipeline_HASH_CHUNK_fu_351/grp_sha256d_80_from_midstate_words_ii1_fu_358/grp_sha256_compress_words_ii1_fu_140/next_a_62_fu_6388_p2/DSP_OUTPUT_INST/P[24]
                         net (fo=6, routed)           0.420     7.963    system_i/mine_1/inst/grp_mine_Pipeline_HASH_CHUNK_fu_351/grp_sha256d_80_from_midstate_words_ii1_fu_358/grp_sha256_compress_words_ii1_fu_140/maj_63_majority_fu_2857/P[24]
    SLICE_X40Y134        LUT3 (Prop_H5LUT_SLICEM_I1_O)
                                                      0.189     8.152 f  system_i/mine_1/inst/grp_mine_Pipeline_HASH_CHUNK_fu_351/grp_sha256d_80_from_midstate_words_ii1_fu_358/grp_sha256_compress_words_ii1_fu_140/maj_63_majority_fu_2857/t2_63_reg_8615_reg_i_26/O
                         net (fo=1, routed)           0.338     8.490    system_i/mine_1/inst/grp_mine_Pipeline_HASH_CHUNK_fu_351/grp_sha256d_80_from_midstate_words_ii1_fu_358/grp_sha256_compress_words_ii1_fu_140/t2_63_reg_8615_reg/A[6]
    DSP48E2_X11Y52       DSP_A_B_DATA (Prop_DSP_A_B_DATA_DSP48E2_A[6]_A_ALU[6])
                                                      0.265     8.755 r  system_i/mine_1/inst/grp_mine_Pipeline_HASH_CHUNK_fu_351/grp_sha256d_80_from_midstate_words_ii1_fu_358/grp_sha256_compress_words_ii1_fu_140/t2_63_reg_8615_reg/DSP_A_B_DATA_INST/A_ALU[6]
                         net (fo=1, routed)           0.000     8.755    system_i/mine_1/inst/grp_mine_Pipeline_HASH_CHUNK_fu_351/grp_sha256d_80_from_midstate_words_ii1_fu_358/grp_sha256_compress_words_ii1_fu_140/t2_63_reg_8615_reg/DSP_A_B_DATA.A_ALU<6>
    DSP48E2_X11Y52       DSP_ALU (Prop_DSP_ALU_DSP48E2_A_ALU[6]_ALU_OUT[32])
                                                      0.726     9.481 r  system_i/mine_1/inst/grp_mine_Pipeline_HASH_CHUNK_fu_351/grp_sha256d_80_from_midstate_words_ii1_fu_358/grp_sha256_compress_words_ii1_fu_140/t2_63_reg_8615_reg/DSP_ALU_INST/ALU_OUT[32]
                         net (fo=1, routed)           0.000     9.481    system_i/mine_1/inst/grp_mine_Pipeline_HASH_CHUNK_fu_351/grp_sha256d_80_from_midstate_words_ii1_fu_358/grp_sha256_compress_words_ii1_fu_140/t2_63_reg_8615_reg/DSP_ALU.ALU_OUT<32>
    DSP48E2_X11Y52       DSP_OUTPUT                                   r  system_i/mine_1/inst/grp_mine_Pipeline_HASH_CHUNK_fu_351/grp_sha256d_80_from_midstate_words_ii1_fu_358/grp_sha256_compress_words_ii1_fu_140/t2_63_reg_8615_reg/DSP_OUTPUT_INST/ALU_OUT[32]
  -------------------------------------------------------------------    -------------------

                         (clock clk_out2_system_clk_wiz_0_0 rise edge)
                                                      5.000     5.000 r  
    BUFG_PS_X0Y81        BUFG_PS                      0.000     5.000 r  system_i/zynq_ultra_ps_e_0/inst/buffer_pl_clk_0.PL_CLK_0_BUFG/O
                         net (fo=1, routed)           1.458     6.458    system_i/clk_wiz_0/inst/clk_in1
    MMCM_X0Y3            MMCME4_ADV (Prop_MMCM_CLKIN1_CLKOUT1)
                                                      0.739     7.197 r  system_i/clk_wiz_0/inst/mmcme4_adv_inst/CLKOUT1
                         net (fo=1, routed)           0.312     7.509    system_i/clk_wiz_0/inst/clk_out2_system_clk_wiz_0_0
    BUFGCE_X0Y76         BUFGCE (Prop_BUFCE_BUFGCE_I_O)
                                                      0.039     7.548 r  system_i/clk_wiz_0/inst/clkout2_buf/O
    X1Y1 (CLOCK_ROOT)    net (fo=69546, routed)       2.461    10.009    system_i/mine_1/inst/grp_mine_Pipeline_HASH_CHUNK_fu_351/grp_sha256d_80_from_midstate_words_ii1_fu_358/grp_sha256_compress_words_ii1_fu_140/t2_63_reg_8615_reg/CLK
    DSP48E2_X11Y52       DSP_OUTPUT                                   r  system_i/mine_1/inst/grp_mine_Pipeline_HASH_CHUNK_fu_351/grp_sha256d_80_from_midstate_words_ii1_fu_358/grp_sha256_compress_words_ii1_fu_140/t2_63_reg_8615_reg/DSP_OUTPUT_INST/CLK
                         clock pessimism             -0.478     9.531    
                         clock uncertainty           -0.062     9.469    
    DSP48E2_X11Y52       DSP_OUTPUT (Setup_DSP_OUTPUT_DSP48E2_CLK_ALU_OUT[32])
                                                      0.014     9.483    system_i/mine_1/inst/grp_mine_Pipeline_HASH_CHUNK_fu_351/grp_sha256d_80_from_midstate_words_ii1_fu_358/grp_sha256_compress_words_ii1_fu_140/t2_63_reg_8615_reg/DSP_OUTPUT_INST
  -------------------------------------------------------------------
                         required time                          9.483    
                         arrival time                          -9.481    
  -------------------------------------------------------------------
                         slack                                  0.001    

Slack (MET) :             0.001ns  (required time - arrival time)
  Source:                 system_i/mine_1/inst/grp_mine_Pipeline_HASH_CHUNK_fu_351/grp_sha256d_80_from_midstate_words_ii1_fu_358/grp_sha256_compress_words_ii1_fu_140/next_a_61_reg_8583_reg[23]/C
                            (rising edge-triggered cell FDRE clocked by clk_out2_system_clk_wiz_0_0  {rise@0.000ns fall@2.500ns period=5.000ns})
  Destination:            system_i/mine_1/inst/grp_mine_Pipeline_HASH_CHUNK_fu_351/grp_sha256d_80_from_midstate_words_ii1_fu_358/grp_sha256_compress_words_ii1_fu_140/t2_63_reg_8615_reg/DSP_OUTPUT_INST/ALU_OUT[33]
                            (rising edge-triggered cell DSP_OUTPUT clocked by clk_out2_system_clk_wiz_0_0  {rise@0.000ns fall@2.500ns period=5.000ns})
  Path Group:             clk_out2_system_clk_wiz_0_0
  Path Type:              Setup (Max at Slow Process Corner)
  Requirement:            5.000ns  (clk_out2_system_clk_wiz_0_0 rise@5.000ns - clk_out2_system_clk_wiz_0_0 rise@0.000ns)
  Data Path Delay:        4.953ns  (logic 3.490ns (70.462%)  route 1.463ns (29.539%))
  Logic Levels:           9  (DSP_A_B_DATA=1 DSP_ALU=3 DSP_C_DATA=1 DSP_OUTPUT=2 LUT3=2)
  Clock Path Skew:        0.002ns (DCD - SCD + CPR)
    Destination Clock Delay (DCD):    5.009ns = ( 10.009 - 5.000 ) 
    Source Clock Delay      (SCD):    4.528ns
    Clock Pessimism Removal (CPR):    -0.478ns
  Clock Uncertainty:      0.062ns  ((TSJ^2 + DJ^2)^1/2) / 2 + PE
    Total System Jitter     (TSJ):    0.071ns
    Discrete Jitter          (DJ):    0.102ns
    Phase Error              (PE):    0.000ns
  Clock Net Delay (Source):      2.621ns (routing 1.241ns, distribution 1.380ns)
  Clock Net Delay (Destination): 2.461ns (routing 1.133ns, distribution 1.328ns)

    Location             Delay type                Incr(ns)  Path(ns)    Netlist Resource(s)
  -------------------------------------------------------------------    -------------------
                         (clock clk_out2_system_clk_wiz_0_0 rise edge)
                                                      0.000     0.000 r  
    BUFG_PS_X0Y81        BUFG_PS                      0.000     0.000 r  system_i/zynq_ultra_ps_e_0/inst/buffer_pl_clk_0.PL_CLK_0_BUFG/O
                         net (fo=1, routed)           1.611     1.611    system_i/clk_wiz_0/inst/clk_in1
    MMCM_X0Y3            MMCME4_ADV (Prop_MMCM_CLKIN1_CLKOUT1)
                                                     -0.103     1.508 r  system_i/clk_wiz_0/inst/mmcme4_adv_inst/CLKOUT1
                         net (fo=1, routed)           0.355     1.863    system_i/clk_wiz_0/inst/clk_out2_system_clk_wiz_0_0
    BUFGCE_X0Y76         BUFGCE (Prop_BUFCE_BUFGCE_I_O)
                                                      0.044     1.907 r  system_i/clk_wiz_0/inst/clkout2_buf/O
    X1Y1 (CLOCK_ROOT)    net (fo=69546, routed)       2.621     4.528    system_i/mine_1/inst/grp_mine_Pipeline_HASH_CHUNK_fu_351/grp_sha256d_80_from_midstate_words_ii1_fu_358/grp_sha256_compress_words_ii1_fu_140/ap_clk
    SLICE_X40Y140        FDRE                                         r  system_i/mine_1/inst/grp_mine_Pipeline_HASH_CHUNK_fu_351/grp_sha256d_80_from_midstate_words_ii1_fu_358/grp_sha256_compress_words_ii1_fu_140/next_a_61_reg_8583_reg[23]/C
  -------------------------------------------------------------------    -------------------
    SLICE_X40Y140        FDRE (Prop_HFF_SLICEM_C_Q)
                                                      0.114     4.642 r  system_i/mine_1/inst/grp_mine_Pipeline_HASH_CHUNK_fu_351/grp_sha256d_80_from_midstate_words_ii1_fu_358/grp_sha256_compress_words_ii1_fu_140/next_a_61_reg_8583_reg[23]/Q
                         net (fo=5, routed)           0.322     4.964    system_i/mine_1/inst/grp_mine_Pipeline_HASH_CHUNK_fu_351/grp_sha256d_80_from_midstate_words_ii1_fu_358/grp_sha256_compress_words_ii1_fu_140/add_32ns_32ns_32_1_0_U256/next_a_61_reg_8583[23]
    SLICE_X40Y137        LUT3 (Prop_E6LUT_SLICEM_I1_O)
                                                      0.223     5.187 r  system_i/mine_1/inst/grp_mine_Pipeline_HASH_CHUNK_fu_351/grp_sha256d_80_from_midstate_words_ii1_fu_358/grp_sha256_compress_words_ii1_fu_140/add_32ns_32ns_32_1_0_U256/dout_i_63__34/O
                         net (fo=1, routed)           0.369     5.556    system_i/mine_1/inst/grp_mine_Pipeline_HASH_CHUNK_fu_351/grp_sha256d_80_from_midstate_words_ii1_fu_358/grp_sha256_compress_words_ii1_fu_140/add_32ns_32ns_32_1_0_U256/dout/C[1]
    DSP48E2_X11Y54       DSP_C_DATA (Prop_DSP_C_DATA_DSP48E2_C[1]_C_DATA[1])
                                                      0.135     5.691 r  system_i/mine_1/inst/grp_mine_Pipeline_HASH_CHUNK_fu_351/grp_sha256d_80_from_midstate_words_ii1_fu_358/grp_sha256_compress_words_ii1_fu_140/add_32ns_32ns_32_1_0_U256/dout/DSP_C_DATA_INST/C_DATA[1]
                         net (fo=2, routed)           0.000     5.691    system_i/mine_1/inst/grp_mine_Pipeline_HASH_CHUNK_fu_351/grp_sha256d_80_from_midstate_words_ii1_fu_358/grp_sha256_compress_words_ii1_fu_140/add_32ns_32ns_32_1_0_U256/dout/DSP_C_DATA.C_DATA<1>
    DSP48E2_X11Y54       DSP_ALU (Prop_DSP_ALU_DSP48E2_C_DATA[1]_ALU_OUT[47])
                                                      0.786     6.477 f  system_i/mine_1/inst/grp_mine_Pipeline_HASH_CHUNK_fu_351/grp_sha256d_80_from_midstate_words_ii1_fu_358/grp_sha256_compress_words_ii1_fu_140/add_32ns_32ns_32_1_0_U256/dout/DSP_ALU_INST/ALU_OUT[47]
                         net (fo=1, routed)           0.000     6.477    system_i/mine_1/inst/grp_mine_Pipeline_HASH_CHUNK_fu_351/grp_sha256d_80_from_midstate_words_ii1_fu_358/grp_sha256_compress_words_ii1_fu_140/add_32ns_32ns_32_1_0_U256/dout/DSP_ALU.ALU_OUT<47>
    DSP48E2_X11Y54       DSP_OUTPUT (Prop_DSP_OUTPUT_DSP48E2_ALU_OUT[47]_PCOUT[47])
                                                      0.167     6.644 r  system_i/mine_1/inst/grp_mine_Pipeline_HASH_CHUNK_fu_351/grp_sha256d_80_from_midstate_words_ii1_fu_358/grp_sha256_compress_words_ii1_fu_140/add_32ns_32ns_32_1_0_U256/dout/DSP_OUTPUT_INST/PCOUT[47]
                         net (fo=1, routed)           0.014     6.658    system_i/mine_1/inst/grp_mine_Pipeline_HASH_CHUNK_fu_351/grp_sha256d_80_from_midstate_words_ii1_fu_358/grp_sha256_compress_words_ii1_fu_140/next_a_62_fu_6388_p2/PCIN[47]
    DSP48E2_X11Y55       DSP_ALU (Prop_DSP_ALU_DSP48E2_PCIN[47]_ALU_OUT[24])
                                                      0.739     7.397 r  system_i/mine_1/inst/grp_mine_Pipeline_HASH_CHUNK_fu_351/grp_sha256d_80_from_midstate_words_ii1_fu_358/grp_sha256_compress_words_ii1_fu_140/next_a_62_fu_6388_p2/DSP_ALU_INST/ALU_OUT[24]
                         net (fo=1, routed)           0.000     7.397    system_i/mine_1/inst/grp_mine_Pipeline_HASH_CHUNK_fu_351/grp_sha256d_80_from_midstate_words_ii1_fu_358/grp_sha256_compress_words_ii1_fu_140/next_a_62_fu_6388_p2/DSP_ALU.ALU_OUT<24>
    DSP48E2_X11Y55       DSP_OUTPUT (Prop_DSP_OUTPUT_DSP48E2_ALU_OUT[24]_P[24])
                                                      0.146     7.543 f  system_i/mine_1/inst/grp_mine_Pipeline_HASH_CHUNK_fu_351/grp_sha256d_80_from_midstate_words_ii1_fu_358/grp_sha256_compress_words_ii1_fu_140/next_a_62_fu_6388_p2/DSP_OUTPUT_INST/P[24]
                         net (fo=6, routed)           0.420     7.963    system_i/mine_1/inst/grp_mine_Pipeline_HASH_CHUNK_fu_351/grp_sha256d_80_from_midstate_words_ii1_fu_358/grp_sha256_compress_words_ii1_fu_140/maj_63_majority_fu_2857/P[24]
    SLICE_X40Y134        LUT3 (Prop_H5LUT_SLICEM_I1_O)
                                                      0.189     8.152 f  system_i/mine_1/inst/grp_mine_Pipeline_HASH_CHUNK_fu_351/grp_sha256d_80_from_midstate_words_ii1_fu_358/grp_sha256_compress_words_ii1_fu_140/maj_63_majority_fu_2857/t2_63_reg_8615_reg_i_26/O
                         net (fo=1, routed)           0.338     8.490    system_i/mine_1/inst/grp_mine_Pipeline_HASH_CHUNK_fu_351/grp_sha256d_80_from_midstate_words_ii1_fu_358/grp_sha256_compress_words_ii1_fu_140/t2_63_reg_8615_reg/A[6]
    DSP48E2_X11Y52       DSP_A_B_DATA (Prop_DSP_A_B_DATA_DSP48E2_A[6]_A_ALU[6])
                                                      0.265     8.755 r  system_i/mine_1/inst/grp_mine_Pipeline_HASH_CHUNK_fu_351/grp_sha256d_80_from_midstate_words_ii1_fu_358/grp_sha256_compress_words_ii1_fu_140/t2_63_reg_8615_reg/DSP_A_B_DATA_INST/A_ALU[6]
                         net (fo=1, routed)           0.000     8.755    system_i/mine_1/inst/grp_mine_Pipeline_HASH_CHUNK_fu_351/grp_sha256d_80_from_midstate_words_ii1_fu_358/grp_sha256_compress_words_ii1_fu_140/t2_63_reg_8615_reg/DSP_A_B_DATA.A_ALU<6>
    DSP48E2_X11Y52       DSP_ALU (Prop_DSP_ALU_DSP48E2_A_ALU[6]_ALU_OUT[33])
                                                      0.726     9.481 r  system_i/mine_1/inst/grp_mine_Pipeline_HASH_CHUNK_fu_351/grp_sha256d_80_from_midstate_words_ii1_fu_358/grp_sha256_compress_words_ii1_fu_140/t2_63_reg_8615_reg/DSP_ALU_INST/ALU_OUT[33]
                         net (fo=1, routed)           0.000     9.481    system_i/mine_1/inst/grp_mine_Pipeline_HASH_CHUNK_fu_351/grp_sha256d_80_from_midstate_words_ii1_fu_358/grp_sha256_compress_words_ii1_fu_140/t2_63_reg_8615_reg/DSP_ALU.ALU_OUT<33>
    DSP48E2_X11Y52       DSP_OUTPUT                                   r  system_i/mine_1/inst/grp_mine_Pipeline_HASH_CHUNK_fu_351/grp_sha256d_80_from_midstate_words_ii1_fu_358/grp_sha256_compress_words_ii1_fu_140/t2_63_reg_8615_reg/DSP_OUTPUT_INST/ALU_OUT[33]
  -------------------------------------------------------------------    -------------------

                         (clock clk_out2_system_clk_wiz_0_0 rise edge)
                                                      5.000     5.000 r  
    BUFG_PS_X0Y81        BUFG_PS                      0.000     5.000 r  system_i/zynq_ultra_ps_e_0/inst/buffer_pl_clk_0.PL_CLK_0_BUFG/O
                         net (fo=1, routed)           1.458     6.458    system_i/clk_wiz_0/inst/clk_in1
    MMCM_X0Y3            MMCME4_ADV (Prop_MMCM_CLKIN1_CLKOUT1)
                                                      0.739     7.197 r  system_i/clk_wiz_0/inst/mmcme4_adv_inst/CLKOUT1
                         net (fo=1, routed)           0.312     7.509    system_i/clk_wiz_0/inst/clk_out2_system_clk_wiz_0_0
    BUFGCE_X0Y76         BUFGCE (Prop_BUFCE_BUFGCE_I_O)
                                                      0.039     7.548 r  system_i/clk_wiz_0/inst/clkout2_buf/O
    X1Y1 (CLOCK_ROOT)    net (fo=69546, routed)       2.461    10.009    system_i/mine_1/inst/grp_mine_Pipeline_HASH_CHUNK_fu_351/grp_sha256d_80_from_midstate_words_ii1_fu_358/grp_sha256_compress_words_ii1_fu_140/t2_63_reg_8615_reg/CLK
    DSP48E2_X11Y52       DSP_OUTPUT                                   r  system_i/mine_1/inst/grp_mine_Pipeline_HASH_CHUNK_fu_351/grp_sha256d_80_from_midstate_words_ii1_fu_358/grp_sha256_compress_words_ii1_fu_140/t2_63_reg_8615_reg/DSP_OUTPUT_INST/CLK
                         clock pessimism             -0.478     9.531    
                         clock uncertainty           -0.062     9.469    
    DSP48E2_X11Y52       DSP_OUTPUT (Setup_DSP_OUTPUT_DSP48E2_CLK_ALU_OUT[33])
                                                      0.014     9.483    system_i/mine_1/inst/grp_mine_Pipeline_HASH_CHUNK_fu_351/grp_sha256d_80_from_midstate_words_ii1_fu_358/grp_sha256_compress_words_ii1_fu_140/t2_63_reg_8615_reg/DSP_OUTPUT_INST
  -------------------------------------------------------------------
                         required time                          9.483    
                         arrival time                          -9.481    
  -------------------------------------------------------------------
                         slack                                  0.001    





Min Delay Paths
--------------------------------------------------------------------------------------
Slack (MET) :             0.008ns  (arrival time - required time)
  Source:                 system_i/mine_1/inst/grp_mine_Pipeline_HASH_CHUNK_fu_351/grp_sha256d_80_from_midstate_words_ii1_fu_358/grp_sha256_compress_words_ii1_fu_179/next_e_37_reg_7781_reg[4]/C
                            (rising edge-triggered cell FDRE clocked by clk_out2_system_clk_wiz_0_0  {rise@0.000ns fall@2.500ns period=5.000ns})
  Destination:            system_i/mine_1/inst/grp_mine_Pipeline_HASH_CHUNK_fu_351/grp_sha256d_80_from_midstate_words_ii1_fu_358/grp_sha256_compress_words_ii1_fu_179/next_e_37_reg_7781_pp0_iter46_reg_reg[4]/D
                            (rising edge-triggered cell FDRE clocked by clk_out2_system_clk_wiz_0_0  {rise@0.000ns fall@2.500ns period=5.000ns})
  Path Group:             clk_out2_system_clk_wiz_0_0
  Path Type:              Hold (Min at Slow Process Corner)
  Requirement:            0.000ns  (clk_out2_system_clk_wiz_0_0 rise@0.000ns - clk_out2_system_clk_wiz_0_0 rise@0.000ns)
  Data Path Delay:        0.242ns  (logic 0.112ns (46.348%)  route 0.130ns (53.652%))
  Logic Levels:           0  
  Clock Path Skew:        0.130ns (DCD - SCD - CPR)
    Destination Clock Delay (DCD):    4.712ns
    Source Clock Delay      (SCD):    5.055ns
    Clock Pessimism Removal (CPR):    -0.474ns
  Clock Net Delay (Source):      2.507ns (routing 1.133ns, distribution 1.374ns)
  Clock Net Delay (Destination): 2.805ns (routing 1.241ns, distribution 1.564ns)

    Location             Delay type                Incr(ns)  Path(ns)    Netlist Resource(s)
  -------------------------------------------------------------------    -------------------
                         (clock clk_out2_system_clk_wiz_0_0 rise edge)
                                                      0.000     0.000 r  
    BUFG_PS_X0Y81        BUFG_PS                      0.000     0.000 r  system_i/zynq_ultra_ps_e_0/inst/buffer_pl_clk_0.PL_CLK_0_BUFG/O
                         net (fo=1, routed)           1.458     1.458    system_i/clk_wiz_0/inst/clk_in1
    MMCM_X0Y3            MMCME4_ADV (Prop_MMCM_CLKIN1_CLKOUT1)
                                                      0.739     2.197 r  system_i/clk_wiz_0/inst/mmcme4_adv_inst/CLKOUT1
                         net (fo=1, routed)           0.312     2.509    system_i/clk_wiz_0/inst/clk_out2_system_clk_wiz_0_0
    BUFGCE_X0Y76         BUFGCE (Prop_BUFCE_BUFGCE_I_O)
                                                      0.039     2.548 r  system_i/clk_wiz_0/inst/clkout2_buf/O
    X1Y1 (CLOCK_ROOT)    net (fo=69546, routed)       2.507     5.055    system_i/mine_1/inst/grp_mine_Pipeline_HASH_CHUNK_fu_351/grp_sha256d_80_from_midstate_words_ii1_fu_358/grp_sha256_compress_words_ii1_fu_179/ap_clk
    SLICE_X20Y132        FDRE                                         r  system_i/mine_1/inst/grp_mine_Pipeline_HASH_CHUNK_fu_351/grp_sha256d_80_from_midstate_words_ii1_fu_358/grp_sha256_compress_words_ii1_fu_179/next_e_37_reg_7781_reg[4]/C
  -------------------------------------------------------------------    -------------------
    SLICE_X20Y132        FDRE (Prop_EFF_SLICEM_C_Q)
                                                      0.112     5.167 r  system_i/mine_1/inst/grp_mine_Pipeline_HASH_CHUNK_fu_351/grp_sha256d_80_from_midstate_words_ii1_fu_358/grp_sha256_compress_words_ii1_fu_179/next_e_37_reg_7781_reg[4]/Q
                         net (fo=5, routed)           0.130     5.297    system_i/mine_1/inst/grp_mine_Pipeline_HASH_CHUNK_fu_351/grp_sha256d_80_from_midstate_words_ii1_fu_358/grp_sha256_compress_words_ii1_fu_179/next_e_37_reg_7781[4]
    SLICE_X21Y132        FDRE                                         r  system_i/mine_1/inst/grp_mine_Pipeline_HASH_CHUNK_fu_351/grp_sha256d_80_from_midstate_words_ii1_fu_358/grp_sha256_compress_words_ii1_fu_179/next_e_37_reg_7781_pp0_iter46_reg_reg[4]/D
  -------------------------------------------------------------------    -------------------

                         (clock clk_out2_system_clk_wiz_0_0 rise edge)
                                                      0.000     0.000 r  
    BUFG_PS_X0Y81        BUFG_PS                      0.000     0.000 r  system_i/zynq_ultra_ps_e_0/inst/buffer_pl_clk_0.PL_CLK_0_BUFG/O
                         net (fo=1, routed)           1.611     1.611    system_i/clk_wiz_0/inst/clk_in1
    MMCM_X0Y3            MMCME4_ADV (Prop_MMCM_CLKIN1_CLKOUT1)
                                                     -0.103     1.508 r  system_i/clk_wiz_0/inst/mmcme4_adv_inst/CLKOUT1
                         net (fo=1, routed)           0.355     1.863    system_i/clk_wiz_0/inst/clk_out2_system_clk_wiz_0_0
    BUFGCE_X0Y76         BUFGCE (Prop_BUFCE_BUFGCE_I_O)
                                                      0.044     1.907 r  system_i/clk_wiz_0/inst/clkout2_buf/O
    X1Y1 (CLOCK_ROOT)    net (fo=69546, routed)       2.805     4.712    system_i/mine_1/inst/grp_mine_Pipeline_HASH_CHUNK_fu_351/grp_sha256d_80_from_midstate_words_ii1_fu_358/grp_sha256_compress_words_ii1_fu_179/ap_clk
    SLICE_X21Y132        FDRE                                         r  system_i/mine_1/inst/grp_mine_Pipeline_HASH_CHUNK_fu_351/grp_sha256d_80_from_midstate_words_ii1_fu_358/grp_sha256_compress_words_ii1_fu_179/next_e_37_reg_7781_pp0_iter46_reg_reg[4]/C
                         clock pessimism              0.474     5.185    
    SLICE_X21Y132        FDRE (Hold_HFF2_SLICEM_C_D)
                                                      0.103     5.288    system_i/mine_1/inst/grp_mine_Pipeline_HASH_CHUNK_fu_351/grp_sha256d_80_from_midstate_words_ii1_fu_358/grp_sha256_compress_words_ii1_fu_179/next_e_37_reg_7781_pp0_iter46_reg_reg[4]
  -------------------------------------------------------------------
                         required time                         -5.288    
                         arrival time                           5.297    
  -------------------------------------------------------------------
                         slack                                  0.008    

Slack (MET) :             0.010ns  (arrival time - required time)
  Source:                 system_i/mine_1/inst/grp_mine_Pipeline_HASH_CHUNK_fu_351/grp_sha256d_80_from_midstate_words_ii1_fu_358/grp_sha256_compress_words_ii1_fu_140/sched_sum2_43_reg_7052_pp0_iter20_reg_reg[19]/C
                            (rising edge-triggered cell FDRE clocked by clk_out2_system_clk_wiz_0_0  {rise@0.000ns fall@2.500ns period=5.000ns})
  Destination:            system_i/mine_1/inst/grp_mine_Pipeline_HASH_CHUNK_fu_351/grp_sha256d_80_from_midstate_words_ii1_fu_358/grp_sha256_compress_words_ii1_fu_140/sched_sum2_43_reg_7052_pp0_iter21_reg_reg[19]/D
                            (rising edge-triggered cell FDRE clocked by clk_out2_system_clk_wiz_0_0  {rise@0.000ns fall@2.500ns period=5.000ns})
  Path Group:             clk_out2_system_clk_wiz_0_0
  Path Type:              Hold (Min at Slow Process Corner)
  Requirement:            0.000ns  (clk_out2_system_clk_wiz_0_0 rise@0.000ns - clk_out2_system_clk_wiz_0_0 rise@0.000ns)
  Data Path Delay:        0.341ns  (logic 0.114ns (33.465%)  route 0.227ns (66.535%))
  Logic Levels:           0  
  Clock Path Skew:        0.229ns (DCD - SCD - CPR)
    Destination Clock Delay (DCD):    4.558ns
    Source Clock Delay      (SCD):    4.861ns
    Clock Pessimism Removal (CPR):    -0.533ns
  Clock Net Delay (Source):      2.313ns (routing 1.133ns, distribution 1.180ns)
  Clock Net Delay (Destination): 2.651ns (routing 1.241ns, distribution 1.410ns)

    Location             Delay type                Incr(ns)  Path(ns)    Netlist Resource(s)
  -------------------------------------------------------------------    -------------------
                         (clock clk_out2_system_clk_wiz_0_0 rise edge)
                                                      0.000     0.000 r  
    BUFG_PS_X0Y81        BUFG_PS                      0.000     0.000 r  system_i/zynq_ultra_ps_e_0/inst/buffer_pl_clk_0.PL_CLK_0_BUFG/O
                         net (fo=1, routed)           1.458     1.458    system_i/clk_wiz_0/inst/clk_in1
    MMCM_X0Y3            MMCME4_ADV (Prop_MMCM_CLKIN1_CLKOUT1)
                                                      0.739     2.197 r  system_i/clk_wiz_0/inst/mmcme4_adv_inst/CLKOUT1
                         net (fo=1, routed)           0.312     2.509    system_i/clk_wiz_0/inst/clk_out2_system_clk_wiz_0_0
    BUFGCE_X0Y76         BUFGCE (Prop_BUFCE_BUFGCE_I_O)
                                                      0.039     2.548 r  system_i/clk_wiz_0/inst/clkout2_buf/O
    X1Y1 (CLOCK_ROOT)    net (fo=69546, routed)       2.313     4.861    system_i/mine_1/inst/grp_mine_Pipeline_HASH_CHUNK_fu_351/grp_sha256d_80_from_midstate_words_ii1_fu_358/grp_sha256_compress_words_ii1_fu_140/ap_clk
    SLICE_X33Y116        FDRE                                         r  system_i/mine_1/inst/grp_mine_Pipeline_HASH_CHUNK_fu_351/grp_sha256d_80_from_midstate_words_ii1_fu_358/grp_sha256_compress_words_ii1_fu_140/sched_sum2_43_reg_7052_pp0_iter20_reg_reg[19]/C
  -------------------------------------------------------------------    -------------------
    SLICE_X33Y116        FDRE (Prop_AFF2_SLICEL_C_Q)
                                                      0.114     4.975 r  system_i/mine_1/inst/grp_mine_Pipeline_HASH_CHUNK_fu_351/grp_sha256d_80_from_midstate_words_ii1_fu_358/grp_sha256_compress_words_ii1_fu_140/sched_sum2_43_reg_7052_pp0_iter20_reg_reg[19]/Q
                         net (fo=2, routed)           0.227     5.202    system_i/mine_1/inst/grp_mine_Pipeline_HASH_CHUNK_fu_351/grp_sha256d_80_from_midstate_words_ii1_fu_358/grp_sha256_compress_words_ii1_fu_140/sched_sum2_43_reg_7052_pp0_iter20_reg[19]
    SLICE_X33Y125        FDRE                                         r  system_i/mine_1/inst/grp_mine_Pipeline_HASH_CHUNK_fu_351/grp_sha256d_80_from_midstate_words_ii1_fu_358/grp_sha256_compress_words_ii1_fu_140/sched_sum2_43_reg_7052_pp0_iter21_reg_reg[19]/D
  -------------------------------------------------------------------    -------------------

                         (clock clk_out2_system_clk_wiz_0_0 rise edge)
                                                      0.000     0.000 r  
    BUFG_PS_X0Y81        BUFG_PS                      0.000     0.000 r  system_i/zynq_ultra_ps_e_0/inst/buffer_pl_clk_0.PL_CLK_0_BUFG/O
                         net (fo=1, routed)           1.611     1.611    system_i/clk_wiz_0/inst/clk_in1
    MMCM_X0Y3            MMCME4_ADV (Prop_MMCM_CLKIN1_CLKOUT1)
                                                     -0.103     1.508 r  system_i/clk_wiz_0/inst/mmcme4_adv_inst/CLKOUT1
                         net (fo=1, routed)           0.355     1.863    system_i/clk_wiz_0/inst/clk_out2_system_clk_wiz_0_0
    BUFGCE_X0Y76         BUFGCE (Prop_BUFCE_BUFGCE_I_O)
                                                      0.044     1.907 r  system_i/clk_wiz_0/inst/clkout2_buf/O
    X1Y1 (CLOCK_ROOT)    net (fo=69546, routed)       2.651     4.558    system_i/mine_1/inst/grp_mine_Pipeline_HASH_CHUNK_fu_351/grp_sha256d_80_from_midstate_words_ii1_fu_358/grp_sha256_compress_words_ii1_fu_140/ap_clk
    SLICE_X33Y125        FDRE                                         r  system_i/mine_1/inst/grp_mine_Pipeline_HASH_CHUNK_fu_351/grp_sha256d_80_from_midstate_words_ii1_fu_358/grp_sha256_compress_words_ii1_fu_140/sched_sum2_43_reg_7052_pp0_iter21_reg_reg[19]/C
                         clock pessimism              0.533     5.091    
    SLICE_X33Y125        FDRE (Hold_FFF_SLICEL_C_D)
                                                      0.101     5.192    system_i/mine_1/inst/grp_mine_Pipeline_HASH_CHUNK_fu_351/grp_sha256d_80_from_midstate_words_ii1_fu_358/grp_sha256_compress_words_ii1_fu_140/sched_sum2_43_reg_7052_pp0_iter21_reg_reg[19]
  -------------------------------------------------------------------
                         required time                         -5.192    
                         arrival time                           5.202    
  -------------------------------------------------------------------
                         slack                                  0.010    

Slack (MET) :             0.010ns  (arrival time - required time)
  Source:                 system_i/mine_1/inst/grp_mine_Pipeline_HASH_CHUNK_fu_351/grp_sha256d_80_from_midstate_words_ii1_fu_358/grp_sha256_compress_words_ii1_fu_140/next_a_34_reg_7692_pp0_iter43_reg_reg[13]/C
                            (rising edge-triggered cell FDRE clocked by clk_out2_system_clk_wiz_0_0  {rise@0.000ns fall@2.500ns period=5.000ns})
  Destination:            system_i/mine_1/inst/grp_mine_Pipeline_HASH_CHUNK_fu_351/grp_sha256d_80_from_midstate_words_ii1_fu_358/grp_sha256_compress_words_ii1_fu_140/next_a_34_reg_7692_pp0_iter45_reg_reg[13]_srl2/D
                            (rising edge-triggered cell SRL16E clocked by clk_out2_system_clk_wiz_0_0  {rise@0.000ns fall@2.500ns period=5.000ns})
  Path Group:             clk_out2_system_clk_wiz_0_0
  Path Type:              Hold (Min at Slow Process Corner)
  Requirement:            0.000ns  (clk_out2_system_clk_wiz_0_0 rise@0.000ns - clk_out2_system_clk_wiz_0_0 rise@0.000ns)
  Data Path Delay:        0.238ns  (logic 0.112ns (47.113%)  route 0.126ns (52.887%))
  Logic Levels:           0  
  Clock Path Skew:        0.157ns (DCD - SCD - CPR)
    Destination Clock Delay (DCD):    4.587ns
    Source Clock Delay      (SCD):    4.915ns
    Clock Pessimism Removal (CPR):    -0.485ns
  Clock Net Delay (Source):      2.367ns (routing 1.133ns, distribution 1.234ns)
  Clock Net Delay (Destination): 2.680ns (routing 1.241ns, distribution 1.439ns)

    Location             Delay type                Incr(ns)  Path(ns)    Netlist Resource(s)
  -------------------------------------------------------------------    -------------------
                         (clock clk_out2_system_clk_wiz_0_0 rise edge)
                                                      0.000     0.000 r  
    BUFG_PS_X0Y81        BUFG_PS                      0.000     0.000 r  system_i/zynq_ultra_ps_e_0/inst/buffer_pl_clk_0.PL_CLK_0_BUFG/O
                         net (fo=1, routed)           1.458     1.458    system_i/clk_wiz_0/inst/clk_in1
    MMCM_X0Y3            MMCME4_ADV (Prop_MMCM_CLKIN1_CLKOUT1)
                                                      0.739     2.197 r  system_i/clk_wiz_0/inst/mmcme4_adv_inst/CLKOUT1
                         net (fo=1, routed)           0.312     2.509    system_i/clk_wiz_0/inst/clk_out2_system_clk_wiz_0_0
    BUFGCE_X0Y76         BUFGCE (Prop_BUFCE_BUFGCE_I_O)
                                                      0.039     2.548 r  system_i/clk_wiz_0/inst/clkout2_buf/O
    X1Y1 (CLOCK_ROOT)    net (fo=69546, routed)       2.367     4.915    system_i/mine_1/inst/grp_mine_Pipeline_HASH_CHUNK_fu_351/grp_sha256d_80_from_midstate_words_ii1_fu_358/grp_sha256_compress_words_ii1_fu_140/ap_clk
    SLICE_X28Y182        FDRE                                         r  system_i/mine_1/inst/grp_mine_Pipeline_HASH_CHUNK_fu_351/grp_sha256d_80_from_midstate_words_ii1_fu_358/grp_sha256_compress_words_ii1_fu_140/next_a_34_reg_7692_pp0_iter43_reg_reg[13]/C
  -------------------------------------------------------------------    -------------------
    SLICE_X28Y182        FDRE (Prop_GFF_SLICEM_C_Q)
                                                      0.112     5.027 r  system_i/mine_1/inst/grp_mine_Pipeline_HASH_CHUNK_fu_351/grp_sha256d_80_from_midstate_words_ii1_fu_358/grp_sha256_compress_words_ii1_fu_140/next_a_34_reg_7692_pp0_iter43_reg_reg[13]/Q
                         net (fo=2, routed)           0.126     5.153    system_i/mine_1/inst/grp_mine_Pipeline_HASH_CHUNK_fu_351/grp_sha256d_80_from_midstate_words_ii1_fu_358/grp_sha256_compress_words_ii1_fu_140/next_a_34_reg_7692_pp0_iter43_reg[13]
    SLICE_X28Y185        SRL16E                                       r  system_i/mine_1/inst/grp_mine_Pipeline_HASH_CHUNK_fu_351/grp_sha256d_80_from_midstate_words_ii1_fu_358/grp_sha256_compress_words_ii1_fu_140/next_a_34_reg_7692_pp0_iter45_reg_reg[13]_srl2/D
  -------------------------------------------------------------------    -------------------

                         (clock clk_out2_system_clk_wiz_0_0 rise edge)
                                                      0.000     0.000 r  
    BUFG_PS_X0Y81        BUFG_PS                      0.000     0.000 r  system_i/zynq_ultra_ps_e_0/inst/buffer_pl_clk_0.PL_CLK_0_BUFG/O
                         net (fo=1, routed)           1.611     1.611    system_i/clk_wiz_0/inst/clk_in1
    MMCM_X0Y3            MMCME4_ADV (Prop_MMCM_CLKIN1_CLKOUT1)
                                                     -0.103     1.508 r  system_i/clk_wiz_0/inst/mmcme4_adv_inst/CLKOUT1
                         net (fo=1, routed)           0.355     1.863    system_i/clk_wiz_0/inst/clk_out2_system_clk_wiz_0_0
    BUFGCE_X0Y76         BUFGCE (Prop_BUFCE_BUFGCE_I_O)
                                                      0.044     1.907 r  system_i/clk_wiz_0/inst/clkout2_buf/O
    X1Y1 (CLOCK_ROOT)    net (fo=69546, routed)       2.680     4.587    system_i/mine_1/inst/grp_mine_Pipeline_HASH_CHUNK_fu_351/grp_sha256d_80_from_midstate_words_ii1_fu_358/grp_sha256_compress_words_ii1_fu_140/ap_clk
    SLICE_X28Y185        SRL16E                                       r  system_i/mine_1/inst/grp_mine_Pipeline_HASH_CHUNK_fu_351/grp_sha256d_80_from_midstate_words_ii1_fu_358/grp_sha256_compress_words_ii1_fu_140/next_a_34_reg_7692_pp0_iter45_reg_reg[13]_srl2/CLK
                         clock pessimism              0.485     5.072    
    SLICE_X28Y185        SRL16E (Hold_F5LUT_SLICEM_CLK_D)
                                                      0.070     5.142    system_i/mine_1/inst/grp_mine_Pipeline_HASH_CHUNK_fu_351/grp_sha256d_80_from_midstate_words_ii1_fu_358/grp_sha256_compress_words_ii1_fu_140/next_a_34_reg_7692_pp0_iter45_reg_reg[13]_srl2
  -------------------------------------------------------------------
                         required time                         -5.142    
                         arrival time                           5.153    
  -------------------------------------------------------------------
                         slack                                  0.010    

Slack (MET) :             0.010ns  (arrival time - required time)
  Source:                 system_i/mine_1/inst/grp_mine_Pipeline_HASH_CHUNK_fu_351/grp_sha256d_80_from_midstate_words_ii1_fu_358/grp_sha256_compress_words_ii1_fu_140/t1_57_reg_8468_reg[16]/C
                            (rising edge-triggered cell FDRE clocked by clk_out2_system_clk_wiz_0_0  {rise@0.000ns fall@2.500ns period=5.000ns})
  Destination:            system_i/mine_1/inst/grp_mine_Pipeline_HASH_CHUNK_fu_351/grp_sha256d_80_from_midstate_words_ii1_fu_358/grp_sha256_compress_words_ii1_fu_140/t1_57_reg_8468_pp0_iter71_reg_reg[16]/D
                            (rising edge-triggered cell FDRE clocked by clk_out2_system_clk_wiz_0_0  {rise@0.000ns fall@2.500ns period=5.000ns})
  Path Group:             clk_out2_system_clk_wiz_0_0
  Path Type:              Hold (Min at Slow Process Corner)
  Requirement:            0.000ns  (clk_out2_system_clk_wiz_0_0 rise@0.000ns - clk_out2_system_clk_wiz_0_0 rise@0.000ns)
  Data Path Delay:        0.230ns  (logic 0.112ns (48.696%)  route 0.118ns (51.304%))
  Logic Levels:           0  
  Clock Path Skew:        0.119ns (DCD - SCD - CPR)
    Destination Clock Delay (DCD):    4.556ns
    Source Clock Delay      (SCD):    4.922ns
    Clock Pessimism Removal (CPR):    -0.485ns
  Clock Net Delay (Source):      2.374ns (routing 1.133ns, distribution 1.241ns)
  Clock Net Delay (Destination): 2.649ns (routing 1.241ns, distribution 1.408ns)

    Location             Delay type                Incr(ns)  Path(ns)    Netlist Resource(s)
  -------------------------------------------------------------------    -------------------
                         (clock clk_out2_system_clk_wiz_0_0 rise edge)
                                                      0.000     0.000 r  
    BUFG_PS_X0Y81        BUFG_PS                      0.000     0.000 r  system_i/zynq_ultra_ps_e_0/inst/buffer_pl_clk_0.PL_CLK_0_BUFG/O
                         net (fo=1, routed)           1.458     1.458    system_i/clk_wiz_0/inst/clk_in1
    MMCM_X0Y3            MMCME4_ADV (Prop_MMCM_CLKIN1_CLKOUT1)
                                                      0.739     2.197 r  system_i/clk_wiz_0/inst/mmcme4_adv_inst/CLKOUT1
                         net (fo=1, routed)           0.312     2.509    system_i/clk_wiz_0/inst/clk_out2_system_clk_wiz_0_0
    BUFGCE_X0Y76         BUFGCE (Prop_BUFCE_BUFGCE_I_O)
                                                      0.039     2.548 r  system_i/clk_wiz_0/inst/clkout2_buf/O
    X1Y1 (CLOCK_ROOT)    net (fo=69546, routed)       2.374     4.922    system_i/mine_1/inst/grp_mine_Pipeline_HASH_CHUNK_fu_351/grp_sha256d_80_from_midstate_words_ii1_fu_358/grp_sha256_compress_words_ii1_fu_140/ap_clk
    SLICE_X34Y233        FDRE                                         r  system_i/mine_1/inst/grp_mine_Pipeline_HASH_CHUNK_fu_351/grp_sha256d_80_from_midstate_words_ii1_fu_358/grp_sha256_compress_words_ii1_fu_140/t1_57_reg_8468_reg[16]/C
  -------------------------------------------------------------------    -------------------
    SLICE_X34Y233        FDRE (Prop_AFF_SLICEM_C_Q)
                                                      0.112     5.034 r  system_i/mine_1/inst/grp_mine_Pipeline_HASH_CHUNK_fu_351/grp_sha256d_80_from_midstate_words_ii1_fu_358/grp_sha256_compress_words_ii1_fu_140/t1_57_reg_8468_reg[16]/Q
                         net (fo=1, routed)           0.118     5.152    system_i/mine_1/inst/grp_mine_Pipeline_HASH_CHUNK_fu_351/grp_sha256d_80_from_midstate_words_ii1_fu_358/grp_sha256_compress_words_ii1_fu_140/t1_57_reg_8468[16]
    SLICE_X32Y233        FDRE                                         r  system_i/mine_1/inst/grp_mine_Pipeline_HASH_CHUNK_fu_351/grp_sha256d_80_from_midstate_words_ii1_fu_358/grp_sha256_compress_words_ii1_fu_140/t1_57_reg_8468_pp0_iter71_reg_reg[16]/D
  -------------------------------------------------------------------    -------------------

                         (clock clk_out2_system_clk_wiz_0_0 rise edge)
                                                      0.000     0.000 r  
    BUFG_PS_X0Y81        BUFG_PS                      0.000     0.000 r  system_i/zynq_ultra_ps_e_0/inst/buffer_pl_clk_0.PL_CLK_0_BUFG/O
                         net (fo=1, routed)           1.611     1.611    system_i/clk_wiz_0/inst/clk_in1
    MMCM_X0Y3            MMCME4_ADV (Prop_MMCM_CLKIN1_CLKOUT1)
                                                     -0.103     1.508 r  system_i/clk_wiz_0/inst/mmcme4_adv_inst/CLKOUT1
                         net (fo=1, routed)           0.355     1.863    system_i/clk_wiz_0/inst/clk_out2_system_clk_wiz_0_0
    BUFGCE_X0Y76         BUFGCE (Prop_BUFCE_BUFGCE_I_O)
                                                      0.044     1.907 r  system_i/clk_wiz_0/inst/clkout2_buf/O
    X1Y1 (CLOCK_ROOT)    net (fo=69546, routed)       2.649     4.556    system_i/mine_1/inst/grp_mine_Pipeline_HASH_CHUNK_fu_351/grp_sha256d_80_from_midstate_words_ii1_fu_358/grp_sha256_compress_words_ii1_fu_140/ap_clk
    SLICE_X32Y233        FDRE                                         r  system_i/mine_1/inst/grp_mine_Pipeline_HASH_CHUNK_fu_351/grp_sha256d_80_from_midstate_words_ii1_fu_358/grp_sha256_compress_words_ii1_fu_140/t1_57_reg_8468_pp0_iter71_reg_reg[16]/C
                         clock pessimism              0.485     5.041    
    SLICE_X32Y233        FDRE (Hold_HFF_SLICEM_C_D)
                                                      0.101     5.142    system_i/mine_1/inst/grp_mine_Pipeline_HASH_CHUNK_fu_351/grp_sha256d_80_from_midstate_words_ii1_fu_358/grp_sha256_compress_words_ii1_fu_140/t1_57_reg_8468_pp0_iter71_reg_reg[16]
  -------------------------------------------------------------------
                         required time                         -5.142    
                         arrival time                           5.152    
  -------------------------------------------------------------------
                         slack                                  0.010    

Slack (MET) :             0.011ns  (arrival time - required time)
  Source:                 system_i/mine_1/inst/grp_mine_Pipeline_HASH_CHUNK_fu_351/grp_sha256d_80_from_midstate_words_ii1_fu_358/grp_sha256_compress_words_ii1_fu_140/next_a_14_reg_6964_pp0_iter21_reg_reg[2]/C
                            (rising edge-triggered cell FDRE clocked by clk_out2_system_clk_wiz_0_0  {rise@0.000ns fall@2.500ns period=5.000ns})
  Destination:            system_i/mine_1/inst/grp_mine_Pipeline_HASH_CHUNK_fu_351/grp_sha256d_80_from_midstate_words_ii1_fu_358/grp_sha256_compress_words_ii1_fu_140/next_e_18_reg_7101_reg[2]/D
                            (rising edge-triggered cell FDRE clocked by clk_out2_system_clk_wiz_0_0  {rise@0.000ns fall@2.500ns period=5.000ns})
  Path Group:             clk_out2_system_clk_wiz_0_0
  Path Type:              Hold (Min at Slow Process Corner)
  Requirement:            0.000ns  (clk_out2_system_clk_wiz_0_0 rise@0.000ns - clk_out2_system_clk_wiz_0_0 rise@0.000ns)
  Data Path Delay:        0.332ns  (logic 0.236ns (71.084%)  route 0.096ns (28.916%))
  Logic Levels:           2  (CARRY8=1 LUT2=1)
  Clock Path Skew:        0.220ns (DCD - SCD - CPR)
    Destination Clock Delay (DCD):    4.549ns
    Source Clock Delay      (SCD):    4.861ns
    Clock Pessimism Removal (CPR):    -0.533ns
  Clock Net Delay (Source):      2.313ns (routing 1.133ns, distribution 1.180ns)
  Clock Net Delay (Destination): 2.642ns (routing 1.241ns, distribution 1.401ns)

    Location             Delay type                Incr(ns)  Path(ns)    Netlist Resource(s)
  -------------------------------------------------------------------    -------------------
                         (clock clk_out2_system_clk_wiz_0_0 rise edge)
                                                      0.000     0.000 r  
    BUFG_PS_X0Y81        BUFG_PS                      0.000     0.000 r  system_i/zynq_ultra_ps_e_0/inst/buffer_pl_clk_0.PL_CLK_0_BUFG/O
                         net (fo=1, routed)           1.458     1.458    system_i/clk_wiz_0/inst/clk_in1
    MMCM_X0Y3            MMCME4_ADV (Prop_MMCM_CLKIN1_CLKOUT1)
                                                      0.739     2.197 r  system_i/clk_wiz_0/inst/mmcme4_adv_inst/CLKOUT1
                         net (fo=1, routed)           0.312     2.509    system_i/clk_wiz_0/inst/clk_out2_system_clk_wiz_0_0
    BUFGCE_X0Y76         BUFGCE (Prop_BUFCE_BUFGCE_I_O)
                                                      0.039     2.548 r  system_i/clk_wiz_0/inst/clkout2_buf/O
    X1Y1 (CLOCK_ROOT)    net (fo=69546, routed)       2.313     4.861    system_i/mine_1/inst/grp_mine_Pipeline_HASH_CHUNK_fu_351/grp_sha256d_80_from_midstate_words_ii1_fu_358/grp_sha256_compress_words_ii1_fu_140/ap_clk
    SLICE_X30Y119        FDRE                                         r  system_i/mine_1/inst/grp_mine_Pipeline_HASH_CHUNK_fu_351/grp_sha256d_80_from_midstate_words_ii1_fu_358/grp_sha256_compress_words_ii1_fu_140/next_a_14_reg_6964_pp0_iter21_reg_reg[2]/C
  -------------------------------------------------------------------    -------------------
    SLICE_X30Y119        FDRE (Prop_FFF2_SLICEL_C_Q)
                                                      0.115     4.976 r  system_i/mine_1/inst/grp_mine_Pipeline_HASH_CHUNK_fu_351/grp_sha256d_80_from_midstate_words_ii1_fu_358/grp_sha256_compress_words_ii1_fu_140/next_a_14_reg_6964_pp0_iter21_reg_reg[2]/Q
                         net (fo=1, routed)           0.071     5.047    system_i/mine_1/inst/grp_mine_Pipeline_HASH_CHUNK_fu_351/grp_sha256d_80_from_midstate_words_ii1_fu_358/grp_sha256_compress_words_ii1_fu_140/add_32ns_32ns_32_1_0_U81/next_a_14_reg_6964_pp0_iter21_reg[2]
    SLICE_X30Y120        LUT2 (Prop_C6LUT_SLICEL_I1_O)
                                                      0.085     5.132 r  system_i/mine_1/inst/grp_mine_Pipeline_HASH_CHUNK_fu_351/grp_sha256d_80_from_midstate_words_ii1_fu_358/grp_sha256_compress_words_ii1_fu_140/add_32ns_32ns_32_1_0_U81/next_e_18_reg_7101[7]_i_7/O
                         net (fo=1, routed)           0.013     5.145    system_i/mine_1/inst/grp_mine_Pipeline_HASH_CHUNK_fu_351/grp_sha256d_80_from_midstate_words_ii1_fu_358/grp_sha256_compress_words_ii1_fu_140/add_32ns_32ns_32_1_0_U81/next_e_18_reg_7101[7]_i_7_n_2
    SLICE_X30Y120        CARRY8 (Prop_CARRY8_SLICEL_S[2]_O[2])
                                                      0.036     5.181 r  system_i/mine_1/inst/grp_mine_Pipeline_HASH_CHUNK_fu_351/grp_sha256d_80_from_midstate_words_ii1_fu_358/grp_sha256_compress_words_ii1_fu_140/add_32ns_32ns_32_1_0_U81/next_e_18_reg_7101_reg[7]_i_1/O[2]
                         net (fo=5, routed)           0.012     5.193    system_i/mine_1/inst/grp_mine_Pipeline_HASH_CHUNK_fu_351/grp_sha256d_80_from_midstate_words_ii1_fu_358/grp_sha256_compress_words_ii1_fu_140/next_e_18_fu_4051_p2[2]
    SLICE_X30Y120        FDRE                                         r  system_i/mine_1/inst/grp_mine_Pipeline_HASH_CHUNK_fu_351/grp_sha256d_80_from_midstate_words_ii1_fu_358/grp_sha256_compress_words_ii1_fu_140/next_e_18_reg_7101_reg[2]/D
  -------------------------------------------------------------------    -------------------

                         (clock clk_out2_system_clk_wiz_0_0 rise edge)
                                                      0.000     0.000 r  
    BUFG_PS_X0Y81        BUFG_PS                      0.000     0.000 r  system_i/zynq_ultra_ps_e_0/inst/buffer_pl_clk_0.PL_CLK_0_BUFG/O
                         net (fo=1, routed)           1.611     1.611    system_i/clk_wiz_0/inst/clk_in1
    MMCM_X0Y3            MMCME4_ADV (Prop_MMCM_CLKIN1_CLKOUT1)
                                                     -0.103     1.508 r  system_i/clk_wiz_0/inst/mmcme4_adv_inst/CLKOUT1
                         net (fo=1, routed)           0.355     1.863    system_i/clk_wiz_0/inst/clk_out2_system_clk_wiz_0_0
    BUFGCE_X0Y76         BUFGCE (Prop_BUFCE_BUFGCE_I_O)
                                                      0.044     1.907 r  system_i/clk_wiz_0/inst/clkout2_buf/O
    X1Y1 (CLOCK_ROOT)    net (fo=69546, routed)       2.642     4.549    system_i/mine_1/inst/grp_mine_Pipeline_HASH_CHUNK_fu_351/grp_sha256d_80_from_midstate_words_ii1_fu_358/grp_sha256_compress_words_ii1_fu_140/ap_clk
    SLICE_X30Y120        FDRE                                         r  system_i/mine_1/inst/grp_mine_Pipeline_HASH_CHUNK_fu_351/grp_sha256d_80_from_midstate_words_ii1_fu_358/grp_sha256_compress_words_ii1_fu_140/next_e_18_reg_7101_reg[2]/C
                         clock pessimism              0.533     5.082    
    SLICE_X30Y120        FDRE (Hold_CFF_SLICEL_C_D)
                                                      0.101     5.183    system_i/mine_1/inst/grp_mine_Pipeline_HASH_CHUNK_fu_351/grp_sha256d_80_from_midstate_words_ii1_fu_358/grp_sha256_compress_words_ii1_fu_140/next_e_18_reg_7101_reg[2]
  -------------------------------------------------------------------
                         required time                         -5.183    
                         arrival time                           5.193    
  -------------------------------------------------------------------
                         slack                                  0.011    

Slack (MET) :             0.011ns  (arrival time - required time)
  Source:                 system_i/mine_1/inst/gmem2_m_axi_U/bus_write/wreq_burst_conv/burst_sequential/rs_req/data_p1_reg[15]/C
                            (rising edge-triggered cell FDRE clocked by clk_out2_system_clk_wiz_0_0  {rise@0.000ns fall@2.500ns period=5.000ns})
  Destination:            system_i/mine_1/inst/gmem2_m_axi_U/bus_write/wreq_burst_conv/burst_sequential/start_addr_reg[15]/D
                            (rising edge-triggered cell FDRE clocked by clk_out2_system_clk_wiz_0_0  {rise@0.000ns fall@2.500ns period=5.000ns})
  Path Group:             clk_out2_system_clk_wiz_0_0
  Path Type:              Hold (Min at Slow Process Corner)
  Requirement:            0.000ns  (clk_out2_system_clk_wiz_0_0 rise@0.000ns - clk_out2_system_clk_wiz_0_0 rise@0.000ns)
  Data Path Delay:        0.211ns  (logic 0.112ns (53.004%)  route 0.099ns (46.996%))
  Logic Levels:           0  
  Clock Path Skew:        0.099ns (DCD - SCD - CPR)
    Destination Clock Delay (DCD):    4.679ns
    Source Clock Delay      (SCD):    5.064ns
    Clock Pessimism Removal (CPR):    -0.484ns
  Clock Net Delay (Source):      2.516ns (routing 1.133ns, distribution 1.383ns)
  Clock Net Delay (Destination): 2.772ns (routing 1.241ns, distribution 1.531ns)

    Location             Delay type                Incr(ns)  Path(ns)    Netlist Resource(s)
  -------------------------------------------------------------------    -------------------
                         (clock clk_out2_system_clk_wiz_0_0 rise edge)
                                                      0.000     0.000 r  
    BUFG_PS_X0Y81        BUFG_PS                      0.000     0.000 r  system_i/zynq_ultra_ps_e_0/inst/buffer_pl_clk_0.PL_CLK_0_BUFG/O
                         net (fo=1, routed)           1.458     1.458    system_i/clk_wiz_0/inst/clk_in1
    MMCM_X0Y3            MMCME4_ADV (Prop_MMCM_CLKIN1_CLKOUT1)
                                                      0.739     2.197 r  system_i/clk_wiz_0/inst/mmcme4_adv_inst/CLKOUT1
                         net (fo=1, routed)           0.312     2.509    system_i/clk_wiz_0/inst/clk_out2_system_clk_wiz_0_0
    BUFGCE_X0Y76         BUFGCE (Prop_BUFCE_BUFGCE_I_O)
                                                      0.039     2.548 r  system_i/clk_wiz_0/inst/clkout2_buf/O
    X1Y1 (CLOCK_ROOT)    net (fo=69546, routed)       2.516     5.064    system_i/mine_1/inst/gmem2_m_axi_U/bus_write/wreq_burst_conv/burst_sequential/rs_req/ap_clk
    SLICE_X1Y49          FDRE                                         r  system_i/mine_1/inst/gmem2_m_axi_U/bus_write/wreq_burst_conv/burst_sequential/rs_req/data_p1_reg[15]/C
  -------------------------------------------------------------------    -------------------
    SLICE_X1Y49          FDRE (Prop_DFF_SLICEM_C_Q)
                                                      0.112     5.176 r  system_i/mine_1/inst/gmem2_m_axi_U/bus_write/wreq_burst_conv/burst_sequential/rs_req/data_p1_reg[15]/Q
                         net (fo=3, routed)           0.099     5.275    system_i/mine_1/inst/gmem2_m_axi_U/bus_write/wreq_burst_conv/burst_sequential/start_addr_tmp[15]
    SLICE_X0Y49          FDRE                                         r  system_i/mine_1/inst/gmem2_m_axi_U/bus_write/wreq_burst_conv/burst_sequential/start_addr_reg[15]/D
  -------------------------------------------------------------------    -------------------

                         (clock clk_out2_system_clk_wiz_0_0 rise edge)
                                                      0.000     0.000 r  
    BUFG_PS_X0Y81        BUFG_PS                      0.000     0.000 r  system_i/zynq_ultra_ps_e_0/inst/buffer_pl_clk_0.PL_CLK_0_BUFG/O
                         net (fo=1, routed)           1.611     1.611    system_i/clk_wiz_0/inst/clk_in1
    MMCM_X0Y3            MMCME4_ADV (Prop_MMCM_CLKIN1_CLKOUT1)
                                                     -0.103     1.508 r  system_i/clk_wiz_0/inst/mmcme4_adv_inst/CLKOUT1
                         net (fo=1, routed)           0.355     1.863    system_i/clk_wiz_0/inst/clk_out2_system_clk_wiz_0_0
    BUFGCE_X0Y76         BUFGCE (Prop_BUFCE_BUFGCE_I_O)
                                                      0.044     1.907 r  system_i/clk_wiz_0/inst/clkout2_buf/O
    X1Y1 (CLOCK_ROOT)    net (fo=69546, routed)       2.772     4.679    system_i/mine_1/inst/gmem2_m_axi_U/bus_write/wreq_burst_conv/burst_sequential/ap_clk
    SLICE_X0Y49          FDRE                                         r  system_i/mine_1/inst/gmem2_m_axi_U/bus_write/wreq_burst_conv/burst_sequential/start_addr_reg[15]/C
                         clock pessimism              0.484     5.163    
    SLICE_X0Y49          FDRE (Hold_DFF2_SLICEL_C_D)
                                                      0.102     5.265    system_i/mine_1/inst/gmem2_m_axi_U/bus_write/wreq_burst_conv/burst_sequential/start_addr_reg[15]
  -------------------------------------------------------------------
                         required time                         -5.265    
                         arrival time                           5.275    
  -------------------------------------------------------------------
                         slack                                  0.011    

Slack (MET) :             0.011ns  (arrival time - required time)
  Source:                 system_i/smc_ic_zynq_ultra_ps_e_0_S_AXI_HP0_FPD/inst/s02_nodes/s02_w_node/inst/inst_mi_handler/gen_normal_area.gen_upsizer.inst_upsizer/gen_w_ch.accum_reg[bytes][20][userdata][2]/C
                            (rising edge-triggered cell FDRE clocked by clk_out2_system_clk_wiz_0_0  {rise@0.000ns fall@2.500ns period=5.000ns})
  Destination:            system_i/smc_ic_zynq_ultra_ps_e_0_S_AXI_HP0_FPD/inst/s02_nodes/s02_w_node/inst/inst_mi_handler/gen_normal_area.inst_fifo_node_payld/gen_xpm_memory_fifo.inst_fifo/gen_mem_rep[1].inst_xpm_memory/xpm_memory_base_inst/gen_wr_a.gen_word_narrow.mem_reg_0_31_42_55/RAMC_D1/I
                            (rising edge-triggered cell RAMD32 clocked by clk_out2_system_clk_wiz_0_0  {rise@0.000ns fall@2.500ns period=5.000ns})
  Path Group:             clk_out2_system_clk_wiz_0_0
  Path Type:              Hold (Min at Slow Process Corner)
  Requirement:            0.000ns  (clk_out2_system_clk_wiz_0_0 rise@0.000ns - clk_out2_system_clk_wiz_0_0 rise@0.000ns)
  Data Path Delay:        0.246ns  (logic 0.112ns (45.528%)  route 0.134ns (54.472%))
  Logic Levels:           0  
  Clock Path Skew:        0.155ns (DCD - SCD - CPR)
    Destination Clock Delay (DCD):    4.738ns
    Source Clock Delay      (SCD):    5.067ns
    Clock Pessimism Removal (CPR):    -0.484ns
  Clock Net Delay (Source):      2.519ns (routing 1.133ns, distribution 1.386ns)
  Clock Net Delay (Destination): 2.831ns (routing 1.241ns, distribution 1.590ns)

    Location             Delay type                Incr(ns)  Path(ns)    Netlist Resource(s)
  -------------------------------------------------------------------    -------------------
                         (clock clk_out2_system_clk_wiz_0_0 rise edge)
                                                      0.000     0.000 r  
    BUFG_PS_X0Y81        BUFG_PS                      0.000     0.000 r  system_i/zynq_ultra_ps_e_0/inst/buffer_pl_clk_0.PL_CLK_0_BUFG/O
                         net (fo=1, routed)           1.458     1.458    system_i/clk_wiz_0/inst/clk_in1
    MMCM_X0Y3            MMCME4_ADV (Prop_MMCM_CLKIN1_CLKOUT1)
                                                      0.739     2.197 r  system_i/clk_wiz_0/inst/mmcme4_adv_inst/CLKOUT1
                         net (fo=1, routed)           0.312     2.509    system_i/clk_wiz_0/inst/clk_out2_system_clk_wiz_0_0
    BUFGCE_X0Y76         BUFGCE (Prop_BUFCE_BUFGCE_I_O)
                                                      0.039     2.548 r  system_i/clk_wiz_0/inst/clkout2_buf/O
    X1Y1 (CLOCK_ROOT)    net (fo=69546, routed)       2.519     5.067    system_i/smc_ic_zynq_ultra_ps_e_0_S_AXI_HP0_FPD/inst/s02_nodes/s02_w_node/inst/inst_mi_handler/gen_normal_area.gen_upsizer.inst_upsizer/s_sc_aclk
    SLICE_X6Y23          FDRE                                         r  system_i/smc_ic_zynq_ultra_ps_e_0_S_AXI_HP0_FPD/inst/s02_nodes/s02_w_node/inst/inst_mi_handler/gen_normal_area.gen_upsizer.inst_upsizer/gen_w_ch.accum_reg[bytes][20][userdata][2]/C
  -------------------------------------------------------------------    -------------------
    SLICE_X6Y23          FDRE (Prop_HFF_SLICEL_C_Q)
                                                      0.112     5.179 r  system_i/smc_ic_zynq_ultra_ps_e_0_S_AXI_HP0_FPD/inst/s02_nodes/s02_w_node/inst/inst_mi_handler/gen_normal_area.gen_upsizer.inst_upsizer/gen_w_ch.accum_reg[bytes][20][userdata][2]/Q
                         net (fo=1, routed)           0.134     5.313    system_i/smc_ic_zynq_ultra_ps_e_0_S_AXI_HP0_FPD/inst/s02_nodes/s02_w_node/inst/inst_mi_handler/gen_normal_area.inst_fifo_node_payld/gen_xpm_memory_fifo.inst_fifo/gen_mem_rep[1].inst_xpm_memory/xpm_memory_base_inst/gen_wr_a.gen_word_narrow.mem_reg_0_31_42_55/DIC1
    SLICE_X4Y24          RAMD32                                       r  system_i/smc_ic_zynq_ultra_ps_e_0_S_AXI_HP0_FPD/inst/s02_nodes/s02_w_node/inst/inst_mi_handler/gen_normal_area.inst_fifo_node_payld/gen_xpm_memory_fifo.inst_fifo/gen_mem_rep[1].inst_xpm_memory/xpm_memory_base_inst/gen_wr_a.gen_word_narrow.mem_reg_0_31_42_55/RAMC_D1/I
  -------------------------------------------------------------------    -------------------

                         (clock clk_out2_system_clk_wiz_0_0 rise edge)
                                                      0.000     0.000 r  
    BUFG_PS_X0Y81        BUFG_PS                      0.000     0.000 r  system_i/zynq_ultra_ps_e_0/inst/buffer_pl_clk_0.PL_CLK_0_BUFG/O
                         net (fo=1, routed)           1.611     1.611    system_i/clk_wiz_0/inst/clk_in1
    MMCM_X0Y3            MMCME4_ADV (Prop_MMCM_CLKIN1_CLKOUT1)
                                                     -0.103     1.508 r  system_i/clk_wiz_0/inst/mmcme4_adv_inst/CLKOUT1
                         net (fo=1, routed)           0.355     1.863    system_i/clk_wiz_0/inst/clk_out2_system_clk_wiz_0_0
    BUFGCE_X0Y76         BUFGCE (Prop_BUFCE_BUFGCE_I_O)
                                                      0.044     1.907 r  system_i/clk_wiz_0/inst/clkout2_buf/O
    X1Y1 (CLOCK_ROOT)    net (fo=69546, routed)       2.831     4.738    system_i/smc_ic_zynq_ultra_ps_e_0_S_AXI_HP0_FPD/inst/s02_nodes/s02_w_node/inst/inst_mi_handler/gen_normal_area.inst_fifo_node_payld/gen_xpm_memory_fifo.inst_fifo/gen_mem_rep[1].inst_xpm_memory/xpm_memory_base_inst/gen_wr_a.gen_word_narrow.mem_reg_0_31_42_55/WCLK
    SLICE_X4Y24          RAMD32                                       r  system_i/smc_ic_zynq_ultra_ps_e_0_S_AXI_HP0_FPD/inst/s02_nodes/s02_w_node/inst/inst_mi_handler/gen_normal_area.inst_fifo_node_payld/gen_xpm_memory_fifo.inst_fifo/gen_mem_rep[1].inst_xpm_memory/xpm_memory_base_inst/gen_wr_a.gen_word_narrow.mem_reg_0_31_42_55/RAMC_D1/CLK
                         clock pessimism              0.484     5.223    
    SLICE_X4Y24          RAMD32 (Hold_C6LUT_SLICEM_CLK_I)
                                                      0.080     5.303    system_i/smc_ic_zynq_ultra_ps_e_0_S_AXI_HP0_FPD/inst/s02_nodes/s02_w_node/inst/inst_mi_handler/gen_normal_area.inst_fifo_node_payld/gen_xpm_memory_fifo.inst_fifo/gen_mem_rep[1].inst_xpm_memory/xpm_memory_base_inst/gen_wr_a.gen_word_narrow.mem_reg_0_31_42_55/RAMC_D1
  -------------------------------------------------------------------
                         required time                         -5.303    
                         arrival time                           5.313    
  -------------------------------------------------------------------
                         slack                                  0.011    

Slack (MET) :             0.011ns  (arrival time - required time)
  Source:                 system_i/mine_1/inst/gmem0_m_axi_U/load_unit_0/tmp_addr_reg[40]/C
                            (rising edge-triggered cell FDRE clocked by clk_out2_system_clk_wiz_0_0  {rise@0.000ns fall@2.500ns period=5.000ns})
  Destination:            system_i/mine_1/inst/gmem0_m_axi_U/bus_read/rreq_burst_conv/burst_sequential/rs_req/data_p2_reg[40]/D
                            (rising edge-triggered cell FDRE clocked by clk_out2_system_clk_wiz_0_0  {rise@0.000ns fall@2.500ns period=5.000ns})
  Path Group:             clk_out2_system_clk_wiz_0_0
  Path Type:              Hold (Min at Slow Process Corner)
  Requirement:            0.000ns  (clk_out2_system_clk_wiz_0_0 rise@0.000ns - clk_out2_system_clk_wiz_0_0 rise@0.000ns)
  Data Path Delay:        0.240ns  (logic 0.114ns (47.422%)  route 0.126ns (52.578%))
  Logic Levels:           0  
  Clock Path Skew:        0.128ns (DCD - SCD - CPR)
    Destination Clock Delay (DCD):    4.704ns
    Source Clock Delay      (SCD):    5.053ns
    Clock Pessimism Removal (CPR):    -0.477ns
  Clock Net Delay (Source):      2.505ns (routing 1.133ns, distribution 1.372ns)
  Clock Net Delay (Destination): 2.797ns (routing 1.241ns, distribution 1.556ns)

    Location             Delay type                Incr(ns)  Path(ns)    Netlist Resource(s)
  -------------------------------------------------------------------    -------------------
                         (clock clk_out2_system_clk_wiz_0_0 rise edge)
                                                      0.000     0.000 r  
    BUFG_PS_X0Y81        BUFG_PS                      0.000     0.000 r  system_i/zynq_ultra_ps_e_0/inst/buffer_pl_clk_0.PL_CLK_0_BUFG/O
                         net (fo=1, routed)           1.458     1.458    system_i/clk_wiz_0/inst/clk_in1
    MMCM_X0Y3            MMCME4_ADV (Prop_MMCM_CLKIN1_CLKOUT1)
                                                      0.739     2.197 r  system_i/clk_wiz_0/inst/mmcme4_adv_inst/CLKOUT1
                         net (fo=1, routed)           0.312     2.509    system_i/clk_wiz_0/inst/clk_out2_system_clk_wiz_0_0
    BUFGCE_X0Y76         BUFGCE (Prop_BUFCE_BUFGCE_I_O)
                                                      0.039     2.548 r  system_i/clk_wiz_0/inst/clkout2_buf/O
    X1Y1 (CLOCK_ROOT)    net (fo=69546, routed)       2.505     5.053    system_i/mine_1/inst/gmem0_m_axi_U/load_unit_0/ap_clk
    SLICE_X4Y76          FDRE                                         r  system_i/mine_1/inst/gmem0_m_axi_U/load_unit_0/tmp_addr_reg[40]/C
  -------------------------------------------------------------------    -------------------
    SLICE_X4Y76          FDRE (Prop_GFF2_SLICEM_C_Q)
                                                      0.114     5.167 r  system_i/mine_1/inst/gmem0_m_axi_U/load_unit_0/tmp_addr_reg[40]/Q
                         net (fo=2, routed)           0.126     5.293    system_i/mine_1/inst/gmem0_m_axi_U/bus_read/rreq_burst_conv/burst_sequential/rs_req/data_p2_reg[75]_0[35]
    SLICE_X3Y77          FDRE                                         r  system_i/mine_1/inst/gmem0_m_axi_U/bus_read/rreq_burst_conv/burst_sequential/rs_req/data_p2_reg[40]/D
  -------------------------------------------------------------------    -------------------

                         (clock clk_out2_system_clk_wiz_0_0 rise edge)
                                                      0.000     0.000 r  
    BUFG_PS_X0Y81        BUFG_PS                      0.000     0.000 r  system_i/zynq_ultra_ps_e_0/inst/buffer_pl_clk_0.PL_CLK_0_BUFG/O
                         net (fo=1, routed)           1.611     1.611    system_i/clk_wiz_0/inst/clk_in1
    MMCM_X0Y3            MMCME4_ADV (Prop_MMCM_CLKIN1_CLKOUT1)
                                                     -0.103     1.508 r  system_i/clk_wiz_0/inst/mmcme4_adv_inst/CLKOUT1
                         net (fo=1, routed)           0.355     1.863    system_i/clk_wiz_0/inst/clk_out2_system_clk_wiz_0_0
    BUFGCE_X0Y76         BUFGCE (Prop_BUFCE_BUFGCE_I_O)
                                                      0.044     1.907 r  system_i/clk_wiz_0/inst/clkout2_buf/O
    X1Y1 (CLOCK_ROOT)    net (fo=69546, routed)       2.797     4.704    system_i/mine_1/inst/gmem0_m_axi_U/bus_read/rreq_burst_conv/burst_sequential/rs_req/ap_clk
    SLICE_X3Y77          FDRE                                         r  system_i/mine_1/inst/gmem0_m_axi_U/bus_read/rreq_burst_conv/burst_sequential/rs_req/data_p2_reg[40]/C
                         clock pessimism              0.477     5.181    
    SLICE_X3Y77          FDRE (Hold_DFF2_SLICEL_C_D)
                                                      0.102     5.283    system_i/mine_1/inst/gmem0_m_axi_U/bus_read/rreq_burst_conv/burst_sequential/rs_req/data_p2_reg[40]
  -------------------------------------------------------------------
                         required time                         -5.283    
                         arrival time                           5.293    
  -------------------------------------------------------------------
                         slack                                  0.011    

Slack (MET) :             0.011ns  (arrival time - required time)
  Source:                 system_i/mine_1/inst/grp_mine_Pipeline_HASH_CHUNK_fu_351/grp_sha256d_80_from_midstate_words_ii1_fu_358/grp_sha256_compress_words_ii1_fu_140/t1_22_reg_7218_reg[15]/C
                            (rising edge-triggered cell FDRE clocked by clk_out2_system_clk_wiz_0_0  {rise@0.000ns fall@2.500ns period=5.000ns})
  Destination:            system_i/mine_1/inst/grp_mine_Pipeline_HASH_CHUNK_fu_351/grp_sha256d_80_from_midstate_words_ii1_fu_358/grp_sha256_compress_words_ii1_fu_140/t1_22_reg_7218_pp0_iter27_reg_reg[15]/D
                            (rising edge-triggered cell FDRE clocked by clk_out2_system_clk_wiz_0_0  {rise@0.000ns fall@2.500ns period=5.000ns})
  Path Group:             clk_out2_system_clk_wiz_0_0
  Path Type:              Hold (Min at Slow Process Corner)
  Requirement:            0.000ns  (clk_out2_system_clk_wiz_0_0 rise@0.000ns - clk_out2_system_clk_wiz_0_0 rise@0.000ns)
  Data Path Delay:        0.240ns  (logic 0.112ns (46.608%)  route 0.128ns (53.392%))
  Logic Levels:           0  
  Clock Path Skew:        0.128ns (DCD - SCD - CPR)
    Destination Clock Delay (DCD):    4.555ns
    Source Clock Delay      (SCD):    4.904ns
    Clock Pessimism Removal (CPR):    -0.478ns
  Clock Net Delay (Source):      2.356ns (routing 1.133ns, distribution 1.223ns)
  Clock Net Delay (Destination): 2.648ns (routing 1.241ns, distribution 1.407ns)

    Location             Delay type                Incr(ns)  Path(ns)    Netlist Resource(s)
  -------------------------------------------------------------------    -------------------
                         (clock clk_out2_system_clk_wiz_0_0 rise edge)
                                                      0.000     0.000 r  
    BUFG_PS_X0Y81        BUFG_PS                      0.000     0.000 r  system_i/zynq_ultra_ps_e_0/inst/buffer_pl_clk_0.PL_CLK_0_BUFG/O
                         net (fo=1, routed)           1.458     1.458    system_i/clk_wiz_0/inst/clk_in1
    MMCM_X0Y3            MMCME4_ADV (Prop_MMCM_CLKIN1_CLKOUT1)
                                                      0.739     2.197 r  system_i/clk_wiz_0/inst/mmcme4_adv_inst/CLKOUT1
                         net (fo=1, routed)           0.312     2.509    system_i/clk_wiz_0/inst/clk_out2_system_clk_wiz_0_0
    BUFGCE_X0Y76         BUFGCE (Prop_BUFCE_BUFGCE_I_O)
                                                      0.039     2.548 r  system_i/clk_wiz_0/inst/clkout2_buf/O
    X1Y1 (CLOCK_ROOT)    net (fo=69546, routed)       2.356     4.904    system_i/mine_1/inst/grp_mine_Pipeline_HASH_CHUNK_fu_351/grp_sha256d_80_from_midstate_words_ii1_fu_358/grp_sha256_compress_words_ii1_fu_140/ap_clk
    SLICE_X31Y139        FDRE                                         r  system_i/mine_1/inst/grp_mine_Pipeline_HASH_CHUNK_fu_351/grp_sha256d_80_from_midstate_words_ii1_fu_358/grp_sha256_compress_words_ii1_fu_140/t1_22_reg_7218_reg[15]/C
  -------------------------------------------------------------------    -------------------
    SLICE_X31Y139        FDRE (Prop_HFF_SLICEM_C_Q)
                                                      0.112     5.016 r  system_i/mine_1/inst/grp_mine_Pipeline_HASH_CHUNK_fu_351/grp_sha256d_80_from_midstate_words_ii1_fu_358/grp_sha256_compress_words_ii1_fu_140/t1_22_reg_7218_reg[15]/Q
                         net (fo=3, routed)           0.128     5.145    system_i/mine_1/inst/grp_mine_Pipeline_HASH_CHUNK_fu_351/grp_sha256d_80_from_midstate_words_ii1_fu_358/grp_sha256_compress_words_ii1_fu_140/t1_22_reg_7218[15]
    SLICE_X32Y139        FDRE                                         r  system_i/mine_1/inst/grp_mine_Pipeline_HASH_CHUNK_fu_351/grp_sha256d_80_from_midstate_words_ii1_fu_358/grp_sha256_compress_words_ii1_fu_140/t1_22_reg_7218_pp0_iter27_reg_reg[15]/D
  -------------------------------------------------------------------    -------------------

                         (clock clk_out2_system_clk_wiz_0_0 rise edge)
                                                      0.000     0.000 r  
    BUFG_PS_X0Y81        BUFG_PS                      0.000     0.000 r  system_i/zynq_ultra_ps_e_0/inst/buffer_pl_clk_0.PL_CLK_0_BUFG/O
                         net (fo=1, routed)           1.611     1.611    system_i/clk_wiz_0/inst/clk_in1
    MMCM_X0Y3            MMCME4_ADV (Prop_MMCM_CLKIN1_CLKOUT1)
                                                     -0.103     1.508 r  system_i/clk_wiz_0/inst/mmcme4_adv_inst/CLKOUT1
                         net (fo=1, routed)           0.355     1.863    system_i/clk_wiz_0/inst/clk_out2_system_clk_wiz_0_0
    BUFGCE_X0Y76         BUFGCE (Prop_BUFCE_BUFGCE_I_O)
                                                      0.044     1.907 r  system_i/clk_wiz_0/inst/clkout2_buf/O
    X1Y1 (CLOCK_ROOT)    net (fo=69546, routed)       2.648     4.555    system_i/mine_1/inst/grp_mine_Pipeline_HASH_CHUNK_fu_351/grp_sha256d_80_from_midstate_words_ii1_fu_358/grp_sha256_compress_words_ii1_fu_140/ap_clk
    SLICE_X32Y139        FDRE                                         r  system_i/mine_1/inst/grp_mine_Pipeline_HASH_CHUNK_fu_351/grp_sha256d_80_from_midstate_words_ii1_fu_358/grp_sha256_compress_words_ii1_fu_140/t1_22_reg_7218_pp0_iter27_reg_reg[15]/C
                         clock pessimism              0.478     5.033    
    SLICE_X32Y139        FDRE (Hold_HFF_SLICEM_C_D)
                                                      0.101     5.134    system_i/mine_1/inst/grp_mine_Pipeline_HASH_CHUNK_fu_351/grp_sha256d_80_from_midstate_words_ii1_fu_358/grp_sha256_compress_words_ii1_fu_140/t1_22_reg_7218_pp0_iter27_reg_reg[15]
  -------------------------------------------------------------------
                         required time                         -5.134    
                         arrival time                           5.145    
  -------------------------------------------------------------------
                         slack                                  0.011    

Slack (MET) :             0.011ns  (arrival time - required time)
  Source:                 system_i/mine_1/inst/gmem1_m_axi_U/bus_read/rs_rdata/data_p1_reg[123]/C
                            (rising edge-triggered cell FDRE clocked by clk_out2_system_clk_wiz_0_0  {rise@0.000ns fall@2.500ns period=5.000ns})
  Destination:            system_i/mine_1/inst/gmem1_m_axi_U/load_unit_0/buff_rdata/U_fifo_mem/mem_reg_1/DINBDIN[19]
                            (rising edge-triggered cell RAMB36E2 clocked by clk_out2_system_clk_wiz_0_0  {rise@0.000ns fall@2.500ns period=5.000ns})
  Path Group:             clk_out2_system_clk_wiz_0_0
  Path Type:              Hold (Min at Slow Process Corner)
  Requirement:            0.000ns  (clk_out2_system_clk_wiz_0_0 rise@0.000ns - clk_out2_system_clk_wiz_0_0 rise@0.000ns)
  Data Path Delay:        0.207ns  (logic 0.111ns (53.623%)  route 0.096ns (46.377%))
  Logic Levels:           0  
  Clock Path Skew:        0.244ns (DCD - SCD - CPR)
    Destination Clock Delay (DCD):    4.609ns
    Source Clock Delay      (SCD):    4.849ns
    Clock Pessimism Removal (CPR):    -0.485ns
  Clock Net Delay (Source):      2.301ns (routing 1.133ns, distribution 1.168ns)
  Clock Net Delay (Destination): 2.702ns (routing 1.241ns, distribution 1.461ns)

    Location             Delay type                Incr(ns)  Path(ns)    Netlist Resource(s)
  -------------------------------------------------------------------    -------------------
                         (clock clk_out2_system_clk_wiz_0_0 rise edge)
                                                      0.000     0.000 r  
    BUFG_PS_X0Y81        BUFG_PS                      0.000     0.000 r  system_i/zynq_ultra_ps_e_0/inst/buffer_pl_clk_0.PL_CLK_0_BUFG/O
                         net (fo=1, routed)           1.458     1.458    system_i/clk_wiz_0/inst/clk_in1
    MMCM_X0Y3            MMCME4_ADV (Prop_MMCM_CLKIN1_CLKOUT1)
                                                      0.739     2.197 r  system_i/clk_wiz_0/inst/mmcme4_adv_inst/CLKOUT1
                         net (fo=1, routed)           0.312     2.509    system_i/clk_wiz_0/inst/clk_out2_system_clk_wiz_0_0
    BUFGCE_X0Y76         BUFGCE (Prop_BUFCE_BUFGCE_I_O)
                                                      0.039     2.548 r  system_i/clk_wiz_0/inst/clkout2_buf/O
    X1Y1 (CLOCK_ROOT)    net (fo=69546, routed)       2.301     4.849    system_i/mine_1/inst/gmem1_m_axi_U/bus_read/rs_rdata/ap_clk
    SLICE_X28Y34         FDRE                                         r  system_i/mine_1/inst/gmem1_m_axi_U/bus_read/rs_rdata/data_p1_reg[123]/C
  -------------------------------------------------------------------    -------------------
    SLICE_X28Y34         FDRE (Prop_BFF_SLICEM_C_Q)
                                                      0.111     4.960 r  system_i/mine_1/inst/gmem1_m_axi_U/bus_read/rs_rdata/data_p1_reg[123]/Q
                         net (fo=1, routed)           0.096     5.056    system_i/mine_1/inst/gmem1_m_axi_U/load_unit_0/buff_rdata/U_fifo_mem/din[123]
    RAMB36_X0Y6          RAMB36E2                                     r  system_i/mine_1/inst/gmem1_m_axi_U/load_unit_0/buff_rdata/U_fifo_mem/mem_reg_1/DINBDIN[19]
  -------------------------------------------------------------------    -------------------

                         (clock clk_out2_system_clk_wiz_0_0 rise edge)
                                                      0.000     0.000 r  
    BUFG_PS_X0Y81        BUFG_PS                      0.000     0.000 r  system_i/zynq_ultra_ps_e_0/inst/buffer_pl_clk_0.PL_CLK_0_BUFG/O
                         net (fo=1, routed)           1.611     1.611    system_i/clk_wiz_0/inst/clk_in1
    MMCM_X0Y3            MMCME4_ADV (Prop_MMCM_CLKIN1_CLKOUT1)
                                                     -0.103     1.508 r  system_i/clk_wiz_0/inst/mmcme4_adv_inst/CLKOUT1
                         net (fo=1, routed)           0.355     1.863    system_i/clk_wiz_0/inst/clk_out2_system_clk_wiz_0_0
    BUFGCE_X0Y76         BUFGCE (Prop_BUFCE_BUFGCE_I_O)
                                                      0.044     1.907 r  system_i/clk_wiz_0/inst/clkout2_buf/O
    X1Y1 (CLOCK_ROOT)    net (fo=69546, routed)       2.702     4.609    system_i/mine_1/inst/gmem1_m_axi_U/load_unit_0/buff_rdata/U_fifo_mem/ap_clk
    RAMB36_X0Y6          RAMB36E2                                     r  system_i/mine_1/inst/gmem1_m_axi_U/load_unit_0/buff_rdata/U_fifo_mem/mem_reg_1/CLKBWRCLK
                         clock pessimism              0.485     5.093    
    RAMB36_X0Y6          RAMB36E2 (Hold_RAMB36E2_RAMB36_CLKBWRCLK_DINBDIN[19])
                                                     -0.048     5.045    system_i/mine_1/inst/gmem1_m_axi_U/load_unit_0/buff_rdata/U_fifo_mem/mem_reg_1
  -------------------------------------------------------------------
                         required time                         -5.045    
                         arrival time                           5.056    
  -------------------------------------------------------------------
                         slack                                  0.011    





Pulse Width Checks
--------------------------------------------------------------------------------------
Clock Name:         clk_out2_system_clk_wiz_0_0
Waveform(ns):       { 0.000 2.500 }
Period(ns):         5.000
Sources:            { system_i/clk_wiz_0/inst/mmcme4_adv_inst/CLKOUT1 }

Check Type        Corner  Lib Pin             Reference Pin  Required(ns)  Actual(ns)  Slack(ns)  Location      Pin
Min Period        n/a     PS8/MAXIGP0ACLK     n/a            3.000         5.000       2.000      PS8_X0Y0      system_i/zynq_ultra_ps_e_0/inst/PS8_i/MAXIGP0ACLK
Min Period        n/a     PS8/MAXIGP2ACLK     n/a            3.000         5.000       2.000      PS8_X0Y0      system_i/zynq_ultra_ps_e_0/inst/PS8_i/MAXIGP2ACLK
Min Period        n/a     PS8/SAXIGP2RCLK     n/a            3.000         5.000       2.000      PS8_X0Y0      system_i/zynq_ultra_ps_e_0/inst/PS8_i/SAXIGP2RCLK
Min Period        n/a     PS8/SAXIGP2WCLK     n/a            3.000         5.000       2.000      PS8_X0Y0      system_i/zynq_ultra_ps_e_0/inst/PS8_i/SAXIGP2WCLK
Min Period        n/a     RAMB36E2/CLKARDCLK  n/a            1.960         5.000       3.040      RAMB36_X0Y17  system_i/mine_1/inst/gmem0_m_axi_U/load_unit_0/buff_rdata/U_fifo_mem/mem_reg_0/CLKARDCLK
Min Period        n/a     RAMB36E2/CLKBWRCLK  n/a            1.960         5.000       3.040      RAMB36_X0Y17  system_i/mine_1/inst/gmem0_m_axi_U/load_unit_0/buff_rdata/U_fifo_mem/mem_reg_0/CLKBWRCLK
Min Period        n/a     RAMB36E2/CLKARDCLK  n/a            1.960         5.000       3.040      RAMB36_X0Y16  system_i/mine_1/inst/gmem0_m_axi_U/load_unit_0/buff_rdata/U_fifo_mem/mem_reg_1/CLKARDCLK
Min Period        n/a     RAMB36E2/CLKBWRCLK  n/a            1.960         5.000       3.040      RAMB36_X0Y16  system_i/mine_1/inst/gmem0_m_axi_U/load_unit_0/buff_rdata/U_fifo_mem/mem_reg_1/CLKBWRCLK
Min Period        n/a     RAMB36E2/CLKARDCLK  n/a            1.960         5.000       3.040      RAMB36_X0Y15  system_i/mine_1/inst/gmem0_m_axi_U/load_unit_0/buff_rdata/U_fifo_mem/mem_reg_2/CLKARDCLK
Min Period        n/a     RAMB36E2/CLKBWRCLK  n/a            1.960         5.000       3.040      RAMB36_X0Y15  system_i/mine_1/inst/gmem0_m_axi_U/load_unit_0/buff_rdata/U_fifo_mem/mem_reg_2/CLKBWRCLK
Low Pulse Width   Slow    PS8/MAXIGP0ACLK     n/a            1.500         2.500       1.000      PS8_X0Y0      system_i/zynq_ultra_ps_e_0/inst/PS8_i/MAXIGP0ACLK
Low Pulse Width   Fast    PS8/MAXIGP0ACLK     n/a            1.500         2.500       1.000      PS8_X0Y0      system_i/zynq_ultra_ps_e_0/inst/PS8_i/MAXIGP0ACLK
Low Pulse Width   Slow    PS8/MAXIGP2ACLK     n/a            1.500         2.500       1.000      PS8_X0Y0      system_i/zynq_ultra_ps_e_0/inst/PS8_i/MAXIGP2ACLK
Low Pulse Width   Fast    PS8/MAXIGP2ACLK     n/a            1.500         2.500       1.000      PS8_X0Y0      system_i/zynq_ultra_ps_e_0/inst/PS8_i/MAXIGP2ACLK
Low Pulse Width   Slow    PS8/SAXIGP2RCLK     n/a            1.500         2.500       1.000      PS8_X0Y0      system_i/zynq_ultra_ps_e_0/inst/PS8_i/SAXIGP2RCLK
Low Pulse Width   Fast    PS8/SAXIGP2RCLK     n/a            1.500         2.500       1.000      PS8_X0Y0      system_i/zynq_ultra_ps_e_0/inst/PS8_i/SAXIGP2RCLK
Low Pulse Width   Slow    PS8/SAXIGP2WCLK     n/a            1.500         2.500       1.000      PS8_X0Y0      system_i/zynq_ultra_ps_e_0/inst/PS8_i/SAXIGP2WCLK
Low Pulse Width   Fast    PS8/SAXIGP2WCLK     n/a            1.500         2.500       1.000      PS8_X0Y0      system_i/zynq_ultra_ps_e_0/inst/PS8_i/SAXIGP2WCLK
Low Pulse Width   Slow    SRL16E/CLK          n/a            0.762         2.500       1.738      SLICE_X1Y178  system_i/axi_smc/inst/clk_map/psr_aclk/U0/EXT_LPF/POR_SRL_I/CLK
Low Pulse Width   Fast    SRL16E/CLK          n/a            0.762         2.500       1.738      SLICE_X1Y178  system_i/axi_smc/inst/clk_map/psr_aclk/U0/EXT_LPF/POR_SRL_I/CLK
High Pulse Width  Slow    PS8/MAXIGP0ACLK     n/a            1.500         2.500       1.000      PS8_X0Y0      system_i/zynq_ultra_ps_e_0/inst/PS8_i/MAXIGP0ACLK
High Pulse Width  Fast    PS8/MAXIGP0ACLK     n/a            1.500         2.500       1.000      PS8_X0Y0      system_i/zynq_ultra_ps_e_0/inst/PS8_i/MAXIGP0ACLK
High Pulse Width  Slow    PS8/MAXIGP2ACLK     n/a            1.500         2.500       1.000      PS8_X0Y0      system_i/zynq_ultra_ps_e_0/inst/PS8_i/MAXIGP2ACLK
High Pulse Width  Fast    PS8/MAXIGP2ACLK     n/a            1.500         2.500       1.000      PS8_X0Y0      system_i/zynq_ultra_ps_e_0/inst/PS8_i/MAXIGP2ACLK
High Pulse Width  Slow    PS8/SAXIGP2RCLK     n/a            1.500         2.500       1.000      PS8_X0Y0      system_i/zynq_ultra_ps_e_0/inst/PS8_i/SAXIGP2RCLK
High Pulse Width  Fast    PS8/SAXIGP2RCLK     n/a            1.500         2.500       1.000      PS8_X0Y0      system_i/zynq_ultra_ps_e_0/inst/PS8_i/SAXIGP2RCLK
High Pulse Width  Slow    PS8/SAXIGP2WCLK     n/a            1.500         2.500       1.000      PS8_X0Y0      system_i/zynq_ultra_ps_e_0/inst/PS8_i/SAXIGP2WCLK
High Pulse Width  Fast    PS8/SAXIGP2WCLK     n/a            1.500         2.500       1.000      PS8_X0Y0      system_i/zynq_ultra_ps_e_0/inst/PS8_i/SAXIGP2WCLK
High Pulse Width  Slow    SRL16E/CLK          n/a            0.762         2.500       1.738      SLICE_X1Y178  system_i/axi_smc/inst/clk_map/psr_aclk/U0/EXT_LPF/POR_SRL_I/CLK
High Pulse Width  Fast    SRL16E/CLK          n/a            0.762         2.500       1.738      SLICE_X1Y178  system_i/axi_smc/inst/clk_map/psr_aclk/U0/EXT_LPF/POR_SRL_I/CLK



--------------------------------------------------------------------------------------
Path Group:  (none)
From Clock:  
  To Clock:  clk_out2_system_clk_wiz_0_0

Max Delay             1 Endpoint
Min Delay             1 Endpoint
--------------------------------------------------------------------------------------


Max Delay Paths
--------------------------------------------------------------------------------------
Slack:                    inf
  Source:                 system_i/zynq_ultra_ps_e_0/inst/PS8_i/EMIOGPIOO[95]
                            (internal pin)
  Destination:            system_i/proc_sys_reset_2/U0/EXT_LPF/ACTIVE_LOW_EXT.ACT_LO_EXT/syncstages_ff_reg[0]/D
                            (rising edge-triggered cell FDRE clocked by clk_out2_system_clk_wiz_0_0  {rise@0.000ns fall@2.500ns period=5.000ns})
  Path Group:             (none)
  Path Type:              Setup (Max at Slow Process Corner)
  Data Path Delay:        1.531ns  (logic 0.153ns (9.992%)  route 1.378ns (90.008%))
  Logic Levels:           1  (LUT1=1)
  Clock Uncertainty:      0.144ns  ((TSJ^2 + DJ^2)^1/2) / 2 + PE
    Total System Jitter     (TSJ):    0.050ns
    Discrete Jitter          (DJ):    0.102ns
    Phase Error              (PE):    0.087ns
  Clock Net Delay (Destination): 2.537ns (routing 1.133ns, distribution 1.404ns)
  Timing Exception:       False Path

    Location             Delay type                Incr(ns)  Path(ns)    Netlist Resource(s)
  -------------------------------------------------------------------    -------------------
    PS8_X0Y0             PS8                          0.000     0.000 f  system_i/zynq_ultra_ps_e_0/inst/PS8_i/EMIOGPIOO[95]
                         net (fo=2, routed)           1.169     1.169    system_i/proc_sys_reset_2/U0/EXT_LPF/ext_reset_in
    SLICE_X9Y206         LUT1 (Prop_H6LUT_SLICEL_I0_O)
                                                      0.153     1.322 r  system_i/proc_sys_reset_2/U0/EXT_LPF/ACTIVE_LOW_EXT.ACT_LO_EXT_i_1/O
                         net (fo=1, routed)           0.209     1.531    system_i/proc_sys_reset_2/U0/EXT_LPF/ACTIVE_LOW_EXT.ACT_LO_EXT/src_in
    SLICE_X9Y206         FDRE                                         r  system_i/proc_sys_reset_2/U0/EXT_LPF/ACTIVE_LOW_EXT.ACT_LO_EXT/syncstages_ff_reg[0]/D
  -------------------------------------------------------------------    -------------------

                         (clock clk_out2_system_clk_wiz_0_0 rise edge)
                                                      0.000     0.000 r  
    BUFG_PS_X0Y81        BUFG_PS                      0.000     0.000 r  system_i/zynq_ultra_ps_e_0/inst/buffer_pl_clk_0.PL_CLK_0_BUFG/O
                         net (fo=1, routed)           1.458     1.458    system_i/clk_wiz_0/inst/clk_in1
    MMCM_X0Y3            MMCME4_ADV (Prop_MMCM_CLKIN1_CLKOUT1)
                                                      0.739     2.197 r  system_i/clk_wiz_0/inst/mmcme4_adv_inst/CLKOUT1
                         net (fo=1, routed)           0.312     2.509    system_i/clk_wiz_0/inst/clk_out2_system_clk_wiz_0_0
    BUFGCE_X0Y76         BUFGCE (Prop_BUFCE_BUFGCE_I_O)
                                                      0.039     2.548 r  system_i/clk_wiz_0/inst/clkout2_buf/O
    X1Y1 (CLOCK_ROOT)    net (fo=69546, routed)       2.537     5.085    system_i/proc_sys_reset_2/U0/EXT_LPF/ACTIVE_LOW_EXT.ACT_LO_EXT/dest_clk
    SLICE_X9Y206         FDRE                                         r  system_i/proc_sys_reset_2/U0/EXT_LPF/ACTIVE_LOW_EXT.ACT_LO_EXT/syncstages_ff_reg[0]/C





Min Delay Paths
--------------------------------------------------------------------------------------
Slack:                    inf
  Source:                 system_i/zynq_ultra_ps_e_0/inst/PS8_i/EMIOGPIOO[95]
                            (internal pin)
  Destination:            system_i/proc_sys_reset_2/U0/EXT_LPF/ACTIVE_LOW_EXT.ACT_LO_EXT/syncstages_ff_reg[0]/D
                            (rising edge-triggered cell FDRE clocked by clk_out2_system_clk_wiz_0_0  {rise@0.000ns fall@2.500ns period=5.000ns})
  Path Group:             (none)
  Path Type:              Hold (Min at Fast Process Corner)
  Data Path Delay:        0.632ns  (logic 0.077ns (12.193%)  route 0.555ns (87.807%))
  Logic Levels:           1  (LUT1=1)
  Clock Uncertainty:      0.144ns  ((TSJ^2 + DJ^2)^1/2) / 2 + PE
    Total System Jitter     (TSJ):    0.050ns
    Discrete Jitter          (DJ):    0.102ns
    Phase Error              (PE):    0.087ns
  Clock Net Delay (Destination): 1.666ns (routing 0.738ns, distribution 0.928ns)
  Timing Exception:       False Path

    Location             Delay type                Incr(ns)  Path(ns)    Netlist Resource(s)
  -------------------------------------------------------------------    -------------------
    PS8_X0Y0             PS8                          0.000     0.000 f  system_i/zynq_ultra_ps_e_0/inst/PS8_i/EMIOGPIOO[95]
                         net (fo=2, routed)           0.501     0.501    system_i/proc_sys_reset_2/U0/EXT_LPF/ext_reset_in
    SLICE_X9Y206         LUT1 (Prop_H6LUT_SLICEL_I0_O)
                                                      0.077     0.578 r  system_i/proc_sys_reset_2/U0/EXT_LPF/ACTIVE_LOW_EXT.ACT_LO_EXT_i_1/O
                         net (fo=1, routed)           0.054     0.632    system_i/proc_sys_reset_2/U0/EXT_LPF/ACTIVE_LOW_EXT.ACT_LO_EXT/src_in
    SLICE_X9Y206         FDRE                                         r  system_i/proc_sys_reset_2/U0/EXT_LPF/ACTIVE_LOW_EXT.ACT_LO_EXT/syncstages_ff_reg[0]/D
  -------------------------------------------------------------------    -------------------

                         (clock clk_out2_system_clk_wiz_0_0 rise edge)
                                                      0.000     0.000 r  
    BUFG_PS_X0Y81        BUFG_PS                      0.000     0.000 r  system_i/zynq_ultra_ps_e_0/inst/buffer_pl_clk_0.PL_CLK_0_BUFG/O
                         net (fo=1, routed)           0.964     0.964    system_i/clk_wiz_0/inst/clk_in1
    MMCM_X0Y3            MMCME4_ADV (Prop_MMCM_CLKIN1_CLKOUT1)
                                                     -0.079     0.885 r  system_i/clk_wiz_0/inst/mmcme4_adv_inst/CLKOUT1
                         net (fo=1, routed)           0.208     1.093    system_i/clk_wiz_0/inst/clk_out2_system_clk_wiz_0_0
    BUFGCE_X0Y76         BUFGCE (Prop_BUFCE_BUFGCE_I_O)
                                                      0.026     1.119 r  system_i/clk_wiz_0/inst/clkout2_buf/O
    X1Y1 (CLOCK_ROOT)    net (fo=69546, routed)       1.666     2.785    system_i/proc_sys_reset_2/U0/EXT_LPF/ACTIVE_LOW_EXT.ACT_LO_EXT/dest_clk
    SLICE_X9Y206         FDRE                                         r  system_i/proc_sys_reset_2/U0/EXT_LPF/ACTIVE_LOW_EXT.ACT_LO_EXT/syncstages_ff_reg[0]/C





--------------------------------------------------------------------------------------
Path Group:  (none)
From Clock:  clk_out2_system_clk_wiz_0_0
  To Clock:  clk_out2_system_clk_wiz_0_0

Max Delay           123 Endpoints
Min Delay           123 Endpoints
--------------------------------------------------------------------------------------


Max Delay Paths
--------------------------------------------------------------------------------------
Slack:                    inf
  Source:                 system_i/smc_ic_zynq_ultra_ps_e_0_S_AXI_HP0_FPD/inst/clk_map/psr_aclk/U0/ACTIVE_LOW_BSR_OUT_DFF[0].FDRE_BSR_N/C
                            (rising edge-triggered cell FDRE clocked by clk_out2_system_clk_wiz_0_0  {rise@0.000ns fall@2.500ns period=5.000ns})
  Destination:            system_i/smc_ic_zynq_ultra_ps_e_0_S_AXI_HP0_FPD/inst/s00_entry_pipeline/s00_mmu/inst/xpm_cdc_async_rst_inst/arststages_ff_reg[0]/CLR
                            (recovery check against rising-edge clock clk_out2_system_clk_wiz_0_0  {rise@0.000ns fall@2.500ns period=5.000ns})
  Path Group:             (none)
  Path Type:              Recovery (Max at Slow Process Corner)
  Data Path Delay:        2.971ns  (logic 0.113ns (3.804%)  route 2.858ns (96.196%))
  Logic Levels:           0  
  Clock Path Skew:        0.171ns (DCD - SCD + CPR)
    Destination Clock Delay (DCD):    4.853ns
    Source Clock Delay      (SCD):    4.682ns
    Clock Pessimism Removal (CPR):    0.000ns
  Clock Uncertainty:      0.062ns  ((TSJ^2 + DJ^2)^1/2) / 2 + PE
    Total System Jitter     (TSJ):    0.071ns
    Discrete Jitter          (DJ):    0.102ns
    Phase Error              (PE):    0.000ns
  Clock Net Delay (Source):      2.775ns (routing 1.241ns, distribution 1.534ns)
  Clock Net Delay (Destination): 2.305ns (routing 1.133ns, distribution 1.172ns)
  Timing Exception:       False Path

    Location             Delay type                Incr(ns)  Path(ns)    Netlist Resource(s)
  -------------------------------------------------------------------    -------------------
                         (clock clk_out2_system_clk_wiz_0_0 rise edge)
                                                      0.000     0.000 r  
    BUFG_PS_X0Y81        BUFG_PS                      0.000     0.000 r  system_i/zynq_ultra_ps_e_0/inst/buffer_pl_clk_0.PL_CLK_0_BUFG/O
                         net (fo=1, routed)           1.611     1.611    system_i/clk_wiz_0/inst/clk_in1
    MMCM_X0Y3            MMCME4_ADV (Prop_MMCM_CLKIN1_CLKOUT1)
                                                     -0.103     1.508 r  system_i/clk_wiz_0/inst/mmcme4_adv_inst/CLKOUT1
                         net (fo=1, routed)           0.355     1.863    system_i/clk_wiz_0/inst/clk_out2_system_clk_wiz_0_0
    BUFGCE_X0Y76         BUFGCE (Prop_BUFCE_BUFGCE_I_O)
                                                      0.044     1.907 r  system_i/clk_wiz_0/inst/clkout2_buf/O
    X1Y1 (CLOCK_ROOT)    net (fo=69546, routed)       2.775     4.682    system_i/smc_ic_zynq_ultra_ps_e_0_S_AXI_HP0_FPD/inst/clk_map/psr_aclk/U0/aclk
    SLICE_X0Y111         FDRE                                         r  system_i/smc_ic_zynq_ultra_ps_e_0_S_AXI_HP0_FPD/inst/clk_map/psr_aclk/U0/ACTIVE_LOW_BSR_OUT_DFF[0].FDRE_BSR_N/C
  -------------------------------------------------------------------    -------------------
    SLICE_X0Y111         FDRE (Prop_HFF_SLICEL_C_Q)
                                                      0.113     4.795 r  system_i/smc_ic_zynq_ultra_ps_e_0_S_AXI_HP0_FPD/inst/clk_map/psr_aclk/U0/ACTIVE_LOW_BSR_OUT_DFF[0].FDRE_BSR_N/Q
                         net (fo=66, routed)          2.858     7.653    system_i/smc_ic_zynq_ultra_ps_e_0_S_AXI_HP0_FPD/inst/s00_entry_pipeline/s00_mmu/inst/xpm_cdc_async_rst_inst/src_arst
    SLICE_X23Y67         FDCE                                         f  system_i/smc_ic_zynq_ultra_ps_e_0_S_AXI_HP0_FPD/inst/s00_entry_pipeline/s00_mmu/inst/xpm_cdc_async_rst_inst/arststages_ff_reg[0]/CLR  (IS_INVERTED)
  -------------------------------------------------------------------    -------------------

                         (clock clk_out2_system_clk_wiz_0_0 rise edge)
                                                      0.000     0.000 r  
    BUFG_PS_X0Y81        BUFG_PS                      0.000     0.000 r  system_i/zynq_ultra_ps_e_0/inst/buffer_pl_clk_0.PL_CLK_0_BUFG/O
                         net (fo=1, routed)           1.458     1.458    system_i/clk_wiz_0/inst/clk_in1
    MMCM_X0Y3            MMCME4_ADV (Prop_MMCM_CLKIN1_CLKOUT1)
                                                      0.739     2.197 r  system_i/clk_wiz_0/inst/mmcme4_adv_inst/CLKOUT1
                         net (fo=1, routed)           0.312     2.509    system_i/clk_wiz_0/inst/clk_out2_system_clk_wiz_0_0
    BUFGCE_X0Y76         BUFGCE (Prop_BUFCE_BUFGCE_I_O)
                                                      0.039     2.548 r  system_i/clk_wiz_0/inst/clkout2_buf/O
    X1Y1 (CLOCK_ROOT)    net (fo=69546, routed)       2.305     4.853    system_i/smc_ic_zynq_ultra_ps_e_0_S_AXI_HP0_FPD/inst/s00_entry_pipeline/s00_mmu/inst/xpm_cdc_async_rst_inst/dest_clk
    SLICE_X23Y67         FDCE                                         r  system_i/smc_ic_zynq_ultra_ps_e_0_S_AXI_HP0_FPD/inst/s00_entry_pipeline/s00_mmu/inst/xpm_cdc_async_rst_inst/arststages_ff_reg[0]/C

Slack:                    inf
  Source:                 system_i/smc_ic_zynq_ultra_ps_e_0_S_AXI_HP0_FPD/inst/clk_map/psr_aclk/U0/ACTIVE_LOW_BSR_OUT_DFF[0].FDRE_BSR_N/C
                            (rising edge-triggered cell FDRE clocked by clk_out2_system_clk_wiz_0_0  {rise@0.000ns fall@2.500ns period=5.000ns})
  Destination:            system_i/smc_ic_zynq_ultra_ps_e_0_S_AXI_HP0_FPD/inst/s00_entry_pipeline/s00_mmu/inst/xpm_cdc_async_rst_inst/arststages_ff_reg[1]/CLR
                            (recovery check against rising-edge clock clk_out2_system_clk_wiz_0_0  {rise@0.000ns fall@2.500ns period=5.000ns})
  Path Group:             (none)
  Path Type:              Recovery (Max at Slow Process Corner)
  Data Path Delay:        2.971ns  (logic 0.113ns (3.804%)  route 2.858ns (96.196%))
  Logic Levels:           0  
  Clock Path Skew:        0.171ns (DCD - SCD + CPR)
    Destination Clock Delay (DCD):    4.853ns
    Source Clock Delay      (SCD):    4.682ns
    Clock Pessimism Removal (CPR):    0.000ns
  Clock Uncertainty:      0.062ns  ((TSJ^2 + DJ^2)^1/2) / 2 + PE
    Total System Jitter     (TSJ):    0.071ns
    Discrete Jitter          (DJ):    0.102ns
    Phase Error              (PE):    0.000ns
  Clock Net Delay (Source):      2.775ns (routing 1.241ns, distribution 1.534ns)
  Clock Net Delay (Destination): 2.305ns (routing 1.133ns, distribution 1.172ns)
  Timing Exception:       False Path

    Location             Delay type                Incr(ns)  Path(ns)    Netlist Resource(s)
  -------------------------------------------------------------------    -------------------
                         (clock clk_out2_system_clk_wiz_0_0 rise edge)
                                                      0.000     0.000 r  
    BUFG_PS_X0Y81        BUFG_PS                      0.000     0.000 r  system_i/zynq_ultra_ps_e_0/inst/buffer_pl_clk_0.PL_CLK_0_BUFG/O
                         net (fo=1, routed)           1.611     1.611    system_i/clk_wiz_0/inst/clk_in1
    MMCM_X0Y3            MMCME4_ADV (Prop_MMCM_CLKIN1_CLKOUT1)
                                                     -0.103     1.508 r  system_i/clk_wiz_0/inst/mmcme4_adv_inst/CLKOUT1
                         net (fo=1, routed)           0.355     1.863    system_i/clk_wiz_0/inst/clk_out2_system_clk_wiz_0_0
    BUFGCE_X0Y76         BUFGCE (Prop_BUFCE_BUFGCE_I_O)
                                                      0.044     1.907 r  system_i/clk_wiz_0/inst/clkout2_buf/O
    X1Y1 (CLOCK_ROOT)    net (fo=69546, routed)       2.775     4.682    system_i/smc_ic_zynq_ultra_ps_e_0_S_AXI_HP0_FPD/inst/clk_map/psr_aclk/U0/aclk
    SLICE_X0Y111         FDRE                                         r  system_i/smc_ic_zynq_ultra_ps_e_0_S_AXI_HP0_FPD/inst/clk_map/psr_aclk/U0/ACTIVE_LOW_BSR_OUT_DFF[0].FDRE_BSR_N/C
  -------------------------------------------------------------------    -------------------
    SLICE_X0Y111         FDRE (Prop_HFF_SLICEL_C_Q)
                                                      0.113     4.795 r  system_i/smc_ic_zynq_ultra_ps_e_0_S_AXI_HP0_FPD/inst/clk_map/psr_aclk/U0/ACTIVE_LOW_BSR_OUT_DFF[0].FDRE_BSR_N/Q
                         net (fo=66, routed)          2.858     7.653    system_i/smc_ic_zynq_ultra_ps_e_0_S_AXI_HP0_FPD/inst/s00_entry_pipeline/s00_mmu/inst/xpm_cdc_async_rst_inst/src_arst
    SLICE_X23Y67         FDCE                                         f  system_i/smc_ic_zynq_ultra_ps_e_0_S_AXI_HP0_FPD/inst/s00_entry_pipeline/s00_mmu/inst/xpm_cdc_async_rst_inst/arststages_ff_reg[1]/CLR  (IS_INVERTED)
  -------------------------------------------------------------------    -------------------

                         (clock clk_out2_system_clk_wiz_0_0 rise edge)
                                                      0.000     0.000 r  
    BUFG_PS_X0Y81        BUFG_PS                      0.000     0.000 r  system_i/zynq_ultra_ps_e_0/inst/buffer_pl_clk_0.PL_CLK_0_BUFG/O
                         net (fo=1, routed)           1.458     1.458    system_i/clk_wiz_0/inst/clk_in1
    MMCM_X0Y3            MMCME4_ADV (Prop_MMCM_CLKIN1_CLKOUT1)
                                                      0.739     2.197 r  system_i/clk_wiz_0/inst/mmcme4_adv_inst/CLKOUT1
                         net (fo=1, routed)           0.312     2.509    system_i/clk_wiz_0/inst/clk_out2_system_clk_wiz_0_0
    BUFGCE_X0Y76         BUFGCE (Prop_BUFCE_BUFGCE_I_O)
                                                      0.039     2.548 r  system_i/clk_wiz_0/inst/clkout2_buf/O
    X1Y1 (CLOCK_ROOT)    net (fo=69546, routed)       2.305     4.853    system_i/smc_ic_zynq_ultra_ps_e_0_S_AXI_HP0_FPD/inst/s00_entry_pipeline/s00_mmu/inst/xpm_cdc_async_rst_inst/dest_clk
    SLICE_X23Y67         FDCE                                         r  system_i/smc_ic_zynq_ultra_ps_e_0_S_AXI_HP0_FPD/inst/s00_entry_pipeline/s00_mmu/inst/xpm_cdc_async_rst_inst/arststages_ff_reg[1]/C

Slack:                    inf
  Source:                 system_i/smc_ic_zynq_ultra_ps_e_0_S_AXI_HP0_FPD/inst/clk_map/psr_aclk/U0/ACTIVE_LOW_BSR_OUT_DFF[0].FDRE_BSR_N/C
                            (rising edge-triggered cell FDRE clocked by clk_out2_system_clk_wiz_0_0  {rise@0.000ns fall@2.500ns period=5.000ns})
  Destination:            system_i/smc_ic_zynq_ultra_ps_e_0_S_AXI_HP0_FPD/inst/s00_entry_pipeline/s00_mmu/inst/xpm_cdc_async_rst_inst/arststages_ff_reg[2]/CLR
                            (recovery check against rising-edge clock clk_out2_system_clk_wiz_0_0  {rise@0.000ns fall@2.500ns period=5.000ns})
  Path Group:             (none)
  Path Type:              Recovery (Max at Slow Process Corner)
  Data Path Delay:        2.971ns  (logic 0.113ns (3.804%)  route 2.858ns (96.196%))
  Logic Levels:           0  
  Clock Path Skew:        0.171ns (DCD - SCD + CPR)
    Destination Clock Delay (DCD):    4.853ns
    Source Clock Delay      (SCD):    4.682ns
    Clock Pessimism Removal (CPR):    0.000ns
  Clock Uncertainty:      0.062ns  ((TSJ^2 + DJ^2)^1/2) / 2 + PE
    Total System Jitter     (TSJ):    0.071ns
    Discrete Jitter          (DJ):    0.102ns
    Phase Error              (PE):    0.000ns
  Clock Net Delay (Source):      2.775ns (routing 1.241ns, distribution 1.534ns)
  Clock Net Delay (Destination): 2.305ns (routing 1.133ns, distribution 1.172ns)
  Timing Exception:       False Path

    Location             Delay type                Incr(ns)  Path(ns)    Netlist Resource(s)
  -------------------------------------------------------------------    -------------------
                         (clock clk_out2_system_clk_wiz_0_0 rise edge)
                                                      0.000     0.000 r  
    BUFG_PS_X0Y81        BUFG_PS                      0.000     0.000 r  system_i/zynq_ultra_ps_e_0/inst/buffer_pl_clk_0.PL_CLK_0_BUFG/O
                         net (fo=1, routed)           1.611     1.611    system_i/clk_wiz_0/inst/clk_in1
    MMCM_X0Y3            MMCME4_ADV (Prop_MMCM_CLKIN1_CLKOUT1)
                                                     -0.103     1.508 r  system_i/clk_wiz_0/inst/mmcme4_adv_inst/CLKOUT1
                         net (fo=1, routed)           0.355     1.863    system_i/clk_wiz_0/inst/clk_out2_system_clk_wiz_0_0
    BUFGCE_X0Y76         BUFGCE (Prop_BUFCE_BUFGCE_I_O)
                                                      0.044     1.907 r  system_i/clk_wiz_0/inst/clkout2_buf/O
    X1Y1 (CLOCK_ROOT)    net (fo=69546, routed)       2.775     4.682    system_i/smc_ic_zynq_ultra_ps_e_0_S_AXI_HP0_FPD/inst/clk_map/psr_aclk/U0/aclk
    SLICE_X0Y111         FDRE                                         r  system_i/smc_ic_zynq_ultra_ps_e_0_S_AXI_HP0_FPD/inst/clk_map/psr_aclk/U0/ACTIVE_LOW_BSR_OUT_DFF[0].FDRE_BSR_N/C
  -------------------------------------------------------------------    -------------------
    SLICE_X0Y111         FDRE (Prop_HFF_SLICEL_C_Q)
                                                      0.113     4.795 r  system_i/smc_ic_zynq_ultra_ps_e_0_S_AXI_HP0_FPD/inst/clk_map/psr_aclk/U0/ACTIVE_LOW_BSR_OUT_DFF[0].FDRE_BSR_N/Q
                         net (fo=66, routed)          2.858     7.653    system_i/smc_ic_zynq_ultra_ps_e_0_S_AXI_HP0_FPD/inst/s00_entry_pipeline/s00_mmu/inst/xpm_cdc_async_rst_inst/src_arst
    SLICE_X23Y67         FDCE                                         f  system_i/smc_ic_zynq_ultra_ps_e_0_S_AXI_HP0_FPD/inst/s00_entry_pipeline/s00_mmu/inst/xpm_cdc_async_rst_inst/arststages_ff_reg[2]/CLR  (IS_INVERTED)
  -------------------------------------------------------------------    -------------------

                         (clock clk_out2_system_clk_wiz_0_0 rise edge)
                                                      0.000     0.000 r  
    BUFG_PS_X0Y81        BUFG_PS                      0.000     0.000 r  system_i/zynq_ultra_ps_e_0/inst/buffer_pl_clk_0.PL_CLK_0_BUFG/O
                         net (fo=1, routed)           1.458     1.458    system_i/clk_wiz_0/inst/clk_in1
    MMCM_X0Y3            MMCME4_ADV (Prop_MMCM_CLKIN1_CLKOUT1)
                                                      0.739     2.197 r  system_i/clk_wiz_0/inst/mmcme4_adv_inst/CLKOUT1
                         net (fo=1, routed)           0.312     2.509    system_i/clk_wiz_0/inst/clk_out2_system_clk_wiz_0_0
    BUFGCE_X0Y76         BUFGCE (Prop_BUFCE_BUFGCE_I_O)
                                                      0.039     2.548 r  system_i/clk_wiz_0/inst/clkout2_buf/O
    X1Y1 (CLOCK_ROOT)    net (fo=69546, routed)       2.305     4.853    system_i/smc_ic_zynq_ultra_ps_e_0_S_AXI_HP0_FPD/inst/s00_entry_pipeline/s00_mmu/inst/xpm_cdc_async_rst_inst/dest_clk
    SLICE_X23Y67         FDCE                                         r  system_i/smc_ic_zynq_ultra_ps_e_0_S_AXI_HP0_FPD/inst/s00_entry_pipeline/s00_mmu/inst/xpm_cdc_async_rst_inst/arststages_ff_reg[2]/C

Slack:                    inf
  Source:                 system_i/smc_ic_zynq_ultra_ps_e_0_S_AXI_HP0_FPD/inst/clk_map/psr_aclk/U0/ACTIVE_LOW_BSR_OUT_DFF[0].FDRE_BSR_N/C
                            (rising edge-triggered cell FDRE clocked by clk_out2_system_clk_wiz_0_0  {rise@0.000ns fall@2.500ns period=5.000ns})
  Destination:            system_i/smc_ic_zynq_ultra_ps_e_0_S_AXI_HP0_FPD/inst/s01_entry_pipeline/s01_mmu/inst/xpm_cdc_async_rst_inst/arststages_ff_reg[0]/CLR
                            (recovery check against rising-edge clock clk_out2_system_clk_wiz_0_0  {rise@0.000ns fall@2.500ns period=5.000ns})
  Path Group:             (none)
  Path Type:              Recovery (Max at Slow Process Corner)
  Data Path Delay:        2.745ns  (logic 0.113ns (4.117%)  route 2.632ns (95.883%))
  Logic Levels:           0  
  Clock Path Skew:        0.179ns (DCD - SCD + CPR)
    Destination Clock Delay (DCD):    4.861ns
    Source Clock Delay      (SCD):    4.682ns
    Clock Pessimism Removal (CPR):    0.000ns
  Clock Uncertainty:      0.062ns  ((TSJ^2 + DJ^2)^1/2) / 2 + PE
    Total System Jitter     (TSJ):    0.071ns
    Discrete Jitter          (DJ):    0.102ns
    Phase Error              (PE):    0.000ns
  Clock Net Delay (Source):      2.775ns (routing 1.241ns, distribution 1.534ns)
  Clock Net Delay (Destination): 2.313ns (routing 1.133ns, distribution 1.180ns)
  Timing Exception:       False Path

    Location             Delay type                Incr(ns)  Path(ns)    Netlist Resource(s)
  -------------------------------------------------------------------    -------------------
                         (clock clk_out2_system_clk_wiz_0_0 rise edge)
                                                      0.000     0.000 r  
    BUFG_PS_X0Y81        BUFG_PS                      0.000     0.000 r  system_i/zynq_ultra_ps_e_0/inst/buffer_pl_clk_0.PL_CLK_0_BUFG/O
                         net (fo=1, routed)           1.611     1.611    system_i/clk_wiz_0/inst/clk_in1
    MMCM_X0Y3            MMCME4_ADV (Prop_MMCM_CLKIN1_CLKOUT1)
                                                     -0.103     1.508 r  system_i/clk_wiz_0/inst/mmcme4_adv_inst/CLKOUT1
                         net (fo=1, routed)           0.355     1.863    system_i/clk_wiz_0/inst/clk_out2_system_clk_wiz_0_0
    BUFGCE_X0Y76         BUFGCE (Prop_BUFCE_BUFGCE_I_O)
                                                      0.044     1.907 r  system_i/clk_wiz_0/inst/clkout2_buf/O
    X1Y1 (CLOCK_ROOT)    net (fo=69546, routed)       2.775     4.682    system_i/smc_ic_zynq_ultra_ps_e_0_S_AXI_HP0_FPD/inst/clk_map/psr_aclk/U0/aclk
    SLICE_X0Y111         FDRE                                         r  system_i/smc_ic_zynq_ultra_ps_e_0_S_AXI_HP0_FPD/inst/clk_map/psr_aclk/U0/ACTIVE_LOW_BSR_OUT_DFF[0].FDRE_BSR_N/C
  -------------------------------------------------------------------    -------------------
    SLICE_X0Y111         FDRE (Prop_HFF_SLICEL_C_Q)
                                                      0.113     4.795 r  system_i/smc_ic_zynq_ultra_ps_e_0_S_AXI_HP0_FPD/inst/clk_map/psr_aclk/U0/ACTIVE_LOW_BSR_OUT_DFF[0].FDRE_BSR_N/Q
                         net (fo=66, routed)          2.632     7.427    system_i/smc_ic_zynq_ultra_ps_e_0_S_AXI_HP0_FPD/inst/s01_entry_pipeline/s01_mmu/inst/xpm_cdc_async_rst_inst/src_arst
    SLICE_X23Y44         FDCE                                         f  system_i/smc_ic_zynq_ultra_ps_e_0_S_AXI_HP0_FPD/inst/s01_entry_pipeline/s01_mmu/inst/xpm_cdc_async_rst_inst/arststages_ff_reg[0]/CLR  (IS_INVERTED)
  -------------------------------------------------------------------    -------------------

                         (clock clk_out2_system_clk_wiz_0_0 rise edge)
                                                      0.000     0.000 r  
    BUFG_PS_X0Y81        BUFG_PS                      0.000     0.000 r  system_i/zynq_ultra_ps_e_0/inst/buffer_pl_clk_0.PL_CLK_0_BUFG/O
                         net (fo=1, routed)           1.458     1.458    system_i/clk_wiz_0/inst/clk_in1
    MMCM_X0Y3            MMCME4_ADV (Prop_MMCM_CLKIN1_CLKOUT1)
                                                      0.739     2.197 r  system_i/clk_wiz_0/inst/mmcme4_adv_inst/CLKOUT1
                         net (fo=1, routed)           0.312     2.509    system_i/clk_wiz_0/inst/clk_out2_system_clk_wiz_0_0
    BUFGCE_X0Y76         BUFGCE (Prop_BUFCE_BUFGCE_I_O)
                                                      0.039     2.548 r  system_i/clk_wiz_0/inst/clkout2_buf/O
    X1Y1 (CLOCK_ROOT)    net (fo=69546, routed)       2.313     4.861    system_i/smc_ic_zynq_ultra_ps_e_0_S_AXI_HP0_FPD/inst/s01_entry_pipeline/s01_mmu/inst/xpm_cdc_async_rst_inst/dest_clk
    SLICE_X23Y44         FDCE                                         r  system_i/smc_ic_zynq_ultra_ps_e_0_S_AXI_HP0_FPD/inst/s01_entry_pipeline/s01_mmu/inst/xpm_cdc_async_rst_inst/arststages_ff_reg[0]/C

Slack:                    inf
  Source:                 system_i/smc_ic_zynq_ultra_ps_e_0_S_AXI_HP0_FPD/inst/clk_map/psr_aclk/U0/ACTIVE_LOW_BSR_OUT_DFF[0].FDRE_BSR_N/C
                            (rising edge-triggered cell FDRE clocked by clk_out2_system_clk_wiz_0_0  {rise@0.000ns fall@2.500ns period=5.000ns})
  Destination:            system_i/smc_ic_zynq_ultra_ps_e_0_S_AXI_HP0_FPD/inst/s01_entry_pipeline/s01_mmu/inst/xpm_cdc_async_rst_inst/arststages_ff_reg[1]/CLR
                            (recovery check against rising-edge clock clk_out2_system_clk_wiz_0_0  {rise@0.000ns fall@2.500ns period=5.000ns})
  Path Group:             (none)
  Path Type:              Recovery (Max at Slow Process Corner)
  Data Path Delay:        2.745ns  (logic 0.113ns (4.117%)  route 2.632ns (95.883%))
  Logic Levels:           0  
  Clock Path Skew:        0.179ns (DCD - SCD + CPR)
    Destination Clock Delay (DCD):    4.861ns
    Source Clock Delay      (SCD):    4.682ns
    Clock Pessimism Removal (CPR):    0.000ns
  Clock Uncertainty:      0.062ns  ((TSJ^2 + DJ^2)^1/2) / 2 + PE
    Total System Jitter     (TSJ):    0.071ns
    Discrete Jitter          (DJ):    0.102ns
    Phase Error              (PE):    0.000ns
  Clock Net Delay (Source):      2.775ns (routing 1.241ns, distribution 1.534ns)
  Clock Net Delay (Destination): 2.313ns (routing 1.133ns, distribution 1.180ns)
  Timing Exception:       False Path

    Location             Delay type                Incr(ns)  Path(ns)    Netlist Resource(s)
  -------------------------------------------------------------------    -------------------
                         (clock clk_out2_system_clk_wiz_0_0 rise edge)
                                                      0.000     0.000 r  
    BUFG_PS_X0Y81        BUFG_PS                      0.000     0.000 r  system_i/zynq_ultra_ps_e_0/inst/buffer_pl_clk_0.PL_CLK_0_BUFG/O
                         net (fo=1, routed)           1.611     1.611    system_i/clk_wiz_0/inst/clk_in1
    MMCM_X0Y3            MMCME4_ADV (Prop_MMCM_CLKIN1_CLKOUT1)
                                                     -0.103     1.508 r  system_i/clk_wiz_0/inst/mmcme4_adv_inst/CLKOUT1
                         net (fo=1, routed)           0.355     1.863    system_i/clk_wiz_0/inst/clk_out2_system_clk_wiz_0_0
    BUFGCE_X0Y76         BUFGCE (Prop_BUFCE_BUFGCE_I_O)
                                                      0.044     1.907 r  system_i/clk_wiz_0/inst/clkout2_buf/O
    X1Y1 (CLOCK_ROOT)    net (fo=69546, routed)       2.775     4.682    system_i/smc_ic_zynq_ultra_ps_e_0_S_AXI_HP0_FPD/inst/clk_map/psr_aclk/U0/aclk
    SLICE_X0Y111         FDRE                                         r  system_i/smc_ic_zynq_ultra_ps_e_0_S_AXI_HP0_FPD/inst/clk_map/psr_aclk/U0/ACTIVE_LOW_BSR_OUT_DFF[0].FDRE_BSR_N/C
  -------------------------------------------------------------------    -------------------
    SLICE_X0Y111         FDRE (Prop_HFF_SLICEL_C_Q)
                                                      0.113     4.795 r  system_i/smc_ic_zynq_ultra_ps_e_0_S_AXI_HP0_FPD/inst/clk_map/psr_aclk/U0/ACTIVE_LOW_BSR_OUT_DFF[0].FDRE_BSR_N/Q
                         net (fo=66, routed)          2.632     7.427    system_i/smc_ic_zynq_ultra_ps_e_0_S_AXI_HP0_FPD/inst/s01_entry_pipeline/s01_mmu/inst/xpm_cdc_async_rst_inst/src_arst
    SLICE_X23Y44         FDCE                                         f  system_i/smc_ic_zynq_ultra_ps_e_0_S_AXI_HP0_FPD/inst/s01_entry_pipeline/s01_mmu/inst/xpm_cdc_async_rst_inst/arststages_ff_reg[1]/CLR  (IS_INVERTED)
  -------------------------------------------------------------------    -------------------

                         (clock clk_out2_system_clk_wiz_0_0 rise edge)
                                                      0.000     0.000 r  
    BUFG_PS_X0Y81        BUFG_PS                      0.000     0.000 r  system_i/zynq_ultra_ps_e_0/inst/buffer_pl_clk_0.PL_CLK_0_BUFG/O
                         net (fo=1, routed)           1.458     1.458    system_i/clk_wiz_0/inst/clk_in1
    MMCM_X0Y3            MMCME4_ADV (Prop_MMCM_CLKIN1_CLKOUT1)
                                                      0.739     2.197 r  system_i/clk_wiz_0/inst/mmcme4_adv_inst/CLKOUT1
                         net (fo=1, routed)           0.312     2.509    system_i/clk_wiz_0/inst/clk_out2_system_clk_wiz_0_0
    BUFGCE_X0Y76         BUFGCE (Prop_BUFCE_BUFGCE_I_O)
                                                      0.039     2.548 r  system_i/clk_wiz_0/inst/clkout2_buf/O
    X1Y1 (CLOCK_ROOT)    net (fo=69546, routed)       2.313     4.861    system_i/smc_ic_zynq_ultra_ps_e_0_S_AXI_HP0_FPD/inst/s01_entry_pipeline/s01_mmu/inst/xpm_cdc_async_rst_inst/dest_clk
    SLICE_X23Y44         FDCE                                         r  system_i/smc_ic_zynq_ultra_ps_e_0_S_AXI_HP0_FPD/inst/s01_entry_pipeline/s01_mmu/inst/xpm_cdc_async_rst_inst/arststages_ff_reg[1]/C

Slack:                    inf
  Source:                 system_i/smc_ic_zynq_ultra_ps_e_0_S_AXI_HP0_FPD/inst/clk_map/psr_aclk/U0/ACTIVE_LOW_BSR_OUT_DFF[0].FDRE_BSR_N/C
                            (rising edge-triggered cell FDRE clocked by clk_out2_system_clk_wiz_0_0  {rise@0.000ns fall@2.500ns period=5.000ns})
  Destination:            system_i/smc_ic_zynq_ultra_ps_e_0_S_AXI_HP0_FPD/inst/s01_entry_pipeline/s01_mmu/inst/xpm_cdc_async_rst_inst/arststages_ff_reg[2]/CLR
                            (recovery check against rising-edge clock clk_out2_system_clk_wiz_0_0  {rise@0.000ns fall@2.500ns period=5.000ns})
  Path Group:             (none)
  Path Type:              Recovery (Max at Slow Process Corner)
  Data Path Delay:        2.745ns  (logic 0.113ns (4.117%)  route 2.632ns (95.883%))
  Logic Levels:           0  
  Clock Path Skew:        0.179ns (DCD - SCD + CPR)
    Destination Clock Delay (DCD):    4.861ns
    Source Clock Delay      (SCD):    4.682ns
    Clock Pessimism Removal (CPR):    0.000ns
  Clock Uncertainty:      0.062ns  ((TSJ^2 + DJ^2)^1/2) / 2 + PE
    Total System Jitter     (TSJ):    0.071ns
    Discrete Jitter          (DJ):    0.102ns
    Phase Error              (PE):    0.000ns
  Clock Net Delay (Source):      2.775ns (routing 1.241ns, distribution 1.534ns)
  Clock Net Delay (Destination): 2.313ns (routing 1.133ns, distribution 1.180ns)
  Timing Exception:       False Path

    Location             Delay type                Incr(ns)  Path(ns)    Netlist Resource(s)
  -------------------------------------------------------------------    -------------------
                         (clock clk_out2_system_clk_wiz_0_0 rise edge)
                                                      0.000     0.000 r  
    BUFG_PS_X0Y81        BUFG_PS                      0.000     0.000 r  system_i/zynq_ultra_ps_e_0/inst/buffer_pl_clk_0.PL_CLK_0_BUFG/O
                         net (fo=1, routed)           1.611     1.611    system_i/clk_wiz_0/inst/clk_in1
    MMCM_X0Y3            MMCME4_ADV (Prop_MMCM_CLKIN1_CLKOUT1)
                                                     -0.103     1.508 r  system_i/clk_wiz_0/inst/mmcme4_adv_inst/CLKOUT1
                         net (fo=1, routed)           0.355     1.863    system_i/clk_wiz_0/inst/clk_out2_system_clk_wiz_0_0
    BUFGCE_X0Y76         BUFGCE (Prop_BUFCE_BUFGCE_I_O)
                                                      0.044     1.907 r  system_i/clk_wiz_0/inst/clkout2_buf/O
    X1Y1 (CLOCK_ROOT)    net (fo=69546, routed)       2.775     4.682    system_i/smc_ic_zynq_ultra_ps_e_0_S_AXI_HP0_FPD/inst/clk_map/psr_aclk/U0/aclk
    SLICE_X0Y111         FDRE                                         r  system_i/smc_ic_zynq_ultra_ps_e_0_S_AXI_HP0_FPD/inst/clk_map/psr_aclk/U0/ACTIVE_LOW_BSR_OUT_DFF[0].FDRE_BSR_N/C
  -------------------------------------------------------------------    -------------------
    SLICE_X0Y111         FDRE (Prop_HFF_SLICEL_C_Q)
                                                      0.113     4.795 r  system_i/smc_ic_zynq_ultra_ps_e_0_S_AXI_HP0_FPD/inst/clk_map/psr_aclk/U0/ACTIVE_LOW_BSR_OUT_DFF[0].FDRE_BSR_N/Q
                         net (fo=66, routed)          2.632     7.427    system_i/smc_ic_zynq_ultra_ps_e_0_S_AXI_HP0_FPD/inst/s01_entry_pipeline/s01_mmu/inst/xpm_cdc_async_rst_inst/src_arst
    SLICE_X23Y44         FDCE                                         f  system_i/smc_ic_zynq_ultra_ps_e_0_S_AXI_HP0_FPD/inst/s01_entry_pipeline/s01_mmu/inst/xpm_cdc_async_rst_inst/arststages_ff_reg[2]/CLR  (IS_INVERTED)
  -------------------------------------------------------------------    -------------------

                         (clock clk_out2_system_clk_wiz_0_0 rise edge)
                                                      0.000     0.000 r  
    BUFG_PS_X0Y81        BUFG_PS                      0.000     0.000 r  system_i/zynq_ultra_ps_e_0/inst/buffer_pl_clk_0.PL_CLK_0_BUFG/O
                         net (fo=1, routed)           1.458     1.458    system_i/clk_wiz_0/inst/clk_in1
    MMCM_X0Y3            MMCME4_ADV (Prop_MMCM_CLKIN1_CLKOUT1)
                                                      0.739     2.197 r  system_i/clk_wiz_0/inst/mmcme4_adv_inst/CLKOUT1
                         net (fo=1, routed)           0.312     2.509    system_i/clk_wiz_0/inst/clk_out2_system_clk_wiz_0_0
    BUFGCE_X0Y76         BUFGCE (Prop_BUFCE_BUFGCE_I_O)
                                                      0.039     2.548 r  system_i/clk_wiz_0/inst/clkout2_buf/O
    X1Y1 (CLOCK_ROOT)    net (fo=69546, routed)       2.313     4.861    system_i/smc_ic_zynq_ultra_ps_e_0_S_AXI_HP0_FPD/inst/s01_entry_pipeline/s01_mmu/inst/xpm_cdc_async_rst_inst/dest_clk
    SLICE_X23Y44         FDCE                                         r  system_i/smc_ic_zynq_ultra_ps_e_0_S_AXI_HP0_FPD/inst/s01_entry_pipeline/s01_mmu/inst/xpm_cdc_async_rst_inst/arststages_ff_reg[2]/C

Slack:                    inf
  Source:                 system_i/smc_ic_zynq_ultra_ps_e_0_S_AXI_HP0_FPD/inst/clk_map/psr_aclk/U0/ACTIVE_LOW_BSR_OUT_DFF[0].FDRE_BSR_N/C
                            (rising edge-triggered cell FDRE clocked by clk_out2_system_clk_wiz_0_0  {rise@0.000ns fall@2.500ns period=5.000ns})
  Destination:            system_i/smc_ic_zynq_ultra_ps_e_0_S_AXI_HP0_FPD/inst/s00_nodes/s00_r_node/inst/s_sc_xpm_cdc_async_rst_inst/arststages_ff_reg[0]/CLR
                            (recovery check against rising-edge clock clk_out2_system_clk_wiz_0_0  {rise@0.000ns fall@2.500ns period=5.000ns})
  Path Group:             (none)
  Path Type:              Recovery (Max at Slow Process Corner)
  Data Path Delay:        2.735ns  (logic 0.113ns (4.131%)  route 2.622ns (95.869%))
  Logic Levels:           0  
  Clock Path Skew:        0.194ns (DCD - SCD + CPR)
    Destination Clock Delay (DCD):    4.876ns
    Source Clock Delay      (SCD):    4.682ns
    Clock Pessimism Removal (CPR):    0.000ns
  Clock Uncertainty:      0.062ns  ((TSJ^2 + DJ^2)^1/2) / 2 + PE
    Total System Jitter     (TSJ):    0.071ns
    Discrete Jitter          (DJ):    0.102ns
    Phase Error              (PE):    0.000ns
  Clock Net Delay (Source):      2.775ns (routing 1.241ns, distribution 1.534ns)
  Clock Net Delay (Destination): 2.328ns (routing 1.133ns, distribution 1.195ns)
  Timing Exception:       False Path

    Location             Delay type                Incr(ns)  Path(ns)    Netlist Resource(s)
  -------------------------------------------------------------------    -------------------
                         (clock clk_out2_system_clk_wiz_0_0 rise edge)
                                                      0.000     0.000 r  
    BUFG_PS_X0Y81        BUFG_PS                      0.000     0.000 r  system_i/zynq_ultra_ps_e_0/inst/buffer_pl_clk_0.PL_CLK_0_BUFG/O
                         net (fo=1, routed)           1.611     1.611    system_i/clk_wiz_0/inst/clk_in1
    MMCM_X0Y3            MMCME4_ADV (Prop_MMCM_CLKIN1_CLKOUT1)
                                                     -0.103     1.508 r  system_i/clk_wiz_0/inst/mmcme4_adv_inst/CLKOUT1
                         net (fo=1, routed)           0.355     1.863    system_i/clk_wiz_0/inst/clk_out2_system_clk_wiz_0_0
    BUFGCE_X0Y76         BUFGCE (Prop_BUFCE_BUFGCE_I_O)
                                                      0.044     1.907 r  system_i/clk_wiz_0/inst/clkout2_buf/O
    X1Y1 (CLOCK_ROOT)    net (fo=69546, routed)       2.775     4.682    system_i/smc_ic_zynq_ultra_ps_e_0_S_AXI_HP0_FPD/inst/clk_map/psr_aclk/U0/aclk
    SLICE_X0Y111         FDRE                                         r  system_i/smc_ic_zynq_ultra_ps_e_0_S_AXI_HP0_FPD/inst/clk_map/psr_aclk/U0/ACTIVE_LOW_BSR_OUT_DFF[0].FDRE_BSR_N/C
  -------------------------------------------------------------------    -------------------
    SLICE_X0Y111         FDRE (Prop_HFF_SLICEL_C_Q)
                                                      0.113     4.795 r  system_i/smc_ic_zynq_ultra_ps_e_0_S_AXI_HP0_FPD/inst/clk_map/psr_aclk/U0/ACTIVE_LOW_BSR_OUT_DFF[0].FDRE_BSR_N/Q
                         net (fo=66, routed)          2.622     7.417    system_i/smc_ic_zynq_ultra_ps_e_0_S_AXI_HP0_FPD/inst/s00_nodes/s00_r_node/inst/s_sc_xpm_cdc_async_rst_inst/src_arst
    SLICE_X33Y49         FDCE                                         f  system_i/smc_ic_zynq_ultra_ps_e_0_S_AXI_HP0_FPD/inst/s00_nodes/s00_r_node/inst/s_sc_xpm_cdc_async_rst_inst/arststages_ff_reg[0]/CLR  (IS_INVERTED)
  -------------------------------------------------------------------    -------------------

                         (clock clk_out2_system_clk_wiz_0_0 rise edge)
                                                      0.000     0.000 r  
    BUFG_PS_X0Y81        BUFG_PS                      0.000     0.000 r  system_i/zynq_ultra_ps_e_0/inst/buffer_pl_clk_0.PL_CLK_0_BUFG/O
                         net (fo=1, routed)           1.458     1.458    system_i/clk_wiz_0/inst/clk_in1
    MMCM_X0Y3            MMCME4_ADV (Prop_MMCM_CLKIN1_CLKOUT1)
                                                      0.739     2.197 r  system_i/clk_wiz_0/inst/mmcme4_adv_inst/CLKOUT1
                         net (fo=1, routed)           0.312     2.509    system_i/clk_wiz_0/inst/clk_out2_system_clk_wiz_0_0
    BUFGCE_X0Y76         BUFGCE (Prop_BUFCE_BUFGCE_I_O)
                                                      0.039     2.548 r  system_i/clk_wiz_0/inst/clkout2_buf/O
    X1Y1 (CLOCK_ROOT)    net (fo=69546, routed)       2.328     4.876    system_i/smc_ic_zynq_ultra_ps_e_0_S_AXI_HP0_FPD/inst/s00_nodes/s00_r_node/inst/s_sc_xpm_cdc_async_rst_inst/dest_clk
    SLICE_X33Y49         FDCE                                         r  system_i/smc_ic_zynq_ultra_ps_e_0_S_AXI_HP0_FPD/inst/s00_nodes/s00_r_node/inst/s_sc_xpm_cdc_async_rst_inst/arststages_ff_reg[0]/C

Slack:                    inf
  Source:                 system_i/smc_ic_zynq_ultra_ps_e_0_S_AXI_HP0_FPD/inst/clk_map/psr_aclk/U0/ACTIVE_LOW_BSR_OUT_DFF[0].FDRE_BSR_N/C
                            (rising edge-triggered cell FDRE clocked by clk_out2_system_clk_wiz_0_0  {rise@0.000ns fall@2.500ns period=5.000ns})
  Destination:            system_i/smc_ic_zynq_ultra_ps_e_0_S_AXI_HP0_FPD/inst/s00_nodes/s00_r_node/inst/s_sc_xpm_cdc_async_rst_inst/arststages_ff_reg[1]/CLR
                            (recovery check against rising-edge clock clk_out2_system_clk_wiz_0_0  {rise@0.000ns fall@2.500ns period=5.000ns})
  Path Group:             (none)
  Path Type:              Recovery (Max at Slow Process Corner)
  Data Path Delay:        2.735ns  (logic 0.113ns (4.131%)  route 2.622ns (95.869%))
  Logic Levels:           0  
  Clock Path Skew:        0.194ns (DCD - SCD + CPR)
    Destination Clock Delay (DCD):    4.876ns
    Source Clock Delay      (SCD):    4.682ns
    Clock Pessimism Removal (CPR):    0.000ns
  Clock Uncertainty:      0.062ns  ((TSJ^2 + DJ^2)^1/2) / 2 + PE
    Total System Jitter     (TSJ):    0.071ns
    Discrete Jitter          (DJ):    0.102ns
    Phase Error              (PE):    0.000ns
  Clock Net Delay (Source):      2.775ns (routing 1.241ns, distribution 1.534ns)
  Clock Net Delay (Destination): 2.328ns (routing 1.133ns, distribution 1.195ns)
  Timing Exception:       False Path

    Location             Delay type                Incr(ns)  Path(ns)    Netlist Resource(s)
  -------------------------------------------------------------------    -------------------
                         (clock clk_out2_system_clk_wiz_0_0 rise edge)
                                                      0.000     0.000 r  
    BUFG_PS_X0Y81        BUFG_PS                      0.000     0.000 r  system_i/zynq_ultra_ps_e_0/inst/buffer_pl_clk_0.PL_CLK_0_BUFG/O
                         net (fo=1, routed)           1.611     1.611    system_i/clk_wiz_0/inst/clk_in1
    MMCM_X0Y3            MMCME4_ADV (Prop_MMCM_CLKIN1_CLKOUT1)
                                                     -0.103     1.508 r  system_i/clk_wiz_0/inst/mmcme4_adv_inst/CLKOUT1
                         net (fo=1, routed)           0.355     1.863    system_i/clk_wiz_0/inst/clk_out2_system_clk_wiz_0_0
    BUFGCE_X0Y76         BUFGCE (Prop_BUFCE_BUFGCE_I_O)
                                                      0.044     1.907 r  system_i/clk_wiz_0/inst/clkout2_buf/O
    X1Y1 (CLOCK_ROOT)    net (fo=69546, routed)       2.775     4.682    system_i/smc_ic_zynq_ultra_ps_e_0_S_AXI_HP0_FPD/inst/clk_map/psr_aclk/U0/aclk
    SLICE_X0Y111         FDRE                                         r  system_i/smc_ic_zynq_ultra_ps_e_0_S_AXI_HP0_FPD/inst/clk_map/psr_aclk/U0/ACTIVE_LOW_BSR_OUT_DFF[0].FDRE_BSR_N/C
  -------------------------------------------------------------------    -------------------
    SLICE_X0Y111         FDRE (Prop_HFF_SLICEL_C_Q)
                                                      0.113     4.795 r  system_i/smc_ic_zynq_ultra_ps_e_0_S_AXI_HP0_FPD/inst/clk_map/psr_aclk/U0/ACTIVE_LOW_BSR_OUT_DFF[0].FDRE_BSR_N/Q
                         net (fo=66, routed)          2.622     7.417    system_i/smc_ic_zynq_ultra_ps_e_0_S_AXI_HP0_FPD/inst/s00_nodes/s00_r_node/inst/s_sc_xpm_cdc_async_rst_inst/src_arst
    SLICE_X33Y49         FDCE                                         f  system_i/smc_ic_zynq_ultra_ps_e_0_S_AXI_HP0_FPD/inst/s00_nodes/s00_r_node/inst/s_sc_xpm_cdc_async_rst_inst/arststages_ff_reg[1]/CLR  (IS_INVERTED)
  -------------------------------------------------------------------    -------------------

                         (clock clk_out2_system_clk_wiz_0_0 rise edge)
                                                      0.000     0.000 r  
    BUFG_PS_X0Y81        BUFG_PS                      0.000     0.000 r  system_i/zynq_ultra_ps_e_0/inst/buffer_pl_clk_0.PL_CLK_0_BUFG/O
                         net (fo=1, routed)           1.458     1.458    system_i/clk_wiz_0/inst/clk_in1
    MMCM_X0Y3            MMCME4_ADV (Prop_MMCM_CLKIN1_CLKOUT1)
                                                      0.739     2.197 r  system_i/clk_wiz_0/inst/mmcme4_adv_inst/CLKOUT1
                         net (fo=1, routed)           0.312     2.509    system_i/clk_wiz_0/inst/clk_out2_system_clk_wiz_0_0
    BUFGCE_X0Y76         BUFGCE (Prop_BUFCE_BUFGCE_I_O)
                                                      0.039     2.548 r  system_i/clk_wiz_0/inst/clkout2_buf/O
    X1Y1 (CLOCK_ROOT)    net (fo=69546, routed)       2.328     4.876    system_i/smc_ic_zynq_ultra_ps_e_0_S_AXI_HP0_FPD/inst/s00_nodes/s00_r_node/inst/s_sc_xpm_cdc_async_rst_inst/dest_clk
    SLICE_X33Y49         FDCE                                         r  system_i/smc_ic_zynq_ultra_ps_e_0_S_AXI_HP0_FPD/inst/s00_nodes/s00_r_node/inst/s_sc_xpm_cdc_async_rst_inst/arststages_ff_reg[1]/C

Slack:                    inf
  Source:                 system_i/smc_ic_zynq_ultra_ps_e_0_S_AXI_HP0_FPD/inst/clk_map/psr_aclk/U0/ACTIVE_LOW_BSR_OUT_DFF[0].FDRE_BSR_N/C
                            (rising edge-triggered cell FDRE clocked by clk_out2_system_clk_wiz_0_0  {rise@0.000ns fall@2.500ns period=5.000ns})
  Destination:            system_i/smc_ic_zynq_ultra_ps_e_0_S_AXI_HP0_FPD/inst/s00_nodes/s00_r_node/inst/s_sc_xpm_cdc_async_rst_inst/arststages_ff_reg[2]/CLR
                            (recovery check against rising-edge clock clk_out2_system_clk_wiz_0_0  {rise@0.000ns fall@2.500ns period=5.000ns})
  Path Group:             (none)
  Path Type:              Recovery (Max at Slow Process Corner)
  Data Path Delay:        2.735ns  (logic 0.113ns (4.131%)  route 2.622ns (95.869%))
  Logic Levels:           0  
  Clock Path Skew:        0.194ns (DCD - SCD + CPR)
    Destination Clock Delay (DCD):    4.876ns
    Source Clock Delay      (SCD):    4.682ns
    Clock Pessimism Removal (CPR):    0.000ns
  Clock Uncertainty:      0.062ns  ((TSJ^2 + DJ^2)^1/2) / 2 + PE
    Total System Jitter     (TSJ):    0.071ns
    Discrete Jitter          (DJ):    0.102ns
    Phase Error              (PE):    0.000ns
  Clock Net Delay (Source):      2.775ns (routing 1.241ns, distribution 1.534ns)
  Clock Net Delay (Destination): 2.328ns (routing 1.133ns, distribution 1.195ns)
  Timing Exception:       False Path

    Location             Delay type                Incr(ns)  Path(ns)    Netlist Resource(s)
  -------------------------------------------------------------------    -------------------
                         (clock clk_out2_system_clk_wiz_0_0 rise edge)
                                                      0.000     0.000 r  
    BUFG_PS_X0Y81        BUFG_PS                      0.000     0.000 r  system_i/zynq_ultra_ps_e_0/inst/buffer_pl_clk_0.PL_CLK_0_BUFG/O
                         net (fo=1, routed)           1.611     1.611    system_i/clk_wiz_0/inst/clk_in1
    MMCM_X0Y3            MMCME4_ADV (Prop_MMCM_CLKIN1_CLKOUT1)
                                                     -0.103     1.508 r  system_i/clk_wiz_0/inst/mmcme4_adv_inst/CLKOUT1
                         net (fo=1, routed)           0.355     1.863    system_i/clk_wiz_0/inst/clk_out2_system_clk_wiz_0_0
    BUFGCE_X0Y76         BUFGCE (Prop_BUFCE_BUFGCE_I_O)
                                                      0.044     1.907 r  system_i/clk_wiz_0/inst/clkout2_buf/O
    X1Y1 (CLOCK_ROOT)    net (fo=69546, routed)       2.775     4.682    system_i/smc_ic_zynq_ultra_ps_e_0_S_AXI_HP0_FPD/inst/clk_map/psr_aclk/U0/aclk
    SLICE_X0Y111         FDRE                                         r  system_i/smc_ic_zynq_ultra_ps_e_0_S_AXI_HP0_FPD/inst/clk_map/psr_aclk/U0/ACTIVE_LOW_BSR_OUT_DFF[0].FDRE_BSR_N/C
  -------------------------------------------------------------------    -------------------
    SLICE_X0Y111         FDRE (Prop_HFF_SLICEL_C_Q)
                                                      0.113     4.795 r  system_i/smc_ic_zynq_ultra_ps_e_0_S_AXI_HP0_FPD/inst/clk_map/psr_aclk/U0/ACTIVE_LOW_BSR_OUT_DFF[0].FDRE_BSR_N/Q
                         net (fo=66, routed)          2.622     7.417    system_i/smc_ic_zynq_ultra_ps_e_0_S_AXI_HP0_FPD/inst/s00_nodes/s00_r_node/inst/s_sc_xpm_cdc_async_rst_inst/src_arst
    SLICE_X33Y49         FDCE                                         f  system_i/smc_ic_zynq_ultra_ps_e_0_S_AXI_HP0_FPD/inst/s00_nodes/s00_r_node/inst/s_sc_xpm_cdc_async_rst_inst/arststages_ff_reg[2]/CLR  (IS_INVERTED)
  -------------------------------------------------------------------    -------------------

                         (clock clk_out2_system_clk_wiz_0_0 rise edge)
                                                      0.000     0.000 r  
    BUFG_PS_X0Y81        BUFG_PS                      0.000     0.000 r  system_i/zynq_ultra_ps_e_0/inst/buffer_pl_clk_0.PL_CLK_0_BUFG/O
                         net (fo=1, routed)           1.458     1.458    system_i/clk_wiz_0/inst/clk_in1
    MMCM_X0Y3            MMCME4_ADV (Prop_MMCM_CLKIN1_CLKOUT1)
                                                      0.739     2.197 r  system_i/clk_wiz_0/inst/mmcme4_adv_inst/CLKOUT1
                         net (fo=1, routed)           0.312     2.509    system_i/clk_wiz_0/inst/clk_out2_system_clk_wiz_0_0
    BUFGCE_X0Y76         BUFGCE (Prop_BUFCE_BUFGCE_I_O)
                                                      0.039     2.548 r  system_i/clk_wiz_0/inst/clkout2_buf/O
    X1Y1 (CLOCK_ROOT)    net (fo=69546, routed)       2.328     4.876    system_i/smc_ic_zynq_ultra_ps_e_0_S_AXI_HP0_FPD/inst/s00_nodes/s00_r_node/inst/s_sc_xpm_cdc_async_rst_inst/dest_clk
    SLICE_X33Y49         FDCE                                         r  system_i/smc_ic_zynq_ultra_ps_e_0_S_AXI_HP0_FPD/inst/s00_nodes/s00_r_node/inst/s_sc_xpm_cdc_async_rst_inst/arststages_ff_reg[2]/C

Slack:                    inf
  Source:                 system_i/smc_ic_zynq_ultra_ps_e_0_S_AXI_HP0_FPD/inst/clk_map/psr_aclk/U0/ACTIVE_LOW_BSR_OUT_DFF[0].FDRE_BSR_N/C
                            (rising edge-triggered cell FDRE clocked by clk_out2_system_clk_wiz_0_0  {rise@0.000ns fall@2.500ns period=5.000ns})
  Destination:            system_i/smc_ic_zynq_ultra_ps_e_0_S_AXI_HP0_FPD/inst/m00_nodes/m00_r_node/inst/s_sc_xpm_cdc_async_rst_inst/arststages_ff_reg[0]/CLR
                            (recovery check against rising-edge clock clk_out2_system_clk_wiz_0_0  {rise@0.000ns fall@2.500ns period=5.000ns})
  Path Group:             (none)
  Path Type:              Recovery (Max at Slow Process Corner)
  Data Path Delay:        2.612ns  (logic 0.113ns (4.327%)  route 2.499ns (95.673%))
  Logic Levels:           0  
  Clock Path Skew:        0.177ns (DCD - SCD + CPR)
    Destination Clock Delay (DCD):    4.859ns
    Source Clock Delay      (SCD):    4.682ns
    Clock Pessimism Removal (CPR):    0.000ns
  Clock Uncertainty:      0.062ns  ((TSJ^2 + DJ^2)^1/2) / 2 + PE
    Total System Jitter     (TSJ):    0.071ns
    Discrete Jitter          (DJ):    0.102ns
    Phase Error              (PE):    0.000ns
  Clock Net Delay (Source):      2.775ns (routing 1.241ns, distribution 1.534ns)
  Clock Net Delay (Destination): 2.311ns (routing 1.133ns, distribution 1.178ns)
  Timing Exception:       False Path

    Location             Delay type                Incr(ns)  Path(ns)    Netlist Resource(s)
  -------------------------------------------------------------------    -------------------
                         (clock clk_out2_system_clk_wiz_0_0 rise edge)
                                                      0.000     0.000 r  
    BUFG_PS_X0Y81        BUFG_PS                      0.000     0.000 r  system_i/zynq_ultra_ps_e_0/inst/buffer_pl_clk_0.PL_CLK_0_BUFG/O
                         net (fo=1, routed)           1.611     1.611    system_i/clk_wiz_0/inst/clk_in1
    MMCM_X0Y3            MMCME4_ADV (Prop_MMCM_CLKIN1_CLKOUT1)
                                                     -0.103     1.508 r  system_i/clk_wiz_0/inst/mmcme4_adv_inst/CLKOUT1
                         net (fo=1, routed)           0.355     1.863    system_i/clk_wiz_0/inst/clk_out2_system_clk_wiz_0_0
    BUFGCE_X0Y76         BUFGCE (Prop_BUFCE_BUFGCE_I_O)
                                                      0.044     1.907 r  system_i/clk_wiz_0/inst/clkout2_buf/O
    X1Y1 (CLOCK_ROOT)    net (fo=69546, routed)       2.775     4.682    system_i/smc_ic_zynq_ultra_ps_e_0_S_AXI_HP0_FPD/inst/clk_map/psr_aclk/U0/aclk
    SLICE_X0Y111         FDRE                                         r  system_i/smc_ic_zynq_ultra_ps_e_0_S_AXI_HP0_FPD/inst/clk_map/psr_aclk/U0/ACTIVE_LOW_BSR_OUT_DFF[0].FDRE_BSR_N/C
  -------------------------------------------------------------------    -------------------
    SLICE_X0Y111         FDRE (Prop_HFF_SLICEL_C_Q)
                                                      0.113     4.795 r  system_i/smc_ic_zynq_ultra_ps_e_0_S_AXI_HP0_FPD/inst/clk_map/psr_aclk/U0/ACTIVE_LOW_BSR_OUT_DFF[0].FDRE_BSR_N/Q
                         net (fo=66, routed)          2.499     7.294    system_i/smc_ic_zynq_ultra_ps_e_0_S_AXI_HP0_FPD/inst/m00_nodes/m00_r_node/inst/s_sc_xpm_cdc_async_rst_inst/src_arst
    SLICE_X26Y44         FDCE                                         f  system_i/smc_ic_zynq_ultra_ps_e_0_S_AXI_HP0_FPD/inst/m00_nodes/m00_r_node/inst/s_sc_xpm_cdc_async_rst_inst/arststages_ff_reg[0]/CLR  (IS_INVERTED)
  -------------------------------------------------------------------    -------------------

                         (clock clk_out2_system_clk_wiz_0_0 rise edge)
                                                      0.000     0.000 r  
    BUFG_PS_X0Y81        BUFG_PS                      0.000     0.000 r  system_i/zynq_ultra_ps_e_0/inst/buffer_pl_clk_0.PL_CLK_0_BUFG/O
                         net (fo=1, routed)           1.458     1.458    system_i/clk_wiz_0/inst/clk_in1
    MMCM_X0Y3            MMCME4_ADV (Prop_MMCM_CLKIN1_CLKOUT1)
                                                      0.739     2.197 r  system_i/clk_wiz_0/inst/mmcme4_adv_inst/CLKOUT1
                         net (fo=1, routed)           0.312     2.509    system_i/clk_wiz_0/inst/clk_out2_system_clk_wiz_0_0
    BUFGCE_X0Y76         BUFGCE (Prop_BUFCE_BUFGCE_I_O)
                                                      0.039     2.548 r  system_i/clk_wiz_0/inst/clkout2_buf/O
    X1Y1 (CLOCK_ROOT)    net (fo=69546, routed)       2.311     4.859    system_i/smc_ic_zynq_ultra_ps_e_0_S_AXI_HP0_FPD/inst/m00_nodes/m00_r_node/inst/s_sc_xpm_cdc_async_rst_inst/dest_clk
    SLICE_X26Y44         FDCE                                         r  system_i/smc_ic_zynq_ultra_ps_e_0_S_AXI_HP0_FPD/inst/m00_nodes/m00_r_node/inst/s_sc_xpm_cdc_async_rst_inst/arststages_ff_reg[0]/C





Min Delay Paths
--------------------------------------------------------------------------------------
Slack:                    inf
  Source:                 system_i/smc_ic_zynq_ultra_ps_e_0_M_AXI_HPM0_FPD/inst/clk_map/psr_aclk/U0/ACTIVE_LOW_BSR_OUT_DFF[0].FDRE_BSR_N/C
                            (rising edge-triggered cell FDRE clocked by clk_out2_system_clk_wiz_0_0  {rise@0.000ns fall@2.500ns period=5.000ns})
  Destination:            system_i/smc_ic_zynq_ultra_ps_e_0_M_AXI_HPM0_FPD/inst/s00_entry_pipeline/s00_si_converter/inst/xpm_cdc_async_rst_inst/arststages_ff_reg[0]/CLR
                            (removal check against rising-edge clock clk_out2_system_clk_wiz_0_0  {rise@0.000ns fall@2.500ns period=5.000ns})
  Path Group:             (none)
  Path Type:              Removal (Min at Fast Process Corner)
  Data Path Delay:        0.244ns  (logic 0.083ns (34.001%)  route 0.161ns (65.999%))
  Logic Levels:           0  
  Clock Path Skew:        -0.404ns (DCD - SCD - CPR)
    Destination Clock Delay (DCD):    2.762ns
    Source Clock Delay      (SCD):    3.167ns
    Clock Pessimism Removal (CPR):    -0.000ns
  Clock Uncertainty:      0.062ns  ((TSJ^2 + DJ^2)^1/2) / 2 + PE
    Total System Jitter     (TSJ):    0.071ns
    Discrete Jitter          (DJ):    0.102ns
    Phase Error              (PE):    0.000ns
  Clock Net Delay (Source):      1.513ns (routing 0.676ns, distribution 0.837ns)
  Clock Net Delay (Destination): 1.643ns (routing 0.738ns, distribution 0.905ns)
  Timing Exception:       False Path

    Location             Delay type                Incr(ns)  Path(ns)    Netlist Resource(s)
  -------------------------------------------------------------------    -------------------
                         (clock clk_out2_system_clk_wiz_0_0 rise edge)
                                                      0.000     0.000 r  
    BUFG_PS_X0Y81        BUFG_PS                      0.000     0.000 r  system_i/zynq_ultra_ps_e_0/inst/buffer_pl_clk_0.PL_CLK_0_BUFG/O
                         net (fo=1, routed)           0.883     0.883    system_i/clk_wiz_0/inst/clk_in1
    MMCM_X0Y3            MMCME4_ADV (Prop_MMCM_CLKIN1_CLKOUT1)
                                                      0.566     1.449 r  system_i/clk_wiz_0/inst/mmcme4_adv_inst/CLKOUT1
                         net (fo=1, routed)           0.182     1.631    system_i/clk_wiz_0/inst/clk_out2_system_clk_wiz_0_0
    BUFGCE_X0Y76         BUFGCE (Prop_BUFCE_BUFGCE_I_O)
                                                      0.023     1.654 r  system_i/clk_wiz_0/inst/clkout2_buf/O
    X1Y1 (CLOCK_ROOT)    net (fo=69546, routed)       1.513     3.167    system_i/smc_ic_zynq_ultra_ps_e_0_M_AXI_HPM0_FPD/inst/clk_map/psr_aclk/U0/aclk
    SLICE_X5Y112         FDRE                                         r  system_i/smc_ic_zynq_ultra_ps_e_0_M_AXI_HPM0_FPD/inst/clk_map/psr_aclk/U0/ACTIVE_LOW_BSR_OUT_DFF[0].FDRE_BSR_N/C
  -------------------------------------------------------------------    -------------------
    SLICE_X5Y112         FDRE (Prop_GFF_SLICEM_C_Q)
                                                      0.083     3.250 r  system_i/smc_ic_zynq_ultra_ps_e_0_M_AXI_HPM0_FPD/inst/clk_map/psr_aclk/U0/ACTIVE_LOW_BSR_OUT_DFF[0].FDRE_BSR_N/Q
                         net (fo=27, routed)          0.161     3.411    system_i/smc_ic_zynq_ultra_ps_e_0_M_AXI_HPM0_FPD/inst/s00_entry_pipeline/s00_si_converter/inst/xpm_cdc_async_rst_inst/src_arst
    SLICE_X6Y115         FDCE                                         f  system_i/smc_ic_zynq_ultra_ps_e_0_M_AXI_HPM0_FPD/inst/s00_entry_pipeline/s00_si_converter/inst/xpm_cdc_async_rst_inst/arststages_ff_reg[0]/CLR  (IS_INVERTED)
  -------------------------------------------------------------------    -------------------

                         (clock clk_out2_system_clk_wiz_0_0 rise edge)
                                                      0.000     0.000 r  
    BUFG_PS_X0Y81        BUFG_PS                      0.000     0.000 r  system_i/zynq_ultra_ps_e_0/inst/buffer_pl_clk_0.PL_CLK_0_BUFG/O
                         net (fo=1, routed)           0.964     0.964    system_i/clk_wiz_0/inst/clk_in1
    MMCM_X0Y3            MMCME4_ADV (Prop_MMCM_CLKIN1_CLKOUT1)
                                                     -0.079     0.885 r  system_i/clk_wiz_0/inst/mmcme4_adv_inst/CLKOUT1
                         net (fo=1, routed)           0.208     1.093    system_i/clk_wiz_0/inst/clk_out2_system_clk_wiz_0_0
    BUFGCE_X0Y76         BUFGCE (Prop_BUFCE_BUFGCE_I_O)
                                                      0.026     1.119 r  system_i/clk_wiz_0/inst/clkout2_buf/O
    X1Y1 (CLOCK_ROOT)    net (fo=69546, routed)       1.643     2.762    system_i/smc_ic_zynq_ultra_ps_e_0_M_AXI_HPM0_FPD/inst/s00_entry_pipeline/s00_si_converter/inst/xpm_cdc_async_rst_inst/dest_clk
    SLICE_X6Y115         FDCE                                         r  system_i/smc_ic_zynq_ultra_ps_e_0_M_AXI_HPM0_FPD/inst/s00_entry_pipeline/s00_si_converter/inst/xpm_cdc_async_rst_inst/arststages_ff_reg[0]/C

Slack:                    inf
  Source:                 system_i/smc_ic_zynq_ultra_ps_e_0_M_AXI_HPM0_FPD/inst/clk_map/psr_aclk/U0/ACTIVE_LOW_BSR_OUT_DFF[0].FDRE_BSR_N/C
                            (rising edge-triggered cell FDRE clocked by clk_out2_system_clk_wiz_0_0  {rise@0.000ns fall@2.500ns period=5.000ns})
  Destination:            system_i/smc_ic_zynq_ultra_ps_e_0_M_AXI_HPM0_FPD/inst/s00_entry_pipeline/s00_si_converter/inst/xpm_cdc_async_rst_inst/arststages_ff_reg[1]/CLR
                            (removal check against rising-edge clock clk_out2_system_clk_wiz_0_0  {rise@0.000ns fall@2.500ns period=5.000ns})
  Path Group:             (none)
  Path Type:              Removal (Min at Fast Process Corner)
  Data Path Delay:        0.244ns  (logic 0.083ns (34.001%)  route 0.161ns (65.999%))
  Logic Levels:           0  
  Clock Path Skew:        -0.404ns (DCD - SCD - CPR)
    Destination Clock Delay (DCD):    2.762ns
    Source Clock Delay      (SCD):    3.167ns
    Clock Pessimism Removal (CPR):    -0.000ns
  Clock Uncertainty:      0.062ns  ((TSJ^2 + DJ^2)^1/2) / 2 + PE
    Total System Jitter     (TSJ):    0.071ns
    Discrete Jitter          (DJ):    0.102ns
    Phase Error              (PE):    0.000ns
  Clock Net Delay (Source):      1.513ns (routing 0.676ns, distribution 0.837ns)
  Clock Net Delay (Destination): 1.643ns (routing 0.738ns, distribution 0.905ns)
  Timing Exception:       False Path

    Location             Delay type                Incr(ns)  Path(ns)    Netlist Resource(s)
  -------------------------------------------------------------------    -------------------
                         (clock clk_out2_system_clk_wiz_0_0 rise edge)
                                                      0.000     0.000 r  
    BUFG_PS_X0Y81        BUFG_PS                      0.000     0.000 r  system_i/zynq_ultra_ps_e_0/inst/buffer_pl_clk_0.PL_CLK_0_BUFG/O
                         net (fo=1, routed)           0.883     0.883    system_i/clk_wiz_0/inst/clk_in1
    MMCM_X0Y3            MMCME4_ADV (Prop_MMCM_CLKIN1_CLKOUT1)
                                                      0.566     1.449 r  system_i/clk_wiz_0/inst/mmcme4_adv_inst/CLKOUT1
                         net (fo=1, routed)           0.182     1.631    system_i/clk_wiz_0/inst/clk_out2_system_clk_wiz_0_0
    BUFGCE_X0Y76         BUFGCE (Prop_BUFCE_BUFGCE_I_O)
                                                      0.023     1.654 r  system_i/clk_wiz_0/inst/clkout2_buf/O
    X1Y1 (CLOCK_ROOT)    net (fo=69546, routed)       1.513     3.167    system_i/smc_ic_zynq_ultra_ps_e_0_M_AXI_HPM0_FPD/inst/clk_map/psr_aclk/U0/aclk
    SLICE_X5Y112         FDRE                                         r  system_i/smc_ic_zynq_ultra_ps_e_0_M_AXI_HPM0_FPD/inst/clk_map/psr_aclk/U0/ACTIVE_LOW_BSR_OUT_DFF[0].FDRE_BSR_N/C
  -------------------------------------------------------------------    -------------------
    SLICE_X5Y112         FDRE (Prop_GFF_SLICEM_C_Q)
                                                      0.083     3.250 r  system_i/smc_ic_zynq_ultra_ps_e_0_M_AXI_HPM0_FPD/inst/clk_map/psr_aclk/U0/ACTIVE_LOW_BSR_OUT_DFF[0].FDRE_BSR_N/Q
                         net (fo=27, routed)          0.161     3.411    system_i/smc_ic_zynq_ultra_ps_e_0_M_AXI_HPM0_FPD/inst/s00_entry_pipeline/s00_si_converter/inst/xpm_cdc_async_rst_inst/src_arst
    SLICE_X6Y115         FDCE                                         f  system_i/smc_ic_zynq_ultra_ps_e_0_M_AXI_HPM0_FPD/inst/s00_entry_pipeline/s00_si_converter/inst/xpm_cdc_async_rst_inst/arststages_ff_reg[1]/CLR  (IS_INVERTED)
  -------------------------------------------------------------------    -------------------

                         (clock clk_out2_system_clk_wiz_0_0 rise edge)
                                                      0.000     0.000 r  
    BUFG_PS_X0Y81        BUFG_PS                      0.000     0.000 r  system_i/zynq_ultra_ps_e_0/inst/buffer_pl_clk_0.PL_CLK_0_BUFG/O
                         net (fo=1, routed)           0.964     0.964    system_i/clk_wiz_0/inst/clk_in1
    MMCM_X0Y3            MMCME4_ADV (Prop_MMCM_CLKIN1_CLKOUT1)
                                                     -0.079     0.885 r  system_i/clk_wiz_0/inst/mmcme4_adv_inst/CLKOUT1
                         net (fo=1, routed)           0.208     1.093    system_i/clk_wiz_0/inst/clk_out2_system_clk_wiz_0_0
    BUFGCE_X0Y76         BUFGCE (Prop_BUFCE_BUFGCE_I_O)
                                                      0.026     1.119 r  system_i/clk_wiz_0/inst/clkout2_buf/O
    X1Y1 (CLOCK_ROOT)    net (fo=69546, routed)       1.643     2.762    system_i/smc_ic_zynq_ultra_ps_e_0_M_AXI_HPM0_FPD/inst/s00_entry_pipeline/s00_si_converter/inst/xpm_cdc_async_rst_inst/dest_clk
    SLICE_X6Y115         FDCE                                         r  system_i/smc_ic_zynq_ultra_ps_e_0_M_AXI_HPM0_FPD/inst/s00_entry_pipeline/s00_si_converter/inst/xpm_cdc_async_rst_inst/arststages_ff_reg[1]/C

Slack:                    inf
  Source:                 system_i/smc_ic_zynq_ultra_ps_e_0_M_AXI_HPM0_FPD/inst/clk_map/psr_aclk/U0/ACTIVE_LOW_BSR_OUT_DFF[0].FDRE_BSR_N/C
                            (rising edge-triggered cell FDRE clocked by clk_out2_system_clk_wiz_0_0  {rise@0.000ns fall@2.500ns period=5.000ns})
  Destination:            system_i/smc_ic_zynq_ultra_ps_e_0_M_AXI_HPM0_FPD/inst/s00_entry_pipeline/s00_si_converter/inst/xpm_cdc_async_rst_inst/arststages_ff_reg[2]/CLR
                            (removal check against rising-edge clock clk_out2_system_clk_wiz_0_0  {rise@0.000ns fall@2.500ns period=5.000ns})
  Path Group:             (none)
  Path Type:              Removal (Min at Fast Process Corner)
  Data Path Delay:        0.244ns  (logic 0.083ns (34.001%)  route 0.161ns (65.999%))
  Logic Levels:           0  
  Clock Path Skew:        -0.404ns (DCD - SCD - CPR)
    Destination Clock Delay (DCD):    2.762ns
    Source Clock Delay      (SCD):    3.167ns
    Clock Pessimism Removal (CPR):    -0.000ns
  Clock Uncertainty:      0.062ns  ((TSJ^2 + DJ^2)^1/2) / 2 + PE
    Total System Jitter     (TSJ):    0.071ns
    Discrete Jitter          (DJ):    0.102ns
    Phase Error              (PE):    0.000ns
  Clock Net Delay (Source):      1.513ns (routing 0.676ns, distribution 0.837ns)
  Clock Net Delay (Destination): 1.643ns (routing 0.738ns, distribution 0.905ns)
  Timing Exception:       False Path

    Location             Delay type                Incr(ns)  Path(ns)    Netlist Resource(s)
  -------------------------------------------------------------------    -------------------
                         (clock clk_out2_system_clk_wiz_0_0 rise edge)
                                                      0.000     0.000 r  
    BUFG_PS_X0Y81        BUFG_PS                      0.000     0.000 r  system_i/zynq_ultra_ps_e_0/inst/buffer_pl_clk_0.PL_CLK_0_BUFG/O
                         net (fo=1, routed)           0.883     0.883    system_i/clk_wiz_0/inst/clk_in1
    MMCM_X0Y3            MMCME4_ADV (Prop_MMCM_CLKIN1_CLKOUT1)
                                                      0.566     1.449 r  system_i/clk_wiz_0/inst/mmcme4_adv_inst/CLKOUT1
                         net (fo=1, routed)           0.182     1.631    system_i/clk_wiz_0/inst/clk_out2_system_clk_wiz_0_0
    BUFGCE_X0Y76         BUFGCE (Prop_BUFCE_BUFGCE_I_O)
                                                      0.023     1.654 r  system_i/clk_wiz_0/inst/clkout2_buf/O
    X1Y1 (CLOCK_ROOT)    net (fo=69546, routed)       1.513     3.167    system_i/smc_ic_zynq_ultra_ps_e_0_M_AXI_HPM0_FPD/inst/clk_map/psr_aclk/U0/aclk
    SLICE_X5Y112         FDRE                                         r  system_i/smc_ic_zynq_ultra_ps_e_0_M_AXI_HPM0_FPD/inst/clk_map/psr_aclk/U0/ACTIVE_LOW_BSR_OUT_DFF[0].FDRE_BSR_N/C
  -------------------------------------------------------------------    -------------------
    SLICE_X5Y112         FDRE (Prop_GFF_SLICEM_C_Q)
                                                      0.083     3.250 r  system_i/smc_ic_zynq_ultra_ps_e_0_M_AXI_HPM0_FPD/inst/clk_map/psr_aclk/U0/ACTIVE_LOW_BSR_OUT_DFF[0].FDRE_BSR_N/Q
                         net (fo=27, routed)          0.161     3.411    system_i/smc_ic_zynq_ultra_ps_e_0_M_AXI_HPM0_FPD/inst/s00_entry_pipeline/s00_si_converter/inst/xpm_cdc_async_rst_inst/src_arst
    SLICE_X6Y115         FDCE                                         f  system_i/smc_ic_zynq_ultra_ps_e_0_M_AXI_HPM0_FPD/inst/s00_entry_pipeline/s00_si_converter/inst/xpm_cdc_async_rst_inst/arststages_ff_reg[2]/CLR  (IS_INVERTED)
  -------------------------------------------------------------------    -------------------

                         (clock clk_out2_system_clk_wiz_0_0 rise edge)
                                                      0.000     0.000 r  
    BUFG_PS_X0Y81        BUFG_PS                      0.000     0.000 r  system_i/zynq_ultra_ps_e_0/inst/buffer_pl_clk_0.PL_CLK_0_BUFG/O
                         net (fo=1, routed)           0.964     0.964    system_i/clk_wiz_0/inst/clk_in1
    MMCM_X0Y3            MMCME4_ADV (Prop_MMCM_CLKIN1_CLKOUT1)
                                                     -0.079     0.885 r  system_i/clk_wiz_0/inst/mmcme4_adv_inst/CLKOUT1
                         net (fo=1, routed)           0.208     1.093    system_i/clk_wiz_0/inst/clk_out2_system_clk_wiz_0_0
    BUFGCE_X0Y76         BUFGCE (Prop_BUFCE_BUFGCE_I_O)
                                                      0.026     1.119 r  system_i/clk_wiz_0/inst/clkout2_buf/O
    X1Y1 (CLOCK_ROOT)    net (fo=69546, routed)       1.643     2.762    system_i/smc_ic_zynq_ultra_ps_e_0_M_AXI_HPM0_FPD/inst/s00_entry_pipeline/s00_si_converter/inst/xpm_cdc_async_rst_inst/dest_clk
    SLICE_X6Y115         FDCE                                         r  system_i/smc_ic_zynq_ultra_ps_e_0_M_AXI_HPM0_FPD/inst/s00_entry_pipeline/s00_si_converter/inst/xpm_cdc_async_rst_inst/arststages_ff_reg[2]/C

Slack:                    inf
  Source:                 system_i/axi_smc/inst/clk_map/psr_aclk/U0/ACTIVE_LOW_BSR_OUT_DFF[0].FDRE_BSR_N/C
                            (rising edge-triggered cell FDRE clocked by clk_out2_system_clk_wiz_0_0  {rise@0.000ns fall@2.500ns period=5.000ns})
  Destination:            system_i/axi_smc/inst/s00_nodes/s00_ar_node/inst/s_sc_xpm_cdc_async_rst_inst/arststages_ff_reg[0]/CLR
                            (removal check against rising-edge clock clk_out2_system_clk_wiz_0_0  {rise@0.000ns fall@2.500ns period=5.000ns})
  Path Group:             (none)
  Path Type:              Removal (Min at Fast Process Corner)
  Data Path Delay:        0.232ns  (logic 0.083ns (35.841%)  route 0.149ns (64.159%))
  Logic Levels:           0  
  Clock Path Skew:        -0.403ns (DCD - SCD - CPR)
    Destination Clock Delay (DCD):    2.811ns
    Source Clock Delay      (SCD):    3.215ns
    Clock Pessimism Removal (CPR):    -0.000ns
  Clock Uncertainty:      0.062ns  ((TSJ^2 + DJ^2)^1/2) / 2 + PE
    Total System Jitter     (TSJ):    0.071ns
    Discrete Jitter          (DJ):    0.102ns
    Phase Error              (PE):    0.000ns
  Clock Net Delay (Source):      1.561ns (routing 0.676ns, distribution 0.885ns)
  Clock Net Delay (Destination): 1.692ns (routing 0.738ns, distribution 0.954ns)
  Timing Exception:       False Path

    Location             Delay type                Incr(ns)  Path(ns)    Netlist Resource(s)
  -------------------------------------------------------------------    -------------------
                         (clock clk_out2_system_clk_wiz_0_0 rise edge)
                                                      0.000     0.000 r  
    BUFG_PS_X0Y81        BUFG_PS                      0.000     0.000 r  system_i/zynq_ultra_ps_e_0/inst/buffer_pl_clk_0.PL_CLK_0_BUFG/O
                         net (fo=1, routed)           0.883     0.883    system_i/clk_wiz_0/inst/clk_in1
    MMCM_X0Y3            MMCME4_ADV (Prop_MMCM_CLKIN1_CLKOUT1)
                                                      0.566     1.449 r  system_i/clk_wiz_0/inst/mmcme4_adv_inst/CLKOUT1
                         net (fo=1, routed)           0.182     1.631    system_i/clk_wiz_0/inst/clk_out2_system_clk_wiz_0_0
    BUFGCE_X0Y76         BUFGCE (Prop_BUFCE_BUFGCE_I_O)
                                                      0.023     1.654 r  system_i/clk_wiz_0/inst/clkout2_buf/O
    X1Y1 (CLOCK_ROOT)    net (fo=69546, routed)       1.561     3.215    system_i/axi_smc/inst/clk_map/psr_aclk/U0/aclk
    SLICE_X1Y185         FDRE                                         r  system_i/axi_smc/inst/clk_map/psr_aclk/U0/ACTIVE_LOW_BSR_OUT_DFF[0].FDRE_BSR_N/C
  -------------------------------------------------------------------    -------------------
    SLICE_X1Y185         FDRE (Prop_DFF_SLICEM_C_Q)
                                                      0.083     3.298 r  system_i/axi_smc/inst/clk_map/psr_aclk/U0/ACTIVE_LOW_BSR_OUT_DFF[0].FDRE_BSR_N/Q
                         net (fo=27, routed)          0.149     3.446    system_i/axi_smc/inst/s00_nodes/s00_ar_node/inst/s_sc_xpm_cdc_async_rst_inst/src_arst
    SLICE_X7Y186         FDCE                                         f  system_i/axi_smc/inst/s00_nodes/s00_ar_node/inst/s_sc_xpm_cdc_async_rst_inst/arststages_ff_reg[0]/CLR  (IS_INVERTED)
  -------------------------------------------------------------------    -------------------

                         (clock clk_out2_system_clk_wiz_0_0 rise edge)
                                                      0.000     0.000 r  
    BUFG_PS_X0Y81        BUFG_PS                      0.000     0.000 r  system_i/zynq_ultra_ps_e_0/inst/buffer_pl_clk_0.PL_CLK_0_BUFG/O
                         net (fo=1, routed)           0.964     0.964    system_i/clk_wiz_0/inst/clk_in1
    MMCM_X0Y3            MMCME4_ADV (Prop_MMCM_CLKIN1_CLKOUT1)
                                                     -0.079     0.885 r  system_i/clk_wiz_0/inst/mmcme4_adv_inst/CLKOUT1
                         net (fo=1, routed)           0.208     1.093    system_i/clk_wiz_0/inst/clk_out2_system_clk_wiz_0_0
    BUFGCE_X0Y76         BUFGCE (Prop_BUFCE_BUFGCE_I_O)
                                                      0.026     1.119 r  system_i/clk_wiz_0/inst/clkout2_buf/O
    X1Y1 (CLOCK_ROOT)    net (fo=69546, routed)       1.692     2.811    system_i/axi_smc/inst/s00_nodes/s00_ar_node/inst/s_sc_xpm_cdc_async_rst_inst/dest_clk
    SLICE_X7Y186         FDCE                                         r  system_i/axi_smc/inst/s00_nodes/s00_ar_node/inst/s_sc_xpm_cdc_async_rst_inst/arststages_ff_reg[0]/C

Slack:                    inf
  Source:                 system_i/axi_smc/inst/clk_map/psr_aclk/U0/ACTIVE_LOW_BSR_OUT_DFF[0].FDRE_BSR_N/C
                            (rising edge-triggered cell FDRE clocked by clk_out2_system_clk_wiz_0_0  {rise@0.000ns fall@2.500ns period=5.000ns})
  Destination:            system_i/axi_smc/inst/s00_nodes/s00_ar_node/inst/s_sc_xpm_cdc_async_rst_inst/arststages_ff_reg[1]/CLR
                            (removal check against rising-edge clock clk_out2_system_clk_wiz_0_0  {rise@0.000ns fall@2.500ns period=5.000ns})
  Path Group:             (none)
  Path Type:              Removal (Min at Fast Process Corner)
  Data Path Delay:        0.232ns  (logic 0.083ns (35.841%)  route 0.149ns (64.159%))
  Logic Levels:           0  
  Clock Path Skew:        -0.403ns (DCD - SCD - CPR)
    Destination Clock Delay (DCD):    2.811ns
    Source Clock Delay      (SCD):    3.215ns
    Clock Pessimism Removal (CPR):    -0.000ns
  Clock Uncertainty:      0.062ns  ((TSJ^2 + DJ^2)^1/2) / 2 + PE
    Total System Jitter     (TSJ):    0.071ns
    Discrete Jitter          (DJ):    0.102ns
    Phase Error              (PE):    0.000ns
  Clock Net Delay (Source):      1.561ns (routing 0.676ns, distribution 0.885ns)
  Clock Net Delay (Destination): 1.692ns (routing 0.738ns, distribution 0.954ns)
  Timing Exception:       False Path

    Location             Delay type                Incr(ns)  Path(ns)    Netlist Resource(s)
  -------------------------------------------------------------------    -------------------
                         (clock clk_out2_system_clk_wiz_0_0 rise edge)
                                                      0.000     0.000 r  
    BUFG_PS_X0Y81        BUFG_PS                      0.000     0.000 r  system_i/zynq_ultra_ps_e_0/inst/buffer_pl_clk_0.PL_CLK_0_BUFG/O
                         net (fo=1, routed)           0.883     0.883    system_i/clk_wiz_0/inst/clk_in1
    MMCM_X0Y3            MMCME4_ADV (Prop_MMCM_CLKIN1_CLKOUT1)
                                                      0.566     1.449 r  system_i/clk_wiz_0/inst/mmcme4_adv_inst/CLKOUT1
                         net (fo=1, routed)           0.182     1.631    system_i/clk_wiz_0/inst/clk_out2_system_clk_wiz_0_0
    BUFGCE_X0Y76         BUFGCE (Prop_BUFCE_BUFGCE_I_O)
                                                      0.023     1.654 r  system_i/clk_wiz_0/inst/clkout2_buf/O
    X1Y1 (CLOCK_ROOT)    net (fo=69546, routed)       1.561     3.215    system_i/axi_smc/inst/clk_map/psr_aclk/U0/aclk
    SLICE_X1Y185         FDRE                                         r  system_i/axi_smc/inst/clk_map/psr_aclk/U0/ACTIVE_LOW_BSR_OUT_DFF[0].FDRE_BSR_N/C
  -------------------------------------------------------------------    -------------------
    SLICE_X1Y185         FDRE (Prop_DFF_SLICEM_C_Q)
                                                      0.083     3.298 r  system_i/axi_smc/inst/clk_map/psr_aclk/U0/ACTIVE_LOW_BSR_OUT_DFF[0].FDRE_BSR_N/Q
                         net (fo=27, routed)          0.149     3.446    system_i/axi_smc/inst/s00_nodes/s00_ar_node/inst/s_sc_xpm_cdc_async_rst_inst/src_arst
    SLICE_X7Y186         FDCE                                         f  system_i/axi_smc/inst/s00_nodes/s00_ar_node/inst/s_sc_xpm_cdc_async_rst_inst/arststages_ff_reg[1]/CLR  (IS_INVERTED)
  -------------------------------------------------------------------    -------------------

                         (clock clk_out2_system_clk_wiz_0_0 rise edge)
                                                      0.000     0.000 r  
    BUFG_PS_X0Y81        BUFG_PS                      0.000     0.000 r  system_i/zynq_ultra_ps_e_0/inst/buffer_pl_clk_0.PL_CLK_0_BUFG/O
                         net (fo=1, routed)           0.964     0.964    system_i/clk_wiz_0/inst/clk_in1
    MMCM_X0Y3            MMCME4_ADV (Prop_MMCM_CLKIN1_CLKOUT1)
                                                     -0.079     0.885 r  system_i/clk_wiz_0/inst/mmcme4_adv_inst/CLKOUT1
                         net (fo=1, routed)           0.208     1.093    system_i/clk_wiz_0/inst/clk_out2_system_clk_wiz_0_0
    BUFGCE_X0Y76         BUFGCE (Prop_BUFCE_BUFGCE_I_O)
                                                      0.026     1.119 r  system_i/clk_wiz_0/inst/clkout2_buf/O
    X1Y1 (CLOCK_ROOT)    net (fo=69546, routed)       1.692     2.811    system_i/axi_smc/inst/s00_nodes/s00_ar_node/inst/s_sc_xpm_cdc_async_rst_inst/dest_clk
    SLICE_X7Y186         FDCE                                         r  system_i/axi_smc/inst/s00_nodes/s00_ar_node/inst/s_sc_xpm_cdc_async_rst_inst/arststages_ff_reg[1]/C

Slack:                    inf
  Source:                 system_i/axi_smc/inst/clk_map/psr_aclk/U0/ACTIVE_LOW_BSR_OUT_DFF[0].FDRE_BSR_N/C
                            (rising edge-triggered cell FDRE clocked by clk_out2_system_clk_wiz_0_0  {rise@0.000ns fall@2.500ns period=5.000ns})
  Destination:            system_i/axi_smc/inst/s00_nodes/s00_ar_node/inst/s_sc_xpm_cdc_async_rst_inst/arststages_ff_reg[2]/CLR
                            (removal check against rising-edge clock clk_out2_system_clk_wiz_0_0  {rise@0.000ns fall@2.500ns period=5.000ns})
  Path Group:             (none)
  Path Type:              Removal (Min at Fast Process Corner)
  Data Path Delay:        0.232ns  (logic 0.083ns (35.841%)  route 0.149ns (64.159%))
  Logic Levels:           0  
  Clock Path Skew:        -0.403ns (DCD - SCD - CPR)
    Destination Clock Delay (DCD):    2.811ns
    Source Clock Delay      (SCD):    3.215ns
    Clock Pessimism Removal (CPR):    -0.000ns
  Clock Uncertainty:      0.062ns  ((TSJ^2 + DJ^2)^1/2) / 2 + PE
    Total System Jitter     (TSJ):    0.071ns
    Discrete Jitter          (DJ):    0.102ns
    Phase Error              (PE):    0.000ns
  Clock Net Delay (Source):      1.561ns (routing 0.676ns, distribution 0.885ns)
  Clock Net Delay (Destination): 1.692ns (routing 0.738ns, distribution 0.954ns)
  Timing Exception:       False Path

    Location             Delay type                Incr(ns)  Path(ns)    Netlist Resource(s)
  -------------------------------------------------------------------    -------------------
                         (clock clk_out2_system_clk_wiz_0_0 rise edge)
                                                      0.000     0.000 r  
    BUFG_PS_X0Y81        BUFG_PS                      0.000     0.000 r  system_i/zynq_ultra_ps_e_0/inst/buffer_pl_clk_0.PL_CLK_0_BUFG/O
                         net (fo=1, routed)           0.883     0.883    system_i/clk_wiz_0/inst/clk_in1
    MMCM_X0Y3            MMCME4_ADV (Prop_MMCM_CLKIN1_CLKOUT1)
                                                      0.566     1.449 r  system_i/clk_wiz_0/inst/mmcme4_adv_inst/CLKOUT1
                         net (fo=1, routed)           0.182     1.631    system_i/clk_wiz_0/inst/clk_out2_system_clk_wiz_0_0
    BUFGCE_X0Y76         BUFGCE (Prop_BUFCE_BUFGCE_I_O)
                                                      0.023     1.654 r  system_i/clk_wiz_0/inst/clkout2_buf/O
    X1Y1 (CLOCK_ROOT)    net (fo=69546, routed)       1.561     3.215    system_i/axi_smc/inst/clk_map/psr_aclk/U0/aclk
    SLICE_X1Y185         FDRE                                         r  system_i/axi_smc/inst/clk_map/psr_aclk/U0/ACTIVE_LOW_BSR_OUT_DFF[0].FDRE_BSR_N/C
  -------------------------------------------------------------------    -------------------
    SLICE_X1Y185         FDRE (Prop_DFF_SLICEM_C_Q)
                                                      0.083     3.298 r  system_i/axi_smc/inst/clk_map/psr_aclk/U0/ACTIVE_LOW_BSR_OUT_DFF[0].FDRE_BSR_N/Q
                         net (fo=27, routed)          0.149     3.446    system_i/axi_smc/inst/s00_nodes/s00_ar_node/inst/s_sc_xpm_cdc_async_rst_inst/src_arst
    SLICE_X7Y186         FDCE                                         f  system_i/axi_smc/inst/s00_nodes/s00_ar_node/inst/s_sc_xpm_cdc_async_rst_inst/arststages_ff_reg[2]/CLR  (IS_INVERTED)
  -------------------------------------------------------------------    -------------------

                         (clock clk_out2_system_clk_wiz_0_0 rise edge)
                                                      0.000     0.000 r  
    BUFG_PS_X0Y81        BUFG_PS                      0.000     0.000 r  system_i/zynq_ultra_ps_e_0/inst/buffer_pl_clk_0.PL_CLK_0_BUFG/O
                         net (fo=1, routed)           0.964     0.964    system_i/clk_wiz_0/inst/clk_in1
    MMCM_X0Y3            MMCME4_ADV (Prop_MMCM_CLKIN1_CLKOUT1)
                                                     -0.079     0.885 r  system_i/clk_wiz_0/inst/mmcme4_adv_inst/CLKOUT1
                         net (fo=1, routed)           0.208     1.093    system_i/clk_wiz_0/inst/clk_out2_system_clk_wiz_0_0
    BUFGCE_X0Y76         BUFGCE (Prop_BUFCE_BUFGCE_I_O)
                                                      0.026     1.119 r  system_i/clk_wiz_0/inst/clkout2_buf/O
    X1Y1 (CLOCK_ROOT)    net (fo=69546, routed)       1.692     2.811    system_i/axi_smc/inst/s00_nodes/s00_ar_node/inst/s_sc_xpm_cdc_async_rst_inst/dest_clk
    SLICE_X7Y186         FDCE                                         r  system_i/axi_smc/inst/s00_nodes/s00_ar_node/inst/s_sc_xpm_cdc_async_rst_inst/arststages_ff_reg[2]/C

Slack:                    inf
  Source:                 system_i/axi_smc/inst/clk_map/psr_aclk/U0/ACTIVE_LOW_BSR_OUT_DFF[0].FDRE_BSR_N/C
                            (rising edge-triggered cell FDRE clocked by clk_out2_system_clk_wiz_0_0  {rise@0.000ns fall@2.500ns period=5.000ns})
  Destination:            system_i/axi_smc/inst/s00_nodes/s00_r_node/inst/s_sc_xpm_cdc_async_rst_inst/arststages_ff_reg[0]/CLR
                            (removal check against rising-edge clock clk_out2_system_clk_wiz_0_0  {rise@0.000ns fall@2.500ns period=5.000ns})
  Path Group:             (none)
  Path Type:              Removal (Min at Fast Process Corner)
  Data Path Delay:        0.245ns  (logic 0.083ns (33.830%)  route 0.162ns (66.170%))
  Logic Levels:           0  
  Clock Path Skew:        -0.410ns (DCD - SCD - CPR)
    Destination Clock Delay (DCD):    2.805ns
    Source Clock Delay      (SCD):    3.215ns
    Clock Pessimism Removal (CPR):    -0.000ns
  Clock Uncertainty:      0.062ns  ((TSJ^2 + DJ^2)^1/2) / 2 + PE
    Total System Jitter     (TSJ):    0.071ns
    Discrete Jitter          (DJ):    0.102ns
    Phase Error              (PE):    0.000ns
  Clock Net Delay (Source):      1.561ns (routing 0.676ns, distribution 0.885ns)
  Clock Net Delay (Destination): 1.686ns (routing 0.738ns, distribution 0.948ns)
  Timing Exception:       False Path

    Location             Delay type                Incr(ns)  Path(ns)    Netlist Resource(s)
  -------------------------------------------------------------------    -------------------
                         (clock clk_out2_system_clk_wiz_0_0 rise edge)
                                                      0.000     0.000 r  
    BUFG_PS_X0Y81        BUFG_PS                      0.000     0.000 r  system_i/zynq_ultra_ps_e_0/inst/buffer_pl_clk_0.PL_CLK_0_BUFG/O
                         net (fo=1, routed)           0.883     0.883    system_i/clk_wiz_0/inst/clk_in1
    MMCM_X0Y3            MMCME4_ADV (Prop_MMCM_CLKIN1_CLKOUT1)
                                                      0.566     1.449 r  system_i/clk_wiz_0/inst/mmcme4_adv_inst/CLKOUT1
                         net (fo=1, routed)           0.182     1.631    system_i/clk_wiz_0/inst/clk_out2_system_clk_wiz_0_0
    BUFGCE_X0Y76         BUFGCE (Prop_BUFCE_BUFGCE_I_O)
                                                      0.023     1.654 r  system_i/clk_wiz_0/inst/clkout2_buf/O
    X1Y1 (CLOCK_ROOT)    net (fo=69546, routed)       1.561     3.215    system_i/axi_smc/inst/clk_map/psr_aclk/U0/aclk
    SLICE_X1Y185         FDRE                                         r  system_i/axi_smc/inst/clk_map/psr_aclk/U0/ACTIVE_LOW_BSR_OUT_DFF[0].FDRE_BSR_N/C
  -------------------------------------------------------------------    -------------------
    SLICE_X1Y185         FDRE (Prop_DFF_SLICEM_C_Q)
                                                      0.083     3.298 r  system_i/axi_smc/inst/clk_map/psr_aclk/U0/ACTIVE_LOW_BSR_OUT_DFF[0].FDRE_BSR_N/Q
                         net (fo=27, routed)          0.162     3.460    system_i/axi_smc/inst/s00_nodes/s00_r_node/inst/s_sc_xpm_cdc_async_rst_inst/src_arst
    SLICE_X8Y185         FDCE                                         f  system_i/axi_smc/inst/s00_nodes/s00_r_node/inst/s_sc_xpm_cdc_async_rst_inst/arststages_ff_reg[0]/CLR  (IS_INVERTED)
  -------------------------------------------------------------------    -------------------

                         (clock clk_out2_system_clk_wiz_0_0 rise edge)
                                                      0.000     0.000 r  
    BUFG_PS_X0Y81        BUFG_PS                      0.000     0.000 r  system_i/zynq_ultra_ps_e_0/inst/buffer_pl_clk_0.PL_CLK_0_BUFG/O
                         net (fo=1, routed)           0.964     0.964    system_i/clk_wiz_0/inst/clk_in1
    MMCM_X0Y3            MMCME4_ADV (Prop_MMCM_CLKIN1_CLKOUT1)
                                                     -0.079     0.885 r  system_i/clk_wiz_0/inst/mmcme4_adv_inst/CLKOUT1
                         net (fo=1, routed)           0.208     1.093    system_i/clk_wiz_0/inst/clk_out2_system_clk_wiz_0_0
    BUFGCE_X0Y76         BUFGCE (Prop_BUFCE_BUFGCE_I_O)
                                                      0.026     1.119 r  system_i/clk_wiz_0/inst/clkout2_buf/O
    X1Y1 (CLOCK_ROOT)    net (fo=69546, routed)       1.686     2.805    system_i/axi_smc/inst/s00_nodes/s00_r_node/inst/s_sc_xpm_cdc_async_rst_inst/dest_clk
    SLICE_X8Y185         FDCE                                         r  system_i/axi_smc/inst/s00_nodes/s00_r_node/inst/s_sc_xpm_cdc_async_rst_inst/arststages_ff_reg[0]/C

Slack:                    inf
  Source:                 system_i/axi_smc/inst/clk_map/psr_aclk/U0/ACTIVE_LOW_BSR_OUT_DFF[0].FDRE_BSR_N/C
                            (rising edge-triggered cell FDRE clocked by clk_out2_system_clk_wiz_0_0  {rise@0.000ns fall@2.500ns period=5.000ns})
  Destination:            system_i/axi_smc/inst/s00_nodes/s00_r_node/inst/s_sc_xpm_cdc_async_rst_inst/arststages_ff_reg[1]/CLR
                            (removal check against rising-edge clock clk_out2_system_clk_wiz_0_0  {rise@0.000ns fall@2.500ns period=5.000ns})
  Path Group:             (none)
  Path Type:              Removal (Min at Fast Process Corner)
  Data Path Delay:        0.245ns  (logic 0.083ns (33.830%)  route 0.162ns (66.170%))
  Logic Levels:           0  
  Clock Path Skew:        -0.410ns (DCD - SCD - CPR)
    Destination Clock Delay (DCD):    2.805ns
    Source Clock Delay      (SCD):    3.215ns
    Clock Pessimism Removal (CPR):    -0.000ns
  Clock Uncertainty:      0.062ns  ((TSJ^2 + DJ^2)^1/2) / 2 + PE
    Total System Jitter     (TSJ):    0.071ns
    Discrete Jitter          (DJ):    0.102ns
    Phase Error              (PE):    0.000ns
  Clock Net Delay (Source):      1.561ns (routing 0.676ns, distribution 0.885ns)
  Clock Net Delay (Destination): 1.686ns (routing 0.738ns, distribution 0.948ns)
  Timing Exception:       False Path

    Location             Delay type                Incr(ns)  Path(ns)    Netlist Resource(s)
  -------------------------------------------------------------------    -------------------
                         (clock clk_out2_system_clk_wiz_0_0 rise edge)
                                                      0.000     0.000 r  
    BUFG_PS_X0Y81        BUFG_PS                      0.000     0.000 r  system_i/zynq_ultra_ps_e_0/inst/buffer_pl_clk_0.PL_CLK_0_BUFG/O
                         net (fo=1, routed)           0.883     0.883    system_i/clk_wiz_0/inst/clk_in1
    MMCM_X0Y3            MMCME4_ADV (Prop_MMCM_CLKIN1_CLKOUT1)
                                                      0.566     1.449 r  system_i/clk_wiz_0/inst/mmcme4_adv_inst/CLKOUT1
                         net (fo=1, routed)           0.182     1.631    system_i/clk_wiz_0/inst/clk_out2_system_clk_wiz_0_0
    BUFGCE_X0Y76         BUFGCE (Prop_BUFCE_BUFGCE_I_O)
                                                      0.023     1.654 r  system_i/clk_wiz_0/inst/clkout2_buf/O
    X1Y1 (CLOCK_ROOT)    net (fo=69546, routed)       1.561     3.215    system_i/axi_smc/inst/clk_map/psr_aclk/U0/aclk
    SLICE_X1Y185         FDRE                                         r  system_i/axi_smc/inst/clk_map/psr_aclk/U0/ACTIVE_LOW_BSR_OUT_DFF[0].FDRE_BSR_N/C
  -------------------------------------------------------------------    -------------------
    SLICE_X1Y185         FDRE (Prop_DFF_SLICEM_C_Q)
                                                      0.083     3.298 r  system_i/axi_smc/inst/clk_map/psr_aclk/U0/ACTIVE_LOW_BSR_OUT_DFF[0].FDRE_BSR_N/Q
                         net (fo=27, routed)          0.162     3.460    system_i/axi_smc/inst/s00_nodes/s00_r_node/inst/s_sc_xpm_cdc_async_rst_inst/src_arst
    SLICE_X8Y185         FDCE                                         f  system_i/axi_smc/inst/s00_nodes/s00_r_node/inst/s_sc_xpm_cdc_async_rst_inst/arststages_ff_reg[1]/CLR  (IS_INVERTED)
  -------------------------------------------------------------------    -------------------

                         (clock clk_out2_system_clk_wiz_0_0 rise edge)
                                                      0.000     0.000 r  
    BUFG_PS_X0Y81        BUFG_PS                      0.000     0.000 r  system_i/zynq_ultra_ps_e_0/inst/buffer_pl_clk_0.PL_CLK_0_BUFG/O
                         net (fo=1, routed)           0.964     0.964    system_i/clk_wiz_0/inst/clk_in1
    MMCM_X0Y3            MMCME4_ADV (Prop_MMCM_CLKIN1_CLKOUT1)
                                                     -0.079     0.885 r  system_i/clk_wiz_0/inst/mmcme4_adv_inst/CLKOUT1
                         net (fo=1, routed)           0.208     1.093    system_i/clk_wiz_0/inst/clk_out2_system_clk_wiz_0_0
    BUFGCE_X0Y76         BUFGCE (Prop_BUFCE_BUFGCE_I_O)
                                                      0.026     1.119 r  system_i/clk_wiz_0/inst/clkout2_buf/O
    X1Y1 (CLOCK_ROOT)    net (fo=69546, routed)       1.686     2.805    system_i/axi_smc/inst/s00_nodes/s00_r_node/inst/s_sc_xpm_cdc_async_rst_inst/dest_clk
    SLICE_X8Y185         FDCE                                         r  system_i/axi_smc/inst/s00_nodes/s00_r_node/inst/s_sc_xpm_cdc_async_rst_inst/arststages_ff_reg[1]/C

Slack:                    inf
  Source:                 system_i/axi_smc/inst/clk_map/psr_aclk/U0/ACTIVE_LOW_BSR_OUT_DFF[0].FDRE_BSR_N/C
                            (rising edge-triggered cell FDRE clocked by clk_out2_system_clk_wiz_0_0  {rise@0.000ns fall@2.500ns period=5.000ns})
  Destination:            system_i/axi_smc/inst/s00_nodes/s00_r_node/inst/s_sc_xpm_cdc_async_rst_inst/arststages_ff_reg[2]/CLR
                            (removal check against rising-edge clock clk_out2_system_clk_wiz_0_0  {rise@0.000ns fall@2.500ns period=5.000ns})
  Path Group:             (none)
  Path Type:              Removal (Min at Fast Process Corner)
  Data Path Delay:        0.245ns  (logic 0.083ns (33.830%)  route 0.162ns (66.170%))
  Logic Levels:           0  
  Clock Path Skew:        -0.410ns (DCD - SCD - CPR)
    Destination Clock Delay (DCD):    2.805ns
    Source Clock Delay      (SCD):    3.215ns
    Clock Pessimism Removal (CPR):    -0.000ns
  Clock Uncertainty:      0.062ns  ((TSJ^2 + DJ^2)^1/2) / 2 + PE
    Total System Jitter     (TSJ):    0.071ns
    Discrete Jitter          (DJ):    0.102ns
    Phase Error              (PE):    0.000ns
  Clock Net Delay (Source):      1.561ns (routing 0.676ns, distribution 0.885ns)
  Clock Net Delay (Destination): 1.686ns (routing 0.738ns, distribution 0.948ns)
  Timing Exception:       False Path

    Location             Delay type                Incr(ns)  Path(ns)    Netlist Resource(s)
  -------------------------------------------------------------------    -------------------
                         (clock clk_out2_system_clk_wiz_0_0 rise edge)
                                                      0.000     0.000 r  
    BUFG_PS_X0Y81        BUFG_PS                      0.000     0.000 r  system_i/zynq_ultra_ps_e_0/inst/buffer_pl_clk_0.PL_CLK_0_BUFG/O
                         net (fo=1, routed)           0.883     0.883    system_i/clk_wiz_0/inst/clk_in1
    MMCM_X0Y3            MMCME4_ADV (Prop_MMCM_CLKIN1_CLKOUT1)
                                                      0.566     1.449 r  system_i/clk_wiz_0/inst/mmcme4_adv_inst/CLKOUT1
                         net (fo=1, routed)           0.182     1.631    system_i/clk_wiz_0/inst/clk_out2_system_clk_wiz_0_0
    BUFGCE_X0Y76         BUFGCE (Prop_BUFCE_BUFGCE_I_O)
                                                      0.023     1.654 r  system_i/clk_wiz_0/inst/clkout2_buf/O
    X1Y1 (CLOCK_ROOT)    net (fo=69546, routed)       1.561     3.215    system_i/axi_smc/inst/clk_map/psr_aclk/U0/aclk
    SLICE_X1Y185         FDRE                                         r  system_i/axi_smc/inst/clk_map/psr_aclk/U0/ACTIVE_LOW_BSR_OUT_DFF[0].FDRE_BSR_N/C
  -------------------------------------------------------------------    -------------------
    SLICE_X1Y185         FDRE (Prop_DFF_SLICEM_C_Q)
                                                      0.083     3.298 r  system_i/axi_smc/inst/clk_map/psr_aclk/U0/ACTIVE_LOW_BSR_OUT_DFF[0].FDRE_BSR_N/Q
                         net (fo=27, routed)          0.162     3.460    system_i/axi_smc/inst/s00_nodes/s00_r_node/inst/s_sc_xpm_cdc_async_rst_inst/src_arst
    SLICE_X8Y185         FDCE                                         f  system_i/axi_smc/inst/s00_nodes/s00_r_node/inst/s_sc_xpm_cdc_async_rst_inst/arststages_ff_reg[2]/CLR  (IS_INVERTED)
  -------------------------------------------------------------------    -------------------

                         (clock clk_out2_system_clk_wiz_0_0 rise edge)
                                                      0.000     0.000 r  
    BUFG_PS_X0Y81        BUFG_PS                      0.000     0.000 r  system_i/zynq_ultra_ps_e_0/inst/buffer_pl_clk_0.PL_CLK_0_BUFG/O
                         net (fo=1, routed)           0.964     0.964    system_i/clk_wiz_0/inst/clk_in1
    MMCM_X0Y3            MMCME4_ADV (Prop_MMCM_CLKIN1_CLKOUT1)
                                                     -0.079     0.885 r  system_i/clk_wiz_0/inst/mmcme4_adv_inst/CLKOUT1
                         net (fo=1, routed)           0.208     1.093    system_i/clk_wiz_0/inst/clk_out2_system_clk_wiz_0_0
    BUFGCE_X0Y76         BUFGCE (Prop_BUFCE_BUFGCE_I_O)
                                                      0.026     1.119 r  system_i/clk_wiz_0/inst/clkout2_buf/O
    X1Y1 (CLOCK_ROOT)    net (fo=69546, routed)       1.686     2.805    system_i/axi_smc/inst/s00_nodes/s00_r_node/inst/s_sc_xpm_cdc_async_rst_inst/dest_clk
    SLICE_X8Y185         FDCE                                         r  system_i/axi_smc/inst/s00_nodes/s00_r_node/inst/s_sc_xpm_cdc_async_rst_inst/arststages_ff_reg[2]/C

Slack:                    inf
  Source:                 system_i/axi_smc/inst/clk_map/psr_aclk/U0/ACTIVE_LOW_BSR_OUT_DFF[0].FDRE_BSR_N/C
                            (rising edge-triggered cell FDRE clocked by clk_out2_system_clk_wiz_0_0  {rise@0.000ns fall@2.500ns period=5.000ns})
  Destination:            system_i/axi_smc/inst/m00_exit_pipeline/m00_exit/inst/xpm_cdc_async_rst_inst/arststages_ff_reg[0]/CLR
                            (removal check against rising-edge clock clk_out2_system_clk_wiz_0_0  {rise@0.000ns fall@2.500ns period=5.000ns})
  Path Group:             (none)
  Path Type:              Removal (Min at Fast Process Corner)
  Data Path Delay:        0.268ns  (logic 0.083ns (31.019%)  route 0.185ns (68.981%))
  Logic Levels:           0  
  Clock Path Skew:        -0.407ns (DCD - SCD - CPR)
    Destination Clock Delay (DCD):    2.808ns
    Source Clock Delay      (SCD):    3.215ns
    Clock Pessimism Removal (CPR):    -0.000ns
  Clock Uncertainty:      0.062ns  ((TSJ^2 + DJ^2)^1/2) / 2 + PE
    Total System Jitter     (TSJ):    0.071ns
    Discrete Jitter          (DJ):    0.102ns
    Phase Error              (PE):    0.000ns
  Clock Net Delay (Source):      1.561ns (routing 0.676ns, distribution 0.885ns)
  Clock Net Delay (Destination): 1.689ns (routing 0.738ns, distribution 0.951ns)
  Timing Exception:       False Path

    Location             Delay type                Incr(ns)  Path(ns)    Netlist Resource(s)
  -------------------------------------------------------------------    -------------------
                         (clock clk_out2_system_clk_wiz_0_0 rise edge)
                                                      0.000     0.000 r  
    BUFG_PS_X0Y81        BUFG_PS                      0.000     0.000 r  system_i/zynq_ultra_ps_e_0/inst/buffer_pl_clk_0.PL_CLK_0_BUFG/O
                         net (fo=1, routed)           0.883     0.883    system_i/clk_wiz_0/inst/clk_in1
    MMCM_X0Y3            MMCME4_ADV (Prop_MMCM_CLKIN1_CLKOUT1)
                                                      0.566     1.449 r  system_i/clk_wiz_0/inst/mmcme4_adv_inst/CLKOUT1
                         net (fo=1, routed)           0.182     1.631    system_i/clk_wiz_0/inst/clk_out2_system_clk_wiz_0_0
    BUFGCE_X0Y76         BUFGCE (Prop_BUFCE_BUFGCE_I_O)
                                                      0.023     1.654 r  system_i/clk_wiz_0/inst/clkout2_buf/O
    X1Y1 (CLOCK_ROOT)    net (fo=69546, routed)       1.561     3.215    system_i/axi_smc/inst/clk_map/psr_aclk/U0/aclk
    SLICE_X1Y185         FDRE                                         r  system_i/axi_smc/inst/clk_map/psr_aclk/U0/ACTIVE_LOW_BSR_OUT_DFF[0].FDRE_BSR_N/C
  -------------------------------------------------------------------    -------------------
    SLICE_X1Y185         FDRE (Prop_DFF_SLICEM_C_Q)
                                                      0.083     3.298 r  system_i/axi_smc/inst/clk_map/psr_aclk/U0/ACTIVE_LOW_BSR_OUT_DFF[0].FDRE_BSR_N/Q
                         net (fo=27, routed)          0.185     3.482    system_i/axi_smc/inst/m00_exit_pipeline/m00_exit/inst/xpm_cdc_async_rst_inst/src_arst
    SLICE_X7Y182         FDCE                                         f  system_i/axi_smc/inst/m00_exit_pipeline/m00_exit/inst/xpm_cdc_async_rst_inst/arststages_ff_reg[0]/CLR  (IS_INVERTED)
  -------------------------------------------------------------------    -------------------

                         (clock clk_out2_system_clk_wiz_0_0 rise edge)
                                                      0.000     0.000 r  
    BUFG_PS_X0Y81        BUFG_PS                      0.000     0.000 r  system_i/zynq_ultra_ps_e_0/inst/buffer_pl_clk_0.PL_CLK_0_BUFG/O
                         net (fo=1, routed)           0.964     0.964    system_i/clk_wiz_0/inst/clk_in1
    MMCM_X0Y3            MMCME4_ADV (Prop_MMCM_CLKIN1_CLKOUT1)
                                                     -0.079     0.885 r  system_i/clk_wiz_0/inst/mmcme4_adv_inst/CLKOUT1
                         net (fo=1, routed)           0.208     1.093    system_i/clk_wiz_0/inst/clk_out2_system_clk_wiz_0_0
    BUFGCE_X0Y76         BUFGCE (Prop_BUFCE_BUFGCE_I_O)
                                                      0.026     1.119 r  system_i/clk_wiz_0/inst/clkout2_buf/O
    X1Y1 (CLOCK_ROOT)    net (fo=69546, routed)       1.689     2.808    system_i/axi_smc/inst/m00_exit_pipeline/m00_exit/inst/xpm_cdc_async_rst_inst/dest_clk
    SLICE_X7Y182         FDCE                                         r  system_i/axi_smc/inst/m00_exit_pipeline/m00_exit/inst/xpm_cdc_async_rst_inst/arststages_ff_reg[0]/C





--------------------------------------------------------------------------------------
Path Group:  (none)
From Clock:  
  To Clock:  clk_out2_system_clk_wiz_0_0

Max Delay          1185 Endpoints
Min Delay          1185 Endpoints
--------------------------------------------------------------------------------------


Max Delay Paths
--------------------------------------------------------------------------------------
Slack:                    inf
  Source:                 system_i/mine_1/inst/grp_mine_Pipeline_HASH_CHUNK_fu_351/grp_sha256d_80_from_midstate_words_ii1_fu_358/grp_sha256_compress_words_ii1_fu_140/add_32ns_32s_32_1_0_U106/dout/DSP_C_DATA_INST/C_DATA[47]
                            (internal pin)
  Destination:            system_i/mine_1/inst/grp_mine_Pipeline_HASH_CHUNK_fu_351/grp_sha256d_80_from_midstate_words_ii1_fu_358/grp_sha256_compress_words_ii1_fu_140/next_e_25_reg_7338_reg[31]/D
                            (rising edge-triggered cell FDRE clocked by clk_out2_system_clk_wiz_0_0  {rise@0.000ns fall@2.500ns period=5.000ns})
  Path Group:             (none)
  Path Type:              Setup (Max at Slow Process Corner)
  Data Path Delay:        4.329ns  (logic 2.950ns (68.143%)  route 1.379ns (31.857%))
  Logic Levels:           11  (CARRY8=5 DSP_ALU=2 DSP_OUTPUT=2 LUT2=2)
  Clock Uncertainty:      0.144ns  ((TSJ^2 + DJ^2)^1/2) / 2 + PE
    Total System Jitter     (TSJ):    0.050ns
    Discrete Jitter          (DJ):    0.102ns
    Phase Error              (PE):    0.087ns
  Clock Net Delay (Destination): 2.348ns (routing 1.133ns, distribution 1.215ns)

    Location             Delay type                Incr(ns)  Path(ns)    Netlist Resource(s)
  -------------------------------------------------------------------    -------------------
    DSP48E2_X9Y60        DSP_C_DATA                   0.000     0.000 r  system_i/mine_1/inst/grp_mine_Pipeline_HASH_CHUNK_fu_351/grp_sha256d_80_from_midstate_words_ii1_fu_358/grp_sha256_compress_words_ii1_fu_140/add_32ns_32s_32_1_0_U106/dout/DSP_C_DATA_INST/C_DATA[47]
                         net (fo=2, routed)           0.000     0.000    system_i/mine_1/inst/grp_mine_Pipeline_HASH_CHUNK_fu_351/grp_sha256d_80_from_midstate_words_ii1_fu_358/grp_sha256_compress_words_ii1_fu_140/add_32ns_32s_32_1_0_U106/dout/DSP_C_DATA.C_DATA<47>
    DSP48E2_X9Y60        DSP_ALU (Prop_DSP_ALU_DSP48E2_C_DATA[47]_ALU_OUT[47])
                                                      0.786     0.786 f  system_i/mine_1/inst/grp_mine_Pipeline_HASH_CHUNK_fu_351/grp_sha256d_80_from_midstate_words_ii1_fu_358/grp_sha256_compress_words_ii1_fu_140/add_32ns_32s_32_1_0_U106/dout/DSP_ALU_INST/ALU_OUT[47]
                         net (fo=1, routed)           0.000     0.786    system_i/mine_1/inst/grp_mine_Pipeline_HASH_CHUNK_fu_351/grp_sha256d_80_from_midstate_words_ii1_fu_358/grp_sha256_compress_words_ii1_fu_140/add_32ns_32s_32_1_0_U106/dout/DSP_ALU.ALU_OUT<47>
    DSP48E2_X9Y60        DSP_OUTPUT (Prop_DSP_OUTPUT_DSP48E2_ALU_OUT[47]_PCOUT[47])
                                                      0.167     0.953 r  system_i/mine_1/inst/grp_mine_Pipeline_HASH_CHUNK_fu_351/grp_sha256d_80_from_midstate_words_ii1_fu_358/grp_sha256_compress_words_ii1_fu_140/add_32ns_32s_32_1_0_U106/dout/DSP_OUTPUT_INST/PCOUT[47]
                         net (fo=1, routed)           0.014     0.967    system_i/mine_1/inst/grp_mine_Pipeline_HASH_CHUNK_fu_351/grp_sha256d_80_from_midstate_words_ii1_fu_358/grp_sha256_compress_words_ii1_fu_140/add_32ns_32ns_32_1_0_U105/dout/PCIN[47]
    DSP48E2_X9Y61        DSP_ALU (Prop_DSP_ALU_DSP48E2_PCIN[47]_ALU_OUT[2])
                                                      0.739     1.706 f  system_i/mine_1/inst/grp_mine_Pipeline_HASH_CHUNK_fu_351/grp_sha256d_80_from_midstate_words_ii1_fu_358/grp_sha256_compress_words_ii1_fu_140/add_32ns_32ns_32_1_0_U105/dout/DSP_ALU_INST/ALU_OUT[2]
                         net (fo=1, routed)           0.000     1.706    system_i/mine_1/inst/grp_mine_Pipeline_HASH_CHUNK_fu_351/grp_sha256d_80_from_midstate_words_ii1_fu_358/grp_sha256_compress_words_ii1_fu_140/add_32ns_32ns_32_1_0_U105/dout/DSP_ALU.ALU_OUT<2>
    DSP48E2_X9Y61        DSP_OUTPUT (Prop_DSP_OUTPUT_DSP48E2_ALU_OUT[2]_P[2])
                                                      0.146     1.852 r  system_i/mine_1/inst/grp_mine_Pipeline_HASH_CHUNK_fu_351/grp_sha256d_80_from_midstate_words_ii1_fu_358/grp_sha256_compress_words_ii1_fu_140/add_32ns_32ns_32_1_0_U105/dout/DSP_OUTPUT_INST/P[2]
                         net (fo=2, routed)           0.828     2.680    system_i/mine_1/inst/grp_mine_Pipeline_HASH_CHUNK_fu_351/grp_sha256d_80_from_midstate_words_ii1_fu_358/grp_sha256_compress_words_ii1_fu_140/add_32ns_32ns_32_1_0_U105/dout_n_105
    SLICE_X31Y150        LUT2 (Prop_C6LUT_SLICEM_I0_O)
                                                      0.135     2.815 r  system_i/mine_1/inst/grp_mine_Pipeline_HASH_CHUNK_fu_351/grp_sha256d_80_from_midstate_words_ii1_fu_358/grp_sha256_compress_words_ii1_fu_140/add_32ns_32ns_32_1_0_U105/t1_25_reg_7333[7]_i_7/O
                         net (fo=1, routed)           0.029     2.844    system_i/mine_1/inst/grp_mine_Pipeline_HASH_CHUNK_fu_351/grp_sha256d_80_from_midstate_words_ii1_fu_358/grp_sha256_compress_words_ii1_fu_140/add_32ns_32ns_32_1_0_U105/t1_25_reg_7333[7]_i_7_n_2
    SLICE_X31Y150        CARRY8 (Prop_CARRY8_SLICEM_S[2]_O[5])
                                                      0.294     3.138 r  system_i/mine_1/inst/grp_mine_Pipeline_HASH_CHUNK_fu_351/grp_sha256d_80_from_midstate_words_ii1_fu_358/grp_sha256_compress_words_ii1_fu_140/add_32ns_32ns_32_1_0_U105/t1_25_reg_7333_reg[7]_i_1/O[5]
                         net (fo=3, routed)           0.369     3.507    system_i/mine_1/inst/grp_mine_Pipeline_HASH_CHUNK_fu_351/grp_sha256d_80_from_midstate_words_ii1_fu_358/grp_sha256_compress_words_ii1_fu_140/add_32ns_32ns_32_1_0_U105/p_25_in[5]
    SLICE_X30Y150        LUT2 (Prop_F6LUT_SLICEL_I0_O)
                                                      0.150     3.657 r  system_i/mine_1/inst/grp_mine_Pipeline_HASH_CHUNK_fu_351/grp_sha256d_80_from_midstate_words_ii1_fu_358/grp_sha256_compress_words_ii1_fu_140/add_32ns_32ns_32_1_0_U105/next_e_25_reg_7338[7]_i_4/O
                         net (fo=1, routed)           0.015     3.672    system_i/mine_1/inst/grp_mine_Pipeline_HASH_CHUNK_fu_351/grp_sha256d_80_from_midstate_words_ii1_fu_358/grp_sha256_compress_words_ii1_fu_140/add_32ns_32ns_32_1_0_U105/next_e_25_reg_7338[7]_i_4_n_2
    SLICE_X30Y150        CARRY8 (Prop_CARRY8_SLICEL_S[5]_CO[7])
                                                      0.232     3.904 r  system_i/mine_1/inst/grp_mine_Pipeline_HASH_CHUNK_fu_351/grp_sha256d_80_from_midstate_words_ii1_fu_358/grp_sha256_compress_words_ii1_fu_140/add_32ns_32ns_32_1_0_U105/next_e_25_reg_7338_reg[7]_i_1/CO[7]
                         net (fo=1, routed)           0.030     3.934    system_i/mine_1/inst/grp_mine_Pipeline_HASH_CHUNK_fu_351/grp_sha256d_80_from_midstate_words_ii1_fu_358/grp_sha256_compress_words_ii1_fu_140/add_32ns_32ns_32_1_0_U105/next_e_25_reg_7338_reg[7]_i_1_n_2
    SLICE_X30Y151        CARRY8 (Prop_CARRY8_SLICEL_CI_CO[7])
                                                      0.065     3.999 r  system_i/mine_1/inst/grp_mine_Pipeline_HASH_CHUNK_fu_351/grp_sha256d_80_from_midstate_words_ii1_fu_358/grp_sha256_compress_words_ii1_fu_140/add_32ns_32ns_32_1_0_U105/next_e_25_reg_7338_reg[15]_i_1/CO[7]
                         net (fo=1, routed)           0.030     4.029    system_i/mine_1/inst/grp_mine_Pipeline_HASH_CHUNK_fu_351/grp_sha256d_80_from_midstate_words_ii1_fu_358/grp_sha256_compress_words_ii1_fu_140/add_32ns_32ns_32_1_0_U105/next_e_25_reg_7338_reg[15]_i_1_n_2
    SLICE_X30Y152        CARRY8 (Prop_CARRY8_SLICEL_CI_CO[7])
                                                      0.065     4.094 r  system_i/mine_1/inst/grp_mine_Pipeline_HASH_CHUNK_fu_351/grp_sha256d_80_from_midstate_words_ii1_fu_358/grp_sha256_compress_words_ii1_fu_140/add_32ns_32ns_32_1_0_U105/next_e_25_reg_7338_reg[23]_i_1/CO[7]
                         net (fo=1, routed)           0.030     4.124    system_i/mine_1/inst/grp_mine_Pipeline_HASH_CHUNK_fu_351/grp_sha256d_80_from_midstate_words_ii1_fu_358/grp_sha256_compress_words_ii1_fu_140/add_32ns_32ns_32_1_0_U105/next_e_25_reg_7338_reg[23]_i_1_n_2
    SLICE_X30Y153        CARRY8 (Prop_CARRY8_SLICEL_CI_O[7])
                                                      0.171     4.295 r  system_i/mine_1/inst/grp_mine_Pipeline_HASH_CHUNK_fu_351/grp_sha256d_80_from_midstate_words_ii1_fu_358/grp_sha256_compress_words_ii1_fu_140/add_32ns_32ns_32_1_0_U105/next_e_25_reg_7338_reg[31]_i_1/O[7]
                         net (fo=1, routed)           0.034     4.329    system_i/mine_1/inst/grp_mine_Pipeline_HASH_CHUNK_fu_351/grp_sha256d_80_from_midstate_words_ii1_fu_358/grp_sha256_compress_words_ii1_fu_140/next_e_25_fu_4385_p2[31]
    SLICE_X30Y153        FDRE                                         r  system_i/mine_1/inst/grp_mine_Pipeline_HASH_CHUNK_fu_351/grp_sha256d_80_from_midstate_words_ii1_fu_358/grp_sha256_compress_words_ii1_fu_140/next_e_25_reg_7338_reg[31]/D
  -------------------------------------------------------------------    -------------------

                         (clock clk_out2_system_clk_wiz_0_0 rise edge)
                                                      0.000     0.000 r  
    BUFG_PS_X0Y81        BUFG_PS                      0.000     0.000 r  system_i/zynq_ultra_ps_e_0/inst/buffer_pl_clk_0.PL_CLK_0_BUFG/O
                         net (fo=1, routed)           1.458     1.458    system_i/clk_wiz_0/inst/clk_in1
    MMCM_X0Y3            MMCME4_ADV (Prop_MMCM_CLKIN1_CLKOUT1)
                                                      0.739     2.197 r  system_i/clk_wiz_0/inst/mmcme4_adv_inst/CLKOUT1
                         net (fo=1, routed)           0.312     2.509    system_i/clk_wiz_0/inst/clk_out2_system_clk_wiz_0_0
    BUFGCE_X0Y76         BUFGCE (Prop_BUFCE_BUFGCE_I_O)
                                                      0.039     2.548 r  system_i/clk_wiz_0/inst/clkout2_buf/O
    X1Y1 (CLOCK_ROOT)    net (fo=69546, routed)       2.348     4.896    system_i/mine_1/inst/grp_mine_Pipeline_HASH_CHUNK_fu_351/grp_sha256d_80_from_midstate_words_ii1_fu_358/grp_sha256_compress_words_ii1_fu_140/ap_clk
    SLICE_X30Y153        FDRE                                         r  system_i/mine_1/inst/grp_mine_Pipeline_HASH_CHUNK_fu_351/grp_sha256d_80_from_midstate_words_ii1_fu_358/grp_sha256_compress_words_ii1_fu_140/next_e_25_reg_7338_reg[31]/C

Slack:                    inf
  Source:                 system_i/mine_1/inst/grp_mine_Pipeline_HASH_CHUNK_fu_351/grp_sha256d_80_from_midstate_words_ii1_fu_358/grp_sha256_compress_words_ii1_fu_140/add_32ns_32s_32_1_0_U106/dout/DSP_C_DATA_INST/C_DATA[47]
                            (internal pin)
  Destination:            system_i/mine_1/inst/grp_mine_Pipeline_HASH_CHUNK_fu_351/grp_sha256d_80_from_midstate_words_ii1_fu_358/grp_sha256_compress_words_ii1_fu_140/next_e_25_reg_7338_reg[29]/D
                            (rising edge-triggered cell FDRE clocked by clk_out2_system_clk_wiz_0_0  {rise@0.000ns fall@2.500ns period=5.000ns})
  Path Group:             (none)
  Path Type:              Setup (Max at Slow Process Corner)
  Data Path Delay:        4.318ns  (logic 2.940ns (68.085%)  route 1.378ns (31.915%))
  Logic Levels:           11  (CARRY8=5 DSP_ALU=2 DSP_OUTPUT=2 LUT2=2)
  Clock Uncertainty:      0.144ns  ((TSJ^2 + DJ^2)^1/2) / 2 + PE
    Total System Jitter     (TSJ):    0.050ns
    Discrete Jitter          (DJ):    0.102ns
    Phase Error              (PE):    0.087ns
  Clock Net Delay (Destination): 2.348ns (routing 1.133ns, distribution 1.215ns)

    Location             Delay type                Incr(ns)  Path(ns)    Netlist Resource(s)
  -------------------------------------------------------------------    -------------------
    DSP48E2_X9Y60        DSP_C_DATA                   0.000     0.000 r  system_i/mine_1/inst/grp_mine_Pipeline_HASH_CHUNK_fu_351/grp_sha256d_80_from_midstate_words_ii1_fu_358/grp_sha256_compress_words_ii1_fu_140/add_32ns_32s_32_1_0_U106/dout/DSP_C_DATA_INST/C_DATA[47]
                         net (fo=2, routed)           0.000     0.000    system_i/mine_1/inst/grp_mine_Pipeline_HASH_CHUNK_fu_351/grp_sha256d_80_from_midstate_words_ii1_fu_358/grp_sha256_compress_words_ii1_fu_140/add_32ns_32s_32_1_0_U106/dout/DSP_C_DATA.C_DATA<47>
    DSP48E2_X9Y60        DSP_ALU (Prop_DSP_ALU_DSP48E2_C_DATA[47]_ALU_OUT[47])
                                                      0.786     0.786 f  system_i/mine_1/inst/grp_mine_Pipeline_HASH_CHUNK_fu_351/grp_sha256d_80_from_midstate_words_ii1_fu_358/grp_sha256_compress_words_ii1_fu_140/add_32ns_32s_32_1_0_U106/dout/DSP_ALU_INST/ALU_OUT[47]
                         net (fo=1, routed)           0.000     0.786    system_i/mine_1/inst/grp_mine_Pipeline_HASH_CHUNK_fu_351/grp_sha256d_80_from_midstate_words_ii1_fu_358/grp_sha256_compress_words_ii1_fu_140/add_32ns_32s_32_1_0_U106/dout/DSP_ALU.ALU_OUT<47>
    DSP48E2_X9Y60        DSP_OUTPUT (Prop_DSP_OUTPUT_DSP48E2_ALU_OUT[47]_PCOUT[47])
                                                      0.167     0.953 r  system_i/mine_1/inst/grp_mine_Pipeline_HASH_CHUNK_fu_351/grp_sha256d_80_from_midstate_words_ii1_fu_358/grp_sha256_compress_words_ii1_fu_140/add_32ns_32s_32_1_0_U106/dout/DSP_OUTPUT_INST/PCOUT[47]
                         net (fo=1, routed)           0.014     0.967    system_i/mine_1/inst/grp_mine_Pipeline_HASH_CHUNK_fu_351/grp_sha256d_80_from_midstate_words_ii1_fu_358/grp_sha256_compress_words_ii1_fu_140/add_32ns_32ns_32_1_0_U105/dout/PCIN[47]
    DSP48E2_X9Y61        DSP_ALU (Prop_DSP_ALU_DSP48E2_PCIN[47]_ALU_OUT[2])
                                                      0.739     1.706 f  system_i/mine_1/inst/grp_mine_Pipeline_HASH_CHUNK_fu_351/grp_sha256d_80_from_midstate_words_ii1_fu_358/grp_sha256_compress_words_ii1_fu_140/add_32ns_32ns_32_1_0_U105/dout/DSP_ALU_INST/ALU_OUT[2]
                         net (fo=1, routed)           0.000     1.706    system_i/mine_1/inst/grp_mine_Pipeline_HASH_CHUNK_fu_351/grp_sha256d_80_from_midstate_words_ii1_fu_358/grp_sha256_compress_words_ii1_fu_140/add_32ns_32ns_32_1_0_U105/dout/DSP_ALU.ALU_OUT<2>
    DSP48E2_X9Y61        DSP_OUTPUT (Prop_DSP_OUTPUT_DSP48E2_ALU_OUT[2]_P[2])
                                                      0.146     1.852 r  system_i/mine_1/inst/grp_mine_Pipeline_HASH_CHUNK_fu_351/grp_sha256d_80_from_midstate_words_ii1_fu_358/grp_sha256_compress_words_ii1_fu_140/add_32ns_32ns_32_1_0_U105/dout/DSP_OUTPUT_INST/P[2]
                         net (fo=2, routed)           0.828     2.680    system_i/mine_1/inst/grp_mine_Pipeline_HASH_CHUNK_fu_351/grp_sha256d_80_from_midstate_words_ii1_fu_358/grp_sha256_compress_words_ii1_fu_140/add_32ns_32ns_32_1_0_U105/dout_n_105
    SLICE_X31Y150        LUT2 (Prop_C6LUT_SLICEM_I0_O)
                                                      0.135     2.815 r  system_i/mine_1/inst/grp_mine_Pipeline_HASH_CHUNK_fu_351/grp_sha256d_80_from_midstate_words_ii1_fu_358/grp_sha256_compress_words_ii1_fu_140/add_32ns_32ns_32_1_0_U105/t1_25_reg_7333[7]_i_7/O
                         net (fo=1, routed)           0.029     2.844    system_i/mine_1/inst/grp_mine_Pipeline_HASH_CHUNK_fu_351/grp_sha256d_80_from_midstate_words_ii1_fu_358/grp_sha256_compress_words_ii1_fu_140/add_32ns_32ns_32_1_0_U105/t1_25_reg_7333[7]_i_7_n_2
    SLICE_X31Y150        CARRY8 (Prop_CARRY8_SLICEM_S[2]_O[5])
                                                      0.294     3.138 r  system_i/mine_1/inst/grp_mine_Pipeline_HASH_CHUNK_fu_351/grp_sha256d_80_from_midstate_words_ii1_fu_358/grp_sha256_compress_words_ii1_fu_140/add_32ns_32ns_32_1_0_U105/t1_25_reg_7333_reg[7]_i_1/O[5]
                         net (fo=3, routed)           0.369     3.507    system_i/mine_1/inst/grp_mine_Pipeline_HASH_CHUNK_fu_351/grp_sha256d_80_from_midstate_words_ii1_fu_358/grp_sha256_compress_words_ii1_fu_140/add_32ns_32ns_32_1_0_U105/p_25_in[5]
    SLICE_X30Y150        LUT2 (Prop_F6LUT_SLICEL_I0_O)
                                                      0.150     3.657 r  system_i/mine_1/inst/grp_mine_Pipeline_HASH_CHUNK_fu_351/grp_sha256d_80_from_midstate_words_ii1_fu_358/grp_sha256_compress_words_ii1_fu_140/add_32ns_32ns_32_1_0_U105/next_e_25_reg_7338[7]_i_4/O
                         net (fo=1, routed)           0.015     3.672    system_i/mine_1/inst/grp_mine_Pipeline_HASH_CHUNK_fu_351/grp_sha256d_80_from_midstate_words_ii1_fu_358/grp_sha256_compress_words_ii1_fu_140/add_32ns_32ns_32_1_0_U105/next_e_25_reg_7338[7]_i_4_n_2
    SLICE_X30Y150        CARRY8 (Prop_CARRY8_SLICEL_S[5]_CO[7])
                                                      0.232     3.904 r  system_i/mine_1/inst/grp_mine_Pipeline_HASH_CHUNK_fu_351/grp_sha256d_80_from_midstate_words_ii1_fu_358/grp_sha256_compress_words_ii1_fu_140/add_32ns_32ns_32_1_0_U105/next_e_25_reg_7338_reg[7]_i_1/CO[7]
                         net (fo=1, routed)           0.030     3.934    system_i/mine_1/inst/grp_mine_Pipeline_HASH_CHUNK_fu_351/grp_sha256d_80_from_midstate_words_ii1_fu_358/grp_sha256_compress_words_ii1_fu_140/add_32ns_32ns_32_1_0_U105/next_e_25_reg_7338_reg[7]_i_1_n_2
    SLICE_X30Y151        CARRY8 (Prop_CARRY8_SLICEL_CI_CO[7])
                                                      0.065     3.999 r  system_i/mine_1/inst/grp_mine_Pipeline_HASH_CHUNK_fu_351/grp_sha256d_80_from_midstate_words_ii1_fu_358/grp_sha256_compress_words_ii1_fu_140/add_32ns_32ns_32_1_0_U105/next_e_25_reg_7338_reg[15]_i_1/CO[7]
                         net (fo=1, routed)           0.030     4.029    system_i/mine_1/inst/grp_mine_Pipeline_HASH_CHUNK_fu_351/grp_sha256d_80_from_midstate_words_ii1_fu_358/grp_sha256_compress_words_ii1_fu_140/add_32ns_32ns_32_1_0_U105/next_e_25_reg_7338_reg[15]_i_1_n_2
    SLICE_X30Y152        CARRY8 (Prop_CARRY8_SLICEL_CI_CO[7])
                                                      0.065     4.094 r  system_i/mine_1/inst/grp_mine_Pipeline_HASH_CHUNK_fu_351/grp_sha256d_80_from_midstate_words_ii1_fu_358/grp_sha256_compress_words_ii1_fu_140/add_32ns_32ns_32_1_0_U105/next_e_25_reg_7338_reg[23]_i_1/CO[7]
                         net (fo=1, routed)           0.030     4.124    system_i/mine_1/inst/grp_mine_Pipeline_HASH_CHUNK_fu_351/grp_sha256d_80_from_midstate_words_ii1_fu_358/grp_sha256_compress_words_ii1_fu_140/add_32ns_32ns_32_1_0_U105/next_e_25_reg_7338_reg[23]_i_1_n_2
    SLICE_X30Y153        CARRY8 (Prop_CARRY8_SLICEL_CI_O[5])
                                                      0.161     4.285 r  system_i/mine_1/inst/grp_mine_Pipeline_HASH_CHUNK_fu_351/grp_sha256d_80_from_midstate_words_ii1_fu_358/grp_sha256_compress_words_ii1_fu_140/add_32ns_32ns_32_1_0_U105/next_e_25_reg_7338_reg[31]_i_1/O[5]
                         net (fo=1, routed)           0.033     4.318    system_i/mine_1/inst/grp_mine_Pipeline_HASH_CHUNK_fu_351/grp_sha256d_80_from_midstate_words_ii1_fu_358/grp_sha256_compress_words_ii1_fu_140/next_e_25_fu_4385_p2[29]
    SLICE_X30Y153        FDRE                                         r  system_i/mine_1/inst/grp_mine_Pipeline_HASH_CHUNK_fu_351/grp_sha256d_80_from_midstate_words_ii1_fu_358/grp_sha256_compress_words_ii1_fu_140/next_e_25_reg_7338_reg[29]/D
  -------------------------------------------------------------------    -------------------

                         (clock clk_out2_system_clk_wiz_0_0 rise edge)
                                                      0.000     0.000 r  
    BUFG_PS_X0Y81        BUFG_PS                      0.000     0.000 r  system_i/zynq_ultra_ps_e_0/inst/buffer_pl_clk_0.PL_CLK_0_BUFG/O
                         net (fo=1, routed)           1.458     1.458    system_i/clk_wiz_0/inst/clk_in1
    MMCM_X0Y3            MMCME4_ADV (Prop_MMCM_CLKIN1_CLKOUT1)
                                                      0.739     2.197 r  system_i/clk_wiz_0/inst/mmcme4_adv_inst/CLKOUT1
                         net (fo=1, routed)           0.312     2.509    system_i/clk_wiz_0/inst/clk_out2_system_clk_wiz_0_0
    BUFGCE_X0Y76         BUFGCE (Prop_BUFCE_BUFGCE_I_O)
                                                      0.039     2.548 r  system_i/clk_wiz_0/inst/clkout2_buf/O
    X1Y1 (CLOCK_ROOT)    net (fo=69546, routed)       2.348     4.896    system_i/mine_1/inst/grp_mine_Pipeline_HASH_CHUNK_fu_351/grp_sha256d_80_from_midstate_words_ii1_fu_358/grp_sha256_compress_words_ii1_fu_140/ap_clk
    SLICE_X30Y153        FDRE                                         r  system_i/mine_1/inst/grp_mine_Pipeline_HASH_CHUNK_fu_351/grp_sha256d_80_from_midstate_words_ii1_fu_358/grp_sha256_compress_words_ii1_fu_140/next_e_25_reg_7338_reg[29]/C

Slack:                    inf
  Source:                 system_i/mine_1/inst/grp_mine_Pipeline_HASH_CHUNK_fu_351/grp_sha256d_80_from_midstate_words_ii1_fu_358/grp_sha256_compress_words_ii1_fu_140/add_32ns_32s_32_1_0_U106/dout/DSP_C_DATA_INST/C_DATA[47]
                            (internal pin)
  Destination:            system_i/mine_1/inst/grp_mine_Pipeline_HASH_CHUNK_fu_351/grp_sha256d_80_from_midstate_words_ii1_fu_358/grp_sha256_compress_words_ii1_fu_140/next_e_25_reg_7338_reg[30]/D
                            (rising edge-triggered cell FDRE clocked by clk_out2_system_clk_wiz_0_0  {rise@0.000ns fall@2.500ns period=5.000ns})
  Path Group:             (none)
  Path Type:              Setup (Max at Slow Process Corner)
  Data Path Delay:        4.315ns  (logic 2.936ns (68.040%)  route 1.379ns (31.960%))
  Logic Levels:           11  (CARRY8=5 DSP_ALU=2 DSP_OUTPUT=2 LUT2=2)
  Clock Uncertainty:      0.144ns  ((TSJ^2 + DJ^2)^1/2) / 2 + PE
    Total System Jitter     (TSJ):    0.050ns
    Discrete Jitter          (DJ):    0.102ns
    Phase Error              (PE):    0.087ns
  Clock Net Delay (Destination): 2.348ns (routing 1.133ns, distribution 1.215ns)

    Location             Delay type                Incr(ns)  Path(ns)    Netlist Resource(s)
  -------------------------------------------------------------------    -------------------
    DSP48E2_X9Y60        DSP_C_DATA                   0.000     0.000 r  system_i/mine_1/inst/grp_mine_Pipeline_HASH_CHUNK_fu_351/grp_sha256d_80_from_midstate_words_ii1_fu_358/grp_sha256_compress_words_ii1_fu_140/add_32ns_32s_32_1_0_U106/dout/DSP_C_DATA_INST/C_DATA[47]
                         net (fo=2, routed)           0.000     0.000    system_i/mine_1/inst/grp_mine_Pipeline_HASH_CHUNK_fu_351/grp_sha256d_80_from_midstate_words_ii1_fu_358/grp_sha256_compress_words_ii1_fu_140/add_32ns_32s_32_1_0_U106/dout/DSP_C_DATA.C_DATA<47>
    DSP48E2_X9Y60        DSP_ALU (Prop_DSP_ALU_DSP48E2_C_DATA[47]_ALU_OUT[47])
                                                      0.786     0.786 f  system_i/mine_1/inst/grp_mine_Pipeline_HASH_CHUNK_fu_351/grp_sha256d_80_from_midstate_words_ii1_fu_358/grp_sha256_compress_words_ii1_fu_140/add_32ns_32s_32_1_0_U106/dout/DSP_ALU_INST/ALU_OUT[47]
                         net (fo=1, routed)           0.000     0.786    system_i/mine_1/inst/grp_mine_Pipeline_HASH_CHUNK_fu_351/grp_sha256d_80_from_midstate_words_ii1_fu_358/grp_sha256_compress_words_ii1_fu_140/add_32ns_32s_32_1_0_U106/dout/DSP_ALU.ALU_OUT<47>
    DSP48E2_X9Y60        DSP_OUTPUT (Prop_DSP_OUTPUT_DSP48E2_ALU_OUT[47]_PCOUT[47])
                                                      0.167     0.953 r  system_i/mine_1/inst/grp_mine_Pipeline_HASH_CHUNK_fu_351/grp_sha256d_80_from_midstate_words_ii1_fu_358/grp_sha256_compress_words_ii1_fu_140/add_32ns_32s_32_1_0_U106/dout/DSP_OUTPUT_INST/PCOUT[47]
                         net (fo=1, routed)           0.014     0.967    system_i/mine_1/inst/grp_mine_Pipeline_HASH_CHUNK_fu_351/grp_sha256d_80_from_midstate_words_ii1_fu_358/grp_sha256_compress_words_ii1_fu_140/add_32ns_32ns_32_1_0_U105/dout/PCIN[47]
    DSP48E2_X9Y61        DSP_ALU (Prop_DSP_ALU_DSP48E2_PCIN[47]_ALU_OUT[2])
                                                      0.739     1.706 f  system_i/mine_1/inst/grp_mine_Pipeline_HASH_CHUNK_fu_351/grp_sha256d_80_from_midstate_words_ii1_fu_358/grp_sha256_compress_words_ii1_fu_140/add_32ns_32ns_32_1_0_U105/dout/DSP_ALU_INST/ALU_OUT[2]
                         net (fo=1, routed)           0.000     1.706    system_i/mine_1/inst/grp_mine_Pipeline_HASH_CHUNK_fu_351/grp_sha256d_80_from_midstate_words_ii1_fu_358/grp_sha256_compress_words_ii1_fu_140/add_32ns_32ns_32_1_0_U105/dout/DSP_ALU.ALU_OUT<2>
    DSP48E2_X9Y61        DSP_OUTPUT (Prop_DSP_OUTPUT_DSP48E2_ALU_OUT[2]_P[2])
                                                      0.146     1.852 r  system_i/mine_1/inst/grp_mine_Pipeline_HASH_CHUNK_fu_351/grp_sha256d_80_from_midstate_words_ii1_fu_358/grp_sha256_compress_words_ii1_fu_140/add_32ns_32ns_32_1_0_U105/dout/DSP_OUTPUT_INST/P[2]
                         net (fo=2, routed)           0.828     2.680    system_i/mine_1/inst/grp_mine_Pipeline_HASH_CHUNK_fu_351/grp_sha256d_80_from_midstate_words_ii1_fu_358/grp_sha256_compress_words_ii1_fu_140/add_32ns_32ns_32_1_0_U105/dout_n_105
    SLICE_X31Y150        LUT2 (Prop_C6LUT_SLICEM_I0_O)
                                                      0.135     2.815 r  system_i/mine_1/inst/grp_mine_Pipeline_HASH_CHUNK_fu_351/grp_sha256d_80_from_midstate_words_ii1_fu_358/grp_sha256_compress_words_ii1_fu_140/add_32ns_32ns_32_1_0_U105/t1_25_reg_7333[7]_i_7/O
                         net (fo=1, routed)           0.029     2.844    system_i/mine_1/inst/grp_mine_Pipeline_HASH_CHUNK_fu_351/grp_sha256d_80_from_midstate_words_ii1_fu_358/grp_sha256_compress_words_ii1_fu_140/add_32ns_32ns_32_1_0_U105/t1_25_reg_7333[7]_i_7_n_2
    SLICE_X31Y150        CARRY8 (Prop_CARRY8_SLICEM_S[2]_O[5])
                                                      0.294     3.138 r  system_i/mine_1/inst/grp_mine_Pipeline_HASH_CHUNK_fu_351/grp_sha256d_80_from_midstate_words_ii1_fu_358/grp_sha256_compress_words_ii1_fu_140/add_32ns_32ns_32_1_0_U105/t1_25_reg_7333_reg[7]_i_1/O[5]
                         net (fo=3, routed)           0.369     3.507    system_i/mine_1/inst/grp_mine_Pipeline_HASH_CHUNK_fu_351/grp_sha256d_80_from_midstate_words_ii1_fu_358/grp_sha256_compress_words_ii1_fu_140/add_32ns_32ns_32_1_0_U105/p_25_in[5]
    SLICE_X30Y150        LUT2 (Prop_F6LUT_SLICEL_I0_O)
                                                      0.150     3.657 r  system_i/mine_1/inst/grp_mine_Pipeline_HASH_CHUNK_fu_351/grp_sha256d_80_from_midstate_words_ii1_fu_358/grp_sha256_compress_words_ii1_fu_140/add_32ns_32ns_32_1_0_U105/next_e_25_reg_7338[7]_i_4/O
                         net (fo=1, routed)           0.015     3.672    system_i/mine_1/inst/grp_mine_Pipeline_HASH_CHUNK_fu_351/grp_sha256d_80_from_midstate_words_ii1_fu_358/grp_sha256_compress_words_ii1_fu_140/add_32ns_32ns_32_1_0_U105/next_e_25_reg_7338[7]_i_4_n_2
    SLICE_X30Y150        CARRY8 (Prop_CARRY8_SLICEL_S[5]_CO[7])
                                                      0.232     3.904 r  system_i/mine_1/inst/grp_mine_Pipeline_HASH_CHUNK_fu_351/grp_sha256d_80_from_midstate_words_ii1_fu_358/grp_sha256_compress_words_ii1_fu_140/add_32ns_32ns_32_1_0_U105/next_e_25_reg_7338_reg[7]_i_1/CO[7]
                         net (fo=1, routed)           0.030     3.934    system_i/mine_1/inst/grp_mine_Pipeline_HASH_CHUNK_fu_351/grp_sha256d_80_from_midstate_words_ii1_fu_358/grp_sha256_compress_words_ii1_fu_140/add_32ns_32ns_32_1_0_U105/next_e_25_reg_7338_reg[7]_i_1_n_2
    SLICE_X30Y151        CARRY8 (Prop_CARRY8_SLICEL_CI_CO[7])
                                                      0.065     3.999 r  system_i/mine_1/inst/grp_mine_Pipeline_HASH_CHUNK_fu_351/grp_sha256d_80_from_midstate_words_ii1_fu_358/grp_sha256_compress_words_ii1_fu_140/add_32ns_32ns_32_1_0_U105/next_e_25_reg_7338_reg[15]_i_1/CO[7]
                         net (fo=1, routed)           0.030     4.029    system_i/mine_1/inst/grp_mine_Pipeline_HASH_CHUNK_fu_351/grp_sha256d_80_from_midstate_words_ii1_fu_358/grp_sha256_compress_words_ii1_fu_140/add_32ns_32ns_32_1_0_U105/next_e_25_reg_7338_reg[15]_i_1_n_2
    SLICE_X30Y152        CARRY8 (Prop_CARRY8_SLICEL_CI_CO[7])
                                                      0.065     4.094 r  system_i/mine_1/inst/grp_mine_Pipeline_HASH_CHUNK_fu_351/grp_sha256d_80_from_midstate_words_ii1_fu_358/grp_sha256_compress_words_ii1_fu_140/add_32ns_32ns_32_1_0_U105/next_e_25_reg_7338_reg[23]_i_1/CO[7]
                         net (fo=1, routed)           0.030     4.124    system_i/mine_1/inst/grp_mine_Pipeline_HASH_CHUNK_fu_351/grp_sha256d_80_from_midstate_words_ii1_fu_358/grp_sha256_compress_words_ii1_fu_140/add_32ns_32ns_32_1_0_U105/next_e_25_reg_7338_reg[23]_i_1_n_2
    SLICE_X30Y153        CARRY8 (Prop_CARRY8_SLICEL_CI_O[6])
                                                      0.157     4.281 r  system_i/mine_1/inst/grp_mine_Pipeline_HASH_CHUNK_fu_351/grp_sha256d_80_from_midstate_words_ii1_fu_358/grp_sha256_compress_words_ii1_fu_140/add_32ns_32ns_32_1_0_U105/next_e_25_reg_7338_reg[31]_i_1/O[6]
                         net (fo=1, routed)           0.034     4.315    system_i/mine_1/inst/grp_mine_Pipeline_HASH_CHUNK_fu_351/grp_sha256d_80_from_midstate_words_ii1_fu_358/grp_sha256_compress_words_ii1_fu_140/next_e_25_fu_4385_p2[30]
    SLICE_X30Y153        FDRE                                         r  system_i/mine_1/inst/grp_mine_Pipeline_HASH_CHUNK_fu_351/grp_sha256d_80_from_midstate_words_ii1_fu_358/grp_sha256_compress_words_ii1_fu_140/next_e_25_reg_7338_reg[30]/D
  -------------------------------------------------------------------    -------------------

                         (clock clk_out2_system_clk_wiz_0_0 rise edge)
                                                      0.000     0.000 r  
    BUFG_PS_X0Y81        BUFG_PS                      0.000     0.000 r  system_i/zynq_ultra_ps_e_0/inst/buffer_pl_clk_0.PL_CLK_0_BUFG/O
                         net (fo=1, routed)           1.458     1.458    system_i/clk_wiz_0/inst/clk_in1
    MMCM_X0Y3            MMCME4_ADV (Prop_MMCM_CLKIN1_CLKOUT1)
                                                      0.739     2.197 r  system_i/clk_wiz_0/inst/mmcme4_adv_inst/CLKOUT1
                         net (fo=1, routed)           0.312     2.509    system_i/clk_wiz_0/inst/clk_out2_system_clk_wiz_0_0
    BUFGCE_X0Y76         BUFGCE (Prop_BUFCE_BUFGCE_I_O)
                                                      0.039     2.548 r  system_i/clk_wiz_0/inst/clkout2_buf/O
    X1Y1 (CLOCK_ROOT)    net (fo=69546, routed)       2.348     4.896    system_i/mine_1/inst/grp_mine_Pipeline_HASH_CHUNK_fu_351/grp_sha256d_80_from_midstate_words_ii1_fu_358/grp_sha256_compress_words_ii1_fu_140/ap_clk
    SLICE_X30Y153        FDRE                                         r  system_i/mine_1/inst/grp_mine_Pipeline_HASH_CHUNK_fu_351/grp_sha256d_80_from_midstate_words_ii1_fu_358/grp_sha256_compress_words_ii1_fu_140/next_e_25_reg_7338_reg[30]/C

Slack:                    inf
  Source:                 system_i/mine_1/inst/grp_mine_Pipeline_HASH_CHUNK_fu_351/grp_sha256d_80_from_midstate_words_ii1_fu_358/grp_sha256_compress_words_ii1_fu_140/add_32ns_32s_32_1_0_U170/dout/DSP_C_DATA_INST/C_DATA[47]
                            (internal pin)
  Destination:            system_i/mine_1/inst/grp_mine_Pipeline_HASH_CHUNK_fu_351/grp_sha256d_80_from_midstate_words_ii1_fu_358/grp_sha256_compress_words_ii1_fu_140/next_e_41_reg_7920_reg[31]/D
                            (rising edge-triggered cell FDRE clocked by clk_out2_system_clk_wiz_0_0  {rise@0.000ns fall@2.500ns period=5.000ns})
  Path Group:             (none)
  Path Type:              Setup (Max at Slow Process Corner)
  Data Path Delay:        4.310ns  (logic 2.888ns (67.010%)  route 1.422ns (32.990%))
  Logic Levels:           11  (CARRY8=5 DSP_ALU=2 DSP_OUTPUT=2 LUT2=2)
  Clock Uncertainty:      0.144ns  ((TSJ^2 + DJ^2)^1/2) / 2 + PE
    Total System Jitter     (TSJ):    0.050ns
    Discrete Jitter          (DJ):    0.102ns
    Phase Error              (PE):    0.087ns
  Clock Net Delay (Destination): 2.501ns (routing 1.133ns, distribution 1.368ns)

    Location             Delay type                Incr(ns)  Path(ns)    Netlist Resource(s)
  -------------------------------------------------------------------    -------------------
    DSP48E2_X10Y73       DSP_C_DATA                   0.000     0.000 r  system_i/mine_1/inst/grp_mine_Pipeline_HASH_CHUNK_fu_351/grp_sha256d_80_from_midstate_words_ii1_fu_358/grp_sha256_compress_words_ii1_fu_140/add_32ns_32s_32_1_0_U170/dout/DSP_C_DATA_INST/C_DATA[47]
                         net (fo=2, routed)           0.000     0.000    system_i/mine_1/inst/grp_mine_Pipeline_HASH_CHUNK_fu_351/grp_sha256d_80_from_midstate_words_ii1_fu_358/grp_sha256_compress_words_ii1_fu_140/add_32ns_32s_32_1_0_U170/dout/DSP_C_DATA.C_DATA<47>
    DSP48E2_X10Y73       DSP_ALU (Prop_DSP_ALU_DSP48E2_C_DATA[47]_ALU_OUT[47])
                                                      0.786     0.786 f  system_i/mine_1/inst/grp_mine_Pipeline_HASH_CHUNK_fu_351/grp_sha256d_80_from_midstate_words_ii1_fu_358/grp_sha256_compress_words_ii1_fu_140/add_32ns_32s_32_1_0_U170/dout/DSP_ALU_INST/ALU_OUT[47]
                         net (fo=1, routed)           0.000     0.786    system_i/mine_1/inst/grp_mine_Pipeline_HASH_CHUNK_fu_351/grp_sha256d_80_from_midstate_words_ii1_fu_358/grp_sha256_compress_words_ii1_fu_140/add_32ns_32s_32_1_0_U170/dout/DSP_ALU.ALU_OUT<47>
    DSP48E2_X10Y73       DSP_OUTPUT (Prop_DSP_OUTPUT_DSP48E2_ALU_OUT[47]_PCOUT[47])
                                                      0.167     0.953 r  system_i/mine_1/inst/grp_mine_Pipeline_HASH_CHUNK_fu_351/grp_sha256d_80_from_midstate_words_ii1_fu_358/grp_sha256_compress_words_ii1_fu_140/add_32ns_32s_32_1_0_U170/dout/DSP_OUTPUT_INST/PCOUT[47]
                         net (fo=1, routed)           0.038     0.991    system_i/mine_1/inst/grp_mine_Pipeline_HASH_CHUNK_fu_351/grp_sha256d_80_from_midstate_words_ii1_fu_358/grp_sha256_compress_words_ii1_fu_140/add_32ns_32ns_32_1_0_U169/dout/PCIN[47]
    DSP48E2_X10Y74       DSP_ALU (Prop_DSP_ALU_DSP48E2_PCIN[47]_ALU_OUT[0])
                                                      0.739     1.730 f  system_i/mine_1/inst/grp_mine_Pipeline_HASH_CHUNK_fu_351/grp_sha256d_80_from_midstate_words_ii1_fu_358/grp_sha256_compress_words_ii1_fu_140/add_32ns_32ns_32_1_0_U169/dout/DSP_ALU_INST/ALU_OUT[0]
                         net (fo=1, routed)           0.000     1.730    system_i/mine_1/inst/grp_mine_Pipeline_HASH_CHUNK_fu_351/grp_sha256d_80_from_midstate_words_ii1_fu_358/grp_sha256_compress_words_ii1_fu_140/add_32ns_32ns_32_1_0_U169/dout/DSP_ALU.ALU_OUT<0>
    DSP48E2_X10Y74       DSP_OUTPUT (Prop_DSP_OUTPUT_DSP48E2_ALU_OUT[0]_P[0])
                                                      0.146     1.876 r  system_i/mine_1/inst/grp_mine_Pipeline_HASH_CHUNK_fu_351/grp_sha256d_80_from_midstate_words_ii1_fu_358/grp_sha256_compress_words_ii1_fu_140/add_32ns_32ns_32_1_0_U169/dout/DSP_OUTPUT_INST/P[0]
                         net (fo=2, routed)           0.336     2.212    system_i/mine_1/inst/grp_mine_Pipeline_HASH_CHUNK_fu_351/grp_sha256d_80_from_midstate_words_ii1_fu_358/grp_sha256_compress_words_ii1_fu_140/add_32ns_32ns_32_1_0_U169/dout_n_107
    SLICE_X39Y186        LUT2 (Prop_A6LUT_SLICEL_I0_O)
                                                      0.137     2.349 r  system_i/mine_1/inst/grp_mine_Pipeline_HASH_CHUNK_fu_351/grp_sha256d_80_from_midstate_words_ii1_fu_358/grp_sha256_compress_words_ii1_fu_140/add_32ns_32ns_32_1_0_U169/t1_41_reg_7915[7]_i_9/O
                         net (fo=1, routed)           0.014     2.363    system_i/mine_1/inst/grp_mine_Pipeline_HASH_CHUNK_fu_351/grp_sha256d_80_from_midstate_words_ii1_fu_358/grp_sha256_compress_words_ii1_fu_140/add_32ns_32ns_32_1_0_U169/t1_41_reg_7915[7]_i_9_n_2
    SLICE_X39Y186        CARRY8 (Prop_CARRY8_SLICEL_S[0]_CO[7])
                                                      0.278     2.641 r  system_i/mine_1/inst/grp_mine_Pipeline_HASH_CHUNK_fu_351/grp_sha256d_80_from_midstate_words_ii1_fu_358/grp_sha256_compress_words_ii1_fu_140/add_32ns_32ns_32_1_0_U169/t1_41_reg_7915_reg[7]_i_1/CO[7]
                         net (fo=1, routed)           0.030     2.671    system_i/mine_1/inst/grp_mine_Pipeline_HASH_CHUNK_fu_351/grp_sha256d_80_from_midstate_words_ii1_fu_358/grp_sha256_compress_words_ii1_fu_140/add_32ns_32ns_32_1_0_U169/t1_41_reg_7915_reg[7]_i_1_n_2
    SLICE_X39Y187        CARRY8 (Prop_CARRY8_SLICEL_CI_CO[7])
                                                      0.065     2.736 r  system_i/mine_1/inst/grp_mine_Pipeline_HASH_CHUNK_fu_351/grp_sha256d_80_from_midstate_words_ii1_fu_358/grp_sha256_compress_words_ii1_fu_140/add_32ns_32ns_32_1_0_U169/t1_41_reg_7915_reg[15]_i_1/CO[7]
                         net (fo=1, routed)           0.030     2.766    system_i/mine_1/inst/grp_mine_Pipeline_HASH_CHUNK_fu_351/grp_sha256d_80_from_midstate_words_ii1_fu_358/grp_sha256_compress_words_ii1_fu_140/add_32ns_32ns_32_1_0_U169/t1_41_reg_7915_reg[15]_i_1_n_2
    SLICE_X39Y188        CARRY8 (Prop_CARRY8_SLICEL_CI_CO[7])
                                                      0.065     2.831 r  system_i/mine_1/inst/grp_mine_Pipeline_HASH_CHUNK_fu_351/grp_sha256d_80_from_midstate_words_ii1_fu_358/grp_sha256_compress_words_ii1_fu_140/add_32ns_32ns_32_1_0_U169/t1_41_reg_7915_reg[23]_i_1/CO[7]
                         net (fo=1, routed)           0.030     2.861    system_i/mine_1/inst/grp_mine_Pipeline_HASH_CHUNK_fu_351/grp_sha256d_80_from_midstate_words_ii1_fu_358/grp_sha256_compress_words_ii1_fu_140/add_32ns_32ns_32_1_0_U169/t1_41_reg_7915_reg[23]_i_1_n_2
    SLICE_X39Y189        CARRY8 (Prop_CARRY8_SLICEL_CI_O[1])
                                                      0.114     2.975 r  system_i/mine_1/inst/grp_mine_Pipeline_HASH_CHUNK_fu_351/grp_sha256d_80_from_midstate_words_ii1_fu_358/grp_sha256_compress_words_ii1_fu_140/add_32ns_32ns_32_1_0_U169/t1_41_reg_7915_reg[31]_i_1/O[1]
                         net (fo=3, routed)           0.888     3.863    system_i/mine_1/inst/grp_mine_Pipeline_HASH_CHUNK_fu_351/grp_sha256d_80_from_midstate_words_ii1_fu_358/grp_sha256_compress_words_ii1_fu_140/add_32ns_32ns_32_1_0_U169/p_15_in[25]
    SLICE_X45Y191        LUT2 (Prop_B6LUT_SLICEM_I0_O)
                                                      0.057     3.920 r  system_i/mine_1/inst/grp_mine_Pipeline_HASH_CHUNK_fu_351/grp_sha256d_80_from_midstate_words_ii1_fu_358/grp_sha256_compress_words_ii1_fu_140/add_32ns_32ns_32_1_0_U169/next_e_41_reg_7920[31]_i_8/O
                         net (fo=1, routed)           0.022     3.942    system_i/mine_1/inst/grp_mine_Pipeline_HASH_CHUNK_fu_351/grp_sha256d_80_from_midstate_words_ii1_fu_358/grp_sha256_compress_words_ii1_fu_140/add_32ns_32ns_32_1_0_U169/next_e_41_reg_7920[31]_i_8_n_2
    SLICE_X45Y191        CARRY8 (Prop_CARRY8_SLICEM_S[1]_O[7])
                                                      0.334     4.276 r  system_i/mine_1/inst/grp_mine_Pipeline_HASH_CHUNK_fu_351/grp_sha256d_80_from_midstate_words_ii1_fu_358/grp_sha256_compress_words_ii1_fu_140/add_32ns_32ns_32_1_0_U169/next_e_41_reg_7920_reg[31]_i_1/O[7]
                         net (fo=1, routed)           0.034     4.310    system_i/mine_1/inst/grp_mine_Pipeline_HASH_CHUNK_fu_351/grp_sha256d_80_from_midstate_words_ii1_fu_358/grp_sha256_compress_words_ii1_fu_140/next_e_41_fu_5240_p2[31]
    SLICE_X45Y191        FDRE                                         r  system_i/mine_1/inst/grp_mine_Pipeline_HASH_CHUNK_fu_351/grp_sha256d_80_from_midstate_words_ii1_fu_358/grp_sha256_compress_words_ii1_fu_140/next_e_41_reg_7920_reg[31]/D
  -------------------------------------------------------------------    -------------------

                         (clock clk_out2_system_clk_wiz_0_0 rise edge)
                                                      0.000     0.000 r  
    BUFG_PS_X0Y81        BUFG_PS                      0.000     0.000 r  system_i/zynq_ultra_ps_e_0/inst/buffer_pl_clk_0.PL_CLK_0_BUFG/O
                         net (fo=1, routed)           1.458     1.458    system_i/clk_wiz_0/inst/clk_in1
    MMCM_X0Y3            MMCME4_ADV (Prop_MMCM_CLKIN1_CLKOUT1)
                                                      0.739     2.197 r  system_i/clk_wiz_0/inst/mmcme4_adv_inst/CLKOUT1
                         net (fo=1, routed)           0.312     2.509    system_i/clk_wiz_0/inst/clk_out2_system_clk_wiz_0_0
    BUFGCE_X0Y76         BUFGCE (Prop_BUFCE_BUFGCE_I_O)
                                                      0.039     2.548 r  system_i/clk_wiz_0/inst/clkout2_buf/O
    X1Y1 (CLOCK_ROOT)    net (fo=69546, routed)       2.501     5.049    system_i/mine_1/inst/grp_mine_Pipeline_HASH_CHUNK_fu_351/grp_sha256d_80_from_midstate_words_ii1_fu_358/grp_sha256_compress_words_ii1_fu_140/ap_clk
    SLICE_X45Y191        FDRE                                         r  system_i/mine_1/inst/grp_mine_Pipeline_HASH_CHUNK_fu_351/grp_sha256d_80_from_midstate_words_ii1_fu_358/grp_sha256_compress_words_ii1_fu_140/next_e_41_reg_7920_reg[31]/C

Slack:                    inf
  Source:                 system_i/mine_1/inst/grp_mine_Pipeline_HASH_CHUNK_fu_351/grp_sha256d_80_from_midstate_words_ii1_fu_358/grp_sha256_compress_words_ii1_fu_140/add_32ns_32s_32_1_0_U170/dout/DSP_C_DATA_INST/C_DATA[47]
                            (internal pin)
  Destination:            system_i/mine_1/inst/grp_mine_Pipeline_HASH_CHUNK_fu_351/grp_sha256d_80_from_midstate_words_ii1_fu_358/grp_sha256_compress_words_ii1_fu_140/next_e_41_reg_7920_reg[29]/D
                            (rising edge-triggered cell FDRE clocked by clk_out2_system_clk_wiz_0_0  {rise@0.000ns fall@2.500ns period=5.000ns})
  Path Group:             (none)
  Path Type:              Setup (Max at Slow Process Corner)
  Data Path Delay:        4.308ns  (logic 2.887ns (67.018%)  route 1.421ns (32.982%))
  Logic Levels:           11  (CARRY8=5 DSP_ALU=2 DSP_OUTPUT=2 LUT2=2)
  Clock Uncertainty:      0.144ns  ((TSJ^2 + DJ^2)^1/2) / 2 + PE
    Total System Jitter     (TSJ):    0.050ns
    Discrete Jitter          (DJ):    0.102ns
    Phase Error              (PE):    0.087ns
  Clock Net Delay (Destination): 2.501ns (routing 1.133ns, distribution 1.368ns)

    Location             Delay type                Incr(ns)  Path(ns)    Netlist Resource(s)
  -------------------------------------------------------------------    -------------------
    DSP48E2_X10Y73       DSP_C_DATA                   0.000     0.000 r  system_i/mine_1/inst/grp_mine_Pipeline_HASH_CHUNK_fu_351/grp_sha256d_80_from_midstate_words_ii1_fu_358/grp_sha256_compress_words_ii1_fu_140/add_32ns_32s_32_1_0_U170/dout/DSP_C_DATA_INST/C_DATA[47]
                         net (fo=2, routed)           0.000     0.000    system_i/mine_1/inst/grp_mine_Pipeline_HASH_CHUNK_fu_351/grp_sha256d_80_from_midstate_words_ii1_fu_358/grp_sha256_compress_words_ii1_fu_140/add_32ns_32s_32_1_0_U170/dout/DSP_C_DATA.C_DATA<47>
    DSP48E2_X10Y73       DSP_ALU (Prop_DSP_ALU_DSP48E2_C_DATA[47]_ALU_OUT[47])
                                                      0.786     0.786 f  system_i/mine_1/inst/grp_mine_Pipeline_HASH_CHUNK_fu_351/grp_sha256d_80_from_midstate_words_ii1_fu_358/grp_sha256_compress_words_ii1_fu_140/add_32ns_32s_32_1_0_U170/dout/DSP_ALU_INST/ALU_OUT[47]
                         net (fo=1, routed)           0.000     0.786    system_i/mine_1/inst/grp_mine_Pipeline_HASH_CHUNK_fu_351/grp_sha256d_80_from_midstate_words_ii1_fu_358/grp_sha256_compress_words_ii1_fu_140/add_32ns_32s_32_1_0_U170/dout/DSP_ALU.ALU_OUT<47>
    DSP48E2_X10Y73       DSP_OUTPUT (Prop_DSP_OUTPUT_DSP48E2_ALU_OUT[47]_PCOUT[47])
                                                      0.167     0.953 r  system_i/mine_1/inst/grp_mine_Pipeline_HASH_CHUNK_fu_351/grp_sha256d_80_from_midstate_words_ii1_fu_358/grp_sha256_compress_words_ii1_fu_140/add_32ns_32s_32_1_0_U170/dout/DSP_OUTPUT_INST/PCOUT[47]
                         net (fo=1, routed)           0.038     0.991    system_i/mine_1/inst/grp_mine_Pipeline_HASH_CHUNK_fu_351/grp_sha256d_80_from_midstate_words_ii1_fu_358/grp_sha256_compress_words_ii1_fu_140/add_32ns_32ns_32_1_0_U169/dout/PCIN[47]
    DSP48E2_X10Y74       DSP_ALU (Prop_DSP_ALU_DSP48E2_PCIN[47]_ALU_OUT[0])
                                                      0.739     1.730 f  system_i/mine_1/inst/grp_mine_Pipeline_HASH_CHUNK_fu_351/grp_sha256d_80_from_midstate_words_ii1_fu_358/grp_sha256_compress_words_ii1_fu_140/add_32ns_32ns_32_1_0_U169/dout/DSP_ALU_INST/ALU_OUT[0]
                         net (fo=1, routed)           0.000     1.730    system_i/mine_1/inst/grp_mine_Pipeline_HASH_CHUNK_fu_351/grp_sha256d_80_from_midstate_words_ii1_fu_358/grp_sha256_compress_words_ii1_fu_140/add_32ns_32ns_32_1_0_U169/dout/DSP_ALU.ALU_OUT<0>
    DSP48E2_X10Y74       DSP_OUTPUT (Prop_DSP_OUTPUT_DSP48E2_ALU_OUT[0]_P[0])
                                                      0.146     1.876 r  system_i/mine_1/inst/grp_mine_Pipeline_HASH_CHUNK_fu_351/grp_sha256d_80_from_midstate_words_ii1_fu_358/grp_sha256_compress_words_ii1_fu_140/add_32ns_32ns_32_1_0_U169/dout/DSP_OUTPUT_INST/P[0]
                         net (fo=2, routed)           0.336     2.212    system_i/mine_1/inst/grp_mine_Pipeline_HASH_CHUNK_fu_351/grp_sha256d_80_from_midstate_words_ii1_fu_358/grp_sha256_compress_words_ii1_fu_140/add_32ns_32ns_32_1_0_U169/dout_n_107
    SLICE_X39Y186        LUT2 (Prop_A6LUT_SLICEL_I0_O)
                                                      0.137     2.349 r  system_i/mine_1/inst/grp_mine_Pipeline_HASH_CHUNK_fu_351/grp_sha256d_80_from_midstate_words_ii1_fu_358/grp_sha256_compress_words_ii1_fu_140/add_32ns_32ns_32_1_0_U169/t1_41_reg_7915[7]_i_9/O
                         net (fo=1, routed)           0.014     2.363    system_i/mine_1/inst/grp_mine_Pipeline_HASH_CHUNK_fu_351/grp_sha256d_80_from_midstate_words_ii1_fu_358/grp_sha256_compress_words_ii1_fu_140/add_32ns_32ns_32_1_0_U169/t1_41_reg_7915[7]_i_9_n_2
    SLICE_X39Y186        CARRY8 (Prop_CARRY8_SLICEL_S[0]_CO[7])
                                                      0.278     2.641 r  system_i/mine_1/inst/grp_mine_Pipeline_HASH_CHUNK_fu_351/grp_sha256d_80_from_midstate_words_ii1_fu_358/grp_sha256_compress_words_ii1_fu_140/add_32ns_32ns_32_1_0_U169/t1_41_reg_7915_reg[7]_i_1/CO[7]
                         net (fo=1, routed)           0.030     2.671    system_i/mine_1/inst/grp_mine_Pipeline_HASH_CHUNK_fu_351/grp_sha256d_80_from_midstate_words_ii1_fu_358/grp_sha256_compress_words_ii1_fu_140/add_32ns_32ns_32_1_0_U169/t1_41_reg_7915_reg[7]_i_1_n_2
    SLICE_X39Y187        CARRY8 (Prop_CARRY8_SLICEL_CI_CO[7])
                                                      0.065     2.736 r  system_i/mine_1/inst/grp_mine_Pipeline_HASH_CHUNK_fu_351/grp_sha256d_80_from_midstate_words_ii1_fu_358/grp_sha256_compress_words_ii1_fu_140/add_32ns_32ns_32_1_0_U169/t1_41_reg_7915_reg[15]_i_1/CO[7]
                         net (fo=1, routed)           0.030     2.766    system_i/mine_1/inst/grp_mine_Pipeline_HASH_CHUNK_fu_351/grp_sha256d_80_from_midstate_words_ii1_fu_358/grp_sha256_compress_words_ii1_fu_140/add_32ns_32ns_32_1_0_U169/t1_41_reg_7915_reg[15]_i_1_n_2
    SLICE_X39Y188        CARRY8 (Prop_CARRY8_SLICEL_CI_CO[7])
                                                      0.065     2.831 r  system_i/mine_1/inst/grp_mine_Pipeline_HASH_CHUNK_fu_351/grp_sha256d_80_from_midstate_words_ii1_fu_358/grp_sha256_compress_words_ii1_fu_140/add_32ns_32ns_32_1_0_U169/t1_41_reg_7915_reg[23]_i_1/CO[7]
                         net (fo=1, routed)           0.030     2.861    system_i/mine_1/inst/grp_mine_Pipeline_HASH_CHUNK_fu_351/grp_sha256d_80_from_midstate_words_ii1_fu_358/grp_sha256_compress_words_ii1_fu_140/add_32ns_32ns_32_1_0_U169/t1_41_reg_7915_reg[23]_i_1_n_2
    SLICE_X39Y189        CARRY8 (Prop_CARRY8_SLICEL_CI_O[1])
                                                      0.114     2.975 r  system_i/mine_1/inst/grp_mine_Pipeline_HASH_CHUNK_fu_351/grp_sha256d_80_from_midstate_words_ii1_fu_358/grp_sha256_compress_words_ii1_fu_140/add_32ns_32ns_32_1_0_U169/t1_41_reg_7915_reg[31]_i_1/O[1]
                         net (fo=3, routed)           0.888     3.863    system_i/mine_1/inst/grp_mine_Pipeline_HASH_CHUNK_fu_351/grp_sha256d_80_from_midstate_words_ii1_fu_358/grp_sha256_compress_words_ii1_fu_140/add_32ns_32ns_32_1_0_U169/p_15_in[25]
    SLICE_X45Y191        LUT2 (Prop_B6LUT_SLICEM_I0_O)
                                                      0.057     3.920 r  system_i/mine_1/inst/grp_mine_Pipeline_HASH_CHUNK_fu_351/grp_sha256d_80_from_midstate_words_ii1_fu_358/grp_sha256_compress_words_ii1_fu_140/add_32ns_32ns_32_1_0_U169/next_e_41_reg_7920[31]_i_8/O
                         net (fo=1, routed)           0.022     3.942    system_i/mine_1/inst/grp_mine_Pipeline_HASH_CHUNK_fu_351/grp_sha256d_80_from_midstate_words_ii1_fu_358/grp_sha256_compress_words_ii1_fu_140/add_32ns_32ns_32_1_0_U169/next_e_41_reg_7920[31]_i_8_n_2
    SLICE_X45Y191        CARRY8 (Prop_CARRY8_SLICEM_S[1]_O[5])
                                                      0.333     4.275 r  system_i/mine_1/inst/grp_mine_Pipeline_HASH_CHUNK_fu_351/grp_sha256d_80_from_midstate_words_ii1_fu_358/grp_sha256_compress_words_ii1_fu_140/add_32ns_32ns_32_1_0_U169/next_e_41_reg_7920_reg[31]_i_1/O[5]
                         net (fo=1, routed)           0.033     4.308    system_i/mine_1/inst/grp_mine_Pipeline_HASH_CHUNK_fu_351/grp_sha256d_80_from_midstate_words_ii1_fu_358/grp_sha256_compress_words_ii1_fu_140/next_e_41_fu_5240_p2[29]
    SLICE_X45Y191        FDRE                                         r  system_i/mine_1/inst/grp_mine_Pipeline_HASH_CHUNK_fu_351/grp_sha256d_80_from_midstate_words_ii1_fu_358/grp_sha256_compress_words_ii1_fu_140/next_e_41_reg_7920_reg[29]/D
  -------------------------------------------------------------------    -------------------

                         (clock clk_out2_system_clk_wiz_0_0 rise edge)
                                                      0.000     0.000 r  
    BUFG_PS_X0Y81        BUFG_PS                      0.000     0.000 r  system_i/zynq_ultra_ps_e_0/inst/buffer_pl_clk_0.PL_CLK_0_BUFG/O
                         net (fo=1, routed)           1.458     1.458    system_i/clk_wiz_0/inst/clk_in1
    MMCM_X0Y3            MMCME4_ADV (Prop_MMCM_CLKIN1_CLKOUT1)
                                                      0.739     2.197 r  system_i/clk_wiz_0/inst/mmcme4_adv_inst/CLKOUT1
                         net (fo=1, routed)           0.312     2.509    system_i/clk_wiz_0/inst/clk_out2_system_clk_wiz_0_0
    BUFGCE_X0Y76         BUFGCE (Prop_BUFCE_BUFGCE_I_O)
                                                      0.039     2.548 r  system_i/clk_wiz_0/inst/clkout2_buf/O
    X1Y1 (CLOCK_ROOT)    net (fo=69546, routed)       2.501     5.049    system_i/mine_1/inst/grp_mine_Pipeline_HASH_CHUNK_fu_351/grp_sha256d_80_from_midstate_words_ii1_fu_358/grp_sha256_compress_words_ii1_fu_140/ap_clk
    SLICE_X45Y191        FDRE                                         r  system_i/mine_1/inst/grp_mine_Pipeline_HASH_CHUNK_fu_351/grp_sha256d_80_from_midstate_words_ii1_fu_358/grp_sha256_compress_words_ii1_fu_140/next_e_41_reg_7920_reg[29]/C

Slack:                    inf
  Source:                 system_i/mine_1/inst/grp_mine_Pipeline_HASH_CHUNK_fu_351/grp_sha256d_80_from_midstate_words_ii1_fu_358/grp_sha256_compress_words_ii1_fu_140/add_32ns_32s_32_1_0_U170/dout/DSP_C_DATA_INST/C_DATA[47]
                            (internal pin)
  Destination:            system_i/mine_1/inst/grp_mine_Pipeline_HASH_CHUNK_fu_351/grp_sha256d_80_from_midstate_words_ii1_fu_358/grp_sha256_compress_words_ii1_fu_140/next_e_41_reg_7920_reg[30]/D
                            (rising edge-triggered cell FDRE clocked by clk_out2_system_clk_wiz_0_0  {rise@0.000ns fall@2.500ns period=5.000ns})
  Path Group:             (none)
  Path Type:              Setup (Max at Slow Process Corner)
  Data Path Delay:        4.289ns  (logic 2.867ns (66.848%)  route 1.422ns (33.152%))
  Logic Levels:           11  (CARRY8=5 DSP_ALU=2 DSP_OUTPUT=2 LUT2=2)
  Clock Uncertainty:      0.144ns  ((TSJ^2 + DJ^2)^1/2) / 2 + PE
    Total System Jitter     (TSJ):    0.050ns
    Discrete Jitter          (DJ):    0.102ns
    Phase Error              (PE):    0.087ns
  Clock Net Delay (Destination): 2.501ns (routing 1.133ns, distribution 1.368ns)

    Location             Delay type                Incr(ns)  Path(ns)    Netlist Resource(s)
  -------------------------------------------------------------------    -------------------
    DSP48E2_X10Y73       DSP_C_DATA                   0.000     0.000 r  system_i/mine_1/inst/grp_mine_Pipeline_HASH_CHUNK_fu_351/grp_sha256d_80_from_midstate_words_ii1_fu_358/grp_sha256_compress_words_ii1_fu_140/add_32ns_32s_32_1_0_U170/dout/DSP_C_DATA_INST/C_DATA[47]
                         net (fo=2, routed)           0.000     0.000    system_i/mine_1/inst/grp_mine_Pipeline_HASH_CHUNK_fu_351/grp_sha256d_80_from_midstate_words_ii1_fu_358/grp_sha256_compress_words_ii1_fu_140/add_32ns_32s_32_1_0_U170/dout/DSP_C_DATA.C_DATA<47>
    DSP48E2_X10Y73       DSP_ALU (Prop_DSP_ALU_DSP48E2_C_DATA[47]_ALU_OUT[47])
                                                      0.786     0.786 f  system_i/mine_1/inst/grp_mine_Pipeline_HASH_CHUNK_fu_351/grp_sha256d_80_from_midstate_words_ii1_fu_358/grp_sha256_compress_words_ii1_fu_140/add_32ns_32s_32_1_0_U170/dout/DSP_ALU_INST/ALU_OUT[47]
                         net (fo=1, routed)           0.000     0.786    system_i/mine_1/inst/grp_mine_Pipeline_HASH_CHUNK_fu_351/grp_sha256d_80_from_midstate_words_ii1_fu_358/grp_sha256_compress_words_ii1_fu_140/add_32ns_32s_32_1_0_U170/dout/DSP_ALU.ALU_OUT<47>
    DSP48E2_X10Y73       DSP_OUTPUT (Prop_DSP_OUTPUT_DSP48E2_ALU_OUT[47]_PCOUT[47])
                                                      0.167     0.953 r  system_i/mine_1/inst/grp_mine_Pipeline_HASH_CHUNK_fu_351/grp_sha256d_80_from_midstate_words_ii1_fu_358/grp_sha256_compress_words_ii1_fu_140/add_32ns_32s_32_1_0_U170/dout/DSP_OUTPUT_INST/PCOUT[47]
                         net (fo=1, routed)           0.038     0.991    system_i/mine_1/inst/grp_mine_Pipeline_HASH_CHUNK_fu_351/grp_sha256d_80_from_midstate_words_ii1_fu_358/grp_sha256_compress_words_ii1_fu_140/add_32ns_32ns_32_1_0_U169/dout/PCIN[47]
    DSP48E2_X10Y74       DSP_ALU (Prop_DSP_ALU_DSP48E2_PCIN[47]_ALU_OUT[0])
                                                      0.739     1.730 f  system_i/mine_1/inst/grp_mine_Pipeline_HASH_CHUNK_fu_351/grp_sha256d_80_from_midstate_words_ii1_fu_358/grp_sha256_compress_words_ii1_fu_140/add_32ns_32ns_32_1_0_U169/dout/DSP_ALU_INST/ALU_OUT[0]
                         net (fo=1, routed)           0.000     1.730    system_i/mine_1/inst/grp_mine_Pipeline_HASH_CHUNK_fu_351/grp_sha256d_80_from_midstate_words_ii1_fu_358/grp_sha256_compress_words_ii1_fu_140/add_32ns_32ns_32_1_0_U169/dout/DSP_ALU.ALU_OUT<0>
    DSP48E2_X10Y74       DSP_OUTPUT (Prop_DSP_OUTPUT_DSP48E2_ALU_OUT[0]_P[0])
                                                      0.146     1.876 r  system_i/mine_1/inst/grp_mine_Pipeline_HASH_CHUNK_fu_351/grp_sha256d_80_from_midstate_words_ii1_fu_358/grp_sha256_compress_words_ii1_fu_140/add_32ns_32ns_32_1_0_U169/dout/DSP_OUTPUT_INST/P[0]
                         net (fo=2, routed)           0.336     2.212    system_i/mine_1/inst/grp_mine_Pipeline_HASH_CHUNK_fu_351/grp_sha256d_80_from_midstate_words_ii1_fu_358/grp_sha256_compress_words_ii1_fu_140/add_32ns_32ns_32_1_0_U169/dout_n_107
    SLICE_X39Y186        LUT2 (Prop_A6LUT_SLICEL_I0_O)
                                                      0.137     2.349 r  system_i/mine_1/inst/grp_mine_Pipeline_HASH_CHUNK_fu_351/grp_sha256d_80_from_midstate_words_ii1_fu_358/grp_sha256_compress_words_ii1_fu_140/add_32ns_32ns_32_1_0_U169/t1_41_reg_7915[7]_i_9/O
                         net (fo=1, routed)           0.014     2.363    system_i/mine_1/inst/grp_mine_Pipeline_HASH_CHUNK_fu_351/grp_sha256d_80_from_midstate_words_ii1_fu_358/grp_sha256_compress_words_ii1_fu_140/add_32ns_32ns_32_1_0_U169/t1_41_reg_7915[7]_i_9_n_2
    SLICE_X39Y186        CARRY8 (Prop_CARRY8_SLICEL_S[0]_CO[7])
                                                      0.278     2.641 r  system_i/mine_1/inst/grp_mine_Pipeline_HASH_CHUNK_fu_351/grp_sha256d_80_from_midstate_words_ii1_fu_358/grp_sha256_compress_words_ii1_fu_140/add_32ns_32ns_32_1_0_U169/t1_41_reg_7915_reg[7]_i_1/CO[7]
                         net (fo=1, routed)           0.030     2.671    system_i/mine_1/inst/grp_mine_Pipeline_HASH_CHUNK_fu_351/grp_sha256d_80_from_midstate_words_ii1_fu_358/grp_sha256_compress_words_ii1_fu_140/add_32ns_32ns_32_1_0_U169/t1_41_reg_7915_reg[7]_i_1_n_2
    SLICE_X39Y187        CARRY8 (Prop_CARRY8_SLICEL_CI_CO[7])
                                                      0.065     2.736 r  system_i/mine_1/inst/grp_mine_Pipeline_HASH_CHUNK_fu_351/grp_sha256d_80_from_midstate_words_ii1_fu_358/grp_sha256_compress_words_ii1_fu_140/add_32ns_32ns_32_1_0_U169/t1_41_reg_7915_reg[15]_i_1/CO[7]
                         net (fo=1, routed)           0.030     2.766    system_i/mine_1/inst/grp_mine_Pipeline_HASH_CHUNK_fu_351/grp_sha256d_80_from_midstate_words_ii1_fu_358/grp_sha256_compress_words_ii1_fu_140/add_32ns_32ns_32_1_0_U169/t1_41_reg_7915_reg[15]_i_1_n_2
    SLICE_X39Y188        CARRY8 (Prop_CARRY8_SLICEL_CI_CO[7])
                                                      0.065     2.831 r  system_i/mine_1/inst/grp_mine_Pipeline_HASH_CHUNK_fu_351/grp_sha256d_80_from_midstate_words_ii1_fu_358/grp_sha256_compress_words_ii1_fu_140/add_32ns_32ns_32_1_0_U169/t1_41_reg_7915_reg[23]_i_1/CO[7]
                         net (fo=1, routed)           0.030     2.861    system_i/mine_1/inst/grp_mine_Pipeline_HASH_CHUNK_fu_351/grp_sha256d_80_from_midstate_words_ii1_fu_358/grp_sha256_compress_words_ii1_fu_140/add_32ns_32ns_32_1_0_U169/t1_41_reg_7915_reg[23]_i_1_n_2
    SLICE_X39Y189        CARRY8 (Prop_CARRY8_SLICEL_CI_O[1])
                                                      0.114     2.975 r  system_i/mine_1/inst/grp_mine_Pipeline_HASH_CHUNK_fu_351/grp_sha256d_80_from_midstate_words_ii1_fu_358/grp_sha256_compress_words_ii1_fu_140/add_32ns_32ns_32_1_0_U169/t1_41_reg_7915_reg[31]_i_1/O[1]
                         net (fo=3, routed)           0.888     3.863    system_i/mine_1/inst/grp_mine_Pipeline_HASH_CHUNK_fu_351/grp_sha256d_80_from_midstate_words_ii1_fu_358/grp_sha256_compress_words_ii1_fu_140/add_32ns_32ns_32_1_0_U169/p_15_in[25]
    SLICE_X45Y191        LUT2 (Prop_B6LUT_SLICEM_I0_O)
                                                      0.057     3.920 r  system_i/mine_1/inst/grp_mine_Pipeline_HASH_CHUNK_fu_351/grp_sha256d_80_from_midstate_words_ii1_fu_358/grp_sha256_compress_words_ii1_fu_140/add_32ns_32ns_32_1_0_U169/next_e_41_reg_7920[31]_i_8/O
                         net (fo=1, routed)           0.022     3.942    system_i/mine_1/inst/grp_mine_Pipeline_HASH_CHUNK_fu_351/grp_sha256d_80_from_midstate_words_ii1_fu_358/grp_sha256_compress_words_ii1_fu_140/add_32ns_32ns_32_1_0_U169/next_e_41_reg_7920[31]_i_8_n_2
    SLICE_X45Y191        CARRY8 (Prop_CARRY8_SLICEM_S[1]_O[6])
                                                      0.313     4.255 r  system_i/mine_1/inst/grp_mine_Pipeline_HASH_CHUNK_fu_351/grp_sha256d_80_from_midstate_words_ii1_fu_358/grp_sha256_compress_words_ii1_fu_140/add_32ns_32ns_32_1_0_U169/next_e_41_reg_7920_reg[31]_i_1/O[6]
                         net (fo=1, routed)           0.034     4.289    system_i/mine_1/inst/grp_mine_Pipeline_HASH_CHUNK_fu_351/grp_sha256d_80_from_midstate_words_ii1_fu_358/grp_sha256_compress_words_ii1_fu_140/next_e_41_fu_5240_p2[30]
    SLICE_X45Y191        FDRE                                         r  system_i/mine_1/inst/grp_mine_Pipeline_HASH_CHUNK_fu_351/grp_sha256d_80_from_midstate_words_ii1_fu_358/grp_sha256_compress_words_ii1_fu_140/next_e_41_reg_7920_reg[30]/D
  -------------------------------------------------------------------    -------------------

                         (clock clk_out2_system_clk_wiz_0_0 rise edge)
                                                      0.000     0.000 r  
    BUFG_PS_X0Y81        BUFG_PS                      0.000     0.000 r  system_i/zynq_ultra_ps_e_0/inst/buffer_pl_clk_0.PL_CLK_0_BUFG/O
                         net (fo=1, routed)           1.458     1.458    system_i/clk_wiz_0/inst/clk_in1
    MMCM_X0Y3            MMCME4_ADV (Prop_MMCM_CLKIN1_CLKOUT1)
                                                      0.739     2.197 r  system_i/clk_wiz_0/inst/mmcme4_adv_inst/CLKOUT1
                         net (fo=1, routed)           0.312     2.509    system_i/clk_wiz_0/inst/clk_out2_system_clk_wiz_0_0
    BUFGCE_X0Y76         BUFGCE (Prop_BUFCE_BUFGCE_I_O)
                                                      0.039     2.548 r  system_i/clk_wiz_0/inst/clkout2_buf/O
    X1Y1 (CLOCK_ROOT)    net (fo=69546, routed)       2.501     5.049    system_i/mine_1/inst/grp_mine_Pipeline_HASH_CHUNK_fu_351/grp_sha256d_80_from_midstate_words_ii1_fu_358/grp_sha256_compress_words_ii1_fu_140/ap_clk
    SLICE_X45Y191        FDRE                                         r  system_i/mine_1/inst/grp_mine_Pipeline_HASH_CHUNK_fu_351/grp_sha256d_80_from_midstate_words_ii1_fu_358/grp_sha256_compress_words_ii1_fu_140/next_e_41_reg_7920_reg[30]/C

Slack:                    inf
  Source:                 system_i/mine_1/inst/grp_mine_Pipeline_HASH_CHUNK_fu_351/grp_sha256d_80_from_midstate_words_ii1_fu_358/grp_sha256_compress_words_ii1_fu_140/add_32ns_32s_32_1_0_U106/dout/DSP_C_DATA_INST/C_DATA[47]
                            (internal pin)
  Destination:            system_i/mine_1/inst/grp_mine_Pipeline_HASH_CHUNK_fu_351/grp_sha256d_80_from_midstate_words_ii1_fu_358/grp_sha256_compress_words_ii1_fu_140/next_e_25_reg_7338_reg[28]/D
                            (rising edge-triggered cell FDRE clocked by clk_out2_system_clk_wiz_0_0  {rise@0.000ns fall@2.500ns period=5.000ns})
  Path Group:             (none)
  Path Type:              Setup (Max at Slow Process Corner)
  Data Path Delay:        4.275ns  (logic 2.898ns (67.787%)  route 1.377ns (32.213%))
  Logic Levels:           11  (CARRY8=5 DSP_ALU=2 DSP_OUTPUT=2 LUT2=2)
  Clock Uncertainty:      0.144ns  ((TSJ^2 + DJ^2)^1/2) / 2 + PE
    Total System Jitter     (TSJ):    0.050ns
    Discrete Jitter          (DJ):    0.102ns
    Phase Error              (PE):    0.087ns
  Clock Net Delay (Destination): 2.348ns (routing 1.133ns, distribution 1.215ns)

    Location             Delay type                Incr(ns)  Path(ns)    Netlist Resource(s)
  -------------------------------------------------------------------    -------------------
    DSP48E2_X9Y60        DSP_C_DATA                   0.000     0.000 r  system_i/mine_1/inst/grp_mine_Pipeline_HASH_CHUNK_fu_351/grp_sha256d_80_from_midstate_words_ii1_fu_358/grp_sha256_compress_words_ii1_fu_140/add_32ns_32s_32_1_0_U106/dout/DSP_C_DATA_INST/C_DATA[47]
                         net (fo=2, routed)           0.000     0.000    system_i/mine_1/inst/grp_mine_Pipeline_HASH_CHUNK_fu_351/grp_sha256d_80_from_midstate_words_ii1_fu_358/grp_sha256_compress_words_ii1_fu_140/add_32ns_32s_32_1_0_U106/dout/DSP_C_DATA.C_DATA<47>
    DSP48E2_X9Y60        DSP_ALU (Prop_DSP_ALU_DSP48E2_C_DATA[47]_ALU_OUT[47])
                                                      0.786     0.786 f  system_i/mine_1/inst/grp_mine_Pipeline_HASH_CHUNK_fu_351/grp_sha256d_80_from_midstate_words_ii1_fu_358/grp_sha256_compress_words_ii1_fu_140/add_32ns_32s_32_1_0_U106/dout/DSP_ALU_INST/ALU_OUT[47]
                         net (fo=1, routed)           0.000     0.786    system_i/mine_1/inst/grp_mine_Pipeline_HASH_CHUNK_fu_351/grp_sha256d_80_from_midstate_words_ii1_fu_358/grp_sha256_compress_words_ii1_fu_140/add_32ns_32s_32_1_0_U106/dout/DSP_ALU.ALU_OUT<47>
    DSP48E2_X9Y60        DSP_OUTPUT (Prop_DSP_OUTPUT_DSP48E2_ALU_OUT[47]_PCOUT[47])
                                                      0.167     0.953 r  system_i/mine_1/inst/grp_mine_Pipeline_HASH_CHUNK_fu_351/grp_sha256d_80_from_midstate_words_ii1_fu_358/grp_sha256_compress_words_ii1_fu_140/add_32ns_32s_32_1_0_U106/dout/DSP_OUTPUT_INST/PCOUT[47]
                         net (fo=1, routed)           0.014     0.967    system_i/mine_1/inst/grp_mine_Pipeline_HASH_CHUNK_fu_351/grp_sha256d_80_from_midstate_words_ii1_fu_358/grp_sha256_compress_words_ii1_fu_140/add_32ns_32ns_32_1_0_U105/dout/PCIN[47]
    DSP48E2_X9Y61        DSP_ALU (Prop_DSP_ALU_DSP48E2_PCIN[47]_ALU_OUT[2])
                                                      0.739     1.706 f  system_i/mine_1/inst/grp_mine_Pipeline_HASH_CHUNK_fu_351/grp_sha256d_80_from_midstate_words_ii1_fu_358/grp_sha256_compress_words_ii1_fu_140/add_32ns_32ns_32_1_0_U105/dout/DSP_ALU_INST/ALU_OUT[2]
                         net (fo=1, routed)           0.000     1.706    system_i/mine_1/inst/grp_mine_Pipeline_HASH_CHUNK_fu_351/grp_sha256d_80_from_midstate_words_ii1_fu_358/grp_sha256_compress_words_ii1_fu_140/add_32ns_32ns_32_1_0_U105/dout/DSP_ALU.ALU_OUT<2>
    DSP48E2_X9Y61        DSP_OUTPUT (Prop_DSP_OUTPUT_DSP48E2_ALU_OUT[2]_P[2])
                                                      0.146     1.852 r  system_i/mine_1/inst/grp_mine_Pipeline_HASH_CHUNK_fu_351/grp_sha256d_80_from_midstate_words_ii1_fu_358/grp_sha256_compress_words_ii1_fu_140/add_32ns_32ns_32_1_0_U105/dout/DSP_OUTPUT_INST/P[2]
                         net (fo=2, routed)           0.828     2.680    system_i/mine_1/inst/grp_mine_Pipeline_HASH_CHUNK_fu_351/grp_sha256d_80_from_midstate_words_ii1_fu_358/grp_sha256_compress_words_ii1_fu_140/add_32ns_32ns_32_1_0_U105/dout_n_105
    SLICE_X31Y150        LUT2 (Prop_C6LUT_SLICEM_I0_O)
                                                      0.135     2.815 r  system_i/mine_1/inst/grp_mine_Pipeline_HASH_CHUNK_fu_351/grp_sha256d_80_from_midstate_words_ii1_fu_358/grp_sha256_compress_words_ii1_fu_140/add_32ns_32ns_32_1_0_U105/t1_25_reg_7333[7]_i_7/O
                         net (fo=1, routed)           0.029     2.844    system_i/mine_1/inst/grp_mine_Pipeline_HASH_CHUNK_fu_351/grp_sha256d_80_from_midstate_words_ii1_fu_358/grp_sha256_compress_words_ii1_fu_140/add_32ns_32ns_32_1_0_U105/t1_25_reg_7333[7]_i_7_n_2
    SLICE_X31Y150        CARRY8 (Prop_CARRY8_SLICEM_S[2]_O[5])
                                                      0.294     3.138 r  system_i/mine_1/inst/grp_mine_Pipeline_HASH_CHUNK_fu_351/grp_sha256d_80_from_midstate_words_ii1_fu_358/grp_sha256_compress_words_ii1_fu_140/add_32ns_32ns_32_1_0_U105/t1_25_reg_7333_reg[7]_i_1/O[5]
                         net (fo=3, routed)           0.369     3.507    system_i/mine_1/inst/grp_mine_Pipeline_HASH_CHUNK_fu_351/grp_sha256d_80_from_midstate_words_ii1_fu_358/grp_sha256_compress_words_ii1_fu_140/add_32ns_32ns_32_1_0_U105/p_25_in[5]
    SLICE_X30Y150        LUT2 (Prop_F6LUT_SLICEL_I0_O)
                                                      0.150     3.657 r  system_i/mine_1/inst/grp_mine_Pipeline_HASH_CHUNK_fu_351/grp_sha256d_80_from_midstate_words_ii1_fu_358/grp_sha256_compress_words_ii1_fu_140/add_32ns_32ns_32_1_0_U105/next_e_25_reg_7338[7]_i_4/O
                         net (fo=1, routed)           0.015     3.672    system_i/mine_1/inst/grp_mine_Pipeline_HASH_CHUNK_fu_351/grp_sha256d_80_from_midstate_words_ii1_fu_358/grp_sha256_compress_words_ii1_fu_140/add_32ns_32ns_32_1_0_U105/next_e_25_reg_7338[7]_i_4_n_2
    SLICE_X30Y150        CARRY8 (Prop_CARRY8_SLICEL_S[5]_CO[7])
                                                      0.232     3.904 r  system_i/mine_1/inst/grp_mine_Pipeline_HASH_CHUNK_fu_351/grp_sha256d_80_from_midstate_words_ii1_fu_358/grp_sha256_compress_words_ii1_fu_140/add_32ns_32ns_32_1_0_U105/next_e_25_reg_7338_reg[7]_i_1/CO[7]
                         net (fo=1, routed)           0.030     3.934    system_i/mine_1/inst/grp_mine_Pipeline_HASH_CHUNK_fu_351/grp_sha256d_80_from_midstate_words_ii1_fu_358/grp_sha256_compress_words_ii1_fu_140/add_32ns_32ns_32_1_0_U105/next_e_25_reg_7338_reg[7]_i_1_n_2
    SLICE_X30Y151        CARRY8 (Prop_CARRY8_SLICEL_CI_CO[7])
                                                      0.065     3.999 r  system_i/mine_1/inst/grp_mine_Pipeline_HASH_CHUNK_fu_351/grp_sha256d_80_from_midstate_words_ii1_fu_358/grp_sha256_compress_words_ii1_fu_140/add_32ns_32ns_32_1_0_U105/next_e_25_reg_7338_reg[15]_i_1/CO[7]
                         net (fo=1, routed)           0.030     4.029    system_i/mine_1/inst/grp_mine_Pipeline_HASH_CHUNK_fu_351/grp_sha256d_80_from_midstate_words_ii1_fu_358/grp_sha256_compress_words_ii1_fu_140/add_32ns_32ns_32_1_0_U105/next_e_25_reg_7338_reg[15]_i_1_n_2
    SLICE_X30Y152        CARRY8 (Prop_CARRY8_SLICEL_CI_CO[7])
                                                      0.065     4.094 r  system_i/mine_1/inst/grp_mine_Pipeline_HASH_CHUNK_fu_351/grp_sha256d_80_from_midstate_words_ii1_fu_358/grp_sha256_compress_words_ii1_fu_140/add_32ns_32ns_32_1_0_U105/next_e_25_reg_7338_reg[23]_i_1/CO[7]
                         net (fo=1, routed)           0.030     4.124    system_i/mine_1/inst/grp_mine_Pipeline_HASH_CHUNK_fu_351/grp_sha256d_80_from_midstate_words_ii1_fu_358/grp_sha256_compress_words_ii1_fu_140/add_32ns_32ns_32_1_0_U105/next_e_25_reg_7338_reg[23]_i_1_n_2
    SLICE_X30Y153        CARRY8 (Prop_CARRY8_SLICEL_CI_O[4])
                                                      0.119     4.243 r  system_i/mine_1/inst/grp_mine_Pipeline_HASH_CHUNK_fu_351/grp_sha256d_80_from_midstate_words_ii1_fu_358/grp_sha256_compress_words_ii1_fu_140/add_32ns_32ns_32_1_0_U105/next_e_25_reg_7338_reg[31]_i_1/O[4]
                         net (fo=1, routed)           0.032     4.275    system_i/mine_1/inst/grp_mine_Pipeline_HASH_CHUNK_fu_351/grp_sha256d_80_from_midstate_words_ii1_fu_358/grp_sha256_compress_words_ii1_fu_140/next_e_25_fu_4385_p2[28]
    SLICE_X30Y153        FDRE                                         r  system_i/mine_1/inst/grp_mine_Pipeline_HASH_CHUNK_fu_351/grp_sha256d_80_from_midstate_words_ii1_fu_358/grp_sha256_compress_words_ii1_fu_140/next_e_25_reg_7338_reg[28]/D
  -------------------------------------------------------------------    -------------------

                         (clock clk_out2_system_clk_wiz_0_0 rise edge)
                                                      0.000     0.000 r  
    BUFG_PS_X0Y81        BUFG_PS                      0.000     0.000 r  system_i/zynq_ultra_ps_e_0/inst/buffer_pl_clk_0.PL_CLK_0_BUFG/O
                         net (fo=1, routed)           1.458     1.458    system_i/clk_wiz_0/inst/clk_in1
    MMCM_X0Y3            MMCME4_ADV (Prop_MMCM_CLKIN1_CLKOUT1)
                                                      0.739     2.197 r  system_i/clk_wiz_0/inst/mmcme4_adv_inst/CLKOUT1
                         net (fo=1, routed)           0.312     2.509    system_i/clk_wiz_0/inst/clk_out2_system_clk_wiz_0_0
    BUFGCE_X0Y76         BUFGCE (Prop_BUFCE_BUFGCE_I_O)
                                                      0.039     2.548 r  system_i/clk_wiz_0/inst/clkout2_buf/O
    X1Y1 (CLOCK_ROOT)    net (fo=69546, routed)       2.348     4.896    system_i/mine_1/inst/grp_mine_Pipeline_HASH_CHUNK_fu_351/grp_sha256d_80_from_midstate_words_ii1_fu_358/grp_sha256_compress_words_ii1_fu_140/ap_clk
    SLICE_X30Y153        FDRE                                         r  system_i/mine_1/inst/grp_mine_Pipeline_HASH_CHUNK_fu_351/grp_sha256d_80_from_midstate_words_ii1_fu_358/grp_sha256_compress_words_ii1_fu_140/next_e_25_reg_7338_reg[28]/C

Slack:                    inf
  Source:                 system_i/mine_1/inst/grp_mine_Pipeline_HASH_CHUNK_fu_351/grp_sha256d_80_from_midstate_words_ii1_fu_358/grp_sha256_compress_words_ii1_fu_140/add_32ns_32s_32_1_0_U106/dout/DSP_C_DATA_INST/C_DATA[47]
                            (internal pin)
  Destination:            system_i/mine_1/inst/grp_mine_Pipeline_HASH_CHUNK_fu_351/grp_sha256d_80_from_midstate_words_ii1_fu_358/grp_sha256_compress_words_ii1_fu_140/next_e_25_reg_7338_reg[27]/D
                            (rising edge-triggered cell FDRE clocked by clk_out2_system_clk_wiz_0_0  {rise@0.000ns fall@2.500ns period=5.000ns})
  Path Group:             (none)
  Path Type:              Setup (Max at Slow Process Corner)
  Data Path Delay:        4.272ns  (logic 2.893ns (67.718%)  route 1.379ns (32.282%))
  Logic Levels:           11  (CARRY8=5 DSP_ALU=2 DSP_OUTPUT=2 LUT2=2)
  Clock Uncertainty:      0.144ns  ((TSJ^2 + DJ^2)^1/2) / 2 + PE
    Total System Jitter     (TSJ):    0.050ns
    Discrete Jitter          (DJ):    0.102ns
    Phase Error              (PE):    0.087ns
  Clock Net Delay (Destination): 2.345ns (routing 1.133ns, distribution 1.212ns)

    Location             Delay type                Incr(ns)  Path(ns)    Netlist Resource(s)
  -------------------------------------------------------------------    -------------------
    DSP48E2_X9Y60        DSP_C_DATA                   0.000     0.000 r  system_i/mine_1/inst/grp_mine_Pipeline_HASH_CHUNK_fu_351/grp_sha256d_80_from_midstate_words_ii1_fu_358/grp_sha256_compress_words_ii1_fu_140/add_32ns_32s_32_1_0_U106/dout/DSP_C_DATA_INST/C_DATA[47]
                         net (fo=2, routed)           0.000     0.000    system_i/mine_1/inst/grp_mine_Pipeline_HASH_CHUNK_fu_351/grp_sha256d_80_from_midstate_words_ii1_fu_358/grp_sha256_compress_words_ii1_fu_140/add_32ns_32s_32_1_0_U106/dout/DSP_C_DATA.C_DATA<47>
    DSP48E2_X9Y60        DSP_ALU (Prop_DSP_ALU_DSP48E2_C_DATA[47]_ALU_OUT[47])
                                                      0.786     0.786 f  system_i/mine_1/inst/grp_mine_Pipeline_HASH_CHUNK_fu_351/grp_sha256d_80_from_midstate_words_ii1_fu_358/grp_sha256_compress_words_ii1_fu_140/add_32ns_32s_32_1_0_U106/dout/DSP_ALU_INST/ALU_OUT[47]
                         net (fo=1, routed)           0.000     0.786    system_i/mine_1/inst/grp_mine_Pipeline_HASH_CHUNK_fu_351/grp_sha256d_80_from_midstate_words_ii1_fu_358/grp_sha256_compress_words_ii1_fu_140/add_32ns_32s_32_1_0_U106/dout/DSP_ALU.ALU_OUT<47>
    DSP48E2_X9Y60        DSP_OUTPUT (Prop_DSP_OUTPUT_DSP48E2_ALU_OUT[47]_PCOUT[47])
                                                      0.167     0.953 r  system_i/mine_1/inst/grp_mine_Pipeline_HASH_CHUNK_fu_351/grp_sha256d_80_from_midstate_words_ii1_fu_358/grp_sha256_compress_words_ii1_fu_140/add_32ns_32s_32_1_0_U106/dout/DSP_OUTPUT_INST/PCOUT[47]
                         net (fo=1, routed)           0.014     0.967    system_i/mine_1/inst/grp_mine_Pipeline_HASH_CHUNK_fu_351/grp_sha256d_80_from_midstate_words_ii1_fu_358/grp_sha256_compress_words_ii1_fu_140/add_32ns_32ns_32_1_0_U105/dout/PCIN[47]
    DSP48E2_X9Y61        DSP_ALU (Prop_DSP_ALU_DSP48E2_PCIN[47]_ALU_OUT[2])
                                                      0.739     1.706 f  system_i/mine_1/inst/grp_mine_Pipeline_HASH_CHUNK_fu_351/grp_sha256d_80_from_midstate_words_ii1_fu_358/grp_sha256_compress_words_ii1_fu_140/add_32ns_32ns_32_1_0_U105/dout/DSP_ALU_INST/ALU_OUT[2]
                         net (fo=1, routed)           0.000     1.706    system_i/mine_1/inst/grp_mine_Pipeline_HASH_CHUNK_fu_351/grp_sha256d_80_from_midstate_words_ii1_fu_358/grp_sha256_compress_words_ii1_fu_140/add_32ns_32ns_32_1_0_U105/dout/DSP_ALU.ALU_OUT<2>
    DSP48E2_X9Y61        DSP_OUTPUT (Prop_DSP_OUTPUT_DSP48E2_ALU_OUT[2]_P[2])
                                                      0.146     1.852 r  system_i/mine_1/inst/grp_mine_Pipeline_HASH_CHUNK_fu_351/grp_sha256d_80_from_midstate_words_ii1_fu_358/grp_sha256_compress_words_ii1_fu_140/add_32ns_32ns_32_1_0_U105/dout/DSP_OUTPUT_INST/P[2]
                         net (fo=2, routed)           0.828     2.680    system_i/mine_1/inst/grp_mine_Pipeline_HASH_CHUNK_fu_351/grp_sha256d_80_from_midstate_words_ii1_fu_358/grp_sha256_compress_words_ii1_fu_140/add_32ns_32ns_32_1_0_U105/dout_n_105
    SLICE_X31Y150        LUT2 (Prop_C6LUT_SLICEM_I0_O)
                                                      0.135     2.815 r  system_i/mine_1/inst/grp_mine_Pipeline_HASH_CHUNK_fu_351/grp_sha256d_80_from_midstate_words_ii1_fu_358/grp_sha256_compress_words_ii1_fu_140/add_32ns_32ns_32_1_0_U105/t1_25_reg_7333[7]_i_7/O
                         net (fo=1, routed)           0.029     2.844    system_i/mine_1/inst/grp_mine_Pipeline_HASH_CHUNK_fu_351/grp_sha256d_80_from_midstate_words_ii1_fu_358/grp_sha256_compress_words_ii1_fu_140/add_32ns_32ns_32_1_0_U105/t1_25_reg_7333[7]_i_7_n_2
    SLICE_X31Y150        CARRY8 (Prop_CARRY8_SLICEM_S[2]_O[5])
                                                      0.294     3.138 r  system_i/mine_1/inst/grp_mine_Pipeline_HASH_CHUNK_fu_351/grp_sha256d_80_from_midstate_words_ii1_fu_358/grp_sha256_compress_words_ii1_fu_140/add_32ns_32ns_32_1_0_U105/t1_25_reg_7333_reg[7]_i_1/O[5]
                         net (fo=3, routed)           0.369     3.507    system_i/mine_1/inst/grp_mine_Pipeline_HASH_CHUNK_fu_351/grp_sha256d_80_from_midstate_words_ii1_fu_358/grp_sha256_compress_words_ii1_fu_140/add_32ns_32ns_32_1_0_U105/p_25_in[5]
    SLICE_X30Y150        LUT2 (Prop_F6LUT_SLICEL_I0_O)
                                                      0.150     3.657 r  system_i/mine_1/inst/grp_mine_Pipeline_HASH_CHUNK_fu_351/grp_sha256d_80_from_midstate_words_ii1_fu_358/grp_sha256_compress_words_ii1_fu_140/add_32ns_32ns_32_1_0_U105/next_e_25_reg_7338[7]_i_4/O
                         net (fo=1, routed)           0.015     3.672    system_i/mine_1/inst/grp_mine_Pipeline_HASH_CHUNK_fu_351/grp_sha256d_80_from_midstate_words_ii1_fu_358/grp_sha256_compress_words_ii1_fu_140/add_32ns_32ns_32_1_0_U105/next_e_25_reg_7338[7]_i_4_n_2
    SLICE_X30Y150        CARRY8 (Prop_CARRY8_SLICEL_S[5]_CO[7])
                                                      0.232     3.904 r  system_i/mine_1/inst/grp_mine_Pipeline_HASH_CHUNK_fu_351/grp_sha256d_80_from_midstate_words_ii1_fu_358/grp_sha256_compress_words_ii1_fu_140/add_32ns_32ns_32_1_0_U105/next_e_25_reg_7338_reg[7]_i_1/CO[7]
                         net (fo=1, routed)           0.030     3.934    system_i/mine_1/inst/grp_mine_Pipeline_HASH_CHUNK_fu_351/grp_sha256d_80_from_midstate_words_ii1_fu_358/grp_sha256_compress_words_ii1_fu_140/add_32ns_32ns_32_1_0_U105/next_e_25_reg_7338_reg[7]_i_1_n_2
    SLICE_X30Y151        CARRY8 (Prop_CARRY8_SLICEL_CI_CO[7])
                                                      0.065     3.999 r  system_i/mine_1/inst/grp_mine_Pipeline_HASH_CHUNK_fu_351/grp_sha256d_80_from_midstate_words_ii1_fu_358/grp_sha256_compress_words_ii1_fu_140/add_32ns_32ns_32_1_0_U105/next_e_25_reg_7338_reg[15]_i_1/CO[7]
                         net (fo=1, routed)           0.030     4.029    system_i/mine_1/inst/grp_mine_Pipeline_HASH_CHUNK_fu_351/grp_sha256d_80_from_midstate_words_ii1_fu_358/grp_sha256_compress_words_ii1_fu_140/add_32ns_32ns_32_1_0_U105/next_e_25_reg_7338_reg[15]_i_1_n_2
    SLICE_X30Y152        CARRY8 (Prop_CARRY8_SLICEL_CI_CO[7])
                                                      0.065     4.094 r  system_i/mine_1/inst/grp_mine_Pipeline_HASH_CHUNK_fu_351/grp_sha256d_80_from_midstate_words_ii1_fu_358/grp_sha256_compress_words_ii1_fu_140/add_32ns_32ns_32_1_0_U105/next_e_25_reg_7338_reg[23]_i_1/CO[7]
                         net (fo=1, routed)           0.030     4.124    system_i/mine_1/inst/grp_mine_Pipeline_HASH_CHUNK_fu_351/grp_sha256d_80_from_midstate_words_ii1_fu_358/grp_sha256_compress_words_ii1_fu_140/add_32ns_32ns_32_1_0_U105/next_e_25_reg_7338_reg[23]_i_1_n_2
    SLICE_X30Y153        CARRY8 (Prop_CARRY8_SLICEL_CI_O[3])
                                                      0.114     4.238 r  system_i/mine_1/inst/grp_mine_Pipeline_HASH_CHUNK_fu_351/grp_sha256d_80_from_midstate_words_ii1_fu_358/grp_sha256_compress_words_ii1_fu_140/add_32ns_32ns_32_1_0_U105/next_e_25_reg_7338_reg[31]_i_1/O[3]
                         net (fo=1, routed)           0.034     4.272    system_i/mine_1/inst/grp_mine_Pipeline_HASH_CHUNK_fu_351/grp_sha256d_80_from_midstate_words_ii1_fu_358/grp_sha256_compress_words_ii1_fu_140/next_e_25_fu_4385_p2[27]
    SLICE_X30Y153        FDRE                                         r  system_i/mine_1/inst/grp_mine_Pipeline_HASH_CHUNK_fu_351/grp_sha256d_80_from_midstate_words_ii1_fu_358/grp_sha256_compress_words_ii1_fu_140/next_e_25_reg_7338_reg[27]/D
  -------------------------------------------------------------------    -------------------

                         (clock clk_out2_system_clk_wiz_0_0 rise edge)
                                                      0.000     0.000 r  
    BUFG_PS_X0Y81        BUFG_PS                      0.000     0.000 r  system_i/zynq_ultra_ps_e_0/inst/buffer_pl_clk_0.PL_CLK_0_BUFG/O
                         net (fo=1, routed)           1.458     1.458    system_i/clk_wiz_0/inst/clk_in1
    MMCM_X0Y3            MMCME4_ADV (Prop_MMCM_CLKIN1_CLKOUT1)
                                                      0.739     2.197 r  system_i/clk_wiz_0/inst/mmcme4_adv_inst/CLKOUT1
                         net (fo=1, routed)           0.312     2.509    system_i/clk_wiz_0/inst/clk_out2_system_clk_wiz_0_0
    BUFGCE_X0Y76         BUFGCE (Prop_BUFCE_BUFGCE_I_O)
                                                      0.039     2.548 r  system_i/clk_wiz_0/inst/clkout2_buf/O
    X1Y1 (CLOCK_ROOT)    net (fo=69546, routed)       2.345     4.893    system_i/mine_1/inst/grp_mine_Pipeline_HASH_CHUNK_fu_351/grp_sha256d_80_from_midstate_words_ii1_fu_358/grp_sha256_compress_words_ii1_fu_140/ap_clk
    SLICE_X30Y153        FDRE                                         r  system_i/mine_1/inst/grp_mine_Pipeline_HASH_CHUNK_fu_351/grp_sha256d_80_from_midstate_words_ii1_fu_358/grp_sha256_compress_words_ii1_fu_140/next_e_25_reg_7338_reg[27]/C

Slack:                    inf
  Source:                 system_i/mine_1/inst/grp_mine_Pipeline_HASH_CHUNK_fu_351/grp_sha256d_80_from_midstate_words_ii1_fu_358/grp_sha256_compress_words_ii1_fu_140/add_32ns_32s_32_1_0_U106/dout/DSP_C_DATA_INST/C_DATA[47]
                            (internal pin)
  Destination:            system_i/mine_1/inst/grp_mine_Pipeline_HASH_CHUNK_fu_351/grp_sha256d_80_from_midstate_words_ii1_fu_358/grp_sha256_compress_words_ii1_fu_140/next_e_25_reg_7338_reg[25]/D
                            (rising edge-triggered cell FDRE clocked by clk_out2_system_clk_wiz_0_0  {rise@0.000ns fall@2.500ns period=5.000ns})
  Path Group:             (none)
  Path Type:              Setup (Max at Slow Process Corner)
  Data Path Delay:        4.263ns  (logic 2.885ns (67.673%)  route 1.378ns (32.327%))
  Logic Levels:           11  (CARRY8=5 DSP_ALU=2 DSP_OUTPUT=2 LUT2=2)
  Clock Uncertainty:      0.144ns  ((TSJ^2 + DJ^2)^1/2) / 2 + PE
    Total System Jitter     (TSJ):    0.050ns
    Discrete Jitter          (DJ):    0.102ns
    Phase Error              (PE):    0.087ns
  Clock Net Delay (Destination): 2.345ns (routing 1.133ns, distribution 1.212ns)

    Location             Delay type                Incr(ns)  Path(ns)    Netlist Resource(s)
  -------------------------------------------------------------------    -------------------
    DSP48E2_X9Y60        DSP_C_DATA                   0.000     0.000 r  system_i/mine_1/inst/grp_mine_Pipeline_HASH_CHUNK_fu_351/grp_sha256d_80_from_midstate_words_ii1_fu_358/grp_sha256_compress_words_ii1_fu_140/add_32ns_32s_32_1_0_U106/dout/DSP_C_DATA_INST/C_DATA[47]
                         net (fo=2, routed)           0.000     0.000    system_i/mine_1/inst/grp_mine_Pipeline_HASH_CHUNK_fu_351/grp_sha256d_80_from_midstate_words_ii1_fu_358/grp_sha256_compress_words_ii1_fu_140/add_32ns_32s_32_1_0_U106/dout/DSP_C_DATA.C_DATA<47>
    DSP48E2_X9Y60        DSP_ALU (Prop_DSP_ALU_DSP48E2_C_DATA[47]_ALU_OUT[47])
                                                      0.786     0.786 f  system_i/mine_1/inst/grp_mine_Pipeline_HASH_CHUNK_fu_351/grp_sha256d_80_from_midstate_words_ii1_fu_358/grp_sha256_compress_words_ii1_fu_140/add_32ns_32s_32_1_0_U106/dout/DSP_ALU_INST/ALU_OUT[47]
                         net (fo=1, routed)           0.000     0.786    system_i/mine_1/inst/grp_mine_Pipeline_HASH_CHUNK_fu_351/grp_sha256d_80_from_midstate_words_ii1_fu_358/grp_sha256_compress_words_ii1_fu_140/add_32ns_32s_32_1_0_U106/dout/DSP_ALU.ALU_OUT<47>
    DSP48E2_X9Y60        DSP_OUTPUT (Prop_DSP_OUTPUT_DSP48E2_ALU_OUT[47]_PCOUT[47])
                                                      0.167     0.953 r  system_i/mine_1/inst/grp_mine_Pipeline_HASH_CHUNK_fu_351/grp_sha256d_80_from_midstate_words_ii1_fu_358/grp_sha256_compress_words_ii1_fu_140/add_32ns_32s_32_1_0_U106/dout/DSP_OUTPUT_INST/PCOUT[47]
                         net (fo=1, routed)           0.014     0.967    system_i/mine_1/inst/grp_mine_Pipeline_HASH_CHUNK_fu_351/grp_sha256d_80_from_midstate_words_ii1_fu_358/grp_sha256_compress_words_ii1_fu_140/add_32ns_32ns_32_1_0_U105/dout/PCIN[47]
    DSP48E2_X9Y61        DSP_ALU (Prop_DSP_ALU_DSP48E2_PCIN[47]_ALU_OUT[2])
                                                      0.739     1.706 f  system_i/mine_1/inst/grp_mine_Pipeline_HASH_CHUNK_fu_351/grp_sha256d_80_from_midstate_words_ii1_fu_358/grp_sha256_compress_words_ii1_fu_140/add_32ns_32ns_32_1_0_U105/dout/DSP_ALU_INST/ALU_OUT[2]
                         net (fo=1, routed)           0.000     1.706    system_i/mine_1/inst/grp_mine_Pipeline_HASH_CHUNK_fu_351/grp_sha256d_80_from_midstate_words_ii1_fu_358/grp_sha256_compress_words_ii1_fu_140/add_32ns_32ns_32_1_0_U105/dout/DSP_ALU.ALU_OUT<2>
    DSP48E2_X9Y61        DSP_OUTPUT (Prop_DSP_OUTPUT_DSP48E2_ALU_OUT[2]_P[2])
                                                      0.146     1.852 r  system_i/mine_1/inst/grp_mine_Pipeline_HASH_CHUNK_fu_351/grp_sha256d_80_from_midstate_words_ii1_fu_358/grp_sha256_compress_words_ii1_fu_140/add_32ns_32ns_32_1_0_U105/dout/DSP_OUTPUT_INST/P[2]
                         net (fo=2, routed)           0.828     2.680    system_i/mine_1/inst/grp_mine_Pipeline_HASH_CHUNK_fu_351/grp_sha256d_80_from_midstate_words_ii1_fu_358/grp_sha256_compress_words_ii1_fu_140/add_32ns_32ns_32_1_0_U105/dout_n_105
    SLICE_X31Y150        LUT2 (Prop_C6LUT_SLICEM_I0_O)
                                                      0.135     2.815 r  system_i/mine_1/inst/grp_mine_Pipeline_HASH_CHUNK_fu_351/grp_sha256d_80_from_midstate_words_ii1_fu_358/grp_sha256_compress_words_ii1_fu_140/add_32ns_32ns_32_1_0_U105/t1_25_reg_7333[7]_i_7/O
                         net (fo=1, routed)           0.029     2.844    system_i/mine_1/inst/grp_mine_Pipeline_HASH_CHUNK_fu_351/grp_sha256d_80_from_midstate_words_ii1_fu_358/grp_sha256_compress_words_ii1_fu_140/add_32ns_32ns_32_1_0_U105/t1_25_reg_7333[7]_i_7_n_2
    SLICE_X31Y150        CARRY8 (Prop_CARRY8_SLICEM_S[2]_O[5])
                                                      0.294     3.138 r  system_i/mine_1/inst/grp_mine_Pipeline_HASH_CHUNK_fu_351/grp_sha256d_80_from_midstate_words_ii1_fu_358/grp_sha256_compress_words_ii1_fu_140/add_32ns_32ns_32_1_0_U105/t1_25_reg_7333_reg[7]_i_1/O[5]
                         net (fo=3, routed)           0.369     3.507    system_i/mine_1/inst/grp_mine_Pipeline_HASH_CHUNK_fu_351/grp_sha256d_80_from_midstate_words_ii1_fu_358/grp_sha256_compress_words_ii1_fu_140/add_32ns_32ns_32_1_0_U105/p_25_in[5]
    SLICE_X30Y150        LUT2 (Prop_F6LUT_SLICEL_I0_O)
                                                      0.150     3.657 r  system_i/mine_1/inst/grp_mine_Pipeline_HASH_CHUNK_fu_351/grp_sha256d_80_from_midstate_words_ii1_fu_358/grp_sha256_compress_words_ii1_fu_140/add_32ns_32ns_32_1_0_U105/next_e_25_reg_7338[7]_i_4/O
                         net (fo=1, routed)           0.015     3.672    system_i/mine_1/inst/grp_mine_Pipeline_HASH_CHUNK_fu_351/grp_sha256d_80_from_midstate_words_ii1_fu_358/grp_sha256_compress_words_ii1_fu_140/add_32ns_32ns_32_1_0_U105/next_e_25_reg_7338[7]_i_4_n_2
    SLICE_X30Y150        CARRY8 (Prop_CARRY8_SLICEL_S[5]_CO[7])
                                                      0.232     3.904 r  system_i/mine_1/inst/grp_mine_Pipeline_HASH_CHUNK_fu_351/grp_sha256d_80_from_midstate_words_ii1_fu_358/grp_sha256_compress_words_ii1_fu_140/add_32ns_32ns_32_1_0_U105/next_e_25_reg_7338_reg[7]_i_1/CO[7]
                         net (fo=1, routed)           0.030     3.934    system_i/mine_1/inst/grp_mine_Pipeline_HASH_CHUNK_fu_351/grp_sha256d_80_from_midstate_words_ii1_fu_358/grp_sha256_compress_words_ii1_fu_140/add_32ns_32ns_32_1_0_U105/next_e_25_reg_7338_reg[7]_i_1_n_2
    SLICE_X30Y151        CARRY8 (Prop_CARRY8_SLICEL_CI_CO[7])
                                                      0.065     3.999 r  system_i/mine_1/inst/grp_mine_Pipeline_HASH_CHUNK_fu_351/grp_sha256d_80_from_midstate_words_ii1_fu_358/grp_sha256_compress_words_ii1_fu_140/add_32ns_32ns_32_1_0_U105/next_e_25_reg_7338_reg[15]_i_1/CO[7]
                         net (fo=1, routed)           0.030     4.029    system_i/mine_1/inst/grp_mine_Pipeline_HASH_CHUNK_fu_351/grp_sha256d_80_from_midstate_words_ii1_fu_358/grp_sha256_compress_words_ii1_fu_140/add_32ns_32ns_32_1_0_U105/next_e_25_reg_7338_reg[15]_i_1_n_2
    SLICE_X30Y152        CARRY8 (Prop_CARRY8_SLICEL_CI_CO[7])
                                                      0.065     4.094 r  system_i/mine_1/inst/grp_mine_Pipeline_HASH_CHUNK_fu_351/grp_sha256d_80_from_midstate_words_ii1_fu_358/grp_sha256_compress_words_ii1_fu_140/add_32ns_32ns_32_1_0_U105/next_e_25_reg_7338_reg[23]_i_1/CO[7]
                         net (fo=1, routed)           0.030     4.124    system_i/mine_1/inst/grp_mine_Pipeline_HASH_CHUNK_fu_351/grp_sha256d_80_from_midstate_words_ii1_fu_358/grp_sha256_compress_words_ii1_fu_140/add_32ns_32ns_32_1_0_U105/next_e_25_reg_7338_reg[23]_i_1_n_2
    SLICE_X30Y153        CARRY8 (Prop_CARRY8_SLICEL_CI_O[1])
                                                      0.106     4.230 r  system_i/mine_1/inst/grp_mine_Pipeline_HASH_CHUNK_fu_351/grp_sha256d_80_from_midstate_words_ii1_fu_358/grp_sha256_compress_words_ii1_fu_140/add_32ns_32ns_32_1_0_U105/next_e_25_reg_7338_reg[31]_i_1/O[1]
                         net (fo=1, routed)           0.033     4.263    system_i/mine_1/inst/grp_mine_Pipeline_HASH_CHUNK_fu_351/grp_sha256d_80_from_midstate_words_ii1_fu_358/grp_sha256_compress_words_ii1_fu_140/next_e_25_fu_4385_p2[25]
    SLICE_X30Y153        FDRE                                         r  system_i/mine_1/inst/grp_mine_Pipeline_HASH_CHUNK_fu_351/grp_sha256d_80_from_midstate_words_ii1_fu_358/grp_sha256_compress_words_ii1_fu_140/next_e_25_reg_7338_reg[25]/D
  -------------------------------------------------------------------    -------------------

                         (clock clk_out2_system_clk_wiz_0_0 rise edge)
                                                      0.000     0.000 r  
    BUFG_PS_X0Y81        BUFG_PS                      0.000     0.000 r  system_i/zynq_ultra_ps_e_0/inst/buffer_pl_clk_0.PL_CLK_0_BUFG/O
                         net (fo=1, routed)           1.458     1.458    system_i/clk_wiz_0/inst/clk_in1
    MMCM_X0Y3            MMCME4_ADV (Prop_MMCM_CLKIN1_CLKOUT1)
                                                      0.739     2.197 r  system_i/clk_wiz_0/inst/mmcme4_adv_inst/CLKOUT1
                         net (fo=1, routed)           0.312     2.509    system_i/clk_wiz_0/inst/clk_out2_system_clk_wiz_0_0
    BUFGCE_X0Y76         BUFGCE (Prop_BUFCE_BUFGCE_I_O)
                                                      0.039     2.548 r  system_i/clk_wiz_0/inst/clkout2_buf/O
    X1Y1 (CLOCK_ROOT)    net (fo=69546, routed)       2.345     4.893    system_i/mine_1/inst/grp_mine_Pipeline_HASH_CHUNK_fu_351/grp_sha256d_80_from_midstate_words_ii1_fu_358/grp_sha256_compress_words_ii1_fu_140/ap_clk
    SLICE_X30Y153        FDRE                                         r  system_i/mine_1/inst/grp_mine_Pipeline_HASH_CHUNK_fu_351/grp_sha256d_80_from_midstate_words_ii1_fu_358/grp_sha256_compress_words_ii1_fu_140/next_e_25_reg_7338_reg[25]/C

Slack:                    inf
  Source:                 system_i/mine_1/inst/grp_mine_Pipeline_HASH_CHUNK_fu_351/grp_sha256d_80_from_midstate_words_ii1_fu_358/grp_sha256_compress_words_ii1_fu_140/add_32ns_32s_32_1_0_U170/dout/DSP_C_DATA_INST/C_DATA[47]
                            (internal pin)
  Destination:            system_i/mine_1/inst/grp_mine_Pipeline_HASH_CHUNK_fu_351/grp_sha256d_80_from_midstate_words_ii1_fu_358/grp_sha256_compress_words_ii1_fu_140/next_e_41_reg_7920_reg[28]/D
                            (rising edge-triggered cell FDRE clocked by clk_out2_system_clk_wiz_0_0  {rise@0.000ns fall@2.500ns period=5.000ns})
  Path Group:             (none)
  Path Type:              Setup (Max at Slow Process Corner)
  Data Path Delay:        4.260ns  (logic 2.840ns (66.669%)  route 1.420ns (33.330%))
  Logic Levels:           11  (CARRY8=5 DSP_ALU=2 DSP_OUTPUT=2 LUT2=2)
  Clock Uncertainty:      0.144ns  ((TSJ^2 + DJ^2)^1/2) / 2 + PE
    Total System Jitter     (TSJ):    0.050ns
    Discrete Jitter          (DJ):    0.102ns
    Phase Error              (PE):    0.087ns
  Clock Net Delay (Destination): 2.501ns (routing 1.133ns, distribution 1.368ns)

    Location             Delay type                Incr(ns)  Path(ns)    Netlist Resource(s)
  -------------------------------------------------------------------    -------------------
    DSP48E2_X10Y73       DSP_C_DATA                   0.000     0.000 r  system_i/mine_1/inst/grp_mine_Pipeline_HASH_CHUNK_fu_351/grp_sha256d_80_from_midstate_words_ii1_fu_358/grp_sha256_compress_words_ii1_fu_140/add_32ns_32s_32_1_0_U170/dout/DSP_C_DATA_INST/C_DATA[47]
                         net (fo=2, routed)           0.000     0.000    system_i/mine_1/inst/grp_mine_Pipeline_HASH_CHUNK_fu_351/grp_sha256d_80_from_midstate_words_ii1_fu_358/grp_sha256_compress_words_ii1_fu_140/add_32ns_32s_32_1_0_U170/dout/DSP_C_DATA.C_DATA<47>
    DSP48E2_X10Y73       DSP_ALU (Prop_DSP_ALU_DSP48E2_C_DATA[47]_ALU_OUT[47])
                                                      0.786     0.786 f  system_i/mine_1/inst/grp_mine_Pipeline_HASH_CHUNK_fu_351/grp_sha256d_80_from_midstate_words_ii1_fu_358/grp_sha256_compress_words_ii1_fu_140/add_32ns_32s_32_1_0_U170/dout/DSP_ALU_INST/ALU_OUT[47]
                         net (fo=1, routed)           0.000     0.786    system_i/mine_1/inst/grp_mine_Pipeline_HASH_CHUNK_fu_351/grp_sha256d_80_from_midstate_words_ii1_fu_358/grp_sha256_compress_words_ii1_fu_140/add_32ns_32s_32_1_0_U170/dout/DSP_ALU.ALU_OUT<47>
    DSP48E2_X10Y73       DSP_OUTPUT (Prop_DSP_OUTPUT_DSP48E2_ALU_OUT[47]_PCOUT[47])
                                                      0.167     0.953 r  system_i/mine_1/inst/grp_mine_Pipeline_HASH_CHUNK_fu_351/grp_sha256d_80_from_midstate_words_ii1_fu_358/grp_sha256_compress_words_ii1_fu_140/add_32ns_32s_32_1_0_U170/dout/DSP_OUTPUT_INST/PCOUT[47]
                         net (fo=1, routed)           0.038     0.991    system_i/mine_1/inst/grp_mine_Pipeline_HASH_CHUNK_fu_351/grp_sha256d_80_from_midstate_words_ii1_fu_358/grp_sha256_compress_words_ii1_fu_140/add_32ns_32ns_32_1_0_U169/dout/PCIN[47]
    DSP48E2_X10Y74       DSP_ALU (Prop_DSP_ALU_DSP48E2_PCIN[47]_ALU_OUT[0])
                                                      0.739     1.730 f  system_i/mine_1/inst/grp_mine_Pipeline_HASH_CHUNK_fu_351/grp_sha256d_80_from_midstate_words_ii1_fu_358/grp_sha256_compress_words_ii1_fu_140/add_32ns_32ns_32_1_0_U169/dout/DSP_ALU_INST/ALU_OUT[0]
                         net (fo=1, routed)           0.000     1.730    system_i/mine_1/inst/grp_mine_Pipeline_HASH_CHUNK_fu_351/grp_sha256d_80_from_midstate_words_ii1_fu_358/grp_sha256_compress_words_ii1_fu_140/add_32ns_32ns_32_1_0_U169/dout/DSP_ALU.ALU_OUT<0>
    DSP48E2_X10Y74       DSP_OUTPUT (Prop_DSP_OUTPUT_DSP48E2_ALU_OUT[0]_P[0])
                                                      0.146     1.876 r  system_i/mine_1/inst/grp_mine_Pipeline_HASH_CHUNK_fu_351/grp_sha256d_80_from_midstate_words_ii1_fu_358/grp_sha256_compress_words_ii1_fu_140/add_32ns_32ns_32_1_0_U169/dout/DSP_OUTPUT_INST/P[0]
                         net (fo=2, routed)           0.336     2.212    system_i/mine_1/inst/grp_mine_Pipeline_HASH_CHUNK_fu_351/grp_sha256d_80_from_midstate_words_ii1_fu_358/grp_sha256_compress_words_ii1_fu_140/add_32ns_32ns_32_1_0_U169/dout_n_107
    SLICE_X39Y186        LUT2 (Prop_A6LUT_SLICEL_I0_O)
                                                      0.137     2.349 r  system_i/mine_1/inst/grp_mine_Pipeline_HASH_CHUNK_fu_351/grp_sha256d_80_from_midstate_words_ii1_fu_358/grp_sha256_compress_words_ii1_fu_140/add_32ns_32ns_32_1_0_U169/t1_41_reg_7915[7]_i_9/O
                         net (fo=1, routed)           0.014     2.363    system_i/mine_1/inst/grp_mine_Pipeline_HASH_CHUNK_fu_351/grp_sha256d_80_from_midstate_words_ii1_fu_358/grp_sha256_compress_words_ii1_fu_140/add_32ns_32ns_32_1_0_U169/t1_41_reg_7915[7]_i_9_n_2
    SLICE_X39Y186        CARRY8 (Prop_CARRY8_SLICEL_S[0]_CO[7])
                                                      0.278     2.641 r  system_i/mine_1/inst/grp_mine_Pipeline_HASH_CHUNK_fu_351/grp_sha256d_80_from_midstate_words_ii1_fu_358/grp_sha256_compress_words_ii1_fu_140/add_32ns_32ns_32_1_0_U169/t1_41_reg_7915_reg[7]_i_1/CO[7]
                         net (fo=1, routed)           0.030     2.671    system_i/mine_1/inst/grp_mine_Pipeline_HASH_CHUNK_fu_351/grp_sha256d_80_from_midstate_words_ii1_fu_358/grp_sha256_compress_words_ii1_fu_140/add_32ns_32ns_32_1_0_U169/t1_41_reg_7915_reg[7]_i_1_n_2
    SLICE_X39Y187        CARRY8 (Prop_CARRY8_SLICEL_CI_CO[7])
                                                      0.065     2.736 r  system_i/mine_1/inst/grp_mine_Pipeline_HASH_CHUNK_fu_351/grp_sha256d_80_from_midstate_words_ii1_fu_358/grp_sha256_compress_words_ii1_fu_140/add_32ns_32ns_32_1_0_U169/t1_41_reg_7915_reg[15]_i_1/CO[7]
                         net (fo=1, routed)           0.030     2.766    system_i/mine_1/inst/grp_mine_Pipeline_HASH_CHUNK_fu_351/grp_sha256d_80_from_midstate_words_ii1_fu_358/grp_sha256_compress_words_ii1_fu_140/add_32ns_32ns_32_1_0_U169/t1_41_reg_7915_reg[15]_i_1_n_2
    SLICE_X39Y188        CARRY8 (Prop_CARRY8_SLICEL_CI_CO[7])
                                                      0.065     2.831 r  system_i/mine_1/inst/grp_mine_Pipeline_HASH_CHUNK_fu_351/grp_sha256d_80_from_midstate_words_ii1_fu_358/grp_sha256_compress_words_ii1_fu_140/add_32ns_32ns_32_1_0_U169/t1_41_reg_7915_reg[23]_i_1/CO[7]
                         net (fo=1, routed)           0.030     2.861    system_i/mine_1/inst/grp_mine_Pipeline_HASH_CHUNK_fu_351/grp_sha256d_80_from_midstate_words_ii1_fu_358/grp_sha256_compress_words_ii1_fu_140/add_32ns_32ns_32_1_0_U169/t1_41_reg_7915_reg[23]_i_1_n_2
    SLICE_X39Y189        CARRY8 (Prop_CARRY8_SLICEL_CI_O[1])
                                                      0.114     2.975 r  system_i/mine_1/inst/grp_mine_Pipeline_HASH_CHUNK_fu_351/grp_sha256d_80_from_midstate_words_ii1_fu_358/grp_sha256_compress_words_ii1_fu_140/add_32ns_32ns_32_1_0_U169/t1_41_reg_7915_reg[31]_i_1/O[1]
                         net (fo=3, routed)           0.888     3.863    system_i/mine_1/inst/grp_mine_Pipeline_HASH_CHUNK_fu_351/grp_sha256d_80_from_midstate_words_ii1_fu_358/grp_sha256_compress_words_ii1_fu_140/add_32ns_32ns_32_1_0_U169/p_15_in[25]
    SLICE_X45Y191        LUT2 (Prop_B6LUT_SLICEM_I0_O)
                                                      0.057     3.920 r  system_i/mine_1/inst/grp_mine_Pipeline_HASH_CHUNK_fu_351/grp_sha256d_80_from_midstate_words_ii1_fu_358/grp_sha256_compress_words_ii1_fu_140/add_32ns_32ns_32_1_0_U169/next_e_41_reg_7920[31]_i_8/O
                         net (fo=1, routed)           0.022     3.942    system_i/mine_1/inst/grp_mine_Pipeline_HASH_CHUNK_fu_351/grp_sha256d_80_from_midstate_words_ii1_fu_358/grp_sha256_compress_words_ii1_fu_140/add_32ns_32ns_32_1_0_U169/next_e_41_reg_7920[31]_i_8_n_2
    SLICE_X45Y191        CARRY8 (Prop_CARRY8_SLICEM_S[1]_O[4])
                                                      0.286     4.228 r  system_i/mine_1/inst/grp_mine_Pipeline_HASH_CHUNK_fu_351/grp_sha256d_80_from_midstate_words_ii1_fu_358/grp_sha256_compress_words_ii1_fu_140/add_32ns_32ns_32_1_0_U169/next_e_41_reg_7920_reg[31]_i_1/O[4]
                         net (fo=1, routed)           0.032     4.260    system_i/mine_1/inst/grp_mine_Pipeline_HASH_CHUNK_fu_351/grp_sha256d_80_from_midstate_words_ii1_fu_358/grp_sha256_compress_words_ii1_fu_140/next_e_41_fu_5240_p2[28]
    SLICE_X45Y191        FDRE                                         r  system_i/mine_1/inst/grp_mine_Pipeline_HASH_CHUNK_fu_351/grp_sha256d_80_from_midstate_words_ii1_fu_358/grp_sha256_compress_words_ii1_fu_140/next_e_41_reg_7920_reg[28]/D
  -------------------------------------------------------------------    -------------------

                         (clock clk_out2_system_clk_wiz_0_0 rise edge)
                                                      0.000     0.000 r  
    BUFG_PS_X0Y81        BUFG_PS                      0.000     0.000 r  system_i/zynq_ultra_ps_e_0/inst/buffer_pl_clk_0.PL_CLK_0_BUFG/O
                         net (fo=1, routed)           1.458     1.458    system_i/clk_wiz_0/inst/clk_in1
    MMCM_X0Y3            MMCME4_ADV (Prop_MMCM_CLKIN1_CLKOUT1)
                                                      0.739     2.197 r  system_i/clk_wiz_0/inst/mmcme4_adv_inst/CLKOUT1
                         net (fo=1, routed)           0.312     2.509    system_i/clk_wiz_0/inst/clk_out2_system_clk_wiz_0_0
    BUFGCE_X0Y76         BUFGCE (Prop_BUFCE_BUFGCE_I_O)
                                                      0.039     2.548 r  system_i/clk_wiz_0/inst/clkout2_buf/O
    X1Y1 (CLOCK_ROOT)    net (fo=69546, routed)       2.501     5.049    system_i/mine_1/inst/grp_mine_Pipeline_HASH_CHUNK_fu_351/grp_sha256d_80_from_midstate_words_ii1_fu_358/grp_sha256_compress_words_ii1_fu_140/ap_clk
    SLICE_X45Y191        FDRE                                         r  system_i/mine_1/inst/grp_mine_Pipeline_HASH_CHUNK_fu_351/grp_sha256d_80_from_midstate_words_ii1_fu_358/grp_sha256_compress_words_ii1_fu_140/next_e_41_reg_7920_reg[28]/C





Min Delay Paths
--------------------------------------------------------------------------------------
Slack:                    inf
  Source:                 system_i/mine_1/inst/grp_mine_Pipeline_HASH_CHUNK_fu_351/grp_sha256d_80_from_midstate_words_ii1_fu_358/grp_sha256_compress_words_ii1_fu_179/add_32ns_32s_32_1_0_U246/dout/DSP_C_DATA_INST/C_DATA[0]
                            (internal pin)
  Destination:            system_i/mine_1/inst/grp_mine_Pipeline_HASH_CHUNK_fu_351/grp_sha256d_80_from_midstate_words_ii1_fu_358/grp_sha256_compress_words_ii1_fu_179/t1_60_reg_8549_reg[1]/D
                            (rising edge-triggered cell FDRE clocked by clk_out2_system_clk_wiz_0_0  {rise@0.000ns fall@2.500ns period=5.000ns})
  Path Group:             (none)
  Path Type:              Hold (Min at Fast Process Corner)
  Data Path Delay:        0.282ns  (logic 0.181ns (64.167%)  route 0.101ns (35.833%))
  Logic Levels:           3  (CARRY8=1 DSP_ALU=1 DSP_OUTPUT=1)
  Clock Uncertainty:      0.144ns  ((TSJ^2 + DJ^2)^1/2) / 2 + PE
    Total System Jitter     (TSJ):    0.050ns
    Discrete Jitter          (DJ):    0.102ns
    Phase Error              (PE):    0.087ns
  Clock Net Delay (Destination): 1.628ns (routing 0.738ns, distribution 0.890ns)

    Location             Delay type                Incr(ns)  Path(ns)    Netlist Resource(s)
  -------------------------------------------------------------------    -------------------
    DSP48E2_X3Y15        DSP_C_DATA                   0.000     0.000 r  system_i/mine_1/inst/grp_mine_Pipeline_HASH_CHUNK_fu_351/grp_sha256d_80_from_midstate_words_ii1_fu_358/grp_sha256_compress_words_ii1_fu_179/add_32ns_32s_32_1_0_U246/dout/DSP_C_DATA_INST/C_DATA[0]
                         net (fo=2, routed)           0.000     0.000    system_i/mine_1/inst/grp_mine_Pipeline_HASH_CHUNK_fu_351/grp_sha256d_80_from_midstate_words_ii1_fu_358/grp_sha256_compress_words_ii1_fu_179/add_32ns_32s_32_1_0_U246/dout/DSP_C_DATA.C_DATA<0>
    DSP48E2_X3Y15        DSP_ALU (Prop_DSP_ALU_DSP48E2_C_DATA[0]_ALU_OUT[0])
                                                      0.114     0.114 f  system_i/mine_1/inst/grp_mine_Pipeline_HASH_CHUNK_fu_351/grp_sha256d_80_from_midstate_words_ii1_fu_358/grp_sha256_compress_words_ii1_fu_179/add_32ns_32s_32_1_0_U246/dout/DSP_ALU_INST/ALU_OUT[0]
                         net (fo=1, routed)           0.000     0.114    system_i/mine_1/inst/grp_mine_Pipeline_HASH_CHUNK_fu_351/grp_sha256d_80_from_midstate_words_ii1_fu_358/grp_sha256_compress_words_ii1_fu_179/add_32ns_32s_32_1_0_U246/dout/DSP_ALU.ALU_OUT<0>
    DSP48E2_X3Y15        DSP_OUTPUT (Prop_DSP_OUTPUT_DSP48E2_ALU_OUT[0]_P[0])
                                                      0.033     0.147 r  system_i/mine_1/inst/grp_mine_Pipeline_HASH_CHUNK_fu_351/grp_sha256d_80_from_midstate_words_ii1_fu_358/grp_sha256_compress_words_ii1_fu_179/add_32ns_32s_32_1_0_U246/dout/DSP_OUTPUT_INST/P[0]
                         net (fo=2, routed)           0.093     0.240    system_i/mine_1/inst/grp_mine_Pipeline_HASH_CHUNK_fu_351/grp_sha256d_80_from_midstate_words_ii1_fu_358/grp_sha256_compress_words_ii1_fu_179/add_32ns_32s_32_1_0_U246/dout_n_107
    SLICE_X14Y33         CARRY8 (Prop_CARRY8_SLICEL_DI[0]_O[1])
                                                      0.034     0.274 r  system_i/mine_1/inst/grp_mine_Pipeline_HASH_CHUNK_fu_351/grp_sha256d_80_from_midstate_words_ii1_fu_358/grp_sha256_compress_words_ii1_fu_179/add_32ns_32s_32_1_0_U246/t1_60_reg_8549_reg[7]_i_1__0/O[1]
                         net (fo=3, routed)           0.008     0.282    system_i/mine_1/inst/grp_mine_Pipeline_HASH_CHUNK_fu_351/grp_sha256d_80_from_midstate_words_ii1_fu_358/grp_sha256_compress_words_ii1_fu_179/p_4_in[1]
    SLICE_X14Y33         FDRE                                         r  system_i/mine_1/inst/grp_mine_Pipeline_HASH_CHUNK_fu_351/grp_sha256d_80_from_midstate_words_ii1_fu_358/grp_sha256_compress_words_ii1_fu_179/t1_60_reg_8549_reg[1]/D
  -------------------------------------------------------------------    -------------------

                         (clock clk_out2_system_clk_wiz_0_0 rise edge)
                                                      0.000     0.000 r  
    BUFG_PS_X0Y81        BUFG_PS                      0.000     0.000 r  system_i/zynq_ultra_ps_e_0/inst/buffer_pl_clk_0.PL_CLK_0_BUFG/O
                         net (fo=1, routed)           0.964     0.964    system_i/clk_wiz_0/inst/clk_in1
    MMCM_X0Y3            MMCME4_ADV (Prop_MMCM_CLKIN1_CLKOUT1)
                                                     -0.079     0.885 r  system_i/clk_wiz_0/inst/mmcme4_adv_inst/CLKOUT1
                         net (fo=1, routed)           0.208     1.093    system_i/clk_wiz_0/inst/clk_out2_system_clk_wiz_0_0
    BUFGCE_X0Y76         BUFGCE (Prop_BUFCE_BUFGCE_I_O)
                                                      0.026     1.119 r  system_i/clk_wiz_0/inst/clkout2_buf/O
    X1Y1 (CLOCK_ROOT)    net (fo=69546, routed)       1.628     2.747    system_i/mine_1/inst/grp_mine_Pipeline_HASH_CHUNK_fu_351/grp_sha256d_80_from_midstate_words_ii1_fu_358/grp_sha256_compress_words_ii1_fu_179/ap_clk
    SLICE_X14Y33         FDRE                                         r  system_i/mine_1/inst/grp_mine_Pipeline_HASH_CHUNK_fu_351/grp_sha256d_80_from_midstate_words_ii1_fu_358/grp_sha256_compress_words_ii1_fu_179/t1_60_reg_8549_reg[1]/C

Slack:                    inf
  Source:                 system_i/mine_1/inst/grp_mine_Pipeline_HASH_CHUNK_fu_351/grp_sha256d_80_from_midstate_words_ii1_fu_358/grp_sha256_compress_words_ii1_fu_179/add_32ns_32s_32_1_0_U246/dout/DSP_C_DATA_INST/C_DATA[8]
                            (internal pin)
  Destination:            system_i/mine_1/inst/grp_mine_Pipeline_HASH_CHUNK_fu_351/grp_sha256d_80_from_midstate_words_ii1_fu_358/grp_sha256_compress_words_ii1_fu_179/t1_60_reg_8549_reg[9]/D
                            (rising edge-triggered cell FDRE clocked by clk_out2_system_clk_wiz_0_0  {rise@0.000ns fall@2.500ns period=5.000ns})
  Path Group:             (none)
  Path Type:              Hold (Min at Fast Process Corner)
  Data Path Delay:        0.283ns  (logic 0.181ns (63.940%)  route 0.102ns (36.060%))
  Logic Levels:           3  (CARRY8=1 DSP_ALU=1 DSP_OUTPUT=1)
  Clock Uncertainty:      0.144ns  ((TSJ^2 + DJ^2)^1/2) / 2 + PE
    Total System Jitter     (TSJ):    0.050ns
    Discrete Jitter          (DJ):    0.102ns
    Phase Error              (PE):    0.087ns
  Clock Net Delay (Destination): 1.629ns (routing 0.738ns, distribution 0.891ns)

    Location             Delay type                Incr(ns)  Path(ns)    Netlist Resource(s)
  -------------------------------------------------------------------    -------------------
    DSP48E2_X3Y15        DSP_C_DATA                   0.000     0.000 r  system_i/mine_1/inst/grp_mine_Pipeline_HASH_CHUNK_fu_351/grp_sha256d_80_from_midstate_words_ii1_fu_358/grp_sha256_compress_words_ii1_fu_179/add_32ns_32s_32_1_0_U246/dout/DSP_C_DATA_INST/C_DATA[8]
                         net (fo=2, routed)           0.000     0.000    system_i/mine_1/inst/grp_mine_Pipeline_HASH_CHUNK_fu_351/grp_sha256d_80_from_midstate_words_ii1_fu_358/grp_sha256_compress_words_ii1_fu_179/add_32ns_32s_32_1_0_U246/dout/DSP_C_DATA.C_DATA<8>
    DSP48E2_X3Y15        DSP_ALU (Prop_DSP_ALU_DSP48E2_C_DATA[8]_ALU_OUT[8])
                                                      0.114     0.114 f  system_i/mine_1/inst/grp_mine_Pipeline_HASH_CHUNK_fu_351/grp_sha256d_80_from_midstate_words_ii1_fu_358/grp_sha256_compress_words_ii1_fu_179/add_32ns_32s_32_1_0_U246/dout/DSP_ALU_INST/ALU_OUT[8]
                         net (fo=1, routed)           0.000     0.114    system_i/mine_1/inst/grp_mine_Pipeline_HASH_CHUNK_fu_351/grp_sha256d_80_from_midstate_words_ii1_fu_358/grp_sha256_compress_words_ii1_fu_179/add_32ns_32s_32_1_0_U246/dout/DSP_ALU.ALU_OUT<8>
    DSP48E2_X3Y15        DSP_OUTPUT (Prop_DSP_OUTPUT_DSP48E2_ALU_OUT[8]_P[8])
                                                      0.033     0.147 r  system_i/mine_1/inst/grp_mine_Pipeline_HASH_CHUNK_fu_351/grp_sha256d_80_from_midstate_words_ii1_fu_358/grp_sha256_compress_words_ii1_fu_179/add_32ns_32s_32_1_0_U246/dout/DSP_OUTPUT_INST/P[8]
                         net (fo=2, routed)           0.094     0.241    system_i/mine_1/inst/grp_mine_Pipeline_HASH_CHUNK_fu_351/grp_sha256d_80_from_midstate_words_ii1_fu_358/grp_sha256_compress_words_ii1_fu_179/add_32ns_32s_32_1_0_U246/dout_n_99
    SLICE_X14Y34         CARRY8 (Prop_CARRY8_SLICEL_DI[0]_O[1])
                                                      0.034     0.275 r  system_i/mine_1/inst/grp_mine_Pipeline_HASH_CHUNK_fu_351/grp_sha256d_80_from_midstate_words_ii1_fu_358/grp_sha256_compress_words_ii1_fu_179/add_32ns_32s_32_1_0_U246/t1_60_reg_8549_reg[15]_i_1__0/O[1]
                         net (fo=3, routed)           0.008     0.283    system_i/mine_1/inst/grp_mine_Pipeline_HASH_CHUNK_fu_351/grp_sha256d_80_from_midstate_words_ii1_fu_358/grp_sha256_compress_words_ii1_fu_179/p_4_in[9]
    SLICE_X14Y34         FDRE                                         r  system_i/mine_1/inst/grp_mine_Pipeline_HASH_CHUNK_fu_351/grp_sha256d_80_from_midstate_words_ii1_fu_358/grp_sha256_compress_words_ii1_fu_179/t1_60_reg_8549_reg[9]/D
  -------------------------------------------------------------------    -------------------

                         (clock clk_out2_system_clk_wiz_0_0 rise edge)
                                                      0.000     0.000 r  
    BUFG_PS_X0Y81        BUFG_PS                      0.000     0.000 r  system_i/zynq_ultra_ps_e_0/inst/buffer_pl_clk_0.PL_CLK_0_BUFG/O
                         net (fo=1, routed)           0.964     0.964    system_i/clk_wiz_0/inst/clk_in1
    MMCM_X0Y3            MMCME4_ADV (Prop_MMCM_CLKIN1_CLKOUT1)
                                                     -0.079     0.885 r  system_i/clk_wiz_0/inst/mmcme4_adv_inst/CLKOUT1
                         net (fo=1, routed)           0.208     1.093    system_i/clk_wiz_0/inst/clk_out2_system_clk_wiz_0_0
    BUFGCE_X0Y76         BUFGCE (Prop_BUFCE_BUFGCE_I_O)
                                                      0.026     1.119 r  system_i/clk_wiz_0/inst/clkout2_buf/O
    X1Y1 (CLOCK_ROOT)    net (fo=69546, routed)       1.629     2.748    system_i/mine_1/inst/grp_mine_Pipeline_HASH_CHUNK_fu_351/grp_sha256d_80_from_midstate_words_ii1_fu_358/grp_sha256_compress_words_ii1_fu_179/ap_clk
    SLICE_X14Y34         FDRE                                         r  system_i/mine_1/inst/grp_mine_Pipeline_HASH_CHUNK_fu_351/grp_sha256d_80_from_midstate_words_ii1_fu_358/grp_sha256_compress_words_ii1_fu_179/t1_60_reg_8549_reg[9]/C

Slack:                    inf
  Source:                 system_i/mine_1/inst/grp_mine_Pipeline_HASH_CHUNK_fu_351/grp_sha256d_80_from_midstate_words_ii1_fu_358/grp_sha256_compress_words_ii1_fu_179/add_32ns_32s_32_1_0_U246/dout/DSP_C_DATA_INST/C_DATA[30]
                            (internal pin)
  Destination:            system_i/mine_1/inst/grp_mine_Pipeline_HASH_CHUNK_fu_351/grp_sha256d_80_from_midstate_words_ii1_fu_358/grp_sha256_compress_words_ii1_fu_179/t1_60_reg_8549_reg[31]/D
                            (rising edge-triggered cell FDRE clocked by clk_out2_system_clk_wiz_0_0  {rise@0.000ns fall@2.500ns period=5.000ns})
  Path Group:             (none)
  Path Type:              Hold (Min at Fast Process Corner)
  Data Path Delay:        0.283ns  (logic 0.185ns (65.331%)  route 0.098ns (34.669%))
  Logic Levels:           3  (CARRY8=1 DSP_ALU=1 DSP_OUTPUT=1)
  Clock Uncertainty:      0.144ns  ((TSJ^2 + DJ^2)^1/2) / 2 + PE
    Total System Jitter     (TSJ):    0.050ns
    Discrete Jitter          (DJ):    0.102ns
    Phase Error              (PE):    0.087ns
  Clock Net Delay (Destination): 1.635ns (routing 0.738ns, distribution 0.897ns)

    Location             Delay type                Incr(ns)  Path(ns)    Netlist Resource(s)
  -------------------------------------------------------------------    -------------------
    DSP48E2_X3Y15        DSP_C_DATA                   0.000     0.000 r  system_i/mine_1/inst/grp_mine_Pipeline_HASH_CHUNK_fu_351/grp_sha256d_80_from_midstate_words_ii1_fu_358/grp_sha256_compress_words_ii1_fu_179/add_32ns_32s_32_1_0_U246/dout/DSP_C_DATA_INST/C_DATA[30]
                         net (fo=2, routed)           0.000     0.000    system_i/mine_1/inst/grp_mine_Pipeline_HASH_CHUNK_fu_351/grp_sha256d_80_from_midstate_words_ii1_fu_358/grp_sha256_compress_words_ii1_fu_179/add_32ns_32s_32_1_0_U246/dout/DSP_C_DATA.C_DATA<30>
    DSP48E2_X3Y15        DSP_ALU (Prop_DSP_ALU_DSP48E2_C_DATA[30]_ALU_OUT[30])
                                                      0.114     0.114 f  system_i/mine_1/inst/grp_mine_Pipeline_HASH_CHUNK_fu_351/grp_sha256d_80_from_midstate_words_ii1_fu_358/grp_sha256_compress_words_ii1_fu_179/add_32ns_32s_32_1_0_U246/dout/DSP_ALU_INST/ALU_OUT[30]
                         net (fo=1, routed)           0.000     0.114    system_i/mine_1/inst/grp_mine_Pipeline_HASH_CHUNK_fu_351/grp_sha256d_80_from_midstate_words_ii1_fu_358/grp_sha256_compress_words_ii1_fu_179/add_32ns_32s_32_1_0_U246/dout/DSP_ALU.ALU_OUT<30>
    DSP48E2_X3Y15        DSP_OUTPUT (Prop_DSP_OUTPUT_DSP48E2_ALU_OUT[30]_P[30])
                                                      0.033     0.147 r  system_i/mine_1/inst/grp_mine_Pipeline_HASH_CHUNK_fu_351/grp_sha256d_80_from_midstate_words_ii1_fu_358/grp_sha256_compress_words_ii1_fu_179/add_32ns_32s_32_1_0_U246/dout/DSP_OUTPUT_INST/P[30]
                         net (fo=2, routed)           0.090     0.237    system_i/mine_1/inst/grp_mine_Pipeline_HASH_CHUNK_fu_351/grp_sha256d_80_from_midstate_words_ii1_fu_358/grp_sha256_compress_words_ii1_fu_179/add_32ns_32s_32_1_0_U246/dout_n_77
    SLICE_X14Y36         CARRY8 (Prop_CARRY8_SLICEL_DI[6]_O[7])
                                                      0.038     0.275 r  system_i/mine_1/inst/grp_mine_Pipeline_HASH_CHUNK_fu_351/grp_sha256d_80_from_midstate_words_ii1_fu_358/grp_sha256_compress_words_ii1_fu_179/add_32ns_32s_32_1_0_U246/t1_60_reg_8549_reg[31]_i_1__0/O[7]
                         net (fo=2, routed)           0.008     0.283    system_i/mine_1/inst/grp_mine_Pipeline_HASH_CHUNK_fu_351/grp_sha256d_80_from_midstate_words_ii1_fu_358/grp_sha256_compress_words_ii1_fu_179/p_4_in[31]
    SLICE_X14Y36         FDRE                                         r  system_i/mine_1/inst/grp_mine_Pipeline_HASH_CHUNK_fu_351/grp_sha256d_80_from_midstate_words_ii1_fu_358/grp_sha256_compress_words_ii1_fu_179/t1_60_reg_8549_reg[31]/D
  -------------------------------------------------------------------    -------------------

                         (clock clk_out2_system_clk_wiz_0_0 rise edge)
                                                      0.000     0.000 r  
    BUFG_PS_X0Y81        BUFG_PS                      0.000     0.000 r  system_i/zynq_ultra_ps_e_0/inst/buffer_pl_clk_0.PL_CLK_0_BUFG/O
                         net (fo=1, routed)           0.964     0.964    system_i/clk_wiz_0/inst/clk_in1
    MMCM_X0Y3            MMCME4_ADV (Prop_MMCM_CLKIN1_CLKOUT1)
                                                     -0.079     0.885 r  system_i/clk_wiz_0/inst/mmcme4_adv_inst/CLKOUT1
                         net (fo=1, routed)           0.208     1.093    system_i/clk_wiz_0/inst/clk_out2_system_clk_wiz_0_0
    BUFGCE_X0Y76         BUFGCE (Prop_BUFCE_BUFGCE_I_O)
                                                      0.026     1.119 r  system_i/clk_wiz_0/inst/clkout2_buf/O
    X1Y1 (CLOCK_ROOT)    net (fo=69546, routed)       1.635     2.754    system_i/mine_1/inst/grp_mine_Pipeline_HASH_CHUNK_fu_351/grp_sha256d_80_from_midstate_words_ii1_fu_358/grp_sha256_compress_words_ii1_fu_179/ap_clk
    SLICE_X14Y36         FDRE                                         r  system_i/mine_1/inst/grp_mine_Pipeline_HASH_CHUNK_fu_351/grp_sha256d_80_from_midstate_words_ii1_fu_358/grp_sha256_compress_words_ii1_fu_179/t1_60_reg_8549_reg[31]/C

Slack:                    inf
  Source:                 system_i/mine_1/inst/grp_mine_Pipeline_HASH_CHUNK_fu_351/grp_sha256d_80_from_midstate_words_ii1_fu_358/grp_sha256_compress_words_ii1_fu_179/add_32ns_32s_32_1_0_U246/dout/DSP_C_DATA_INST/C_DATA[14]
                            (internal pin)
  Destination:            system_i/mine_1/inst/grp_mine_Pipeline_HASH_CHUNK_fu_351/grp_sha256d_80_from_midstate_words_ii1_fu_358/grp_sha256_compress_words_ii1_fu_179/t1_60_reg_8549_reg[15]/D
                            (rising edge-triggered cell FDRE clocked by clk_out2_system_clk_wiz_0_0  {rise@0.000ns fall@2.500ns period=5.000ns})
  Path Group:             (none)
  Path Type:              Hold (Min at Fast Process Corner)
  Data Path Delay:        0.284ns  (logic 0.185ns (65.123%)  route 0.099ns (34.877%))
  Logic Levels:           3  (CARRY8=1 DSP_ALU=1 DSP_OUTPUT=1)
  Clock Uncertainty:      0.144ns  ((TSJ^2 + DJ^2)^1/2) / 2 + PE
    Total System Jitter     (TSJ):    0.050ns
    Discrete Jitter          (DJ):    0.102ns
    Phase Error              (PE):    0.087ns
  Clock Net Delay (Destination): 1.633ns (routing 0.738ns, distribution 0.895ns)

    Location             Delay type                Incr(ns)  Path(ns)    Netlist Resource(s)
  -------------------------------------------------------------------    -------------------
    DSP48E2_X3Y15        DSP_C_DATA                   0.000     0.000 r  system_i/mine_1/inst/grp_mine_Pipeline_HASH_CHUNK_fu_351/grp_sha256d_80_from_midstate_words_ii1_fu_358/grp_sha256_compress_words_ii1_fu_179/add_32ns_32s_32_1_0_U246/dout/DSP_C_DATA_INST/C_DATA[14]
                         net (fo=2, routed)           0.000     0.000    system_i/mine_1/inst/grp_mine_Pipeline_HASH_CHUNK_fu_351/grp_sha256d_80_from_midstate_words_ii1_fu_358/grp_sha256_compress_words_ii1_fu_179/add_32ns_32s_32_1_0_U246/dout/DSP_C_DATA.C_DATA<14>
    DSP48E2_X3Y15        DSP_ALU (Prop_DSP_ALU_DSP48E2_C_DATA[14]_ALU_OUT[14])
                                                      0.114     0.114 f  system_i/mine_1/inst/grp_mine_Pipeline_HASH_CHUNK_fu_351/grp_sha256d_80_from_midstate_words_ii1_fu_358/grp_sha256_compress_words_ii1_fu_179/add_32ns_32s_32_1_0_U246/dout/DSP_ALU_INST/ALU_OUT[14]
                         net (fo=1, routed)           0.000     0.114    system_i/mine_1/inst/grp_mine_Pipeline_HASH_CHUNK_fu_351/grp_sha256d_80_from_midstate_words_ii1_fu_358/grp_sha256_compress_words_ii1_fu_179/add_32ns_32s_32_1_0_U246/dout/DSP_ALU.ALU_OUT<14>
    DSP48E2_X3Y15        DSP_OUTPUT (Prop_DSP_OUTPUT_DSP48E2_ALU_OUT[14]_P[14])
                                                      0.033     0.147 r  system_i/mine_1/inst/grp_mine_Pipeline_HASH_CHUNK_fu_351/grp_sha256d_80_from_midstate_words_ii1_fu_358/grp_sha256_compress_words_ii1_fu_179/add_32ns_32s_32_1_0_U246/dout/DSP_OUTPUT_INST/P[14]
                         net (fo=2, routed)           0.091     0.238    system_i/mine_1/inst/grp_mine_Pipeline_HASH_CHUNK_fu_351/grp_sha256d_80_from_midstate_words_ii1_fu_358/grp_sha256_compress_words_ii1_fu_179/add_32ns_32s_32_1_0_U246/dout_n_93
    SLICE_X14Y34         CARRY8 (Prop_CARRY8_SLICEL_DI[6]_O[7])
                                                      0.038     0.276 r  system_i/mine_1/inst/grp_mine_Pipeline_HASH_CHUNK_fu_351/grp_sha256d_80_from_midstate_words_ii1_fu_358/grp_sha256_compress_words_ii1_fu_179/add_32ns_32s_32_1_0_U246/t1_60_reg_8549_reg[15]_i_1__0/O[7]
                         net (fo=3, routed)           0.008     0.284    system_i/mine_1/inst/grp_mine_Pipeline_HASH_CHUNK_fu_351/grp_sha256d_80_from_midstate_words_ii1_fu_358/grp_sha256_compress_words_ii1_fu_179/p_4_in[15]
    SLICE_X14Y34         FDRE                                         r  system_i/mine_1/inst/grp_mine_Pipeline_HASH_CHUNK_fu_351/grp_sha256d_80_from_midstate_words_ii1_fu_358/grp_sha256_compress_words_ii1_fu_179/t1_60_reg_8549_reg[15]/D
  -------------------------------------------------------------------    -------------------

                         (clock clk_out2_system_clk_wiz_0_0 rise edge)
                                                      0.000     0.000 r  
    BUFG_PS_X0Y81        BUFG_PS                      0.000     0.000 r  system_i/zynq_ultra_ps_e_0/inst/buffer_pl_clk_0.PL_CLK_0_BUFG/O
                         net (fo=1, routed)           0.964     0.964    system_i/clk_wiz_0/inst/clk_in1
    MMCM_X0Y3            MMCME4_ADV (Prop_MMCM_CLKIN1_CLKOUT1)
                                                     -0.079     0.885 r  system_i/clk_wiz_0/inst/mmcme4_adv_inst/CLKOUT1
                         net (fo=1, routed)           0.208     1.093    system_i/clk_wiz_0/inst/clk_out2_system_clk_wiz_0_0
    BUFGCE_X0Y76         BUFGCE (Prop_BUFCE_BUFGCE_I_O)
                                                      0.026     1.119 r  system_i/clk_wiz_0/inst/clkout2_buf/O
    X1Y1 (CLOCK_ROOT)    net (fo=69546, routed)       1.633     2.752    system_i/mine_1/inst/grp_mine_Pipeline_HASH_CHUNK_fu_351/grp_sha256d_80_from_midstate_words_ii1_fu_358/grp_sha256_compress_words_ii1_fu_179/ap_clk
    SLICE_X14Y34         FDRE                                         r  system_i/mine_1/inst/grp_mine_Pipeline_HASH_CHUNK_fu_351/grp_sha256d_80_from_midstate_words_ii1_fu_358/grp_sha256_compress_words_ii1_fu_179/t1_60_reg_8549_reg[15]/C

Slack:                    inf
  Source:                 system_i/mine_1/inst/grp_mine_Pipeline_HASH_CHUNK_fu_351/grp_sha256d_80_from_midstate_words_ii1_fu_358/grp_sha256_compress_words_ii1_fu_179/add_32ns_32s_32_1_0_U246/dout/DSP_C_DATA_INST/C_DATA[24]
                            (internal pin)
  Destination:            system_i/mine_1/inst/grp_mine_Pipeline_HASH_CHUNK_fu_351/grp_sha256d_80_from_midstate_words_ii1_fu_358/grp_sha256_compress_words_ii1_fu_179/t1_60_reg_8549_reg[25]/D
                            (rising edge-triggered cell FDRE clocked by clk_out2_system_clk_wiz_0_0  {rise@0.000ns fall@2.500ns period=5.000ns})
  Path Group:             (none)
  Path Type:              Hold (Min at Fast Process Corner)
  Data Path Delay:        0.284ns  (logic 0.181ns (63.675%)  route 0.103ns (36.325%))
  Logic Levels:           3  (CARRY8=1 DSP_ALU=1 DSP_OUTPUT=1)
  Clock Uncertainty:      0.144ns  ((TSJ^2 + DJ^2)^1/2) / 2 + PE
    Total System Jitter     (TSJ):    0.050ns
    Discrete Jitter          (DJ):    0.102ns
    Phase Error              (PE):    0.087ns
  Clock Net Delay (Destination): 1.631ns (routing 0.738ns, distribution 0.893ns)

    Location             Delay type                Incr(ns)  Path(ns)    Netlist Resource(s)
  -------------------------------------------------------------------    -------------------
    DSP48E2_X3Y15        DSP_C_DATA                   0.000     0.000 r  system_i/mine_1/inst/grp_mine_Pipeline_HASH_CHUNK_fu_351/grp_sha256d_80_from_midstate_words_ii1_fu_358/grp_sha256_compress_words_ii1_fu_179/add_32ns_32s_32_1_0_U246/dout/DSP_C_DATA_INST/C_DATA[24]
                         net (fo=2, routed)           0.000     0.000    system_i/mine_1/inst/grp_mine_Pipeline_HASH_CHUNK_fu_351/grp_sha256d_80_from_midstate_words_ii1_fu_358/grp_sha256_compress_words_ii1_fu_179/add_32ns_32s_32_1_0_U246/dout/DSP_C_DATA.C_DATA<24>
    DSP48E2_X3Y15        DSP_ALU (Prop_DSP_ALU_DSP48E2_C_DATA[24]_ALU_OUT[24])
                                                      0.114     0.114 f  system_i/mine_1/inst/grp_mine_Pipeline_HASH_CHUNK_fu_351/grp_sha256d_80_from_midstate_words_ii1_fu_358/grp_sha256_compress_words_ii1_fu_179/add_32ns_32s_32_1_0_U246/dout/DSP_ALU_INST/ALU_OUT[24]
                         net (fo=1, routed)           0.000     0.114    system_i/mine_1/inst/grp_mine_Pipeline_HASH_CHUNK_fu_351/grp_sha256d_80_from_midstate_words_ii1_fu_358/grp_sha256_compress_words_ii1_fu_179/add_32ns_32s_32_1_0_U246/dout/DSP_ALU.ALU_OUT<24>
    DSP48E2_X3Y15        DSP_OUTPUT (Prop_DSP_OUTPUT_DSP48E2_ALU_OUT[24]_P[24])
                                                      0.033     0.147 r  system_i/mine_1/inst/grp_mine_Pipeline_HASH_CHUNK_fu_351/grp_sha256d_80_from_midstate_words_ii1_fu_358/grp_sha256_compress_words_ii1_fu_179/add_32ns_32s_32_1_0_U246/dout/DSP_OUTPUT_INST/P[24]
                         net (fo=2, routed)           0.095     0.242    system_i/mine_1/inst/grp_mine_Pipeline_HASH_CHUNK_fu_351/grp_sha256d_80_from_midstate_words_ii1_fu_358/grp_sha256_compress_words_ii1_fu_179/add_32ns_32s_32_1_0_U246/dout_n_83
    SLICE_X14Y36         CARRY8 (Prop_CARRY8_SLICEL_DI[0]_O[1])
                                                      0.034     0.276 r  system_i/mine_1/inst/grp_mine_Pipeline_HASH_CHUNK_fu_351/grp_sha256d_80_from_midstate_words_ii1_fu_358/grp_sha256_compress_words_ii1_fu_179/add_32ns_32s_32_1_0_U246/t1_60_reg_8549_reg[31]_i_1__0/O[1]
                         net (fo=3, routed)           0.008     0.284    system_i/mine_1/inst/grp_mine_Pipeline_HASH_CHUNK_fu_351/grp_sha256d_80_from_midstate_words_ii1_fu_358/grp_sha256_compress_words_ii1_fu_179/p_4_in[25]
    SLICE_X14Y36         FDRE                                         r  system_i/mine_1/inst/grp_mine_Pipeline_HASH_CHUNK_fu_351/grp_sha256d_80_from_midstate_words_ii1_fu_358/grp_sha256_compress_words_ii1_fu_179/t1_60_reg_8549_reg[25]/D
  -------------------------------------------------------------------    -------------------

                         (clock clk_out2_system_clk_wiz_0_0 rise edge)
                                                      0.000     0.000 r  
    BUFG_PS_X0Y81        BUFG_PS                      0.000     0.000 r  system_i/zynq_ultra_ps_e_0/inst/buffer_pl_clk_0.PL_CLK_0_BUFG/O
                         net (fo=1, routed)           0.964     0.964    system_i/clk_wiz_0/inst/clk_in1
    MMCM_X0Y3            MMCME4_ADV (Prop_MMCM_CLKIN1_CLKOUT1)
                                                     -0.079     0.885 r  system_i/clk_wiz_0/inst/mmcme4_adv_inst/CLKOUT1
                         net (fo=1, routed)           0.208     1.093    system_i/clk_wiz_0/inst/clk_out2_system_clk_wiz_0_0
    BUFGCE_X0Y76         BUFGCE (Prop_BUFCE_BUFGCE_I_O)
                                                      0.026     1.119 r  system_i/clk_wiz_0/inst/clkout2_buf/O
    X1Y1 (CLOCK_ROOT)    net (fo=69546, routed)       1.631     2.750    system_i/mine_1/inst/grp_mine_Pipeline_HASH_CHUNK_fu_351/grp_sha256d_80_from_midstate_words_ii1_fu_358/grp_sha256_compress_words_ii1_fu_179/ap_clk
    SLICE_X14Y36         FDRE                                         r  system_i/mine_1/inst/grp_mine_Pipeline_HASH_CHUNK_fu_351/grp_sha256d_80_from_midstate_words_ii1_fu_358/grp_sha256_compress_words_ii1_fu_179/t1_60_reg_8549_reg[25]/C

Slack:                    inf
  Source:                 system_i/mine_1/inst/grp_mine_Pipeline_HASH_CHUNK_fu_351/grp_sha256d_80_from_midstate_words_ii1_fu_358/grp_sha256_compress_words_ii1_fu_179/add_32ns_32s_32_1_0_U246/dout/DSP_C_DATA_INST/C_DATA[16]
                            (internal pin)
  Destination:            system_i/mine_1/inst/grp_mine_Pipeline_HASH_CHUNK_fu_351/grp_sha256d_80_from_midstate_words_ii1_fu_358/grp_sha256_compress_words_ii1_fu_179/t1_60_reg_8549_reg[17]/D
                            (rising edge-triggered cell FDRE clocked by clk_out2_system_clk_wiz_0_0  {rise@0.000ns fall@2.500ns period=5.000ns})
  Path Group:             (none)
  Path Type:              Hold (Min at Fast Process Corner)
  Data Path Delay:        0.286ns  (logic 0.181ns (63.230%)  route 0.105ns (36.770%))
  Logic Levels:           3  (CARRY8=1 DSP_ALU=1 DSP_OUTPUT=1)
  Clock Uncertainty:      0.144ns  ((TSJ^2 + DJ^2)^1/2) / 2 + PE
    Total System Jitter     (TSJ):    0.050ns
    Discrete Jitter          (DJ):    0.102ns
    Phase Error              (PE):    0.087ns
  Clock Net Delay (Destination): 1.630ns (routing 0.738ns, distribution 0.892ns)

    Location             Delay type                Incr(ns)  Path(ns)    Netlist Resource(s)
  -------------------------------------------------------------------    -------------------
    DSP48E2_X3Y15        DSP_C_DATA                   0.000     0.000 r  system_i/mine_1/inst/grp_mine_Pipeline_HASH_CHUNK_fu_351/grp_sha256d_80_from_midstate_words_ii1_fu_358/grp_sha256_compress_words_ii1_fu_179/add_32ns_32s_32_1_0_U246/dout/DSP_C_DATA_INST/C_DATA[16]
                         net (fo=2, routed)           0.000     0.000    system_i/mine_1/inst/grp_mine_Pipeline_HASH_CHUNK_fu_351/grp_sha256d_80_from_midstate_words_ii1_fu_358/grp_sha256_compress_words_ii1_fu_179/add_32ns_32s_32_1_0_U246/dout/DSP_C_DATA.C_DATA<16>
    DSP48E2_X3Y15        DSP_ALU (Prop_DSP_ALU_DSP48E2_C_DATA[16]_ALU_OUT[16])
                                                      0.114     0.114 f  system_i/mine_1/inst/grp_mine_Pipeline_HASH_CHUNK_fu_351/grp_sha256d_80_from_midstate_words_ii1_fu_358/grp_sha256_compress_words_ii1_fu_179/add_32ns_32s_32_1_0_U246/dout/DSP_ALU_INST/ALU_OUT[16]
                         net (fo=1, routed)           0.000     0.114    system_i/mine_1/inst/grp_mine_Pipeline_HASH_CHUNK_fu_351/grp_sha256d_80_from_midstate_words_ii1_fu_358/grp_sha256_compress_words_ii1_fu_179/add_32ns_32s_32_1_0_U246/dout/DSP_ALU.ALU_OUT<16>
    DSP48E2_X3Y15        DSP_OUTPUT (Prop_DSP_OUTPUT_DSP48E2_ALU_OUT[16]_P[16])
                                                      0.033     0.147 r  system_i/mine_1/inst/grp_mine_Pipeline_HASH_CHUNK_fu_351/grp_sha256d_80_from_midstate_words_ii1_fu_358/grp_sha256_compress_words_ii1_fu_179/add_32ns_32s_32_1_0_U246/dout/DSP_OUTPUT_INST/P[16]
                         net (fo=2, routed)           0.097     0.244    system_i/mine_1/inst/grp_mine_Pipeline_HASH_CHUNK_fu_351/grp_sha256d_80_from_midstate_words_ii1_fu_358/grp_sha256_compress_words_ii1_fu_179/add_32ns_32s_32_1_0_U246/dout_n_91
    SLICE_X14Y35         CARRY8 (Prop_CARRY8_SLICEL_DI[0]_O[1])
                                                      0.034     0.278 r  system_i/mine_1/inst/grp_mine_Pipeline_HASH_CHUNK_fu_351/grp_sha256d_80_from_midstate_words_ii1_fu_358/grp_sha256_compress_words_ii1_fu_179/add_32ns_32s_32_1_0_U246/t1_60_reg_8549_reg[23]_i_1__0/O[1]
                         net (fo=3, routed)           0.008     0.286    system_i/mine_1/inst/grp_mine_Pipeline_HASH_CHUNK_fu_351/grp_sha256d_80_from_midstate_words_ii1_fu_358/grp_sha256_compress_words_ii1_fu_179/p_4_in[17]
    SLICE_X14Y35         FDRE                                         r  system_i/mine_1/inst/grp_mine_Pipeline_HASH_CHUNK_fu_351/grp_sha256d_80_from_midstate_words_ii1_fu_358/grp_sha256_compress_words_ii1_fu_179/t1_60_reg_8549_reg[17]/D
  -------------------------------------------------------------------    -------------------

                         (clock clk_out2_system_clk_wiz_0_0 rise edge)
                                                      0.000     0.000 r  
    BUFG_PS_X0Y81        BUFG_PS                      0.000     0.000 r  system_i/zynq_ultra_ps_e_0/inst/buffer_pl_clk_0.PL_CLK_0_BUFG/O
                         net (fo=1, routed)           0.964     0.964    system_i/clk_wiz_0/inst/clk_in1
    MMCM_X0Y3            MMCME4_ADV (Prop_MMCM_CLKIN1_CLKOUT1)
                                                     -0.079     0.885 r  system_i/clk_wiz_0/inst/mmcme4_adv_inst/CLKOUT1
                         net (fo=1, routed)           0.208     1.093    system_i/clk_wiz_0/inst/clk_out2_system_clk_wiz_0_0
    BUFGCE_X0Y76         BUFGCE (Prop_BUFCE_BUFGCE_I_O)
                                                      0.026     1.119 r  system_i/clk_wiz_0/inst/clkout2_buf/O
    X1Y1 (CLOCK_ROOT)    net (fo=69546, routed)       1.630     2.749    system_i/mine_1/inst/grp_mine_Pipeline_HASH_CHUNK_fu_351/grp_sha256d_80_from_midstate_words_ii1_fu_358/grp_sha256_compress_words_ii1_fu_179/ap_clk
    SLICE_X14Y35         FDRE                                         r  system_i/mine_1/inst/grp_mine_Pipeline_HASH_CHUNK_fu_351/grp_sha256d_80_from_midstate_words_ii1_fu_358/grp_sha256_compress_words_ii1_fu_179/t1_60_reg_8549_reg[17]/C

Slack:                    inf
  Source:                 system_i/mine_1/inst/grp_mine_Pipeline_HASH_CHUNK_fu_351/grp_sha256d_80_from_midstate_words_ii1_fu_358/grp_sha256_compress_words_ii1_fu_179/add_32ns_32s_32_1_0_U246/dout/DSP_C_DATA_INST/C_DATA[4]
                            (internal pin)
  Destination:            system_i/mine_1/inst/grp_mine_Pipeline_HASH_CHUNK_fu_351/grp_sha256d_80_from_midstate_words_ii1_fu_358/grp_sha256_compress_words_ii1_fu_179/t1_60_reg_8549_reg[5]/D
                            (rising edge-triggered cell FDRE clocked by clk_out2_system_clk_wiz_0_0  {rise@0.000ns fall@2.500ns period=5.000ns})
  Path Group:             (none)
  Path Type:              Hold (Min at Fast Process Corner)
  Data Path Delay:        0.287ns  (logic 0.182ns (63.415%)  route 0.105ns (36.585%))
  Logic Levels:           3  (CARRY8=1 DSP_ALU=1 DSP_OUTPUT=1)
  Clock Uncertainty:      0.144ns  ((TSJ^2 + DJ^2)^1/2) / 2 + PE
    Total System Jitter     (TSJ):    0.050ns
    Discrete Jitter          (DJ):    0.102ns
    Phase Error              (PE):    0.087ns
  Clock Net Delay (Destination): 1.632ns (routing 0.738ns, distribution 0.894ns)

    Location             Delay type                Incr(ns)  Path(ns)    Netlist Resource(s)
  -------------------------------------------------------------------    -------------------
    DSP48E2_X3Y15        DSP_C_DATA                   0.000     0.000 r  system_i/mine_1/inst/grp_mine_Pipeline_HASH_CHUNK_fu_351/grp_sha256d_80_from_midstate_words_ii1_fu_358/grp_sha256_compress_words_ii1_fu_179/add_32ns_32s_32_1_0_U246/dout/DSP_C_DATA_INST/C_DATA[4]
                         net (fo=2, routed)           0.000     0.000    system_i/mine_1/inst/grp_mine_Pipeline_HASH_CHUNK_fu_351/grp_sha256d_80_from_midstate_words_ii1_fu_358/grp_sha256_compress_words_ii1_fu_179/add_32ns_32s_32_1_0_U246/dout/DSP_C_DATA.C_DATA<4>
    DSP48E2_X3Y15        DSP_ALU (Prop_DSP_ALU_DSP48E2_C_DATA[4]_ALU_OUT[4])
                                                      0.114     0.114 f  system_i/mine_1/inst/grp_mine_Pipeline_HASH_CHUNK_fu_351/grp_sha256d_80_from_midstate_words_ii1_fu_358/grp_sha256_compress_words_ii1_fu_179/add_32ns_32s_32_1_0_U246/dout/DSP_ALU_INST/ALU_OUT[4]
                         net (fo=1, routed)           0.000     0.114    system_i/mine_1/inst/grp_mine_Pipeline_HASH_CHUNK_fu_351/grp_sha256d_80_from_midstate_words_ii1_fu_358/grp_sha256_compress_words_ii1_fu_179/add_32ns_32s_32_1_0_U246/dout/DSP_ALU.ALU_OUT<4>
    DSP48E2_X3Y15        DSP_OUTPUT (Prop_DSP_OUTPUT_DSP48E2_ALU_OUT[4]_P[4])
                                                      0.033     0.147 r  system_i/mine_1/inst/grp_mine_Pipeline_HASH_CHUNK_fu_351/grp_sha256d_80_from_midstate_words_ii1_fu_358/grp_sha256_compress_words_ii1_fu_179/add_32ns_32s_32_1_0_U246/dout/DSP_OUTPUT_INST/P[4]
                         net (fo=2, routed)           0.097     0.244    system_i/mine_1/inst/grp_mine_Pipeline_HASH_CHUNK_fu_351/grp_sha256d_80_from_midstate_words_ii1_fu_358/grp_sha256_compress_words_ii1_fu_179/add_32ns_32s_32_1_0_U246/dout_n_103
    SLICE_X14Y33         CARRY8 (Prop_CARRY8_SLICEL_DI[4]_O[5])
                                                      0.035     0.279 r  system_i/mine_1/inst/grp_mine_Pipeline_HASH_CHUNK_fu_351/grp_sha256d_80_from_midstate_words_ii1_fu_358/grp_sha256_compress_words_ii1_fu_179/add_32ns_32s_32_1_0_U246/t1_60_reg_8549_reg[7]_i_1__0/O[5]
                         net (fo=3, routed)           0.008     0.287    system_i/mine_1/inst/grp_mine_Pipeline_HASH_CHUNK_fu_351/grp_sha256d_80_from_midstate_words_ii1_fu_358/grp_sha256_compress_words_ii1_fu_179/p_4_in[5]
    SLICE_X14Y33         FDRE                                         r  system_i/mine_1/inst/grp_mine_Pipeline_HASH_CHUNK_fu_351/grp_sha256d_80_from_midstate_words_ii1_fu_358/grp_sha256_compress_words_ii1_fu_179/t1_60_reg_8549_reg[5]/D
  -------------------------------------------------------------------    -------------------

                         (clock clk_out2_system_clk_wiz_0_0 rise edge)
                                                      0.000     0.000 r  
    BUFG_PS_X0Y81        BUFG_PS                      0.000     0.000 r  system_i/zynq_ultra_ps_e_0/inst/buffer_pl_clk_0.PL_CLK_0_BUFG/O
                         net (fo=1, routed)           0.964     0.964    system_i/clk_wiz_0/inst/clk_in1
    MMCM_X0Y3            MMCME4_ADV (Prop_MMCM_CLKIN1_CLKOUT1)
                                                     -0.079     0.885 r  system_i/clk_wiz_0/inst/mmcme4_adv_inst/CLKOUT1
                         net (fo=1, routed)           0.208     1.093    system_i/clk_wiz_0/inst/clk_out2_system_clk_wiz_0_0
    BUFGCE_X0Y76         BUFGCE (Prop_BUFCE_BUFGCE_I_O)
                                                      0.026     1.119 r  system_i/clk_wiz_0/inst/clkout2_buf/O
    X1Y1 (CLOCK_ROOT)    net (fo=69546, routed)       1.632     2.751    system_i/mine_1/inst/grp_mine_Pipeline_HASH_CHUNK_fu_351/grp_sha256d_80_from_midstate_words_ii1_fu_358/grp_sha256_compress_words_ii1_fu_179/ap_clk
    SLICE_X14Y33         FDRE                                         r  system_i/mine_1/inst/grp_mine_Pipeline_HASH_CHUNK_fu_351/grp_sha256d_80_from_midstate_words_ii1_fu_358/grp_sha256_compress_words_ii1_fu_179/t1_60_reg_8549_reg[5]/C

Slack:                    inf
  Source:                 system_i/mine_1/inst/grp_mine_Pipeline_HASH_CHUNK_fu_351/grp_sha256d_80_from_midstate_words_ii1_fu_358/grp_sha256_compress_words_ii1_fu_179/add_32ns_32s_32_1_0_U246/dout/DSP_C_DATA_INST/C_DATA[20]
                            (internal pin)
  Destination:            system_i/mine_1/inst/grp_mine_Pipeline_HASH_CHUNK_fu_351/grp_sha256d_80_from_midstate_words_ii1_fu_358/grp_sha256_compress_words_ii1_fu_179/t1_60_reg_8549_reg[21]/D
                            (rising edge-triggered cell FDRE clocked by clk_out2_system_clk_wiz_0_0  {rise@0.000ns fall@2.500ns period=5.000ns})
  Path Group:             (none)
  Path Type:              Hold (Min at Fast Process Corner)
  Data Path Delay:        0.288ns  (logic 0.182ns (63.178%)  route 0.106ns (36.822%))
  Logic Levels:           3  (CARRY8=1 DSP_ALU=1 DSP_OUTPUT=1)
  Clock Uncertainty:      0.144ns  ((TSJ^2 + DJ^2)^1/2) / 2 + PE
    Total System Jitter     (TSJ):    0.050ns
    Discrete Jitter          (DJ):    0.102ns
    Phase Error              (PE):    0.087ns
  Clock Net Delay (Destination): 1.634ns (routing 0.738ns, distribution 0.896ns)

    Location             Delay type                Incr(ns)  Path(ns)    Netlist Resource(s)
  -------------------------------------------------------------------    -------------------
    DSP48E2_X3Y15        DSP_C_DATA                   0.000     0.000 r  system_i/mine_1/inst/grp_mine_Pipeline_HASH_CHUNK_fu_351/grp_sha256d_80_from_midstate_words_ii1_fu_358/grp_sha256_compress_words_ii1_fu_179/add_32ns_32s_32_1_0_U246/dout/DSP_C_DATA_INST/C_DATA[20]
                         net (fo=2, routed)           0.000     0.000    system_i/mine_1/inst/grp_mine_Pipeline_HASH_CHUNK_fu_351/grp_sha256d_80_from_midstate_words_ii1_fu_358/grp_sha256_compress_words_ii1_fu_179/add_32ns_32s_32_1_0_U246/dout/DSP_C_DATA.C_DATA<20>
    DSP48E2_X3Y15        DSP_ALU (Prop_DSP_ALU_DSP48E2_C_DATA[20]_ALU_OUT[20])
                                                      0.114     0.114 f  system_i/mine_1/inst/grp_mine_Pipeline_HASH_CHUNK_fu_351/grp_sha256d_80_from_midstate_words_ii1_fu_358/grp_sha256_compress_words_ii1_fu_179/add_32ns_32s_32_1_0_U246/dout/DSP_ALU_INST/ALU_OUT[20]
                         net (fo=1, routed)           0.000     0.114    system_i/mine_1/inst/grp_mine_Pipeline_HASH_CHUNK_fu_351/grp_sha256d_80_from_midstate_words_ii1_fu_358/grp_sha256_compress_words_ii1_fu_179/add_32ns_32s_32_1_0_U246/dout/DSP_ALU.ALU_OUT<20>
    DSP48E2_X3Y15        DSP_OUTPUT (Prop_DSP_OUTPUT_DSP48E2_ALU_OUT[20]_P[20])
                                                      0.033     0.147 r  system_i/mine_1/inst/grp_mine_Pipeline_HASH_CHUNK_fu_351/grp_sha256d_80_from_midstate_words_ii1_fu_358/grp_sha256_compress_words_ii1_fu_179/add_32ns_32s_32_1_0_U246/dout/DSP_OUTPUT_INST/P[20]
                         net (fo=2, routed)           0.098     0.245    system_i/mine_1/inst/grp_mine_Pipeline_HASH_CHUNK_fu_351/grp_sha256d_80_from_midstate_words_ii1_fu_358/grp_sha256_compress_words_ii1_fu_179/add_32ns_32s_32_1_0_U246/dout_n_87
    SLICE_X14Y35         CARRY8 (Prop_CARRY8_SLICEL_DI[4]_O[5])
                                                      0.035     0.280 r  system_i/mine_1/inst/grp_mine_Pipeline_HASH_CHUNK_fu_351/grp_sha256d_80_from_midstate_words_ii1_fu_358/grp_sha256_compress_words_ii1_fu_179/add_32ns_32s_32_1_0_U246/t1_60_reg_8549_reg[23]_i_1__0/O[5]
                         net (fo=3, routed)           0.008     0.288    system_i/mine_1/inst/grp_mine_Pipeline_HASH_CHUNK_fu_351/grp_sha256d_80_from_midstate_words_ii1_fu_358/grp_sha256_compress_words_ii1_fu_179/p_4_in[21]
    SLICE_X14Y35         FDRE                                         r  system_i/mine_1/inst/grp_mine_Pipeline_HASH_CHUNK_fu_351/grp_sha256d_80_from_midstate_words_ii1_fu_358/grp_sha256_compress_words_ii1_fu_179/t1_60_reg_8549_reg[21]/D
  -------------------------------------------------------------------    -------------------

                         (clock clk_out2_system_clk_wiz_0_0 rise edge)
                                                      0.000     0.000 r  
    BUFG_PS_X0Y81        BUFG_PS                      0.000     0.000 r  system_i/zynq_ultra_ps_e_0/inst/buffer_pl_clk_0.PL_CLK_0_BUFG/O
                         net (fo=1, routed)           0.964     0.964    system_i/clk_wiz_0/inst/clk_in1
    MMCM_X0Y3            MMCME4_ADV (Prop_MMCM_CLKIN1_CLKOUT1)
                                                     -0.079     0.885 r  system_i/clk_wiz_0/inst/mmcme4_adv_inst/CLKOUT1
                         net (fo=1, routed)           0.208     1.093    system_i/clk_wiz_0/inst/clk_out2_system_clk_wiz_0_0
    BUFGCE_X0Y76         BUFGCE (Prop_BUFCE_BUFGCE_I_O)
                                                      0.026     1.119 r  system_i/clk_wiz_0/inst/clkout2_buf/O
    X1Y1 (CLOCK_ROOT)    net (fo=69546, routed)       1.634     2.753    system_i/mine_1/inst/grp_mine_Pipeline_HASH_CHUNK_fu_351/grp_sha256d_80_from_midstate_words_ii1_fu_358/grp_sha256_compress_words_ii1_fu_179/ap_clk
    SLICE_X14Y35         FDRE                                         r  system_i/mine_1/inst/grp_mine_Pipeline_HASH_CHUNK_fu_351/grp_sha256d_80_from_midstate_words_ii1_fu_358/grp_sha256_compress_words_ii1_fu_179/t1_60_reg_8549_reg[21]/C

Slack:                    inf
  Source:                 system_i/mine_1/inst/grp_mine_Pipeline_HASH_CHUNK_fu_351/grp_sha256d_80_from_midstate_words_ii1_fu_358/grp_sha256_compress_words_ii1_fu_179/add_32ns_32s_32_1_0_U246/dout/DSP_C_DATA_INST/C_DATA[10]
                            (internal pin)
  Destination:            system_i/mine_1/inst/grp_mine_Pipeline_HASH_CHUNK_fu_351/grp_sha256d_80_from_midstate_words_ii1_fu_358/grp_sha256_compress_words_ii1_fu_179/t1_60_reg_8549_reg[11]/D
                            (rising edge-triggered cell FDRE clocked by clk_out2_system_clk_wiz_0_0  {rise@0.000ns fall@2.500ns period=5.000ns})
  Path Group:             (none)
  Path Type:              Hold (Min at Fast Process Corner)
  Data Path Delay:        0.288ns  (logic 0.185ns (64.198%)  route 0.103ns (35.802%))
  Logic Levels:           3  (CARRY8=1 DSP_ALU=1 DSP_OUTPUT=1)
  Clock Uncertainty:      0.144ns  ((TSJ^2 + DJ^2)^1/2) / 2 + PE
    Total System Jitter     (TSJ):    0.050ns
    Discrete Jitter          (DJ):    0.102ns
    Phase Error              (PE):    0.087ns
  Clock Net Delay (Destination): 1.629ns (routing 0.738ns, distribution 0.891ns)

    Location             Delay type                Incr(ns)  Path(ns)    Netlist Resource(s)
  -------------------------------------------------------------------    -------------------
    DSP48E2_X3Y15        DSP_C_DATA                   0.000     0.000 r  system_i/mine_1/inst/grp_mine_Pipeline_HASH_CHUNK_fu_351/grp_sha256d_80_from_midstate_words_ii1_fu_358/grp_sha256_compress_words_ii1_fu_179/add_32ns_32s_32_1_0_U246/dout/DSP_C_DATA_INST/C_DATA[10]
                         net (fo=2, routed)           0.000     0.000    system_i/mine_1/inst/grp_mine_Pipeline_HASH_CHUNK_fu_351/grp_sha256d_80_from_midstate_words_ii1_fu_358/grp_sha256_compress_words_ii1_fu_179/add_32ns_32s_32_1_0_U246/dout/DSP_C_DATA.C_DATA<10>
    DSP48E2_X3Y15        DSP_ALU (Prop_DSP_ALU_DSP48E2_C_DATA[10]_ALU_OUT[10])
                                                      0.114     0.114 f  system_i/mine_1/inst/grp_mine_Pipeline_HASH_CHUNK_fu_351/grp_sha256d_80_from_midstate_words_ii1_fu_358/grp_sha256_compress_words_ii1_fu_179/add_32ns_32s_32_1_0_U246/dout/DSP_ALU_INST/ALU_OUT[10]
                         net (fo=1, routed)           0.000     0.114    system_i/mine_1/inst/grp_mine_Pipeline_HASH_CHUNK_fu_351/grp_sha256d_80_from_midstate_words_ii1_fu_358/grp_sha256_compress_words_ii1_fu_179/add_32ns_32s_32_1_0_U246/dout/DSP_ALU.ALU_OUT<10>
    DSP48E2_X3Y15        DSP_OUTPUT (Prop_DSP_OUTPUT_DSP48E2_ALU_OUT[10]_P[10])
                                                      0.033     0.147 r  system_i/mine_1/inst/grp_mine_Pipeline_HASH_CHUNK_fu_351/grp_sha256d_80_from_midstate_words_ii1_fu_358/grp_sha256_compress_words_ii1_fu_179/add_32ns_32s_32_1_0_U246/dout/DSP_OUTPUT_INST/P[10]
                         net (fo=2, routed)           0.095     0.242    system_i/mine_1/inst/grp_mine_Pipeline_HASH_CHUNK_fu_351/grp_sha256d_80_from_midstate_words_ii1_fu_358/grp_sha256_compress_words_ii1_fu_179/add_32ns_32s_32_1_0_U246/dout_n_97
    SLICE_X14Y34         CARRY8 (Prop_CARRY8_SLICEL_DI[2]_O[3])
                                                      0.038     0.280 r  system_i/mine_1/inst/grp_mine_Pipeline_HASH_CHUNK_fu_351/grp_sha256d_80_from_midstate_words_ii1_fu_358/grp_sha256_compress_words_ii1_fu_179/add_32ns_32s_32_1_0_U246/t1_60_reg_8549_reg[15]_i_1__0/O[3]
                         net (fo=3, routed)           0.008     0.288    system_i/mine_1/inst/grp_mine_Pipeline_HASH_CHUNK_fu_351/grp_sha256d_80_from_midstate_words_ii1_fu_358/grp_sha256_compress_words_ii1_fu_179/p_4_in[11]
    SLICE_X14Y34         FDRE                                         r  system_i/mine_1/inst/grp_mine_Pipeline_HASH_CHUNK_fu_351/grp_sha256d_80_from_midstate_words_ii1_fu_358/grp_sha256_compress_words_ii1_fu_179/t1_60_reg_8549_reg[11]/D
  -------------------------------------------------------------------    -------------------

                         (clock clk_out2_system_clk_wiz_0_0 rise edge)
                                                      0.000     0.000 r  
    BUFG_PS_X0Y81        BUFG_PS                      0.000     0.000 r  system_i/zynq_ultra_ps_e_0/inst/buffer_pl_clk_0.PL_CLK_0_BUFG/O
                         net (fo=1, routed)           0.964     0.964    system_i/clk_wiz_0/inst/clk_in1
    MMCM_X0Y3            MMCME4_ADV (Prop_MMCM_CLKIN1_CLKOUT1)
                                                     -0.079     0.885 r  system_i/clk_wiz_0/inst/mmcme4_adv_inst/CLKOUT1
                         net (fo=1, routed)           0.208     1.093    system_i/clk_wiz_0/inst/clk_out2_system_clk_wiz_0_0
    BUFGCE_X0Y76         BUFGCE (Prop_BUFCE_BUFGCE_I_O)
                                                      0.026     1.119 r  system_i/clk_wiz_0/inst/clkout2_buf/O
    X1Y1 (CLOCK_ROOT)    net (fo=69546, routed)       1.629     2.748    system_i/mine_1/inst/grp_mine_Pipeline_HASH_CHUNK_fu_351/grp_sha256d_80_from_midstate_words_ii1_fu_358/grp_sha256_compress_words_ii1_fu_179/ap_clk
    SLICE_X14Y34         FDRE                                         r  system_i/mine_1/inst/grp_mine_Pipeline_HASH_CHUNK_fu_351/grp_sha256d_80_from_midstate_words_ii1_fu_358/grp_sha256_compress_words_ii1_fu_179/t1_60_reg_8549_reg[11]/C

Slack:                    inf
  Source:                 system_i/mine_1/inst/grp_mine_Pipeline_HASH_CHUNK_fu_351/grp_sha256d_80_from_midstate_words_ii1_fu_358/grp_sha256_compress_words_ii1_fu_179/add_32ns_32s_32_1_0_U246/dout/DSP_C_DATA_INST/C_DATA[2]
                            (internal pin)
  Destination:            system_i/mine_1/inst/grp_mine_Pipeline_HASH_CHUNK_fu_351/grp_sha256d_80_from_midstate_words_ii1_fu_358/grp_sha256_compress_words_ii1_fu_179/t1_60_reg_8549_reg[3]/D
                            (rising edge-triggered cell FDRE clocked by clk_out2_system_clk_wiz_0_0  {rise@0.000ns fall@2.500ns period=5.000ns})
  Path Group:             (none)
  Path Type:              Hold (Min at Fast Process Corner)
  Data Path Delay:        0.288ns  (logic 0.185ns (64.198%)  route 0.103ns (35.802%))
  Logic Levels:           3  (CARRY8=1 DSP_ALU=1 DSP_OUTPUT=1)
  Clock Uncertainty:      0.144ns  ((TSJ^2 + DJ^2)^1/2) / 2 + PE
    Total System Jitter     (TSJ):    0.050ns
    Discrete Jitter          (DJ):    0.102ns
    Phase Error              (PE):    0.087ns
  Clock Net Delay (Destination): 1.628ns (routing 0.738ns, distribution 0.890ns)

    Location             Delay type                Incr(ns)  Path(ns)    Netlist Resource(s)
  -------------------------------------------------------------------    -------------------
    DSP48E2_X3Y15        DSP_C_DATA                   0.000     0.000 r  system_i/mine_1/inst/grp_mine_Pipeline_HASH_CHUNK_fu_351/grp_sha256d_80_from_midstate_words_ii1_fu_358/grp_sha256_compress_words_ii1_fu_179/add_32ns_32s_32_1_0_U246/dout/DSP_C_DATA_INST/C_DATA[2]
                         net (fo=2, routed)           0.000     0.000    system_i/mine_1/inst/grp_mine_Pipeline_HASH_CHUNK_fu_351/grp_sha256d_80_from_midstate_words_ii1_fu_358/grp_sha256_compress_words_ii1_fu_179/add_32ns_32s_32_1_0_U246/dout/DSP_C_DATA.C_DATA<2>
    DSP48E2_X3Y15        DSP_ALU (Prop_DSP_ALU_DSP48E2_C_DATA[2]_ALU_OUT[2])
                                                      0.114     0.114 f  system_i/mine_1/inst/grp_mine_Pipeline_HASH_CHUNK_fu_351/grp_sha256d_80_from_midstate_words_ii1_fu_358/grp_sha256_compress_words_ii1_fu_179/add_32ns_32s_32_1_0_U246/dout/DSP_ALU_INST/ALU_OUT[2]
                         net (fo=1, routed)           0.000     0.114    system_i/mine_1/inst/grp_mine_Pipeline_HASH_CHUNK_fu_351/grp_sha256d_80_from_midstate_words_ii1_fu_358/grp_sha256_compress_words_ii1_fu_179/add_32ns_32s_32_1_0_U246/dout/DSP_ALU.ALU_OUT<2>
    DSP48E2_X3Y15        DSP_OUTPUT (Prop_DSP_OUTPUT_DSP48E2_ALU_OUT[2]_P[2])
                                                      0.033     0.147 r  system_i/mine_1/inst/grp_mine_Pipeline_HASH_CHUNK_fu_351/grp_sha256d_80_from_midstate_words_ii1_fu_358/grp_sha256_compress_words_ii1_fu_179/add_32ns_32s_32_1_0_U246/dout/DSP_OUTPUT_INST/P[2]
                         net (fo=2, routed)           0.095     0.242    system_i/mine_1/inst/grp_mine_Pipeline_HASH_CHUNK_fu_351/grp_sha256d_80_from_midstate_words_ii1_fu_358/grp_sha256_compress_words_ii1_fu_179/add_32ns_32s_32_1_0_U246/dout_n_105
    SLICE_X14Y33         CARRY8 (Prop_CARRY8_SLICEL_DI[2]_O[3])
                                                      0.038     0.280 r  system_i/mine_1/inst/grp_mine_Pipeline_HASH_CHUNK_fu_351/grp_sha256d_80_from_midstate_words_ii1_fu_358/grp_sha256_compress_words_ii1_fu_179/add_32ns_32s_32_1_0_U246/t1_60_reg_8549_reg[7]_i_1__0/O[3]
                         net (fo=3, routed)           0.008     0.288    system_i/mine_1/inst/grp_mine_Pipeline_HASH_CHUNK_fu_351/grp_sha256d_80_from_midstate_words_ii1_fu_358/grp_sha256_compress_words_ii1_fu_179/p_4_in[3]
    SLICE_X14Y33         FDRE                                         r  system_i/mine_1/inst/grp_mine_Pipeline_HASH_CHUNK_fu_351/grp_sha256d_80_from_midstate_words_ii1_fu_358/grp_sha256_compress_words_ii1_fu_179/t1_60_reg_8549_reg[3]/D
  -------------------------------------------------------------------    -------------------

                         (clock clk_out2_system_clk_wiz_0_0 rise edge)
                                                      0.000     0.000 r  
    BUFG_PS_X0Y81        BUFG_PS                      0.000     0.000 r  system_i/zynq_ultra_ps_e_0/inst/buffer_pl_clk_0.PL_CLK_0_BUFG/O
                         net (fo=1, routed)           0.964     0.964    system_i/clk_wiz_0/inst/clk_in1
    MMCM_X0Y3            MMCME4_ADV (Prop_MMCM_CLKIN1_CLKOUT1)
                                                     -0.079     0.885 r  system_i/clk_wiz_0/inst/mmcme4_adv_inst/CLKOUT1
                         net (fo=1, routed)           0.208     1.093    system_i/clk_wiz_0/inst/clk_out2_system_clk_wiz_0_0
    BUFGCE_X0Y76         BUFGCE (Prop_BUFCE_BUFGCE_I_O)
                                                      0.026     1.119 r  system_i/clk_wiz_0/inst/clkout2_buf/O
    X1Y1 (CLOCK_ROOT)    net (fo=69546, routed)       1.628     2.747    system_i/mine_1/inst/grp_mine_Pipeline_HASH_CHUNK_fu_351/grp_sha256d_80_from_midstate_words_ii1_fu_358/grp_sha256_compress_words_ii1_fu_179/ap_clk
    SLICE_X14Y33         FDRE                                         r  system_i/mine_1/inst/grp_mine_Pipeline_HASH_CHUNK_fu_351/grp_sha256d_80_from_midstate_words_ii1_fu_358/grp_sha256_compress_words_ii1_fu_179/t1_60_reg_8549_reg[3]/C





