Execute       source -notrace -encoding utf-8 /tools/Xilinx/2025.2/Vitis/tps/tcl/tcl8.6/clock.tcl 
Execute         source -encoding utf-8 /tools/Xilinx/2025.2/tps/tcl/tcl8/8.5/msgcat-1.6.1.tm 
INFO-FLOW: Workspace /home/cse/Documents/WorkSpaces/vaddWS/hasitha_optimization/hasitha_hls_component/mine/hls opened at Mon Aug 03 02:09:49 AEST 2026
Execute       send_msg_by_id INFO @200-1505@%s%s default  vivado 
INFO: [HLS 200-1505] Using default flow_target 'vivado'
Execute       send_msg_by_id INFO @200-2174@%s%s component hls_config.cfg 
INFO: [HLS 200-2174] Applying component config ini file hls_config.cfg
Execute       apply_ini hls_config.cfg 
Execute         send_msg_by_id INFO @200-1465@%s 'syn.file=/home/cse/Documents/WorkSpaces/vaddWS/dylan-hls/mine.cpp' from hls_config.cfg(12) 
INFO: [HLS 200-1465] Applying config ini 'syn.file=/home/cse/Documents/WorkSpaces/vaddWS/dylan-hls/mine.cpp' from hls_config.cfg(12)
Execute         add_files /home/cse/Documents/WorkSpaces/vaddWS/dylan-hls/mine.cpp 
INFO: [HLS 200-10] Adding design file '/home/cse/Documents/WorkSpaces/vaddWS/dylan-hls/mine.cpp' to the project
Execute         send_msg_by_id INFO @200-1465@%s 'tb.file=/home/cse/Documents/WorkSpaces/vaddWS/dylan-hls/golden.dat' from hls_config.cfg(8) 
INFO: [HLS 200-1465] Applying config ini 'tb.file=/home/cse/Documents/WorkSpaces/vaddWS/dylan-hls/golden.dat' from hls_config.cfg(8)
Execute         add_files -tb /home/cse/Documents/WorkSpaces/vaddWS/dylan-hls/golden.dat 
INFO: [HLS 200-10] Adding test bench file '/home/cse/Documents/WorkSpaces/vaddWS/dylan-hls/golden.dat' to the project
Execute         send_msg_by_id INFO @200-1465@%s 'tb.file=/home/cse/Documents/WorkSpaces/vaddWS/dylan-hls/mine_test.cpp' from hls_config.cfg(9) 
INFO: [HLS 200-1465] Applying config ini 'tb.file=/home/cse/Documents/WorkSpaces/vaddWS/dylan-hls/mine_test.cpp' from hls_config.cfg(9)
Execute         add_files -tb /home/cse/Documents/WorkSpaces/vaddWS/dylan-hls/mine_test.cpp 
INFO: [HLS 200-10] Adding test bench file '/home/cse/Documents/WorkSpaces/vaddWS/dylan-hls/mine_test.cpp' to the project
Execute         send_msg_by_id INFO @200-1465@%s 'tb.file=/home/cse/Documents/WorkSpaces/vaddWS/baseline/sha256.h' from hls_config.cfg(10) 
INFO: [HLS 200-1465] Applying config ini 'tb.file=/home/cse/Documents/WorkSpaces/vaddWS/baseline/sha256.h' from hls_config.cfg(10)
Execute         add_files -tb /home/cse/Documents/WorkSpaces/vaddWS/baseline/sha256.h 
INFO: [HLS 200-10] Adding test bench file '/home/cse/Documents/WorkSpaces/vaddWS/baseline/sha256.h' to the project
Execute         send_msg_by_id INFO @200-1465@%s 'syn.top=mine' from hls_config.cfg(7) 
INFO: [HLS 200-1465] Applying config ini 'syn.top=mine' from hls_config.cfg(7)
Execute         set_top mine 
Execute         send_msg_by_id INFO @200-1465@%s 'flow_target=vitis' from hls_config.cfg(4) 
INFO: [HLS 200-1465] Applying config ini 'flow_target=vitis' from hls_config.cfg(4)
Execute         send_msg_by_id INFO @200-1505@%s%s  vitis 
INFO: [HLS 200-1505] Using flow_target 'vitis'
Execute         send_msg_by_id INFO @200-435@%s%s 'flow_target=vitis' config_interface -m_axi_latency=64 
INFO: [HLS 200-435] Setting 'flow_target=vitis' configuration: config_interface -m_axi_latency=64
Execute         config_interface -m_axi_latency=64 
Execute         send_msg_by_id INFO @200-435@%s%s 'flow_target=vitis' config_interface -m_axi_alignment_byte_size=64 
INFO: [HLS 200-435] Setting 'flow_target=vitis' configuration: config_interface -m_axi_alignment_byte_size=64
Execute         config_interface -m_axi_alignment_byte_size=64 
Execute         send_msg_by_id INFO @200-435@%s%s 'flow_target=vitis' config_interface -m_axi_max_widen_bitwidth=512 
INFO: [HLS 200-435] Setting 'flow_target=vitis' configuration: config_interface -m_axi_max_widen_bitwidth=512
Execute         config_interface -m_axi_max_widen_bitwidth=512 
INFO-FLOW: Setting macro_cmd flow_target=vitis configuration: config_interface -default_interface=kernel
Execute         config_interface -default_interface=kernel 
Execute         send_msg_by_id INFO @200-435@%s%s 'flow_target=vitis' config_rtl -register_reset_num=3 
INFO: [HLS 200-435] Setting 'flow_target=vitis' configuration: config_rtl -register_reset_num=3
Execute         config_rtl -register_reset_num=3 
Execute         send_msg_by_id INFO @200-1465@%s 'part=xck26-sfvc784-2LV-c' from hls_config.cfg(1) 
INFO: [HLS 200-1465] Applying config ini 'part=xck26-sfvc784-2LV-c' from hls_config.cfg(1)
Execute         set_part xck26-sfvc784-2LV-c 
Execute           create_platform xck26-sfvc784-2LV-c -board  
DBG:HLSDevice: Trying to load device library: /tools/Xilinx/2025.2/Vitis/lib/lnx64.o/libxv_hlsvwrap.so
DBG:HLSDevice: first parts/arch.xml in RDI_DATADIR: /tools/Xilinx/2025.2/Vivado/data/parts/arch.xml
DBG:HLSDevice: init success
INFO: [HLS 200-1611] Setting target device to 'xck26-sfvc784-2LV-c'
Command           create_platform done; 0.41 sec.
Execute           source /tools/Xilinx/2025.2/Vitis/common/technology/xilinx/common/xilinx.gen 
Execute             source /tools/Xilinx/2025.2/Vitis/common/technology/xilinx/interface/plb46.gen 
Execute             source /tools/Xilinx/2025.2/Vitis/common/technology/xilinx/interface/axi4.gen 
Execute             source /tools/Xilinx/2025.2/Vitis/common/technology/xilinx/interface/nativeAXI4.gen 
Execute               source /tools/Xilinx/2025.2/Vitis/common/technology/xilinx/interface/saxilite.gen 
Execute             source /tools/Xilinx/2025.2/Vitis/common/technology/xilinx/scripts/xilinxcoregen.gen 
Execute             source /tools/Xilinx/2025.2/Vitis/common/technology/xilinx/interface/XilEDKCoreGen.gen 
Execute             source /tools/Xilinx/2025.2/Vitis/common/technology/xilinx/ip/util.gen 
Execute             source /tools/Xilinx/2025.2/Vitis/common/technology/xilinx/ip/xfir.gen 
Execute             source /tools/Xilinx/2025.2/Vitis/common/technology/xilinx/ip/xfft.gen 
Execute             source /tools/Xilinx/2025.2/Vitis/common/technology/xilinx/ip/dds_compiler.gen 
Execute             source /tools/Xilinx/2025.2/Vitis/common/technology/xilinx/DSP48/dsp48.gen 
Execute           ap_part_info -name xck26-sfvc784-2LV-c -data info 
Execute           config_compile -quiet -complex-mul-dsp=0 
Command         set_part done; 0.51 sec.
Execute         send_msg_by_id INFO @200-1465@%s 'clock=200MHz' from hls_config.cfg(11) 
INFO: [HLS 200-1465] Applying config ini 'clock=200MHz' from hls_config.cfg(11)
Execute         create_clock -period 200mhz 
Execute           ap_set_clock -name default -period 5 -unit ns -default=false 
INFO: [SYN 201-201] Setting up clock 'default' with a period of 5ns.
Execute         send_msg_by_id INFO @200-1465@%s 'package.output.format=xo' from hls_config.cfg(5) 
INFO: [HLS 200-1465] Applying config ini 'package.output.format=xo' from hls_config.cfg(5)
Execute         config_export -format=xo 
Command       apply_ini done; 0.54 sec.
Execute       write_component -config /home/cse/Documents/WorkSpaces/vaddWS/hasitha_optimization/hasitha_hls_component/hls_config.cfg 
Execute         send_msg_by_id INFO @200-2176@%s /home/cse/Documents/WorkSpaces/vaddWS/hasitha_optimization/hasitha_hls_component/mine/vitis-comp.json 
INFO: [HLS 200-2176] Writing Vitis IDE component file /home/cse/Documents/WorkSpaces/vaddWS/hasitha_optimization/hasitha_hls_component/mine/vitis-comp.json
Command     open_solution done; 0.57 sec.
Command   open_component done; 0.58 sec.
Execute   apply_ini /home/cse/Documents/WorkSpaces/vaddWS/hasitha_optimization/hasitha_hls_component/mine/hls/config.cmdline -iscmdline 
Execute   ::AP::init_summary_file csynth 
Execute     AP::app_get_file_relativeroot [AP::app_get_root] {}
Execute   csynth_design 
Execute     AP::msg_collection_file -open /home/cse/Documents/WorkSpaces/vaddWS/hasitha_optimization/hasitha_hls_component/mine/hls/.autopilot/db/be_messages.xml 
Execute     ap_part_info -name xck26-sfvc784-2LV-c -data info 
INFO-FLOW: run_clang mine.cpp.xilinx-performance-pragma-detector exec: /tools/Xilinx/2025.2/Vitis/lnx64/tools/clang-16/bin/xilinx-performance-pragma-detector /home/cse/Documents/WorkSpaces/vaddWS/dylan-hls/mine.cpp -- -fhls -D__VITIS_HLS__ -DAESL_SYN -D__SYNTHESIS__ -D__HLS_SYN__ -I /tools/Xilinx/2025.2/Vitis/common/technology/autopilot -I /tools/Xilinx/2025.2/Vitis/common/technology/autopilot/ap_sysc -include etc/autopilot_ssdm_op.h -D__DSP48E2__ -target fpga64-xilinx-linux-gnu -I /usr/include/x86_64-linux-gnu --gcc-toolchain=/tools/Xilinx/2025.2/Vitis/tps/lnx64/gcc-8.3.0 -hls-platform-db-name=/tools/Xilinx/2025.2/Vitis/common/technology/xilinx/common/platform.db -hls-platform-name=zynquplus_medium -device-resource-info=BRAM_288.000000_DSP_1248.000000_FF_234240.000000_LUT_117120.000000_SLICE_14640.000000_URAM_64.000000 -device-name-info=xck26-sfvc784-2LV-c > /home/cse/Documents/WorkSpaces/vaddWS/hasitha_optimization/hasitha_hls_component/mine/hls/.autopilot/db/mine.cpp.xilinx-performance-pragma-detector.out.log 2> /home/cse/Documents/WorkSpaces/vaddWS/hasitha_optimization/hasitha_hls_component/mine/hls/.autopilot/db/mine.cpp.xilinx-performance-pragma-detector.err.log
INFO-FLOW: run_clang result=success num-err-msgs=0 num-stderr-lines=1
Execute     elaborate -effort=medium -skip_syncheck=0 -keep_printf=0 -skip_cdt=0 -skip_transform=0 -ng=0 -g=0 -from_csynth_design=1 
INFO: [HLS 200-111] Finished File checks and directory preparation: CPU user time: 1.12 seconds. CPU system time: 0.58 seconds. Elapsed time: 2.27 seconds; current allocated memory: 274.578 MB.
Execute       send_msg_by_id INFO @200-2191@%s%s C-Synthesis clang-16 
INFO: [HLS 200-2191] C-Synthesis will use clang-16 as the compiler
Execute       set_directive_top mine -name=mine 
INFO: [HLS 200-10] Analyzing design file '/home/cse/Documents/WorkSpaces/vaddWS/dylan-hls/mine.cpp' ... 
INFO-FLOW: Compiling one TU...
INFO-FLOW: Handling /home/cse/Documents/WorkSpaces/vaddWS/dylan-hls/mine.cpp as C++
Execute       ap_part_info -name xck26-sfvc784-2LV-c -data info 
INFO-FLOW: Running: GCC PP 39
INFO-FLOW: Source preprocessing
INFO-FLOW: run_clang mine.cpp.clang exec: /tools/Xilinx/2025.2/Vitis/lnx64/tools/clang-16/bin/clang /home/cse/Documents/WorkSpaces/vaddWS/dylan-hls/mine.cpp -foptimization-record-file=/home/cse/Documents/WorkSpaces/vaddWS/hasitha_optimization/hasitha_hls_component/mine/hls/.autopilot/db/mine.cpp.clang.diag.yml -mllvm -pass-remarks-missed=reflow|pasta|unroll|inline -mllvm -pass-remarks=reflow|pasta|unroll|inline -fno-limit-debug-info --gcc-toolchain=/tools/Xilinx/2025.2/Vitis/tps/lnx64/gcc-8.3.0 -fhls -fno-exceptions -insert-hls-directive=/home/cse/Documents/WorkSpaces/vaddWS/hasitha_optimization/hasitha_hls_component/mine/hls/.autopilot/db/all.directive.json -hls-directive-location -E -fno-math-errno -c -emit-llvm -mllvm -disable-llvm-optzns -Xclang -no-opaque-pointers -Xclang -fmerge-all-constants -Werror=implicit-hls-streams -Werror=return-type -Wpragmas -Wunused-parameter -Wdump-hls-pragmas -Wno-error=dump-hls-pragmas -hls-clock-period=5 -fno-threadsafe-statics -fno-use-cxa-atexit -target fpga64-xilinx-linux-gnu -fno-threadsafe-statics -fno-use-cxa-atexit -D__VITIS_HLS__ -DAESL_SYN -D__SYNTHESIS__ -D__HLS_SYN__ -I /tools/Xilinx/2025.2/Vitis/common/technology/autopilot -I /tools/Xilinx/2025.2/Vitis/common/technology/autopilot/ap_sysc -include etc/autopilot_ssdm_op.h -D__DSP48E2__ -I /usr/include/x86_64-linux-gnu -o /home/cse/Documents/WorkSpaces/vaddWS/hasitha_optimization/hasitha_hls_component/mine/hls/.autopilot/db/mine.pp.0.cpp -hls-platform-db-name=/tools/Xilinx/2025.2/Vitis/common/technology/xilinx/common/platform.db -hls-platform-name=zynquplus_medium -device-resource-info=BRAM_288.000000_DSP_1248.000000_FF_234240.000000_LUT_117120.000000_SLICE_14640.000000_URAM_64.000000 -device-name-info=xck26-sfvc784-2LV-c > /home/cse/Documents/WorkSpaces/vaddWS/hasitha_optimization/hasitha_hls_component/mine/hls/.autopilot/db/mine.cpp.clang.out.log 2> /home/cse/Documents/WorkSpaces/vaddWS/hasitha_optimization/hasitha_hls_component/mine/hls/.autopilot/db/mine.cpp.clang.err.log
INFO-FLOW: run_clang result=success num-err-msgs=0 num-stderr-lines=0
INFO-FLOW: Done: GCC PP 39 time: 0.1 seconds 
INFO-FLOW: Source syntax check for synthesis
INFO-FLOW: run_clang clang exec: /tools/Xilinx/2025.2/Vitis/lnx64/tools/clang-16/bin/clang -foptimization-record-file=/home/cse/Documents/WorkSpaces/vaddWS/hasitha_optimization/hasitha_hls_component/mine/hls/.autopilot/db/clang.diag.yml -mllvm -pass-remarks-missed=reflow|pasta|unroll|inline -mllvm -pass-remarks=reflow|pasta|unroll|inline -fsyntax-only -fhls -target fpga64-xilinx-linux-gnu /home/cse/Documents/WorkSpaces/vaddWS/hasitha_optimization/hasitha_hls_component/mine/hls/.autopilot/db/mine.pp.0.cpp -hls-platform-db-name=/tools/Xilinx/2025.2/Vitis/common/technology/xilinx/common/platform.db -hls-platform-name=zynquplus_medium -device-resource-info=BRAM_288.000000_DSP_1248.000000_FF_234240.000000_LUT_117120.000000_SLICE_14640.000000_URAM_64.000000 -device-name-info=xck26-sfvc784-2LV-c > /home/cse/Documents/WorkSpaces/vaddWS/hasitha_optimization/hasitha_hls_component/mine/hls/.autopilot/db/clang.out.log 2> /home/cse/Documents/WorkSpaces/vaddWS/hasitha_optimization/hasitha_hls_component/mine/hls/.autopilot/db/clang.err.log
INFO-FLOW: run_clang result=success num-err-msgs=0 num-stderr-lines=0
Execute       clang_tidy xilinx-systemc-detector -desc systemc-detector /home/cse/Documents/WorkSpaces/vaddWS/hasitha_optimization/hasitha_hls_component/mine/hls/.autopilot/db/mine.pp.0.cpp  -target fpga -directive=/home/cse/Documents/WorkSpaces/vaddWS/hasitha_optimization/hasitha_hls_component/mine/hls/.autopilot/db/.systemc_flag 
INFO-FLOW: exec /tools/Xilinx/2025.2/Vitis/lnx64/tools/clang-16/bin/clang-tidy -header-filter=.* --checks=-*,xilinx-systemc-detector -import-directive=/home/cse/Documents/WorkSpaces/vaddWS/hasitha_optimization/hasitha_hls_component/mine/hls/.autopilot/db/.systemc_flag -fix-errors /home/cse/Documents/WorkSpaces/vaddWS/hasitha_optimization/hasitha_hls_component/mine/hls/.autopilot/db/mine.pp.0.cpp -- - -target fpga -fhls -ferror-limit=0
INFO-FLOW: Running: clang-tidy CDT preprocess 39
Execute       clang_tidy xilinx-directive2pragma -desc directive2pragma /home/cse/Documents/WorkSpaces/vaddWS/hasitha_optimization/hasitha_hls_component/mine/hls/.autopilot/db/mine.pp.0.cpp  -target fpga -directive=/home/cse/Documents/WorkSpaces/vaddWS/hasitha_optimization/hasitha_hls_component/mine/hls/.autopilot/db/all.directive.json 
INFO-FLOW: exec /tools/Xilinx/2025.2/Vitis/lnx64/tools/clang-16/bin/clang-tidy -header-filter=.* --checks=-*,xilinx-directive2pragma -import-directive=/home/cse/Documents/WorkSpaces/vaddWS/hasitha_optimization/hasitha_hls_component/mine/hls/.autopilot/db/all.directive.json -fix-errors /home/cse/Documents/WorkSpaces/vaddWS/hasitha_optimization/hasitha_hls_component/mine/hls/.autopilot/db/mine.pp.0.cpp -- - -target fpga -fhls -ferror-limit=0
INFO-FLOW: Done: clang-tidy CDT preprocess 39 time: 0 seconds 
INFO-FLOW: Calling xilinx-label-all-loops ... 
INFO-FLOW: Calling xilinx-aggregate-on-hls-vector ... 
Execute       clang_tidy -errorcheck -desc loop-label xilinx-label-all-loops,xilinx-aggregate-on-hls-vector,,xilinx-warn-mayneed-no-ctor-attribute /home/cse/Documents/WorkSpaces/vaddWS/hasitha_optimization/hasitha_hls_component/mine/hls/.autopilot/db/mine.pp.0.cpp  -target fpga 
INFO-FLOW: run_clang loop-label exec: /tools/Xilinx/2025.2/Vitis/lnx64/tools/clang-16/bin/clang-tidy -export-fixes=/home/cse/Documents/WorkSpaces/vaddWS/hasitha_optimization/hasitha_hls_component/mine/hls/.autopilot/db/mine.pp.0.cpp.clang-tidy.loop-label.diag.yml -header-filter=.* --checks=-*,xilinx-label-all-loops,xilinx-aggregate-on-hls-vector,,xilinx-warn-mayneed-no-ctor-attribute -fix-errors /home/cse/Documents/WorkSpaces/vaddWS/hasitha_optimization/hasitha_hls_component/mine/hls/.autopilot/db/mine.pp.0.cpp -- - -target fpga -fhls -ferror-limit=0 > /home/cse/Documents/WorkSpaces/vaddWS/hasitha_optimization/hasitha_hls_component/mine/hls/.autopilot/db/mine.pp.0.cpp.clang-tidy.loop-label.out.log 2> /home/cse/Documents/WorkSpaces/vaddWS/hasitha_optimization/hasitha_hls_component/mine/hls/.autopilot/db/mine.pp.0.cpp.clang-tidy.loop-label.err.log
Execute         source /tools/Xilinx/2025.2/Vitis/tps/tcl/tcllib2.0/yaml/yaml.tcl 
Execute           source /tools/Xilinx/2025.2/Vitis/tps/tcl/tcllib2.0/cmdline/cmdline.tcl 
INFO-FLOW: run_clang result=success num-err-msgs=0 num-stderr-lines=16
INFO-FLOW: run_clang mine.pp.0.cpp.xilinx-dataflow-lawyer exec: /tools/Xilinx/2025.2/Vitis/lnx64/tools/clang-16/bin/xilinx-dataflow-lawyer -export-fixes=/home/cse/Documents/WorkSpaces/vaddWS/hasitha_optimization/hasitha_hls_component/mine/hls/.autopilot/db/mine.pp.0.cpp.xilinx-dataflow-lawyer.diag.yml /home/cse/Documents/WorkSpaces/vaddWS/hasitha_optimization/hasitha_hls_component/mine/hls/.autopilot/db/mine.pp.0.cpp -- - -target fpga -fhls -ferror-limit=0 -fstrict-dataflow > /home/cse/Documents/WorkSpaces/vaddWS/hasitha_optimization/hasitha_hls_component/mine/hls/.autopilot/db/mine.pp.0.cpp.xilinx-dataflow-lawyer.out.log 2> /home/cse/Documents/WorkSpaces/vaddWS/hasitha_optimization/hasitha_hls_component/mine/hls/.autopilot/db/mine.pp.0.cpp.xilinx-dataflow-lawyer.err.log
INFO-FLOW: run_clang result=success num-err-msgs=0 num-stderr-lines=0
Execute       ap_part_info -name xck26-sfvc784-2LV-c -data info 
INFO-FLOW: compiling source code to llvm bc
INFO-FLOW: run_clang mine.pp.0.cpp.clang exec: /tools/Xilinx/2025.2/Vitis/lnx64/tools/clang-16/bin/clang -foptimization-record-file=/home/cse/Documents/WorkSpaces/vaddWS/hasitha_optimization/hasitha_hls_component/mine/hls/.autopilot/db/mine.pp.0.cpp.clang.diag.yml -mllvm -pass-remarks-missed=reflow|pasta|unroll|inline -mllvm -pass-remarks=reflow|pasta|unroll|inline -flto -fno-exceptions -Wno-error=c++11-narrowing -fno-limit-debug-info -fhls -hls-emit-hint-scope /home/cse/Documents/WorkSpaces/vaddWS/hasitha_optimization/hasitha_hls_component/mine/hls/.autopilot/db/mine.pp.0.cpp -fno-math-errno -c -emit-llvm -mllvm -disable-llvm-optzns -Xclang -no-opaque-pointers -Xclang -fmerge-all-constants -Werror=implicit-hls-streams -Werror=return-type -Wpragmas -Wunused-parameter -Wdump-hls-pragmas -Wno-error=dump-hls-pragmas -hls-clock-period=5 -fno-threadsafe-statics -fno-use-cxa-atexit -target fpga64-xilinx-linux-gnu -D__VITIS_HLS__ -DAESL_SYN -D__SYNTHESIS__ -D__HLS_SYN__ -I /tools/Xilinx/2025.2/Vitis/common/technology/autopilot -I /tools/Xilinx/2025.2/Vitis/common/technology/autopilot/ap_sysc -include etc/autopilot_ssdm_op.h -D__DSP48E2__ -g -o /home/cse/Documents/WorkSpaces/vaddWS/hasitha_optimization/hasitha_hls_component/mine/hls/.autopilot/db/mine.pre.g.bc -hls-platform-db-name=/tools/Xilinx/2025.2/Vitis/common/technology/xilinx/common/platform.db -hls-platform-name=zynquplus_medium -device-resource-info=BRAM_288.000000_DSP_1248.000000_FF_234240.000000_LUT_117120.000000_SLICE_14640.000000_URAM_64.000000 -device-name-info=xck26-sfvc784-2LV-c > /home/cse/Documents/WorkSpaces/vaddWS/hasitha_optimization/hasitha_hls_component/mine/hls/.autopilot/db/mine.pp.0.cpp.clang.out.log 2> /home/cse/Documents/WorkSpaces/vaddWS/hasitha_optimization/hasitha_hls_component/mine/hls/.autopilot/db/mine.pp.0.cpp.clang.err.log
INFO-FLOW: run_clang result=success num-err-msgs=0 num-stderr-lines=0
INFO-FLOW: converting llvm 16.0.4 bc to downstrem bc
INFO-FLOW: run_clang mine.bc.llvm-converter exec: /tools/Xilinx/2025.2/Vitis/lnx64/tools/clang-16/bin/llvm-converter -opaque-pointers=0 /home/cse/Documents/WorkSpaces/vaddWS/hasitha_optimization/hasitha_hls_component/mine/hls/.autopilot/db/mine.pre.g.bc -o /home/cse/Documents/WorkSpaces/vaddWS/hasitha_optimization/hasitha_hls_component/mine/hls/.autopilot/db/mine.bc > /home/cse/Documents/WorkSpaces/vaddWS/hasitha_optimization/hasitha_hls_component/mine/hls/.autopilot/db/mine.bc.llvm-converter.out.log 2> /home/cse/Documents/WorkSpaces/vaddWS/hasitha_optimization/hasitha_hls_component/mine/hls/.autopilot/db/mine.bc.llvm-converter.err.log
INFO-FLOW: run_clang result=success num-err-msgs=0 num-stderr-lines=0
INFO: [HLS 200-111] Finished Source Code Analysis and Preprocessing: CPU user time: 0.21 seconds. CPU system time: 0.23 seconds. Elapsed time: 0.53 seconds; current allocated memory: 276.879 MB.
INFO-FLOW: Linking Debug ...
INFO-FLOW: Linking dut bc code.
Execute       run_link_or_opt -out /home/cse/Documents/WorkSpaces/vaddWS/hasitha_optimization/hasitha_hls_component/mine/hls/.autopilot/db/a.g.ld.0.bc -args /home/cse/Documents/WorkSpaces/vaddWS/hasitha_optimization/hasitha_hls_component/mine/hls/.autopilot/db/mine.bc 
INFO-FLOW: run_clang a.g.ld.0.bc.llvm-link exec: /tools/Xilinx/2025.2/Vitis/lnx64/tools/clang-3.9-csynth/bin/llvm-link /home/cse/Documents/WorkSpaces/vaddWS/hasitha_optimization/hasitha_hls_component/mine/hls/.autopilot/db/mine.bc -o /home/cse/Documents/WorkSpaces/vaddWS/hasitha_optimization/hasitha_hls_component/mine/hls/.autopilot/db/a.g.ld.0.bc > /home/cse/Documents/WorkSpaces/vaddWS/hasitha_optimization/hasitha_hls_component/mine/hls/.autopilot/db/a.g.ld.0.bc.llvm-link.out.log 2> /home/cse/Documents/WorkSpaces/vaddWS/hasitha_optimization/hasitha_hls_component/mine/hls/.autopilot/db/a.g.ld.0.bc.llvm-link.err.log
INFO-FLOW: run_clang result=success num-err-msgs=0 num-stderr-lines=0
Execute       run_link_or_opt -opt -out /home/cse/Documents/WorkSpaces/vaddWS/hasitha_optimization/hasitha_hls_component/mine/hls/.autopilot/db/a.g.ld.1.lower.bc -args /home/cse/Documents/WorkSpaces/vaddWS/hasitha_optimization/hasitha_hls_component/mine/hls/.autopilot/db/a.g.ld.0.bc -reflow-lower-math-intrinsics 
INFO-FLOW: run_clang a.g.ld.1.lower.bc.opt exec: /tools/Xilinx/2025.2/Vitis/lnx64/tools/clang-3.9-csynth/bin/opt -pass-remarks-missed=reflow|pasta|unroll|inline -pass-remarks=reflow|pasta|unroll|inline -pass-remarks-output=/home/cse/Documents/WorkSpaces/vaddWS/hasitha_optimization/hasitha_hls_component/mine/hls/.autopilot/db/a.g.ld.1.lower.bc.opt.diag.yml /home/cse/Documents/WorkSpaces/vaddWS/hasitha_optimization/hasitha_hls_component/mine/hls/.autopilot/db/a.g.ld.0.bc -reflow-lower-math-intrinsics -o /home/cse/Documents/WorkSpaces/vaddWS/hasitha_optimization/hasitha_hls_component/mine/hls/.autopilot/db/a.g.ld.1.lower.bc > /home/cse/Documents/WorkSpaces/vaddWS/hasitha_optimization/hasitha_hls_component/mine/hls/.autopilot/db/a.g.ld.1.lower.bc.opt.out.log 2> /home/cse/Documents/WorkSpaces/vaddWS/hasitha_optimization/hasitha_hls_component/mine/hls/.autopilot/db/a.g.ld.1.lower.bc.opt.err.log
INFO-FLOW: run_clang result=success num-err-msgs=0 num-stderr-lines=0
INFO-FLOW: Running: gen_design_size_report post-opt
INFO-FLOW: Done: gen_design_size_report post-opt time: 0 seconds 
INFO-FLOW: Linking math bc lib
Execute       run_link_or_opt -out /home/cse/Documents/WorkSpaces/vaddWS/hasitha_optimization/hasitha_hls_component/mine/hls/.autopilot/db/a.g.ld.2.m1.bc -args /home/cse/Documents/WorkSpaces/vaddWS/hasitha_optimization/hasitha_hls_component/mine/hls/.autopilot/db/a.g.ld.1.lower.bc -only-needed /tools/Xilinx/2025.2/Vitis/lnx64/lib/libhlsm_39.bc /tools/Xilinx/2025.2/Vitis/lnx64/lib/libhlsmc++_39.bc 
INFO-FLOW: run_clang a.g.ld.2.m1.bc.llvm-link exec: /tools/Xilinx/2025.2/Vitis/lnx64/tools/clang-3.9-csynth/bin/llvm-link /home/cse/Documents/WorkSpaces/vaddWS/hasitha_optimization/hasitha_hls_component/mine/hls/.autopilot/db/a.g.ld.1.lower.bc -only-needed /tools/Xilinx/2025.2/Vitis/lnx64/lib/libhlsm_39.bc /tools/Xilinx/2025.2/Vitis/lnx64/lib/libhlsmc++_39.bc -o /home/cse/Documents/WorkSpaces/vaddWS/hasitha_optimization/hasitha_hls_component/mine/hls/.autopilot/db/a.g.ld.2.m1.bc > /home/cse/Documents/WorkSpaces/vaddWS/hasitha_optimization/hasitha_hls_component/mine/hls/.autopilot/db/a.g.ld.2.m1.bc.llvm-link.out.log 2> /home/cse/Documents/WorkSpaces/vaddWS/hasitha_optimization/hasitha_hls_component/mine/hls/.autopilot/db/a.g.ld.2.m1.bc.llvm-link.err.log
INFO-FLOW: run_clang result=success num-err-msgs=0 num-stderr-lines=0
Command       run_link_or_opt done; 1.3 sec.
Execute       run_link_or_opt -opt -out /home/cse/Documents/WorkSpaces/vaddWS/hasitha_optimization/hasitha_hls_component/mine/hls/.autopilot/db/a.g.ld.3.fpc.bc -args /home/cse/Documents/WorkSpaces/vaddWS/hasitha_optimization/hasitha_hls_component/mine/hls/.autopilot/db/a.g.ld.2.m1.bc -reflow-globaldce -hls-top-function-name=mine -reflow-float-conversion 
INFO-FLOW: run_clang a.g.ld.3.fpc.bc.opt exec: /tools/Xilinx/2025.2/Vitis/lnx64/tools/clang-3.9-csynth/bin/opt -pass-remarks-missed=reflow|pasta|unroll|inline -pass-remarks=reflow|pasta|unroll|inline -pass-remarks-output=/home/cse/Documents/WorkSpaces/vaddWS/hasitha_optimization/hasitha_hls_component/mine/hls/.autopilot/db/a.g.ld.3.fpc.bc.opt.diag.yml /home/cse/Documents/WorkSpaces/vaddWS/hasitha_optimization/hasitha_hls_component/mine/hls/.autopilot/db/a.g.ld.2.m1.bc -reflow-globaldce -hls-top-function-name=mine -reflow-float-conversion -o /home/cse/Documents/WorkSpaces/vaddWS/hasitha_optimization/hasitha_hls_component/mine/hls/.autopilot/db/a.g.ld.3.fpc.bc > /home/cse/Documents/WorkSpaces/vaddWS/hasitha_optimization/hasitha_hls_component/mine/hls/.autopilot/db/a.g.ld.3.fpc.bc.opt.out.log 2> /home/cse/Documents/WorkSpaces/vaddWS/hasitha_optimization/hasitha_hls_component/mine/hls/.autopilot/db/a.g.ld.3.fpc.bc.opt.err.log
INFO-FLOW: run_clang result=success num-err-msgs=0 num-stderr-lines=0
INFO-FLOW: Running: gen_design_size_report post-opt
INFO-FLOW: Done: gen_design_size_report post-opt time: 0 seconds 
Command       run_link_or_opt done; 0.49 sec.
Execute       run_link_or_opt -out /home/cse/Documents/WorkSpaces/vaddWS/hasitha_optimization/hasitha_hls_component/mine/hls/.autopilot/db/a.g.ld.4.m2.bc -args /home/cse/Documents/WorkSpaces/vaddWS/hasitha_optimization/hasitha_hls_component/mine/hls/.autopilot/db/a.g.ld.3.fpc.bc -only-needed /tools/Xilinx/2025.2/Vitis/lnx64/lib/libfloatconversion_39.bc 
INFO-FLOW: run_clang a.g.ld.4.m2.bc.llvm-link exec: /tools/Xilinx/2025.2/Vitis/lnx64/tools/clang-3.9-csynth/bin/llvm-link /home/cse/Documents/WorkSpaces/vaddWS/hasitha_optimization/hasitha_hls_component/mine/hls/.autopilot/db/a.g.ld.3.fpc.bc -only-needed /tools/Xilinx/2025.2/Vitis/lnx64/lib/libfloatconversion_39.bc -o /home/cse/Documents/WorkSpaces/vaddWS/hasitha_optimization/hasitha_hls_component/mine/hls/.autopilot/db/a.g.ld.4.m2.bc > /home/cse/Documents/WorkSpaces/vaddWS/hasitha_optimization/hasitha_hls_component/mine/hls/.autopilot/db/a.g.ld.4.m2.bc.llvm-link.out.log 2> /home/cse/Documents/WorkSpaces/vaddWS/hasitha_optimization/hasitha_hls_component/mine/hls/.autopilot/db/a.g.ld.4.m2.bc.llvm-link.err.log
INFO-FLOW: run_clang result=success num-err-msgs=0 num-stderr-lines=0
Execute       run_link_or_opt -opt -out /home/cse/Documents/WorkSpaces/vaddWS/hasitha_optimization/hasitha_hls_component/mine/hls/.autopilot/db/a.g.ld.5.gdce.bc -args /home/cse/Documents/WorkSpaces/vaddWS/hasitha_optimization/hasitha_hls_component/mine/hls/.autopilot/db/a.g.ld.4.m2.bc -reflow-globaldce -hls-top-function-name=mine 
INFO-FLOW: run_clang a.g.ld.5.gdce.bc.opt exec: /tools/Xilinx/2025.2/Vitis/lnx64/tools/clang-3.9-csynth/bin/opt -pass-remarks-missed=reflow|pasta|unroll|inline -pass-remarks=reflow|pasta|unroll|inline -pass-remarks-output=/home/cse/Documents/WorkSpaces/vaddWS/hasitha_optimization/hasitha_hls_component/mine/hls/.autopilot/db/a.g.ld.5.gdce.bc.opt.diag.yml /home/cse/Documents/WorkSpaces/vaddWS/hasitha_optimization/hasitha_hls_component/mine/hls/.autopilot/db/a.g.ld.4.m2.bc -reflow-globaldce -hls-top-function-name=mine -o /home/cse/Documents/WorkSpaces/vaddWS/hasitha_optimization/hasitha_hls_component/mine/hls/.autopilot/db/a.g.ld.5.gdce.bc > /home/cse/Documents/WorkSpaces/vaddWS/hasitha_optimization/hasitha_hls_component/mine/hls/.autopilot/db/a.g.ld.5.gdce.bc.opt.out.log 2> /home/cse/Documents/WorkSpaces/vaddWS/hasitha_optimization/hasitha_hls_component/mine/hls/.autopilot/db/a.g.ld.5.gdce.bc.opt.err.log
INFO-FLOW: run_clang result=success num-err-msgs=0 num-stderr-lines=0
INFO-FLOW: Running: gen_design_size_report post-opt
INFO-FLOW: Done: gen_design_size_report post-opt time: 0 seconds 
Execute       send_msg_by_id INFO @200-777@%s Vitis 
INFO: [HLS 200-777] Using interface defaults for 'Vitis' flow target.
Execute       is_m_axi_addr64 
INFO-FLOW: Doing LTO.
INFO-FLOW: run_clang reflow (background poll_ms 5000) exec: /tools/Xilinx/2025.2/Vitis/lnx64/tools/clang-3.9-csynth/bin/clang -foptimization-record-file=/home/cse/Documents/WorkSpaces/vaddWS/hasitha_optimization/hasitha_hls_component/mine/hls/.autopilot/db/a.g.ld.0.bc.clang.reflow.diag.yml -mllvm -pass-remarks-missed=reflow|pasta|unroll|inline -mllvm -pass-remarks=reflow|pasta|unroll|inline -fhls -mllvm -hls-top-function-name=mine -mllvm -hls-db-dir -mllvm /home/cse/Documents/WorkSpaces/vaddWS/hasitha_optimization/hasitha_hls_component/mine/hls/.autopilot/db -emit-llvm -c -target fpga64-xilinx-none -mllvm -xcl-xmlinfo=/home/cse/Documents/WorkSpaces/vaddWS/hasitha_optimization/hasitha_hls_component/mine/hls/.autopilot/db/../../kernel.xml -mllvm -top-io-mapping-info=/home/cse/Documents/WorkSpaces/vaddWS/hasitha_optimization/hasitha_hls_component/mine/hls/.autopilot/db/top-io-fe.xml -mllvm -hls-bitcode-version=3.1 -mllvm -reflow-enable-slave-interface-default-setting=true -mllvm -gen-kernel-xml=true -mllvm -default-maxi-offset=slave -mllvm -reflow-unroll-size-threshold=10000 -mllvm -reflow-unroll-cost-threshold=1000000 -mllvm -maxi-latency=64 -mllvm -hls-maxi-data-size-in-bits=8 -mllvm -hls-maxi-max-data-size-in-bits=1024 -mllvm -hls-max-widen-size-in-bits=512 -mllvm -xcl-kernel-max-mem-ports=0 -mllvm -maxi-read-trans=16 -mllvm -maxi-write-trans=16 -mllvm -maxi-read-burst-len=16 -mllvm -maxi-write-burst-len=16 -mllvm -reflow-enable-saxi-64bits=0 -mllvm -reflow-basic-block-instr-threshold=200000 -mllvm -reflow-auto-pipeline-threshold=64 -mllvm -reflow-enable-maxi-auto-id-channel=0 -mllvm -reflow-bdd-simplify-threshold=1048576 -mllvm -reflow-fanout-threshold=16 -mllvm -reflow-force-aggressive-unroll=0 -mllvm -reflow-aggressive-unroll-adjust-factor=1.000000 -mllvm -reflow-complete-threshold=4 -mllvm -reflow-array-promotion-threshold=64 -mllvm -reflow-enable-critical-path-for-performance=1 -mllvm -assume-maxi-align=64 -mllvm -reflow-enable-dataflow-strict-mode-checking=1 -ftime-report -mllvm -time-passes -mllvm -reflow-auto-array-partition-mode=default -mllvm -reflow-enable-auto-small-array-partition=true -mllvm -reflow-enable-auto-array-promotion=true -mllvm -reflow-enable-auto-array-partition-for-flatten=true -mllvm -reflow-enable-auto-parallel-performance-driven=true -mllvm -reflow-enable-partition-for-automation=true -mllvm -reflow-aggregate-bitwidth-threshold=4096 -mllvm -reflow-reserved-saxilite-registers=0 -mllvm -enable-reflow-auto-loop-pipeline -mllvm -reflow-max-unroll-threshold=409600 -mllvm -auto-unroll-tripcount-threshold=0 -mllvm -reflow-assume-no-address-wrap=true -mllvm -reflow-enable-occurrence-inference=true -mllvm -reflow-emit-hint-scope=true -mllvm -reflow-enable-codegen-with-if=true -mllvm -reflow-enable-dataflow-canon=true -mllvm -reflow-enable-dataflow-canon2=true -mllvm -reflow-dump-extra-complexity-metric=true -mllvm -reflow-enable-dse-loop-nest-extraction=false -mllvm -hls -mllvm -disable-inlined-alloca-merging=true -mllvm -enable-reflow-vitis-flow-setting=true -mllvm -default-clock-period=5 -mllvm -use_read_first_ram_in_loop=1 -mllvm -default-clock-uncertainty=1.35 -x ir /home/cse/Documents/WorkSpaces/vaddWS/hasitha_optimization/hasitha_hls_component/mine/hls/.autopilot/db/a.g.ld.5.gdce.bc -o /home/cse/Documents/WorkSpaces/vaddWS/hasitha_optimization/hasitha_hls_component/mine/hls/.autopilot/db/a.g.lto.bc -hls-platform-db-name=/tools/Xilinx/2025.2/Vitis/common/technology/xilinx/common/platform.db -hls-platform-name=zynquplus_medium -device-resource-info=BRAM_288.000000_DSP_1248.000000_FF_234240.000000_LUT_117120.000000_SLICE_14640.000000_URAM_64.000000 -device-name-info=xck26-sfvc784-2LV-c 2> /home/cse/Documents/WorkSpaces/vaddWS/hasitha_optimization/hasitha_hls_component/mine/hls/.autopilot/db/a.g.ld.0.bc.clang.reflow.err.log bg_poll_cmd: ::AP::poll_clang_39_closed_source
Execute       send_msg_by_id INFO @200-1995@%s%s%s 988 Compile/Link (/home/cse/Documents/WorkSpaces/vaddWS/hasitha_optimization/hasitha_hls_component/mine/hls/syn/report/csynth_design_size.rpt:2) 
INFO: [HLS 200-1995] There were 988 instructions in the design after the 'Compile/Link' phase of compilation. See the Design Size Report for more details (/home/cse/Documents/WorkSpaces/vaddWS/hasitha_optimization/hasitha_hls_component/mine/hls/syn/report/csynth_design_size.rpt:2)
Execute       send_msg_by_id INFO @200-1995@%s%s%s 1,150 Unroll/Inline (step 1) (/home/cse/Documents/WorkSpaces/vaddWS/hasitha_optimization/hasitha_hls_component/mine/hls/syn/report/csynth_design_size.rpt:2) 
INFO: [HLS 200-1995] There were 1,150 instructions in the design after the 'Unroll/Inline (step 1)' phase of compilation. See the Design Size Report for more details (/home/cse/Documents/WorkSpaces/vaddWS/hasitha_optimization/hasitha_hls_component/mine/hls/syn/report/csynth_design_size.rpt:2)
Execute       send_msg_by_id INFO @200-1995@%s%s%s 901 Unroll/Inline (step 2) (/home/cse/Documents/WorkSpaces/vaddWS/hasitha_optimization/hasitha_hls_component/mine/hls/syn/report/csynth_design_size.rpt:2) 
INFO: [HLS 200-1995] There were 901 instructions in the design after the 'Unroll/Inline (step 2)' phase of compilation. See the Design Size Report for more details (/home/cse/Documents/WorkSpaces/vaddWS/hasitha_optimization/hasitha_hls_component/mine/hls/syn/report/csynth_design_size.rpt:2)
Execute       send_msg_by_id INFO @200-1995@%s%s%s 820 Unroll/Inline (step 3) (/home/cse/Documents/WorkSpaces/vaddWS/hasitha_optimization/hasitha_hls_component/mine/hls/syn/report/csynth_design_size.rpt:2) 
INFO: [HLS 200-1995] There were 820 instructions in the design after the 'Unroll/Inline (step 3)' phase of compilation. See the Design Size Report for more details (/home/cse/Documents/WorkSpaces/vaddWS/hasitha_optimization/hasitha_hls_component/mine/hls/syn/report/csynth_design_size.rpt:2)
Execute       send_msg_by_id INFO @200-1995@%s%s%s 809 Unroll/Inline (step 4) (/home/cse/Documents/WorkSpaces/vaddWS/hasitha_optimization/hasitha_hls_component/mine/hls/syn/report/csynth_design_size.rpt:2) 
INFO: [HLS 200-1995] There were 809 instructions in the design after the 'Unroll/Inline (step 4)' phase of compilation. See the Design Size Report for more details (/home/cse/Documents/WorkSpaces/vaddWS/hasitha_optimization/hasitha_hls_component/mine/hls/syn/report/csynth_design_size.rpt:2)
Execute       send_msg_by_id INFO @200-1995@%s%s%s 1,427 Array/Struct (step 1) (/home/cse/Documents/WorkSpaces/vaddWS/hasitha_optimization/hasitha_hls_component/mine/hls/syn/report/csynth_design_size.rpt:2) 
INFO: [HLS 200-1995] There were 1,427 instructions in the design after the 'Array/Struct (step 1)' phase of compilation. See the Design Size Report for more details (/home/cse/Documents/WorkSpaces/vaddWS/hasitha_optimization/hasitha_hls_component/mine/hls/syn/report/csynth_design_size.rpt:2)
Execute       send_msg_by_id INFO @200-1995@%s%s%s 1,163 Array/Struct (step 2) (/home/cse/Documents/WorkSpaces/vaddWS/hasitha_optimization/hasitha_hls_component/mine/hls/syn/report/csynth_design_size.rpt:2) 
INFO: [HLS 200-1995] There were 1,163 instructions in the design after the 'Array/Struct (step 2)' phase of compilation. See the Design Size Report for more details (/home/cse/Documents/WorkSpaces/vaddWS/hasitha_optimization/hasitha_hls_component/mine/hls/syn/report/csynth_design_size.rpt:2)
Execute       send_msg_by_id INFO @200-1995@%s%s%s 1,163 Array/Struct (step 3) (/home/cse/Documents/WorkSpaces/vaddWS/hasitha_optimization/hasitha_hls_component/mine/hls/syn/report/csynth_design_size.rpt:2) 
INFO: [HLS 200-1995] There were 1,163 instructions in the design after the 'Array/Struct (step 3)' phase of compilation. See the Design Size Report for more details (/home/cse/Documents/WorkSpaces/vaddWS/hasitha_optimization/hasitha_hls_component/mine/hls/syn/report/csynth_design_size.rpt:2)
Execute       send_msg_by_id INFO @200-1995@%s%s%s 1,163 Array/Struct (step 4) (/home/cse/Documents/WorkSpaces/vaddWS/hasitha_optimization/hasitha_hls_component/mine/hls/syn/report/csynth_design_size.rpt:2) 
INFO: [HLS 200-1995] There were 1,163 instructions in the design after the 'Array/Struct (step 4)' phase of compilation. See the Design Size Report for more details (/home/cse/Documents/WorkSpaces/vaddWS/hasitha_optimization/hasitha_hls_component/mine/hls/syn/report/csynth_design_size.rpt:2)
Execute       send_msg_by_id INFO @200-1995@%s%s%s 1,316 Array/Struct (step 5) (/home/cse/Documents/WorkSpaces/vaddWS/hasitha_optimization/hasitha_hls_component/mine/hls/syn/report/csynth_design_size.rpt:2) 
INFO: [HLS 200-1995] There were 1,316 instructions in the design after the 'Array/Struct (step 5)' phase of compilation. See the Design Size Report for more details (/home/cse/Documents/WorkSpaces/vaddWS/hasitha_optimization/hasitha_hls_component/mine/hls/syn/report/csynth_design_size.rpt:2)
Execute       send_msg_by_id INFO @200-1995@%s%s%s 1,203 Performance (step 1) (/home/cse/Documents/WorkSpaces/vaddWS/hasitha_optimization/hasitha_hls_component/mine/hls/syn/report/csynth_design_size.rpt:2) 
INFO: [HLS 200-1995] There were 1,203 instructions in the design after the 'Performance (step 1)' phase of compilation. See the Design Size Report for more details (/home/cse/Documents/WorkSpaces/vaddWS/hasitha_optimization/hasitha_hls_component/mine/hls/syn/report/csynth_design_size.rpt:2)
Execute       send_msg_by_id INFO @200-1995@%s%s%s 1,113 Performance (step 2) (/home/cse/Documents/WorkSpaces/vaddWS/hasitha_optimization/hasitha_hls_component/mine/hls/syn/report/csynth_design_size.rpt:2) 
INFO: [HLS 200-1995] There were 1,113 instructions in the design after the 'Performance (step 2)' phase of compilation. See the Design Size Report for more details (/home/cse/Documents/WorkSpaces/vaddWS/hasitha_optimization/hasitha_hls_component/mine/hls/syn/report/csynth_design_size.rpt:2)
Execute       send_msg_by_id INFO @200-1995@%s%s%s 1,116 Performance (step 3) (/home/cse/Documents/WorkSpaces/vaddWS/hasitha_optimization/hasitha_hls_component/mine/hls/syn/report/csynth_design_size.rpt:2) 
INFO: [HLS 200-1995] There were 1,116 instructions in the design after the 'Performance (step 3)' phase of compilation. See the Design Size Report for more details (/home/cse/Documents/WorkSpaces/vaddWS/hasitha_optimization/hasitha_hls_component/mine/hls/syn/report/csynth_design_size.rpt:2)
Execute       send_msg_by_id INFO @200-1995@%s%s%s 1,116 Performance (step 4) (/home/cse/Documents/WorkSpaces/vaddWS/hasitha_optimization/hasitha_hls_component/mine/hls/syn/report/csynth_design_size.rpt:2) 
INFO: [HLS 200-1995] There were 1,116 instructions in the design after the 'Performance (step 4)' phase of compilation. See the Design Size Report for more details (/home/cse/Documents/WorkSpaces/vaddWS/hasitha_optimization/hasitha_hls_component/mine/hls/syn/report/csynth_design_size.rpt:2)
Execute       send_msg_by_id INFO @200-1995@%s%s%s 1,128 HW Transforms (step 1) (/home/cse/Documents/WorkSpaces/vaddWS/hasitha_optimization/hasitha_hls_component/mine/hls/syn/report/csynth_design_size.rpt:2) 
INFO: [HLS 200-1995] There were 1,128 instructions in the design after the 'HW Transforms (step 1)' phase of compilation. See the Design Size Report for more details (/home/cse/Documents/WorkSpaces/vaddWS/hasitha_optimization/hasitha_hls_component/mine/hls/syn/report/csynth_design_size.rpt:2)
Execute       send_msg_by_id INFO @200-1995@%s%s%s 1,144 HW Transforms (step 2) (/home/cse/Documents/WorkSpaces/vaddWS/hasitha_optimization/hasitha_hls_component/mine/hls/syn/report/csynth_design_size.rpt:2) 
INFO: [HLS 200-1995] There were 1,144 instructions in the design after the 'HW Transforms (step 2)' phase of compilation. See the Design Size Report for more details (/home/cse/Documents/WorkSpaces/vaddWS/hasitha_optimization/hasitha_hls_component/mine/hls/syn/report/csynth_design_size.rpt:2)
INFO: [HLS 214-131] Inlining function 'bswap32(unsigned int)' into 'compute_midstate(unsigned int const*, unsigned int*)' (dylan-hls/mine.cpp:236:30)
INFO: [HLS 214-131] Inlining function 'bswap32(unsigned int)' into 'sha256d_from_midstate(unsigned int const*, unsigned int const*, unsigned char*)' (dylan-hls/mine.cpp:270:30)
INFO: [HLS 214-131] Inlining function 'hash_below_target(unsigned char const*, unsigned int const*)' into 'mine(unsigned int const*, unsigned int const*, unsigned int, unsigned int, unsigned int*, int*)' (dylan-hls/mine.cpp:481:13)
INFO: [HLS 214-186] Unrolling loop 'WRITE_HASH' (dylan-hls/mine.cpp:318:9) in function 'sha256d_from_midstate' completely with a factor of 8 (dylan-hls/mine.cpp:250:0)
INFO: [HLS 214-186] Unrolling loop 'RESET_SECOND_HASH_STATE' (dylan-hls/mine.cpp:310:9) in function 'sha256d_from_midstate' completely with a factor of 8 (dylan-hls/mine.cpp:250:0)
INFO: [HLS 214-186] Unrolling loop 'CLEAR_SECOND_HASH_BLOCK' (dylan-hls/mine.cpp:301:9) in function 'sha256d_from_midstate' completely with a factor of 6 (dylan-hls/mine.cpp:250:0)
INFO: [HLS 214-186] Unrolling loop 'BUILD_SECOND_HASH_BLOCK' (dylan-hls/mine.cpp:293:9) in function 'sha256d_from_midstate' completely with a factor of 8 (dylan-hls/mine.cpp:250:0)
INFO: [HLS 214-186] Unrolling loop 'CLEAR_FIRST_HASH_BLOCK' (dylan-hls/mine.cpp:276:9) in function 'sha256d_from_midstate' completely with a factor of 10 (dylan-hls/mine.cpp:250:0)
INFO: [HLS 214-186] Unrolling loop 'BUILD_FIRST_HASH_BLOCK' (dylan-hls/mine.cpp:268:9) in function 'sha256d_from_midstate' completely with a factor of 4 (dylan-hls/mine.cpp:250:0)
INFO: [HLS 214-186] Unrolling loop 'RESTORE_MIDSTATE' (dylan-hls/mine.cpp:261:9) in function 'sha256d_from_midstate' completely with a factor of 8 (dylan-hls/mine.cpp:250:0)
INFO: [HLS 214-186] Unrolling loop 'INIT_MIDSTATE' (dylan-hls/mine.cpp:228:9) in function 'compute_midstate' completely with a factor of 8 (dylan-hls/mine.cpp:223:0)
INFO: [HLS 214-178] Inlining function 'rotr(unsigned int, int)' into 'sha256_compress_words(unsigned int*, unsigned int const*)' (dylan-hls/mine.cpp:111:0)
INFO: [HLS 214-178] Inlining function 'compute_midstate(unsigned int const*, unsigned int*)' into 'mine(unsigned int const*, unsigned int const*, unsigned int, unsigned int, unsigned int*, int*)' (dylan-hls/mine.cpp:437:0)
INFO: [HLS 214-248] Applying array_partition to 'w': Complete partitioning on dimension 1. (dylan-hls/mine.cpp:114:14)
INFO: [HLS 214-248] Applying array_partition to 'block_words': Complete partitioning on dimension 1. (dylan-hls/mine.cpp:254:18)
INFO: [HLS 214-248] Applying array_partition to 's': Complete partitioning on dimension 1. (dylan-hls/mine.cpp:257:18)
INFO: [HLS 214-248] Applying array_partition to 'block_words.i': Complete partitioning on dimension 1. (dylan-hls/mine.cpp:224:18)
INFO: [HLS 214-376] Pipelining loop< COMPARE_HASH> at dylan-hls/mine.cpp:410:9 due to pipeline_loops threshold
INFO: [HLS 214-449] Partitioning array 'midstate' dimension 1 due to constant index. (dylan-hls/mine.cpp:461:14)
INFO: [HLS 214-248] Applying array_partition to 'midstate': Complete partitioning on dimension 1. (dylan-hls/mine.cpp:461:14)
INFO: [HLS 214-115] Multiple burst reads of length 5 and bit width 128 has been inferred on bundle 'gmem0'. These burst requests might be further partitioned into multiple requests during RTL generation, based on max_read_burst_length or max_write_burst_length settings. (dylan-hls/mine.cpp:448:23)
INFO-FLOW: run_clang result=success num-err-msgs=0 num-stderr-lines=57
INFO-FLOW: DBG:PUTS: copy_raw_kernel_xml ap_link_39: copying raw kernel.xml: /home/cse/Documents/WorkSpaces/vaddWS/hasitha_optimization/hasitha_hls_component/mine/hls/.autopilot/db/../../kernel.xml -> /home/cse/Documents/WorkSpaces/vaddWS/hasitha_optimization/hasitha_hls_component/mine/hls/.autopilot/db/kernel.internal.xml
INFO: [HLS 200-111] Finished Compiling Optimization and Transform: CPU user time: 2.34 seconds. CPU system time: 0.35 seconds. Elapsed time: 7.15 seconds; current allocated memory: 279.117 MB.
INFO: [HLS 200-111] Finished Checking Pragmas: CPU user time: 0 seconds. CPU system time: 0 seconds. Elapsed time: 0 seconds; current allocated memory: 279.117 MB.
Execute       opt_and_import_c a -opt_level=2 -skip_syncheck=0 -ng=0 -keep_printf=0 
Execute         cleanup_all_models 
INFO: [HLS 200-10] Starting code transformations ...
INFO-FLOW: Running Standard Transforms...
Execute         transform -hls -share-std-xform -demangle-name -inline-byval-memcpy -always-inline -promote-dbg-pointer -interface-preproc -mem2reg -reassociate -gvn -reassociate -scalarrepl -mem2reg -keep-read-access -instcombine -dce -promote-dbg-pointer -bitop-raise -loop-simplify -indvarspre -indvars -loop-simplify -constprop -instcombine -simplifycfg -indvars -simplifycfg -dce -globaldce -basicaa -simplifycfg -mem2reg -globalopt -global-constprop -deadargelim -instcombine -simplifycfg -scalarrepl -instcombine -reassociate -licm -simplifycfg -loop-simplify -indvars -instcombine -simplifycfg -mem2reg -loop-simplify -indvars -instcombine -gvn -gvn -instcombine -adce -break-crit-edges -simplifycfg -loop-delete -global-array-opt -dce -dse -adce -find-syn-modules -top mine -deadargelim -mem2reg -instcombine -dce -presyn-prepare -interface-preproc -syn-check -check-rec-only -find-region -simplifycfg -func-extr -function-inline -globaldce -mem2reg -instcombine -dce -gvn -globaldce -adce -adse -constprop -instcombine -bit-constprop -instcombine -dce -simplifycfg -bitop-raise -simplifycfg -dce -loop-delete -reassociate -globalopt -global-privatize -mem2reg -dce -global-constprop -pointer-simplify -constprop -dce -promote-dbg-pointer -norm-name /home/cse/Documents/WorkSpaces/vaddWS/hasitha_optimization/hasitha_hls_component/mine/hls/.autopilot/db/a.g.0.bc -o /home/cse/Documents/WorkSpaces/vaddWS/hasitha_optimization/hasitha_hls_component/mine/hls/.autopilot/db/a.g.1.bc -f -phase std-opt 
INFO: [HLS 200-111] Finished Standard Transforms: CPU user time: 0.04 seconds. CPU system time: 0.01 seconds. Elapsed time: 0.04 seconds; current allocated memory: 280.102 MB.
INFO: [HLS 200-10] Checking synthesizability ...
INFO-FLOW: Checking Synthesizability 1/2..
Execute         transform -hls -syn-check -check-rec-only -scalarrepl -norm-name -dce -mem2reg -instcombine -directive-preproc -mem2reg -dse -dce -dce -pag -array-normalize -instcombine -dce -array-seg-normalize -instcombine -dce -data-pack -instcombine -dce -inst-simplify -array-flatten -instcombine -dce -array-burst -dce -deadargelim -promote-global-argument -simplifycfg -mem2reg -globaldce -dce -deadargelim -dce -instcombine -function-inline -globaldce -dce -doublePtrSimplify -doublePtrElim -dce -doublePtrSimplify -promote-dbg-pointer -dce -scalarrepl -dse -adse -instcombine -ptrLegalization -simplifycfg -dce -instcombine -pointer-simplify -ptrArgReplace -dce -instcombine -resolve-double-ptr -scalarrepl -norm-name -dce -mem2reg -instcombine -ptrLegalization -simplifycfg -deadargelim -instcombine -dce -inst-simplify -directive-preproc -mem2reg -dse -dce -globaldce /home/cse/Documents/WorkSpaces/vaddWS/hasitha_optimization/hasitha_hls_component/mine/hls/.autopilot/db/a.g.1.bc -o /home/cse/Documents/WorkSpaces/vaddWS/hasitha_optimization/hasitha_hls_component/mine/hls/.autopilot/db/a.g.2.prechk.bc -f 
INFO-FLOW: Checking Synthesizability 2/2..
Execute         transform -syn-check /home/cse/Documents/WorkSpaces/vaddWS/hasitha_optimization/hasitha_hls_component/mine/hls/.autopilot/db/a.g.2.prechk.bc -o /home/cse/Documents/WorkSpaces/vaddWS/hasitha_optimization/hasitha_hls_component/mine/hls/.autopilot/db/a.g.2.bc -f -phase syn-check 
INFO: [HLS 200-111] Finished Checking Synthesizability: CPU user time: 0.04 seconds. CPU system time: 0 seconds. Elapsed time: 0.04 seconds; current allocated memory: 280.938 MB.
INFO-FLOW: Compiler optimizing ...
INFO-FLOW: Share syncheck's 1.bc for syn flow: copy /home/cse/Documents/WorkSpaces/vaddWS/hasitha_optimization/hasitha_hls_component/mine/hls/.autopilot/db/a.g.1.bc to /home/cse/Documents/WorkSpaces/vaddWS/hasitha_optimization/hasitha_hls_component/mine/hls/.autopilot/db/a.o.1.bc
INFO-FLOW: Presyn 1...
Execute         transform -hls -tmp /home/cse/Documents/WorkSpaces/vaddWS/hasitha_optimization/hasitha_hls_component/mine/hls/.autopilot/db -interface-port-rename -directive-preproc -mem2reg -dse -dce -scalarrepl -norm-name -deadargelim -dce -hls-dead-arg-elim -deadargelim -mem2reg -instcombine -dce -simplifycfg -dce -resource-proc -clib-intrinsic-prepare -dce -func-buffer -dce -pag -array-normalize -func-legal -instcombine -gvn -constprop -dce -simplifycfg -mem2reg -globaldce -resolve-double-ptr -dce -deadargelim -dce -instcombine -ptrArgReplace -mem2reg -dce -array-seg-normalize -deadargelim -instcombine -dce -directive-preproc -mem2reg -dse -dce -pointer-simplify -dce -dce -interface-preproc -data-pack -instcombine -dce -basicaa -aggr-aa -aggrmodref-aa -aggr-aa -gvn -gvn -basicaa -aggr-aa -aggrmodref-aa -aggr-aa -dse -adse -adce -loop-simplify -indvars -instcombine -gvn -loop-simplify -mem2reg -dce -find-region -instcombine -inst-simplify -interface-preproc -cfgopt -instcombine -indvars -loop-simplify -loop-bound -constprop -instcombine -simplifycfg -indvars -simplifycfg -dce -globaldce -clean-region -attach-range -gvn -inst-simplify -constprop -simplifycfg -dce -pointer-simplify -dce -globalopt -constprop -dce -ptrArgReplace -mem2reg -simplifycfg -dce -instcombine -dce -array-transform-check -array-reshape -instcombine -simplifycfg -dce -ptrArgReplace -deadargelim -mem2reg -instcombine -simplifycfg -dce -indvars -loop-simplify -loop-bound -constprop -instcombine -simplifycfg -indvars -simplifycfg -dce -globaldce -basicaa -aggr-aa -aggrmodref-aa -aggr-aa -dse -duplicate-dataflow-processes -globaldce -instcombine -array-partition -prepare-dynamic-array-partition -instcombine -simplifycfg -dce -ptrArgReplace -global-constprop -deadargelim -mem2reg -func-legal -dce -global-constprop -deadargelim -mem2reg -simplifycfg -dce -merge-param -deadargelim -globalopt -constprop -dce -ptrArgReplace -mem2reg -simplifycfg -dce -mem-intrinsic-preproc -dce -global-internalize -global-privatize -mem2reg -globaldce -lcssa -loop-simplify -phi-select-elim -promote-global-argument -ptrArgReplace -mem2reg -dce -globalopt -mergereturn -simplify-global-access -mem2reg -dce -pointer-simplify -dce -basicaa -aggr-aa -aggrmodref-aa -aggr-aa -functionattrs -basicaa -aggr-aa -aggrmodref-aa -aggr-aa -gvn -gvn -basicaa -aggr-aa -aggrmodref-aa -aggr-aa -dse -adse -adce -dce -norm-name -basicaa -aggr-aa -aggrmodref-aa -aggr-aa -accesses-merge -function-inline -complex-op-raise -inst-simplify -globaldce -func-legal -dce -loop-bound -arraycheck -bitwidthmin2 -bitwidthmin2 -on-by-dataflow -loop-delete -instcombine -simplifycfg -globaldce -dce -gvn -deadargelim -dce -loop-simplify -clean-region -simplifycfg -propagate-stable-arguments -instcombine -simplifycfg -dce -globaldce -duplicate-dataflow-processes -stream-intrinsic-preproc -dce -check-ap-stream -loop-simplify -eliminate-keepreads -extract-dataflow-in-loop -loop-simplify -dce -gvn -deadargelim -dse -duplicate-dataflow-processes -check-dataflow-syntax -legalize-stream-variable -globaldce -extract-subproc -global-constprop -deadargelim -globaldce -legalize-global -dce -dead-channel-elimination -canonicalize-gep -globaldce -dce -gvn -hls-dead-arg-elim -deadargelim -canonicalize-dataflow -directive-preproc -dce -globaldce -scalar-preprocessing -scalar-propagation2 -scalar-stream -deadargelim -globaldce -mem2reg -check-dataflow-channels -function-stream -dce -globaldce -prop-fifo-spec -internal-stream-gen -canonicalize-gep -globaldce -dce -gvn -deadargelim -mergereturn -indvars -loop-simplify -instcombine -array-stream -array-seg-normalize -array-partition -clean-array-spec -func-legal -instcombine -simplifycfg -dce -bundle-memfifo-ops -deadargelim -directive-preproc -mem2reg -dse -dce -group-axi-access -licm -simplifycfg -dce -loop-delete -hls-display -norm-name /home/cse/Documents/WorkSpaces/vaddWS/hasitha_optimization/hasitha_hls_component/mine/hls/.autopilot/db/a.o.1.bc -o /home/cse/Documents/WorkSpaces/vaddWS/hasitha_optimization/hasitha_hls_component/mine/hls/.autopilot/db/a.o.1.tmp.bc -f 
Command         transform done; 0.12 sec.
INFO-FLOW: Presyn 2...
Execute         transform -hls -keep-callgraph -scalarrepl -mem2reg -attach-range -dce -pipe-mux-gen -indvars -loop-bound -inst-simplify -instcombine -dce -merge-array-access -mem2reg -dce -clean-region -mergereturn -if-conv -instcombine -dce -constprop -basicaa -aggr-aa -aggrmodref-aa -aggr-aa -gvn -gvn -basicaa -aggr-aa -aggrmodref-aa -aggr-aa -dse -adse -adce -scalarrepl -mem2reg -global-constprop -deadargelim -deadargelim -instcombine -dce -simplifycfg -ptrArgReplace -mem2reg -function-inline -globaldce -mem2reg -instcombine -dce -expr-balance -instcombine -dce -bitwidthmin2 -bitwidthmin2 -interface-preproc -directive-preproc -inst-rectify -instcombine -dce -basicaa -aggr-aa -aggrmodref-aa -aggr-aa -functionattrs -constprop -instcombine -bit-constprop -simplify-global-access -globalopt -globaldce -inst-simplify -instcombine -elimdeaddata -dce -loop-delete -simplifycfg -loop-simplify -barrier -norm-name /home/cse/Documents/WorkSpaces/vaddWS/hasitha_optimization/hasitha_hls_component/mine/hls/.autopilot/db/a.o.1.tmp.bc -o /home/cse/Documents/WorkSpaces/vaddWS/hasitha_optimization/hasitha_hls_component/mine/hls/.autopilot/db/a.o.2.bc -f -phase presyn 
INFO: [XFORM 203-11] Balancing expressions in function 'sha256_compress_words.1' (dylan-hls/mine.cpp:33:22)...10 expression(s) balanced.
INFO: [XFORM 203-11] Balancing expressions in function 'sha256_compress_words' (dylan-hls/mine.cpp:109)...10 expression(s) balanced.
INFO: [HLS 200-111] Finished Loop, function and other optimizations: CPU user time: 0.18 seconds. CPU system time: 0 seconds. Elapsed time: 0.19 seconds; current allocated memory: 304.367 MB.
Execute         transform -hls -auto-function-inline -globaldce -ptrArgReplace -mem2reg -dce -reset-lda -loop-simplify -indvars -aggr-aa -licm -loop-dep -loop-bound -licm -loop-simplify -loop-sink-hoist -flattenloopnest -array-flatten -gvn -instcombine -dce -array-map -dce -func-legal -gvn -adce -instcombine -cfgopt -simplifycfg-lite -loop-simplify -array-burst -promote-global-argument -dce -array-seg-normalize -basicaa -aggrmodref-aa -globalsmodref-aa -aggr-aa -gvn -gvn -basicaa -aggrmodref-aa -globalsmodref-aa -aggr-aa -dse -adse -adce -licm -inst-simplify -dce -globaldce -instcombine -array-stream -eliminate-keepreads -instcombine -dce -deadargelim -doublePtrSimplify -doublePtrElim -dce -doublePtrSimplify -promote-dbg-pointer -dce -scalarrepl -mem2reg -norm-name -mem2reg -instcombine -dse -adse -adce -ptrLegalization -dce -array-flatten -dce -instcombine -check-doubleptr -loop-rot -constprop -inst-simplify -cfgopt -simplifycfg-lite -loop-simplify -indvars -pointer-simplify -dce -loop-bound -loop-simplify -loop-preproc -constprop -global-constprop -gvn -mem2reg -instcombine -dce -loop-bound -loop-merge -dce -deadargelim -dce -canonicalize-dataflow -dce -deadargelim -globaldce -mem2reg -bram-byte-enable -inst-simplify -inst-rectify -instcombine -adce -deadargelim -load-elim -read-loop-dep -loop-simplify -loop-rewind-sink-hoist -loop-outline -hls-dead-arg-elim -directive-preproc -bitwidthmin2 -bitwidthmin2 -read-loop-dep -interface-preproc -directive-preproc -interface-gen -bram-byte-enable-spec-prop -mul2addshift -deadargelim -inst-simplify -dce -mem2reg -instcombine -gvn -dce -adse -loop-bound -instcombine -cfgopt -simplifycfg-lite -loop-simplify -clean-region -io-protocol -find-region -mem2reg -bitop-raise -complex-op-raise -inst-simplify -inst-rectify -instcombine -gvn -adce -deadargelim -float-op-raise -loop-simplify -phi-opt -bitop-raise -cfgopt -simplifycfg-lite -strip-dead-prototypes -interface-lower -bitop-lower -intrinsic-lower -auto-function-inline -basicaa -aggrmodref-aa -globalsmodref-aa -aggr-aa -inst-simplify -simplifycfg-lite -loop-simplify -mergereturn -inst-simplify -inst-rectify -globaldce -dce -load-elim -bitop-lower -float-op-raise -fma-raise -loop-rewind -pointer-simplify -dce -cfgopt -dce -loop-bound -loop-dep -read-loop-dep -dce -dyn-mem-reuse -dce -recurrence-min -dce -share-scalar-alloca -deadargelim -dce -check-stream -norm-name -legalize -inst-clarity -bitwidth -dce -validate-dataflow -dump-loop-dep-to-ir -check-all-ssdm -drop-inferred-ii -dump-complexity-metric /home/cse/Documents/WorkSpaces/vaddWS/hasitha_optimization/hasitha_hls_component/mine/hls/.autopilot/db/a.o.2.bc -o /home/cse/Documents/WorkSpaces/vaddWS/hasitha_optimization/hasitha_hls_component/mine/hls/.autopilot/db/a.o.3.bc -f -phase build-ssdm 
Execute           AP::auto_get_db
Command         transform done; 0.18 sec.
INFO-FLOW: Building ssdm...
Execute         transform -hls -cdfg-build /home/cse/Documents/WorkSpaces/vaddWS/hasitha_optimization/hasitha_hls_component/mine/hls/.autopilot/db/a.o.3.bc -o /home/cse/Documents/WorkSpaces/vaddWS/hasitha_optimization/hasitha_hls_component/mine/hls/.autopilot/db/a.o.3.bc -f -phase build-ssdm 
INFO: [HLS 200-111] Finished Architecture Synthesis: CPU user time: 0.21 seconds. CPU system time: 0.03 seconds. Elapsed time: 0.24 seconds; current allocated memory: 402.961 MB.
INFO-FLOW: Finish building internal data model.
Command       opt_and_import_c done; 0.51 sec.
Command     elaborate done; 8.19 sec.
Execute     ap_eval exec zip -j /home/cse/Documents/WorkSpaces/vaddWS/hasitha_optimization/hasitha_hls_component/mine/hls/.autopilot/db/dut.hcp $dbDir/a.o.3.bc $dbDir/${topname}.rtl_wrap.cfg.tcl $dbDir/apatb_${topname}.cpp $dbDir/apatb_${topname}_util.cpp $dbDir/apatb_${topname}_ir.ll $dbDir/mapper_${topname}.cpp $dbDir/top-io-fe.xml $dbDir/kernel.internal.xml $workdir/../hls.app 
INFO: [HLS 200-10] Starting hardware synthesis ...
INFO-FLOW: Synthesizing C/C++ design AP::SynTopModule=mine
INFO: [HLS 200-10] Synthesizing 'mine' ...
Execute     ap_set_top_model mine 
WARNING: [SYN 201-103] Legalizing function name 'sha256_compress_words.1_Pipeline_LOAD_INITIAL_WORDS' to 'sha256_compress_words_1_Pipeline_LOAD_INITIAL_WORDS'.
WARNING: [SYN 201-103] Legalizing function name 'sha256_compress_words.1_Pipeline_SHA256_ROUNDS' to 'sha256_compress_words_1_Pipeline_SHA256_ROUNDS'.
WARNING: [SYN 201-103] Legalizing function name 'sha256_compress_words.1' to 'sha256_compress_words_1'.
Execute     get_model_list mine -filter all-wo-channel -topdown 
Execute     preproc_iomode -model mine 
Execute     preproc_iomode -model mine_Pipeline_COMPARE_HASH 
Execute     preproc_iomode -model sha256d_from_midstate 
Execute     preproc_iomode -model sha256_compress_words 
Execute     preproc_iomode -model sha256_compress_words_Pipeline_SHA256_ROUNDS 
Execute     preproc_iomode -model sha256_compress_words_Pipeline_LOAD_INITIAL_WORDS 
Execute     preproc_iomode -model sha256_compress_words.1 
Execute     preproc_iomode -model sha256_compress_words.1_Pipeline_SHA256_ROUNDS 
Execute     preproc_iomode -model sha256_compress_words.1_Pipeline_LOAD_INITIAL_WORDS 
Execute     preproc_iomode -model mine_Pipeline_BUILD_FIRST_BLOCK 
Execute     preproc_iomode -model mine_Pipeline_VITIS_LOOP_453_2 
Execute     preproc_iomode -model mine_Pipeline_VITIS_LOOP_448_1 
Execute     get_model_list mine -filter all-wo-channel 
INFO-FLOW: Model list for configure: mine_Pipeline_VITIS_LOOP_448_1 mine_Pipeline_VITIS_LOOP_453_2 mine_Pipeline_BUILD_FIRST_BLOCK sha256_compress_words.1_Pipeline_LOAD_INITIAL_WORDS sha256_compress_words.1_Pipeline_SHA256_ROUNDS sha256_compress_words.1 sha256_compress_words_Pipeline_LOAD_INITIAL_WORDS sha256_compress_words_Pipeline_SHA256_ROUNDS sha256_compress_words sha256d_from_midstate mine_Pipeline_COMPARE_HASH mine
INFO-FLOW: Configuring Module : mine_Pipeline_VITIS_LOOP_448_1 ...
Execute     set_default_model mine_Pipeline_VITIS_LOOP_448_1 
Execute     apply_spec_resource_limit mine_Pipeline_VITIS_LOOP_448_1 
INFO-FLOW: Configuring Module : mine_Pipeline_VITIS_LOOP_453_2 ...
Execute     set_default_model mine_Pipeline_VITIS_LOOP_453_2 
Execute     apply_spec_resource_limit mine_Pipeline_VITIS_LOOP_453_2 
INFO-FLOW: Configuring Module : mine_Pipeline_BUILD_FIRST_BLOCK ...
Execute     set_default_model mine_Pipeline_BUILD_FIRST_BLOCK 
Execute     apply_spec_resource_limit mine_Pipeline_BUILD_FIRST_BLOCK 
INFO-FLOW: Configuring Module : sha256_compress_words.1_Pipeline_LOAD_INITIAL_WORDS ...
Execute     set_default_model sha256_compress_words.1_Pipeline_LOAD_INITIAL_WORDS 
Execute     apply_spec_resource_limit sha256_compress_words.1_Pipeline_LOAD_INITIAL_WORDS 
INFO-FLOW: Configuring Module : sha256_compress_words.1_Pipeline_SHA256_ROUNDS ...
Execute     set_default_model sha256_compress_words.1_Pipeline_SHA256_ROUNDS 
Execute     apply_spec_resource_limit sha256_compress_words.1_Pipeline_SHA256_ROUNDS 
INFO-FLOW: Configuring Module : sha256_compress_words.1 ...
Execute     set_default_model sha256_compress_words.1 
Execute     apply_spec_resource_limit sha256_compress_words.1 
INFO-FLOW: Configuring Module : sha256_compress_words_Pipeline_LOAD_INITIAL_WORDS ...
Execute     set_default_model sha256_compress_words_Pipeline_LOAD_INITIAL_WORDS 
Execute     apply_spec_resource_limit sha256_compress_words_Pipeline_LOAD_INITIAL_WORDS 
INFO-FLOW: Configuring Module : sha256_compress_words_Pipeline_SHA256_ROUNDS ...
Execute     set_default_model sha256_compress_words_Pipeline_SHA256_ROUNDS 
Execute     apply_spec_resource_limit sha256_compress_words_Pipeline_SHA256_ROUNDS 
INFO-FLOW: Configuring Module : sha256_compress_words ...
Execute     set_default_model sha256_compress_words 
Execute     apply_spec_resource_limit sha256_compress_words 
INFO-FLOW: Configuring Module : sha256d_from_midstate ...
Execute     set_default_model sha256d_from_midstate 
Execute     apply_spec_resource_limit sha256d_from_midstate 
INFO-FLOW: Configuring Module : mine_Pipeline_COMPARE_HASH ...
Execute     set_default_model mine_Pipeline_COMPARE_HASH 
Execute     apply_spec_resource_limit mine_Pipeline_COMPARE_HASH 
INFO-FLOW: Configuring Module : mine ...
Execute     set_default_model mine 
Execute     apply_spec_resource_limit mine 
INFO-FLOW: Model list for preprocess: mine_Pipeline_VITIS_LOOP_448_1 mine_Pipeline_VITIS_LOOP_453_2 mine_Pipeline_BUILD_FIRST_BLOCK sha256_compress_words.1_Pipeline_LOAD_INITIAL_WORDS sha256_compress_words.1_Pipeline_SHA256_ROUNDS sha256_compress_words.1 sha256_compress_words_Pipeline_LOAD_INITIAL_WORDS sha256_compress_words_Pipeline_SHA256_ROUNDS sha256_compress_words sha256d_from_midstate mine_Pipeline_COMPARE_HASH mine
INFO-FLOW: Preprocessing Module: mine_Pipeline_VITIS_LOOP_448_1 ...
Execute     set_default_model mine_Pipeline_VITIS_LOOP_448_1 
Execute     cdfg_preprocess -model mine_Pipeline_VITIS_LOOP_448_1 
Execute     rtl_gen_preprocess mine_Pipeline_VITIS_LOOP_448_1 
INFO-FLOW: Preprocessing Module: mine_Pipeline_VITIS_LOOP_453_2 ...
Execute     set_default_model mine_Pipeline_VITIS_LOOP_453_2 
Execute     cdfg_preprocess -model mine_Pipeline_VITIS_LOOP_453_2 
Execute     rtl_gen_preprocess mine_Pipeline_VITIS_LOOP_453_2 
INFO-FLOW: Preprocessing Module: mine_Pipeline_BUILD_FIRST_BLOCK ...
Execute     set_default_model mine_Pipeline_BUILD_FIRST_BLOCK 
Execute     cdfg_preprocess -model mine_Pipeline_BUILD_FIRST_BLOCK 
Execute     rtl_gen_preprocess mine_Pipeline_BUILD_FIRST_BLOCK 
INFO-FLOW: Preprocessing Module: sha256_compress_words.1_Pipeline_LOAD_INITIAL_WORDS ...
Execute     set_default_model sha256_compress_words.1_Pipeline_LOAD_INITIAL_WORDS 
Execute     cdfg_preprocess -model sha256_compress_words.1_Pipeline_LOAD_INITIAL_WORDS 
Execute     rtl_gen_preprocess sha256_compress_words.1_Pipeline_LOAD_INITIAL_WORDS 
INFO-FLOW: Preprocessing Module: sha256_compress_words.1_Pipeline_SHA256_ROUNDS ...
Execute     set_default_model sha256_compress_words.1_Pipeline_SHA256_ROUNDS 
Execute     cdfg_preprocess -model sha256_compress_words.1_Pipeline_SHA256_ROUNDS 
Execute     rtl_gen_preprocess sha256_compress_words.1_Pipeline_SHA256_ROUNDS 
INFO-FLOW: Preprocessing Module: sha256_compress_words.1 ...
Execute     set_default_model sha256_compress_words.1 
Execute     cdfg_preprocess -model sha256_compress_words.1 
Execute     rtl_gen_preprocess sha256_compress_words.1 
INFO-FLOW: Preprocessing Module: sha256_compress_words_Pipeline_LOAD_INITIAL_WORDS ...
Execute     set_default_model sha256_compress_words_Pipeline_LOAD_INITIAL_WORDS 
Execute     cdfg_preprocess -model sha256_compress_words_Pipeline_LOAD_INITIAL_WORDS 
Execute     rtl_gen_preprocess sha256_compress_words_Pipeline_LOAD_INITIAL_WORDS 
INFO-FLOW: Preprocessing Module: sha256_compress_words_Pipeline_SHA256_ROUNDS ...
Execute     set_default_model sha256_compress_words_Pipeline_SHA256_ROUNDS 
Execute     cdfg_preprocess -model sha256_compress_words_Pipeline_SHA256_ROUNDS 
Execute     rtl_gen_preprocess sha256_compress_words_Pipeline_SHA256_ROUNDS 
INFO-FLOW: Preprocessing Module: sha256_compress_words ...
Execute     set_default_model sha256_compress_words 
Execute     cdfg_preprocess -model sha256_compress_words 
Execute     rtl_gen_preprocess sha256_compress_words 
INFO-FLOW: Preprocessing Module: sha256d_from_midstate ...
Execute     set_default_model sha256d_from_midstate 
Execute     cdfg_preprocess -model sha256d_from_midstate 
Execute     rtl_gen_preprocess sha256d_from_midstate 
INFO-FLOW: Preprocessing Module: mine_Pipeline_COMPARE_HASH ...
Execute     set_default_model mine_Pipeline_COMPARE_HASH 
Execute     cdfg_preprocess -model mine_Pipeline_COMPARE_HASH 
Execute     rtl_gen_preprocess mine_Pipeline_COMPARE_HASH 
INFO-FLOW: Preprocessing Module: mine ...
Execute     set_default_model mine 
Execute     cdfg_preprocess -model mine 
Execute     rtl_gen_preprocess mine 
INFO-FLOW: Model list for synthesis: mine_Pipeline_VITIS_LOOP_448_1 mine_Pipeline_VITIS_LOOP_453_2 mine_Pipeline_BUILD_FIRST_BLOCK sha256_compress_words.1_Pipeline_LOAD_INITIAL_WORDS sha256_compress_words.1_Pipeline_SHA256_ROUNDS sha256_compress_words.1 sha256_compress_words_Pipeline_LOAD_INITIAL_WORDS sha256_compress_words_Pipeline_SHA256_ROUNDS sha256_compress_words sha256d_from_midstate mine_Pipeline_COMPARE_HASH mine
INFO: [HLS 200-10] ----------------------------------------------------------------
INFO: [HLS 200-42] -- Implementing module 'mine_Pipeline_VITIS_LOOP_448_1' 
INFO: [HLS 200-10] ----------------------------------------------------------------
Execute     set_default_model mine_Pipeline_VITIS_LOOP_448_1 
Execute     schedule -model mine_Pipeline_VITIS_LOOP_448_1 
INFO: [SCHED 204-11] Starting scheduling ...
INFO: [SCHED 204-61] Pipelining loop 'VITIS_LOOP_448_1'.
INFO: [HLS 200-1470] Pipelining result : Target II = 1, Final II = 1, Depth = 3, loop 'VITIS_LOOP_448_1'
INFO: [SCHED 204-11] Finished scheduling.
INFO: [HLS 200-111] Finished Scheduling: CPU user time: 0.06 seconds. CPU system time: 0.01 seconds. Elapsed time: 0.08 seconds; current allocated memory: 404.551 MB.
Execute     syn_report -verbosereport -o /home/cse/Documents/WorkSpaces/vaddWS/hasitha_optimization/hasitha_hls_component/mine/hls/.autopilot/db/mine_Pipeline_VITIS_LOOP_448_1.verbose.sched.rpt 
Execute       list_part -family xck26-sfvc784-2LV-c 
Execute         ap_family_info -name xck26-sfvc784-2LV-c -data names 
Execute         ap_part_info -quiet -name xck26-sfvc784-2LV-c -data family 
Execute     db_write -o /home/cse/Documents/WorkSpaces/vaddWS/hasitha_optimization/hasitha_hls_component/mine/hls/.autopilot/db/mine_Pipeline_VITIS_LOOP_448_1.sched.adb -f 
INFO-FLOW: Finish scheduling mine_Pipeline_VITIS_LOOP_448_1.
Execute     set_default_model mine_Pipeline_VITIS_LOOP_448_1 
Execute     bind -model mine_Pipeline_VITIS_LOOP_448_1 
INFO: [BIND 205-100] Starting micro-architecture generation ...
INFO: [BIND 205-101] Performing variable lifetime analysis.
INFO: [BIND 205-101] Exploring resource sharing.
INFO: [BIND 205-101] Binding ...
INFO: [BIND 205-100] Finished micro-architecture generation.
INFO: [HLS 200-111] Finished Binding: CPU user time: 0.01 seconds. CPU system time: 0 seconds. Elapsed time: 0.01 seconds; current allocated memory: 404.551 MB.
Execute     syn_report -verbosereport -o /home/cse/Documents/WorkSpaces/vaddWS/hasitha_optimization/hasitha_hls_component/mine/hls/.autopilot/db/mine_Pipeline_VITIS_LOOP_448_1.verbose.bind.rpt 
Execute       list_part -family xck26-sfvc784-2LV-c 
Execute         ap_family_info -name xck26-sfvc784-2LV-c -data names 
Execute         ap_part_info -quiet -name xck26-sfvc784-2LV-c -data family 
Execute     db_write -o /home/cse/Documents/WorkSpaces/vaddWS/hasitha_optimization/hasitha_hls_component/mine/hls/.autopilot/db/mine_Pipeline_VITIS_LOOP_448_1.bind.adb -f 
INFO-FLOW: Finish binding mine_Pipeline_VITIS_LOOP_448_1.
INFO: [HLS 200-10] ----------------------------------------------------------------
INFO: [HLS 200-42] -- Implementing module 'mine_Pipeline_VITIS_LOOP_453_2' 
INFO: [HLS 200-10] ----------------------------------------------------------------
Execute     set_default_model mine_Pipeline_VITIS_LOOP_453_2 
Execute     schedule -model mine_Pipeline_VITIS_LOOP_453_2 
INFO: [SCHED 204-11] Starting scheduling ...
INFO: [SCHED 204-61] Pipelining loop 'VITIS_LOOP_453_2'.
INFO: [HLS 200-1470] Pipelining result : Target II = 1, Final II = 1, Depth = 2, loop 'VITIS_LOOP_453_2'
INFO: [SCHED 204-11] Finished scheduling.
INFO: [HLS 200-111] Finished Scheduling: CPU user time: 0.02 seconds. CPU system time: 0 seconds. Elapsed time: 0.02 seconds; current allocated memory: 404.734 MB.
Execute     syn_report -verbosereport -o /home/cse/Documents/WorkSpaces/vaddWS/hasitha_optimization/hasitha_hls_component/mine/hls/.autopilot/db/mine_Pipeline_VITIS_LOOP_453_2.verbose.sched.rpt 
Execute       list_part -family xck26-sfvc784-2LV-c 
Execute         ap_family_info -name xck26-sfvc784-2LV-c -data names 
Execute         ap_part_info -quiet -name xck26-sfvc784-2LV-c -data family 
Execute     db_write -o /home/cse/Documents/WorkSpaces/vaddWS/hasitha_optimization/hasitha_hls_component/mine/hls/.autopilot/db/mine_Pipeline_VITIS_LOOP_453_2.sched.adb -f 
INFO-FLOW: Finish scheduling mine_Pipeline_VITIS_LOOP_453_2.
Execute     set_default_model mine_Pipeline_VITIS_LOOP_453_2 
Execute     bind -model mine_Pipeline_VITIS_LOOP_453_2 
INFO: [BIND 205-100] Starting micro-architecture generation ...
INFO: [BIND 205-101] Performing variable lifetime analysis.
INFO: [BIND 205-101] Exploring resource sharing.
INFO: [BIND 205-101] Binding ...
INFO: [BIND 205-100] Finished micro-architecture generation.
INFO: [HLS 200-111] Finished Binding: CPU user time: 0.01 seconds. CPU system time: 0.01 seconds. Elapsed time: 0.01 seconds; current allocated memory: 404.734 MB.
Execute     syn_report -verbosereport -o /home/cse/Documents/WorkSpaces/vaddWS/hasitha_optimization/hasitha_hls_component/mine/hls/.autopilot/db/mine_Pipeline_VITIS_LOOP_453_2.verbose.bind.rpt 
Execute       list_part -family xck26-sfvc784-2LV-c 
Execute         ap_family_info -name xck26-sfvc784-2LV-c -data names 
Execute         ap_part_info -quiet -name xck26-sfvc784-2LV-c -data family 
Execute     db_write -o /home/cse/Documents/WorkSpaces/vaddWS/hasitha_optimization/hasitha_hls_component/mine/hls/.autopilot/db/mine_Pipeline_VITIS_LOOP_453_2.bind.adb -f 
INFO-FLOW: Finish binding mine_Pipeline_VITIS_LOOP_453_2.
INFO: [HLS 200-10] ----------------------------------------------------------------
INFO: [HLS 200-42] -- Implementing module 'mine_Pipeline_BUILD_FIRST_BLOCK' 
INFO: [HLS 200-10] ----------------------------------------------------------------
Execute     set_default_model mine_Pipeline_BUILD_FIRST_BLOCK 
Execute     schedule -model mine_Pipeline_BUILD_FIRST_BLOCK 
INFO: [SCHED 204-11] Starting scheduling ...
INFO: [SCHED 204-61] Pipelining loop 'BUILD_FIRST_BLOCK'.
INFO: [HLS 200-1470] Pipelining result : Target II = 1, Final II = 1, Depth = 2, loop 'BUILD_FIRST_BLOCK'
INFO: [SCHED 204-11] Finished scheduling.
INFO: [HLS 200-111] Finished Scheduling: CPU user time: 0.03 seconds. CPU system time: 0 seconds. Elapsed time: 0.04 seconds; current allocated memory: 405.594 MB.
Execute     syn_report -verbosereport -o /home/cse/Documents/WorkSpaces/vaddWS/hasitha_optimization/hasitha_hls_component/mine/hls/.autopilot/db/mine_Pipeline_BUILD_FIRST_BLOCK.verbose.sched.rpt 
Execute       list_part -family xck26-sfvc784-2LV-c 
Execute         ap_family_info -name xck26-sfvc784-2LV-c -data names 
Execute         ap_part_info -quiet -name xck26-sfvc784-2LV-c -data family 
Execute     db_write -o /home/cse/Documents/WorkSpaces/vaddWS/hasitha_optimization/hasitha_hls_component/mine/hls/.autopilot/db/mine_Pipeline_BUILD_FIRST_BLOCK.sched.adb -f 
INFO-FLOW: Finish scheduling mine_Pipeline_BUILD_FIRST_BLOCK.
Execute     set_default_model mine_Pipeline_BUILD_FIRST_BLOCK 
Execute     bind -model mine_Pipeline_BUILD_FIRST_BLOCK 
INFO: [BIND 205-100] Starting micro-architecture generation ...
INFO: [BIND 205-101] Performing variable lifetime analysis.
INFO: [BIND 205-101] Exploring resource sharing.
INFO: [BIND 205-101] Binding ...
INFO: [BIND 205-100] Finished micro-architecture generation.
INFO: [HLS 200-111] Finished Binding: CPU user time: 0.02 seconds. CPU system time: 0 seconds. Elapsed time: 0.02 seconds; current allocated memory: 405.594 MB.
Execute     syn_report -verbosereport -o /home/cse/Documents/WorkSpaces/vaddWS/hasitha_optimization/hasitha_hls_component/mine/hls/.autopilot/db/mine_Pipeline_BUILD_FIRST_BLOCK.verbose.bind.rpt 
Execute       list_part -family xck26-sfvc784-2LV-c 
Execute         ap_family_info -name xck26-sfvc784-2LV-c -data names 
Execute         ap_part_info -quiet -name xck26-sfvc784-2LV-c -data family 
Execute     db_write -o /home/cse/Documents/WorkSpaces/vaddWS/hasitha_optimization/hasitha_hls_component/mine/hls/.autopilot/db/mine_Pipeline_BUILD_FIRST_BLOCK.bind.adb -f 
INFO-FLOW: Finish binding mine_Pipeline_BUILD_FIRST_BLOCK.
INFO: [HLS 200-10] ----------------------------------------------------------------
INFO: [HLS 200-42] -- Implementing module 'sha256_compress_words_1_Pipeline_LOAD_INITIAL_WORDS' 
INFO: [HLS 200-10] ----------------------------------------------------------------
Execute     set_default_model sha256_compress_words.1_Pipeline_LOAD_INITIAL_WORDS 
Execute     schedule -model sha256_compress_words.1_Pipeline_LOAD_INITIAL_WORDS 
INFO: [SCHED 204-11] Starting scheduling ...
INFO: [SCHED 204-61] Pipelining loop 'LOAD_INITIAL_WORDS'.
INFO: [HLS 200-1470] Pipelining result : Target II = 1, Final II = 1, Depth = 1, loop 'LOAD_INITIAL_WORDS'
INFO: [SCHED 204-11] Finished scheduling.
INFO: [HLS 200-111] Finished Scheduling: CPU user time: 0.04 seconds. CPU system time: 0 seconds. Elapsed time: 0.04 seconds; current allocated memory: 406.824 MB.
Execute     syn_report -verbosereport -o /home/cse/Documents/WorkSpaces/vaddWS/hasitha_optimization/hasitha_hls_component/mine/hls/.autopilot/db/sha256_compress_words_1_Pipeline_LOAD_INITIAL_WORDS.verbose.sched.rpt 
Execute       list_part -family xck26-sfvc784-2LV-c 
Execute         ap_family_info -name xck26-sfvc784-2LV-c -data names 
Execute         ap_part_info -quiet -name xck26-sfvc784-2LV-c -data family 
Execute     db_write -o /home/cse/Documents/WorkSpaces/vaddWS/hasitha_optimization/hasitha_hls_component/mine/hls/.autopilot/db/sha256_compress_words_1_Pipeline_LOAD_INITIAL_WORDS.sched.adb -f 
INFO-FLOW: Finish scheduling sha256_compress_words.1_Pipeline_LOAD_INITIAL_WORDS.
Execute     set_default_model sha256_compress_words.1_Pipeline_LOAD_INITIAL_WORDS 
Execute     bind -model sha256_compress_words.1_Pipeline_LOAD_INITIAL_WORDS 
INFO: [BIND 205-100] Starting micro-architecture generation ...
INFO: [BIND 205-101] Performing variable lifetime analysis.
INFO: [BIND 205-101] Exploring resource sharing.
INFO: [BIND 205-101] Binding ...
INFO: [BIND 205-100] Finished micro-architecture generation.
INFO: [HLS 200-111] Finished Binding: CPU user time: 0.02 seconds. CPU system time: 0 seconds. Elapsed time: 0.02 seconds; current allocated memory: 406.824 MB.
Execute     syn_report -verbosereport -o /home/cse/Documents/WorkSpaces/vaddWS/hasitha_optimization/hasitha_hls_component/mine/hls/.autopilot/db/sha256_compress_words_1_Pipeline_LOAD_INITIAL_WORDS.verbose.bind.rpt 
Execute       list_part -family xck26-sfvc784-2LV-c 
Execute         ap_family_info -name xck26-sfvc784-2LV-c -data names 
Execute         ap_part_info -quiet -name xck26-sfvc784-2LV-c -data family 
Execute     db_write -o /home/cse/Documents/WorkSpaces/vaddWS/hasitha_optimization/hasitha_hls_component/mine/hls/.autopilot/db/sha256_compress_words_1_Pipeline_LOAD_INITIAL_WORDS.bind.adb -f 
INFO-FLOW: Finish binding sha256_compress_words.1_Pipeline_LOAD_INITIAL_WORDS.
INFO: [HLS 200-10] ----------------------------------------------------------------
INFO: [HLS 200-42] -- Implementing module 'sha256_compress_words_1_Pipeline_SHA256_ROUNDS' 
INFO: [HLS 200-10] ----------------------------------------------------------------
Execute     set_default_model sha256_compress_words.1_Pipeline_SHA256_ROUNDS 
Execute     schedule -model sha256_compress_words.1_Pipeline_SHA256_ROUNDS 
INFO: [SCHED 204-11] Starting scheduling ...
INFO: [SCHED 204-61] Pipelining loop 'SHA256_ROUNDS'.
INFO: [HLS 200-1470] Pipelining result : Target II = 1, Final II = 1, Depth = 3, loop 'SHA256_ROUNDS'
INFO: [SCHED 204-11] Finished scheduling.
INFO: [HLS 200-111] Finished Scheduling: CPU user time: 0.08 seconds. CPU system time: 0.01 seconds. Elapsed time: 0.09 seconds; current allocated memory: 410.035 MB.
Execute     syn_report -verbosereport -o /home/cse/Documents/WorkSpaces/vaddWS/hasitha_optimization/hasitha_hls_component/mine/hls/.autopilot/db/sha256_compress_words_1_Pipeline_SHA256_ROUNDS.verbose.sched.rpt 
Execute       list_part -family xck26-sfvc784-2LV-c 
Execute         ap_family_info -name xck26-sfvc784-2LV-c -data names 
Execute         ap_part_info -quiet -name xck26-sfvc784-2LV-c -data family 
Execute     db_write -o /home/cse/Documents/WorkSpaces/vaddWS/hasitha_optimization/hasitha_hls_component/mine/hls/.autopilot/db/sha256_compress_words_1_Pipeline_SHA256_ROUNDS.sched.adb -f 
INFO-FLOW: Finish scheduling sha256_compress_words.1_Pipeline_SHA256_ROUNDS.
Execute     set_default_model sha256_compress_words.1_Pipeline_SHA256_ROUNDS 
Execute     bind -model sha256_compress_words.1_Pipeline_SHA256_ROUNDS 
INFO: [BIND 205-100] Starting micro-architecture generation ...
INFO: [BIND 205-101] Performing variable lifetime analysis.
INFO: [BIND 205-101] Exploring resource sharing.
INFO: [BIND 205-101] Binding ...
INFO: [BIND 205-100] Finished micro-architecture generation.
INFO: [HLS 200-111] Finished Binding: CPU user time: 0.04 seconds. CPU system time: 0 seconds. Elapsed time: 0.04 seconds; current allocated memory: 410.035 MB.
Execute     syn_report -verbosereport -o /home/cse/Documents/WorkSpaces/vaddWS/hasitha_optimization/hasitha_hls_component/mine/hls/.autopilot/db/sha256_compress_words_1_Pipeline_SHA256_ROUNDS.verbose.bind.rpt 
Execute       list_part -family xck26-sfvc784-2LV-c 
Execute         ap_family_info -name xck26-sfvc784-2LV-c -data names 
Execute         ap_part_info -quiet -name xck26-sfvc784-2LV-c -data family 
Execute     db_write -o /home/cse/Documents/WorkSpaces/vaddWS/hasitha_optimization/hasitha_hls_component/mine/hls/.autopilot/db/sha256_compress_words_1_Pipeline_SHA256_ROUNDS.bind.adb -f 
INFO-FLOW: Finish binding sha256_compress_words.1_Pipeline_SHA256_ROUNDS.
INFO: [HLS 200-10] ----------------------------------------------------------------
INFO: [HLS 200-42] -- Implementing module 'sha256_compress_words_1' 
INFO: [HLS 200-10] ----------------------------------------------------------------
Execute     set_default_model sha256_compress_words.1 
Execute     schedule -model sha256_compress_words.1 
INFO: [SCHED 204-11] Starting scheduling ...
INFO: [SCHED 204-11] Finished scheduling.
INFO: [HLS 200-111] Finished Scheduling: CPU user time: 0.04 seconds. CPU system time: 0 seconds. Elapsed time: 0.04 seconds; current allocated memory: 410.035 MB.
Execute     syn_report -verbosereport -o /home/cse/Documents/WorkSpaces/vaddWS/hasitha_optimization/hasitha_hls_component/mine/hls/.autopilot/db/sha256_compress_words_1.verbose.sched.rpt 
Execute       list_part -family xck26-sfvc784-2LV-c 
Execute         ap_family_info -name xck26-sfvc784-2LV-c -data names 
Execute         ap_part_info -quiet -name xck26-sfvc784-2LV-c -data family 
Execute     db_write -o /home/cse/Documents/WorkSpaces/vaddWS/hasitha_optimization/hasitha_hls_component/mine/hls/.autopilot/db/sha256_compress_words_1.sched.adb -f 
INFO-FLOW: Finish scheduling sha256_compress_words.1.
Execute     set_default_model sha256_compress_words.1 
Execute     bind -model sha256_compress_words.1 
INFO: [BIND 205-100] Starting micro-architecture generation ...
INFO: [BIND 205-101] Performing variable lifetime analysis.
INFO: [BIND 205-101] Exploring resource sharing.
INFO: [BIND 205-101] Binding ...
INFO: [BIND 205-100] Finished micro-architecture generation.
INFO: [HLS 200-111] Finished Binding: CPU user time: 0.02 seconds. CPU system time: 0 seconds. Elapsed time: 0.01 seconds; current allocated memory: 410.035 MB.
Execute     syn_report -verbosereport -o /home/cse/Documents/WorkSpaces/vaddWS/hasitha_optimization/hasitha_hls_component/mine/hls/.autopilot/db/sha256_compress_words_1.verbose.bind.rpt 
Execute       list_part -family xck26-sfvc784-2LV-c 
Execute         ap_family_info -name xck26-sfvc784-2LV-c -data names 
Execute         ap_part_info -quiet -name xck26-sfvc784-2LV-c -data family 
Execute     db_write -o /home/cse/Documents/WorkSpaces/vaddWS/hasitha_optimization/hasitha_hls_component/mine/hls/.autopilot/db/sha256_compress_words_1.bind.adb -f 
INFO-FLOW: Finish binding sha256_compress_words.1.
INFO: [HLS 200-10] ----------------------------------------------------------------
INFO: [HLS 200-42] -- Implementing module 'sha256_compress_words_Pipeline_LOAD_INITIAL_WORDS' 
INFO: [HLS 200-10] ----------------------------------------------------------------
Execute     set_default_model sha256_compress_words_Pipeline_LOAD_INITIAL_WORDS 
Execute     schedule -model sha256_compress_words_Pipeline_LOAD_INITIAL_WORDS 
INFO: [SCHED 204-11] Starting scheduling ...
INFO: [SCHED 204-61] Pipelining loop 'LOAD_INITIAL_WORDS'.
INFO: [HLS 200-1470] Pipelining result : Target II = 1, Final II = 1, Depth = 1, loop 'LOAD_INITIAL_WORDS'
INFO: [SCHED 204-11] Finished scheduling.
INFO: [HLS 200-111] Finished Scheduling: CPU user time: 0.03 seconds. CPU system time: 0.01 seconds. Elapsed time: 0.04 seconds; current allocated memory: 410.035 MB.
Execute     syn_report -verbosereport -o /home/cse/Documents/WorkSpaces/vaddWS/hasitha_optimization/hasitha_hls_component/mine/hls/.autopilot/db/sha256_compress_words_Pipeline_LOAD_INITIAL_WORDS.verbose.sched.rpt 
Execute       list_part -family xck26-sfvc784-2LV-c 
Execute         ap_family_info -name xck26-sfvc784-2LV-c -data names 
Execute         ap_part_info -quiet -name xck26-sfvc784-2LV-c -data family 
Execute     db_write -o /home/cse/Documents/WorkSpaces/vaddWS/hasitha_optimization/hasitha_hls_component/mine/hls/.autopilot/db/sha256_compress_words_Pipeline_LOAD_INITIAL_WORDS.sched.adb -f 
INFO-FLOW: Finish scheduling sha256_compress_words_Pipeline_LOAD_INITIAL_WORDS.
Execute     set_default_model sha256_compress_words_Pipeline_LOAD_INITIAL_WORDS 
Execute     bind -model sha256_compress_words_Pipeline_LOAD_INITIAL_WORDS 
INFO: [BIND 205-100] Starting micro-architecture generation ...
INFO: [BIND 205-101] Performing variable lifetime analysis.
INFO: [BIND 205-101] Exploring resource sharing.
INFO: [BIND 205-101] Binding ...
INFO: [BIND 205-100] Finished micro-architecture generation.
INFO: [HLS 200-111] Finished Binding: CPU user time: 0.02 seconds. CPU system time: 0 seconds. Elapsed time: 0.02 seconds; current allocated memory: 410.035 MB.
Execute     syn_report -verbosereport -o /home/cse/Documents/WorkSpaces/vaddWS/hasitha_optimization/hasitha_hls_component/mine/hls/.autopilot/db/sha256_compress_words_Pipeline_LOAD_INITIAL_WORDS.verbose.bind.rpt 
Execute       list_part -family xck26-sfvc784-2LV-c 
Execute         ap_family_info -name xck26-sfvc784-2LV-c -data names 
Execute         ap_part_info -quiet -name xck26-sfvc784-2LV-c -data family 
Execute     db_write -o /home/cse/Documents/WorkSpaces/vaddWS/hasitha_optimization/hasitha_hls_component/mine/hls/.autopilot/db/sha256_compress_words_Pipeline_LOAD_INITIAL_WORDS.bind.adb -f 
INFO-FLOW: Finish binding sha256_compress_words_Pipeline_LOAD_INITIAL_WORDS.
INFO: [HLS 200-10] ----------------------------------------------------------------
INFO: [HLS 200-42] -- Implementing module 'sha256_compress_words_Pipeline_SHA256_ROUNDS' 
INFO: [HLS 200-10] ----------------------------------------------------------------
Execute     set_default_model sha256_compress_words_Pipeline_SHA256_ROUNDS 
Execute     schedule -model sha256_compress_words_Pipeline_SHA256_ROUNDS 
INFO: [SCHED 204-11] Starting scheduling ...
INFO: [SCHED 204-61] Pipelining loop 'SHA256_ROUNDS'.
INFO: [HLS 200-1470] Pipelining result : Target II = 1, Final II = 1, Depth = 3, loop 'SHA256_ROUNDS'
INFO: [SCHED 204-11] Finished scheduling.
INFO: [HLS 200-111] Finished Scheduling: CPU user time: 0.08 seconds. CPU system time: 0 seconds. Elapsed time: 0.08 seconds; current allocated memory: 413.246 MB.
Execute     syn_report -verbosereport -o /home/cse/Documents/WorkSpaces/vaddWS/hasitha_optimization/hasitha_hls_component/mine/hls/.autopilot/db/sha256_compress_words_Pipeline_SHA256_ROUNDS.verbose.sched.rpt 
Execute       list_part -family xck26-sfvc784-2LV-c 
Execute         ap_family_info -name xck26-sfvc784-2LV-c -data names 
Execute         ap_part_info -quiet -name xck26-sfvc784-2LV-c -data family 
Execute     db_write -o /home/cse/Documents/WorkSpaces/vaddWS/hasitha_optimization/hasitha_hls_component/mine/hls/.autopilot/db/sha256_compress_words_Pipeline_SHA256_ROUNDS.sched.adb -f 
INFO-FLOW: Finish scheduling sha256_compress_words_Pipeline_SHA256_ROUNDS.
Execute     set_default_model sha256_compress_words_Pipeline_SHA256_ROUNDS 
Execute     bind -model sha256_compress_words_Pipeline_SHA256_ROUNDS 
INFO: [BIND 205-100] Starting micro-architecture generation ...
INFO: [BIND 205-101] Performing variable lifetime analysis.
INFO: [BIND 205-101] Exploring resource sharing.
INFO: [BIND 205-101] Binding ...
INFO: [BIND 205-100] Finished micro-architecture generation.
INFO: [HLS 200-111] Finished Binding: CPU user time: 0.04 seconds. CPU system time: 0 seconds. Elapsed time: 0.04 seconds; current allocated memory: 413.246 MB.
Execute     syn_report -verbosereport -o /home/cse/Documents/WorkSpaces/vaddWS/hasitha_optimization/hasitha_hls_component/mine/hls/.autopilot/db/sha256_compress_words_Pipeline_SHA256_ROUNDS.verbose.bind.rpt 
Execute       list_part -family xck26-sfvc784-2LV-c 
Execute         ap_family_info -name xck26-sfvc784-2LV-c -data names 
Execute         ap_part_info -quiet -name xck26-sfvc784-2LV-c -data family 
Execute     db_write -o /home/cse/Documents/WorkSpaces/vaddWS/hasitha_optimization/hasitha_hls_component/mine/hls/.autopilot/db/sha256_compress_words_Pipeline_SHA256_ROUNDS.bind.adb -f 
INFO-FLOW: Finish binding sha256_compress_words_Pipeline_SHA256_ROUNDS.
INFO: [HLS 200-10] ----------------------------------------------------------------
INFO: [HLS 200-42] -- Implementing module 'sha256_compress_words' 
INFO: [HLS 200-10] ----------------------------------------------------------------
Execute     set_default_model sha256_compress_words 
Execute     schedule -model sha256_compress_words 
INFO: [SCHED 204-11] Starting scheduling ...
INFO: [SCHED 204-11] Finished scheduling.
INFO: [HLS 200-111] Finished Scheduling: CPU user time: 0.04 seconds. CPU system time: 0 seconds. Elapsed time: 0.05 seconds; current allocated memory: 413.246 MB.
Execute     syn_report -verbosereport -o /home/cse/Documents/WorkSpaces/vaddWS/hasitha_optimization/hasitha_hls_component/mine/hls/.autopilot/db/sha256_compress_words.verbose.sched.rpt 
Execute       list_part -family xck26-sfvc784-2LV-c 
Execute         ap_family_info -name xck26-sfvc784-2LV-c -data names 
Execute         ap_part_info -quiet -name xck26-sfvc784-2LV-c -data family 
Execute     db_write -o /home/cse/Documents/WorkSpaces/vaddWS/hasitha_optimization/hasitha_hls_component/mine/hls/.autopilot/db/sha256_compress_words.sched.adb -f 
INFO-FLOW: Finish scheduling sha256_compress_words.
Execute     set_default_model sha256_compress_words 
Execute     bind -model sha256_compress_words 
INFO: [BIND 205-100] Starting micro-architecture generation ...
INFO: [BIND 205-101] Performing variable lifetime analysis.
INFO: [BIND 205-101] Exploring resource sharing.
INFO: [BIND 205-101] Binding ...
INFO: [BIND 205-100] Finished micro-architecture generation.
INFO: [HLS 200-111] Finished Binding: CPU user time: 0.02 seconds. CPU system time: 0 seconds. Elapsed time: 0.02 seconds; current allocated memory: 413.246 MB.
Execute     syn_report -verbosereport -o /home/cse/Documents/WorkSpaces/vaddWS/hasitha_optimization/hasitha_hls_component/mine/hls/.autopilot/db/sha256_compress_words.verbose.bind.rpt 
Execute       list_part -family xck26-sfvc784-2LV-c 
Execute         ap_family_info -name xck26-sfvc784-2LV-c -data names 
Execute         ap_part_info -quiet -name xck26-sfvc784-2LV-c -data family 
Execute     db_write -o /home/cse/Documents/WorkSpaces/vaddWS/hasitha_optimization/hasitha_hls_component/mine/hls/.autopilot/db/sha256_compress_words.bind.adb -f 
INFO-FLOW: Finish binding sha256_compress_words.
INFO: [HLS 200-10] ----------------------------------------------------------------
INFO: [HLS 200-42] -- Implementing module 'sha256d_from_midstate' 
INFO: [HLS 200-10] ----------------------------------------------------------------
Execute     set_default_model sha256d_from_midstate 
Execute     schedule -model sha256d_from_midstate 
INFO: [SCHED 204-11] Starting scheduling ...
INFO: [SCHED 204-11] Finished scheduling.
INFO: [HLS 200-111] Finished Scheduling: CPU user time: 0.04 seconds. CPU system time: 0 seconds. Elapsed time: 0.04 seconds; current allocated memory: 413.246 MB.
Execute     syn_report -verbosereport -o /home/cse/Documents/WorkSpaces/vaddWS/hasitha_optimization/hasitha_hls_component/mine/hls/.autopilot/db/sha256d_from_midstate.verbose.sched.rpt 
Execute       list_part -family xck26-sfvc784-2LV-c 
Execute         ap_family_info -name xck26-sfvc784-2LV-c -data names 
Execute         ap_part_info -quiet -name xck26-sfvc784-2LV-c -data family 
Execute     db_write -o /home/cse/Documents/WorkSpaces/vaddWS/hasitha_optimization/hasitha_hls_component/mine/hls/.autopilot/db/sha256d_from_midstate.sched.adb -f 
INFO-FLOW: Finish scheduling sha256d_from_midstate.
Execute     set_default_model sha256d_from_midstate 
Execute     bind -model sha256d_from_midstate 
INFO: [BIND 205-100] Starting micro-architecture generation ...
INFO: [BIND 205-101] Performing variable lifetime analysis.
INFO: [BIND 205-101] Exploring resource sharing.
INFO: [BIND 205-101] Binding ...
INFO: [BIND 205-100] Starting global binding ...
INFO: [BIND 205-100] Finished micro-architecture generation.
INFO: [HLS 200-111] Finished Binding: CPU user time: 0.02 seconds. CPU system time: 0.01 seconds. Elapsed time: 0.03 seconds; current allocated memory: 413.246 MB.
Execute     syn_report -verbosereport -o /home/cse/Documents/WorkSpaces/vaddWS/hasitha_optimization/hasitha_hls_component/mine/hls/.autopilot/db/sha256d_from_midstate.verbose.bind.rpt 
Execute       list_part -family xck26-sfvc784-2LV-c 
Execute         ap_family_info -name xck26-sfvc784-2LV-c -data names 
Execute         ap_part_info -quiet -name xck26-sfvc784-2LV-c -data family 
Execute     db_write -o /home/cse/Documents/WorkSpaces/vaddWS/hasitha_optimization/hasitha_hls_component/mine/hls/.autopilot/db/sha256d_from_midstate.bind.adb -f 
INFO-FLOW: Finish binding sha256d_from_midstate.
INFO: [HLS 200-10] ----------------------------------------------------------------
INFO: [HLS 200-42] -- Implementing module 'mine_Pipeline_COMPARE_HASH' 
INFO: [HLS 200-10] ----------------------------------------------------------------
Execute     set_default_model mine_Pipeline_COMPARE_HASH 
Execute     schedule -model mine_Pipeline_COMPARE_HASH 
INFO: [SCHED 204-11] Starting scheduling ...
INFO: [SCHED 204-61] Pipelining loop 'COMPARE_HASH'.
INFO: [HLS 200-1470] Pipelining result : Target II = NA, Final II = 2, Depth = 2, loop 'COMPARE_HASH'
INFO: [SCHED 204-11] Finished scheduling.
INFO: [HLS 200-111] Finished Scheduling: CPU user time: 0.04 seconds. CPU system time: 0 seconds. Elapsed time: 0.03 seconds; current allocated memory: 413.426 MB.
Execute     syn_report -verbosereport -o /home/cse/Documents/WorkSpaces/vaddWS/hasitha_optimization/hasitha_hls_component/mine/hls/.autopilot/db/mine_Pipeline_COMPARE_HASH.verbose.sched.rpt 
Execute       list_part -family xck26-sfvc784-2LV-c 
Execute         ap_family_info -name xck26-sfvc784-2LV-c -data names 
Execute         ap_part_info -quiet -name xck26-sfvc784-2LV-c -data family 
Execute     db_write -o /home/cse/Documents/WorkSpaces/vaddWS/hasitha_optimization/hasitha_hls_component/mine/hls/.autopilot/db/mine_Pipeline_COMPARE_HASH.sched.adb -f 
INFO-FLOW: Finish scheduling mine_Pipeline_COMPARE_HASH.
Execute     set_default_model mine_Pipeline_COMPARE_HASH 
Execute     bind -model mine_Pipeline_COMPARE_HASH 
INFO: [BIND 205-100] Starting micro-architecture generation ...
INFO: [BIND 205-101] Performing variable lifetime analysis.
INFO: [BIND 205-101] Exploring resource sharing.
INFO: [BIND 205-101] Binding ...
INFO: [BIND 205-100] Finished micro-architecture generation.
INFO: [HLS 200-111] Finished Binding: CPU user time: 0.01 seconds. CPU system time: 0 seconds. Elapsed time: 0.01 seconds; current allocated memory: 413.426 MB.
Execute     syn_report -verbosereport -o /home/cse/Documents/WorkSpaces/vaddWS/hasitha_optimization/hasitha_hls_component/mine/hls/.autopilot/db/mine_Pipeline_COMPARE_HASH.verbose.bind.rpt 
Execute       list_part -family xck26-sfvc784-2LV-c 
Execute         ap_family_info -name xck26-sfvc784-2LV-c -data names 
Execute         ap_part_info -quiet -name xck26-sfvc784-2LV-c -data family 
Execute     db_write -o /home/cse/Documents/WorkSpaces/vaddWS/hasitha_optimization/hasitha_hls_component/mine/hls/.autopilot/db/mine_Pipeline_COMPARE_HASH.bind.adb -f 
INFO-FLOW: Finish binding mine_Pipeline_COMPARE_HASH.
INFO: [HLS 200-10] ----------------------------------------------------------------
INFO: [HLS 200-42] -- Implementing module 'mine' 
INFO: [HLS 200-10] ----------------------------------------------------------------
Execute     set_default_model mine 
Execute     schedule -model mine 
INFO: [SCHED 204-11] Starting scheduling ...
INFO: [SCHED 204-11] Finished scheduling.
INFO: [HLS 200-111] Finished Scheduling: CPU user time: 0.04 seconds. CPU system time: 0 seconds. Elapsed time: 0.04 seconds; current allocated memory: 414.551 MB.
Execute     syn_report -verbosereport -o /home/cse/Documents/WorkSpaces/vaddWS/hasitha_optimization/hasitha_hls_component/mine/hls/.autopilot/db/mine.verbose.sched.rpt 
Execute       list_part -family xck26-sfvc784-2LV-c 
Execute         ap_family_info -name xck26-sfvc784-2LV-c -data names 
Execute         ap_part_info -quiet -name xck26-sfvc784-2LV-c -data family 
Execute     db_write -o /home/cse/Documents/WorkSpaces/vaddWS/hasitha_optimization/hasitha_hls_component/mine/hls/.autopilot/db/mine.sched.adb -f 
INFO-FLOW: Finish scheduling mine.
Execute     set_default_model mine 
Execute     bind -model mine 
INFO: [BIND 205-100] Starting micro-architecture generation ...
INFO: [BIND 205-101] Performing variable lifetime analysis.
INFO: [BIND 205-101] Exploring resource sharing.
INFO: [BIND 205-101] Binding ...
INFO: [BIND 205-100] Finished micro-architecture generation.
INFO: [HLS 200-111] Finished Binding: CPU user time: 0.06 seconds. CPU system time: 0 seconds. Elapsed time: 0.06 seconds; current allocated memory: 414.551 MB.
Execute     syn_report -verbosereport -o /home/cse/Documents/WorkSpaces/vaddWS/hasitha_optimization/hasitha_hls_component/mine/hls/.autopilot/db/mine.verbose.bind.rpt 
Execute       list_part -family xck26-sfvc784-2LV-c 
Execute         ap_family_info -name xck26-sfvc784-2LV-c -data names 
Execute         ap_part_info -quiet -name xck26-sfvc784-2LV-c -data family 
Execute     db_write -o /home/cse/Documents/WorkSpaces/vaddWS/hasitha_optimization/hasitha_hls_component/mine/hls/.autopilot/db/mine.bind.adb -f 
INFO-FLOW: Finish binding mine.
Execute     get_model_list mine -filter all-wo-channel 
INFO-FLOW: Preprocessing for RTLGen ...
Execute     rtl_gen_preprocess mine_Pipeline_VITIS_LOOP_448_1 
Execute     rtl_gen_preprocess mine_Pipeline_VITIS_LOOP_453_2 
Execute     rtl_gen_preprocess mine_Pipeline_BUILD_FIRST_BLOCK 
Execute     rtl_gen_preprocess sha256_compress_words.1_Pipeline_LOAD_INITIAL_WORDS 
Execute     rtl_gen_preprocess sha256_compress_words.1_Pipeline_SHA256_ROUNDS 
Execute     rtl_gen_preprocess sha256_compress_words.1 
Execute     rtl_gen_preprocess sha256_compress_words_Pipeline_LOAD_INITIAL_WORDS 
Execute     rtl_gen_preprocess sha256_compress_words_Pipeline_SHA256_ROUNDS 
Execute     rtl_gen_preprocess sha256_compress_words 
Execute     rtl_gen_preprocess sha256d_from_midstate 
Execute     rtl_gen_preprocess mine_Pipeline_COMPARE_HASH 
Execute     rtl_gen_preprocess mine 
INFO-FLOW: Model list for RTL generation: mine_Pipeline_VITIS_LOOP_448_1 mine_Pipeline_VITIS_LOOP_453_2 mine_Pipeline_BUILD_FIRST_BLOCK sha256_compress_words.1_Pipeline_LOAD_INITIAL_WORDS sha256_compress_words.1_Pipeline_SHA256_ROUNDS sha256_compress_words.1 sha256_compress_words_Pipeline_LOAD_INITIAL_WORDS sha256_compress_words_Pipeline_SHA256_ROUNDS sha256_compress_words sha256d_from_midstate mine_Pipeline_COMPARE_HASH mine
INFO: [HLS 200-10] ----------------------------------------------------------------
INFO: [HLS 200-10] -- Generating RTL for module 'mine_Pipeline_VITIS_LOOP_448_1' 
INFO: [HLS 200-10] ----------------------------------------------------------------
Execute     create_rtl_model mine_Pipeline_VITIS_LOOP_448_1 -top_prefix mine_ -sub_prefix mine_ -mg_file /home/cse/Documents/WorkSpaces/vaddWS/hasitha_optimization/hasitha_hls_component/mine/hls/.autopilot/db/mine_Pipeline_VITIS_LOOP_448_1.compgen.tcl 
INFO: [HLS 200-1030] Apply Unified Pipeline Control on module 'mine_Pipeline_VITIS_LOOP_448_1' pipeline 'VITIS_LOOP_448_1' pipeline type 'loop pipeline'
WARNING: [RTGEN 206-101] Setting dangling out port 'mine_Pipeline_VITIS_LOOP_448_1/m_axi_gmem0_0_ARVALID' to 0.
WARNING: [RTGEN 206-101] Setting dangling out port 'mine_Pipeline_VITIS_LOOP_448_1/m_axi_gmem0_0_ARADDR' to 0.
WARNING: [RTGEN 206-101] Setting dangling out port 'mine_Pipeline_VITIS_LOOP_448_1/m_axi_gmem0_0_ARID' to 0.
WARNING: [RTGEN 206-101] Setting dangling out port 'mine_Pipeline_VITIS_LOOP_448_1/m_axi_gmem0_0_ARLEN' to 0.
WARNING: [RTGEN 206-101] Setting dangling out port 'mine_Pipeline_VITIS_LOOP_448_1/m_axi_gmem0_0_ARSIZE' to 0.
WARNING: [RTGEN 206-101] Setting dangling out port 'mine_Pipeline_VITIS_LOOP_448_1/m_axi_gmem0_0_ARBURST' to 0.
WARNING: [RTGEN 206-101] Setting dangling out port 'mine_Pipeline_VITIS_LOOP_448_1/m_axi_gmem0_0_ARLOCK' to 0.
WARNING: [RTGEN 206-101] Setting dangling out port 'mine_Pipeline_VITIS_LOOP_448_1/m_axi_gmem0_0_ARCACHE' to 0.
WARNING: [RTGEN 206-101] Setting dangling out port 'mine_Pipeline_VITIS_LOOP_448_1/m_axi_gmem0_0_ARPROT' to 0.
WARNING: [RTGEN 206-101] Setting dangling out port 'mine_Pipeline_VITIS_LOOP_448_1/m_axi_gmem0_0_ARQOS' to 0.
WARNING: [RTGEN 206-101] Setting dangling out port 'mine_Pipeline_VITIS_LOOP_448_1/m_axi_gmem0_0_ARREGION' to 0.
WARNING: [RTGEN 206-101] Setting dangling out port 'mine_Pipeline_VITIS_LOOP_448_1/m_axi_gmem0_0_ARUSER' to 0.
INFO: [RTGEN 206-100] Finished creating RTL model for 'mine_Pipeline_VITIS_LOOP_448_1'.
INFO: [HLS 200-111] Finished Creating RTL model: CPU user time: 0.06 seconds. CPU system time: 0 seconds. Elapsed time: 0.06 seconds; current allocated memory: 414.945 MB.
Execute     source /home/cse/Documents/WorkSpaces/vaddWS/hasitha_optimization/hasitha_hls_component/mine/hls/.autopilot/db/mine.rtl_wrap.cfg.tcl 
Execute     gen_rtl mine_Pipeline_VITIS_LOOP_448_1 -style xilinx -f -lang vhdl -o /home/cse/Documents/WorkSpaces/vaddWS/hasitha_optimization/hasitha_hls_component/mine/hls/syn/vhdl/mine_mine_Pipeline_VITIS_LOOP_448_1 
Execute     gen_rtl mine_Pipeline_VITIS_LOOP_448_1 -style xilinx -f -lang vlog -o /home/cse/Documents/WorkSpaces/vaddWS/hasitha_optimization/hasitha_hls_component/mine/hls/syn/verilog/mine_mine_Pipeline_VITIS_LOOP_448_1 
Execute     syn_report -csynth -model mine_Pipeline_VITIS_LOOP_448_1 -o /home/cse/Documents/WorkSpaces/vaddWS/hasitha_optimization/hasitha_hls_component/mine/hls/syn/report/mine_Pipeline_VITIS_LOOP_448_1_csynth.rpt 
Execute       list_part -family xck26-sfvc784-2LV-c 
Execute         ap_family_info -name xck26-sfvc784-2LV-c -data names 
Execute         ap_part_info -quiet -name xck26-sfvc784-2LV-c -data family 
Execute     syn_report -rtlxml -model mine_Pipeline_VITIS_LOOP_448_1 -o /home/cse/Documents/WorkSpaces/vaddWS/hasitha_optimization/hasitha_hls_component/mine/hls/syn/report/mine_Pipeline_VITIS_LOOP_448_1_csynth.xml 
Execute       list_part -family xck26-sfvc784-2LV-c 
Execute         ap_family_info -name xck26-sfvc784-2LV-c -data names 
Execute         ap_part_info -quiet -name xck26-sfvc784-2LV-c -data family 
Execute     syn_report -verbosereport -model mine_Pipeline_VITIS_LOOP_448_1 -o /home/cse/Documents/WorkSpaces/vaddWS/hasitha_optimization/hasitha_hls_component/mine/hls/.autopilot/db/mine_Pipeline_VITIS_LOOP_448_1.verbose.rpt 
Execute       list_part -family xck26-sfvc784-2LV-c 
Execute         ap_family_info -name xck26-sfvc784-2LV-c -data names 
Execute         ap_part_info -quiet -name xck26-sfvc784-2LV-c -data family 
Execute     db_write -model mine_Pipeline_VITIS_LOOP_448_1 -f -o /home/cse/Documents/WorkSpaces/vaddWS/hasitha_optimization/hasitha_hls_component/mine/hls/.autopilot/db/mine_Pipeline_VITIS_LOOP_448_1.adb 
Execute     db_write -model mine_Pipeline_VITIS_LOOP_448_1 -bindview -o /home/cse/Documents/WorkSpaces/vaddWS/hasitha_optimization/hasitha_hls_component/mine/hls/.autopilot/db/design.bindinfo.xml 
Execute     gen_tb_info mine_Pipeline_VITIS_LOOP_448_1 -p /home/cse/Documents/WorkSpaces/vaddWS/hasitha_optimization/hasitha_hls_component/mine/hls/.autopilot/db -o /home/cse/Documents/WorkSpaces/vaddWS/hasitha_optimization/hasitha_hls_component/mine/hls/.autopilot/db/mine_Pipeline_VITIS_LOOP_448_1 
INFO: [HLS 200-10] ----------------------------------------------------------------
INFO: [HLS 200-10] -- Generating RTL for module 'mine_Pipeline_VITIS_LOOP_453_2' 
INFO: [HLS 200-10] ----------------------------------------------------------------
Execute     create_rtl_model mine_Pipeline_VITIS_LOOP_453_2 -top_prefix mine_ -sub_prefix mine_ -mg_file /home/cse/Documents/WorkSpaces/vaddWS/hasitha_optimization/hasitha_hls_component/mine/hls/.autopilot/db/mine_Pipeline_VITIS_LOOP_453_2.compgen.tcl 
INFO: [HLS 200-1030] Apply Unified Pipeline Control on module 'mine_Pipeline_VITIS_LOOP_453_2' pipeline 'VITIS_LOOP_453_2' pipeline type 'loop pipeline'
INFO: [RTGEN 206-100] Finished creating RTL model for 'mine_Pipeline_VITIS_LOOP_453_2'.
INFO: [HLS 200-111] Finished Creating RTL model: CPU user time: 0.05 seconds. CPU system time: 0.01 seconds. Elapsed time: 0.06 seconds; current allocated memory: 415.836 MB.
Execute     source /home/cse/Documents/WorkSpaces/vaddWS/hasitha_optimization/hasitha_hls_component/mine/hls/.autopilot/db/mine.rtl_wrap.cfg.tcl 
Execute     gen_rtl mine_Pipeline_VITIS_LOOP_453_2 -style xilinx -f -lang vhdl -o /home/cse/Documents/WorkSpaces/vaddWS/hasitha_optimization/hasitha_hls_component/mine/hls/syn/vhdl/mine_mine_Pipeline_VITIS_LOOP_453_2 
Execute     gen_rtl mine_Pipeline_VITIS_LOOP_453_2 -style xilinx -f -lang vlog -o /home/cse/Documents/WorkSpaces/vaddWS/hasitha_optimization/hasitha_hls_component/mine/hls/syn/verilog/mine_mine_Pipeline_VITIS_LOOP_453_2 
Execute     syn_report -csynth -model mine_Pipeline_VITIS_LOOP_453_2 -o /home/cse/Documents/WorkSpaces/vaddWS/hasitha_optimization/hasitha_hls_component/mine/hls/syn/report/mine_Pipeline_VITIS_LOOP_453_2_csynth.rpt 
Execute       list_part -family xck26-sfvc784-2LV-c 
Execute         ap_family_info -name xck26-sfvc784-2LV-c -data names 
Execute         ap_part_info -quiet -name xck26-sfvc784-2LV-c -data family 
Execute     syn_report -rtlxml -model mine_Pipeline_VITIS_LOOP_453_2 -o /home/cse/Documents/WorkSpaces/vaddWS/hasitha_optimization/hasitha_hls_component/mine/hls/syn/report/mine_Pipeline_VITIS_LOOP_453_2_csynth.xml 
Execute       list_part -family xck26-sfvc784-2LV-c 
Execute         ap_family_info -name xck26-sfvc784-2LV-c -data names 
Execute         ap_part_info -quiet -name xck26-sfvc784-2LV-c -data family 
Execute     syn_report -verbosereport -model mine_Pipeline_VITIS_LOOP_453_2 -o /home/cse/Documents/WorkSpaces/vaddWS/hasitha_optimization/hasitha_hls_component/mine/hls/.autopilot/db/mine_Pipeline_VITIS_LOOP_453_2.verbose.rpt 
Execute       list_part -family xck26-sfvc784-2LV-c 
Execute         ap_family_info -name xck26-sfvc784-2LV-c -data names 
Execute         ap_part_info -quiet -name xck26-sfvc784-2LV-c -data family 
Execute     db_write -model mine_Pipeline_VITIS_LOOP_453_2 -f -o /home/cse/Documents/WorkSpaces/vaddWS/hasitha_optimization/hasitha_hls_component/mine/hls/.autopilot/db/mine_Pipeline_VITIS_LOOP_453_2.adb 
Execute     db_write -model mine_Pipeline_VITIS_LOOP_453_2 -bindview -o /home/cse/Documents/WorkSpaces/vaddWS/hasitha_optimization/hasitha_hls_component/mine/hls/.autopilot/db/design.bindinfo.xml 
Execute     gen_tb_info mine_Pipeline_VITIS_LOOP_453_2 -p /home/cse/Documents/WorkSpaces/vaddWS/hasitha_optimization/hasitha_hls_component/mine/hls/.autopilot/db -o /home/cse/Documents/WorkSpaces/vaddWS/hasitha_optimization/hasitha_hls_component/mine/hls/.autopilot/db/mine_Pipeline_VITIS_LOOP_453_2 
INFO: [HLS 200-10] ----------------------------------------------------------------
INFO: [HLS 200-10] -- Generating RTL for module 'mine_Pipeline_BUILD_FIRST_BLOCK' 
INFO: [HLS 200-10] ----------------------------------------------------------------
Execute     create_rtl_model mine_Pipeline_BUILD_FIRST_BLOCK -top_prefix mine_ -sub_prefix mine_ -mg_file /home/cse/Documents/WorkSpaces/vaddWS/hasitha_optimization/hasitha_hls_component/mine/hls/.autopilot/db/mine_Pipeline_BUILD_FIRST_BLOCK.compgen.tcl 
INFO: [HLS 200-1030] Apply Unified Pipeline Control on module 'mine_Pipeline_BUILD_FIRST_BLOCK' pipeline 'BUILD_FIRST_BLOCK' pipeline type 'loop pipeline'
INFO: [RTGEN 206-100] Finished creating RTL model for 'mine_Pipeline_BUILD_FIRST_BLOCK'.
INFO: [HLS 200-111] Finished Creating RTL model: CPU user time: 0.04 seconds. CPU system time: 0 seconds. Elapsed time: 0.05 seconds; current allocated memory: 416.852 MB.
Execute     source /home/cse/Documents/WorkSpaces/vaddWS/hasitha_optimization/hasitha_hls_component/mine/hls/.autopilot/db/mine.rtl_wrap.cfg.tcl 
Execute     gen_rtl mine_Pipeline_BUILD_FIRST_BLOCK -style xilinx -f -lang vhdl -o /home/cse/Documents/WorkSpaces/vaddWS/hasitha_optimization/hasitha_hls_component/mine/hls/syn/vhdl/mine_mine_Pipeline_BUILD_FIRST_BLOCK 
Execute     gen_rtl mine_Pipeline_BUILD_FIRST_BLOCK -style xilinx -f -lang vlog -o /home/cse/Documents/WorkSpaces/vaddWS/hasitha_optimization/hasitha_hls_component/mine/hls/syn/verilog/mine_mine_Pipeline_BUILD_FIRST_BLOCK 
Execute     syn_report -csynth -model mine_Pipeline_BUILD_FIRST_BLOCK -o /home/cse/Documents/WorkSpaces/vaddWS/hasitha_optimization/hasitha_hls_component/mine/hls/syn/report/mine_Pipeline_BUILD_FIRST_BLOCK_csynth.rpt 
Execute       list_part -family xck26-sfvc784-2LV-c 
Execute         ap_family_info -name xck26-sfvc784-2LV-c -data names 
Execute         ap_part_info -quiet -name xck26-sfvc784-2LV-c -data family 
Execute     syn_report -rtlxml -model mine_Pipeline_BUILD_FIRST_BLOCK -o /home/cse/Documents/WorkSpaces/vaddWS/hasitha_optimization/hasitha_hls_component/mine/hls/syn/report/mine_Pipeline_BUILD_FIRST_BLOCK_csynth.xml 
Execute       list_part -family xck26-sfvc784-2LV-c 
Execute         ap_family_info -name xck26-sfvc784-2LV-c -data names 
Execute         ap_part_info -quiet -name xck26-sfvc784-2LV-c -data family 
Execute     syn_report -verbosereport -model mine_Pipeline_BUILD_FIRST_BLOCK -o /home/cse/Documents/WorkSpaces/vaddWS/hasitha_optimization/hasitha_hls_component/mine/hls/.autopilot/db/mine_Pipeline_BUILD_FIRST_BLOCK.verbose.rpt 
Execute       list_part -family xck26-sfvc784-2LV-c 
Execute         ap_family_info -name xck26-sfvc784-2LV-c -data names 
Execute         ap_part_info -quiet -name xck26-sfvc784-2LV-c -data family 
Execute     db_write -model mine_Pipeline_BUILD_FIRST_BLOCK -f -o /home/cse/Documents/WorkSpaces/vaddWS/hasitha_optimization/hasitha_hls_component/mine/hls/.autopilot/db/mine_Pipeline_BUILD_FIRST_BLOCK.adb 
Execute     db_write -model mine_Pipeline_BUILD_FIRST_BLOCK -bindview -o /home/cse/Documents/WorkSpaces/vaddWS/hasitha_optimization/hasitha_hls_component/mine/hls/.autopilot/db/design.bindinfo.xml 
Execute     gen_tb_info mine_Pipeline_BUILD_FIRST_BLOCK -p /home/cse/Documents/WorkSpaces/vaddWS/hasitha_optimization/hasitha_hls_component/mine/hls/.autopilot/db -o /home/cse/Documents/WorkSpaces/vaddWS/hasitha_optimization/hasitha_hls_component/mine/hls/.autopilot/db/mine_Pipeline_BUILD_FIRST_BLOCK 
INFO: [HLS 200-10] ----------------------------------------------------------------
INFO: [HLS 200-10] -- Generating RTL for module 'sha256_compress_words_1_Pipeline_LOAD_INITIAL_WORDS' 
INFO: [HLS 200-10] ----------------------------------------------------------------
Execute     create_rtl_model sha256_compress_words.1_Pipeline_LOAD_INITIAL_WORDS -top_prefix mine_ -sub_prefix mine_ -mg_file /home/cse/Documents/WorkSpaces/vaddWS/hasitha_optimization/hasitha_hls_component/mine/hls/.autopilot/db/sha256_compress_words_1_Pipeline_LOAD_INITIAL_WORDS.compgen.tcl 
INFO: [RTGEN 206-100] Generating core module 'sparsemux_33_4_32_1_1': 1 instance(s).
INFO: [RTGEN 206-100] Finished creating RTL model for 'sha256_compress_words_1_Pipeline_LOAD_INITIAL_WORDS'.
INFO: [HLS 200-111] Finished Creating RTL model: CPU user time: 0.07 seconds. CPU system time: 0 seconds. Elapsed time: 0.07 seconds; current allocated memory: 419.355 MB.
Execute     source /home/cse/Documents/WorkSpaces/vaddWS/hasitha_optimization/hasitha_hls_component/mine/hls/.autopilot/db/mine.rtl_wrap.cfg.tcl 
Execute     gen_rtl sha256_compress_words.1_Pipeline_LOAD_INITIAL_WORDS -style xilinx -f -lang vhdl -o /home/cse/Documents/WorkSpaces/vaddWS/hasitha_optimization/hasitha_hls_component/mine/hls/syn/vhdl/mine_sha256_compress_words_1_Pipeline_LOAD_INITIAL_WORDS 
Execute     gen_rtl sha256_compress_words.1_Pipeline_LOAD_INITIAL_WORDS -style xilinx -f -lang vlog -o /home/cse/Documents/WorkSpaces/vaddWS/hasitha_optimization/hasitha_hls_component/mine/hls/syn/verilog/mine_sha256_compress_words_1_Pipeline_LOAD_INITIAL_WORDS 
Execute     syn_report -csynth -model sha256_compress_words.1_Pipeline_LOAD_INITIAL_WORDS -o /home/cse/Documents/WorkSpaces/vaddWS/hasitha_optimization/hasitha_hls_component/mine/hls/syn/report/sha256_compress_words_1_Pipeline_LOAD_INITIAL_WORDS_csynth.rpt 
Execute       list_part -family xck26-sfvc784-2LV-c 
Execute         ap_family_info -name xck26-sfvc784-2LV-c -data names 
Execute         ap_part_info -quiet -name xck26-sfvc784-2LV-c -data family 
Execute     syn_report -rtlxml -model sha256_compress_words.1_Pipeline_LOAD_INITIAL_WORDS -o /home/cse/Documents/WorkSpaces/vaddWS/hasitha_optimization/hasitha_hls_component/mine/hls/syn/report/sha256_compress_words_1_Pipeline_LOAD_INITIAL_WORDS_csynth.xml 
Execute       list_part -family xck26-sfvc784-2LV-c 
Execute         ap_family_info -name xck26-sfvc784-2LV-c -data names 
Execute         ap_part_info -quiet -name xck26-sfvc784-2LV-c -data family 
Execute     syn_report -verbosereport -model sha256_compress_words.1_Pipeline_LOAD_INITIAL_WORDS -o /home/cse/Documents/WorkSpaces/vaddWS/hasitha_optimization/hasitha_hls_component/mine/hls/.autopilot/db/sha256_compress_words_1_Pipeline_LOAD_INITIAL_WORDS.verbose.rpt 
Execute       list_part -family xck26-sfvc784-2LV-c 
Execute         ap_family_info -name xck26-sfvc784-2LV-c -data names 
Execute         ap_part_info -quiet -name xck26-sfvc784-2LV-c -data family 
Execute     db_write -model sha256_compress_words.1_Pipeline_LOAD_INITIAL_WORDS -f -o /home/cse/Documents/WorkSpaces/vaddWS/hasitha_optimization/hasitha_hls_component/mine/hls/.autopilot/db/sha256_compress_words_1_Pipeline_LOAD_INITIAL_WORDS.adb 
Execute     db_write -model sha256_compress_words.1_Pipeline_LOAD_INITIAL_WORDS -bindview -o /home/cse/Documents/WorkSpaces/vaddWS/hasitha_optimization/hasitha_hls_component/mine/hls/.autopilot/db/design.bindinfo.xml 
Execute     gen_tb_info sha256_compress_words.1_Pipeline_LOAD_INITIAL_WORDS -p /home/cse/Documents/WorkSpaces/vaddWS/hasitha_optimization/hasitha_hls_component/mine/hls/.autopilot/db -o /home/cse/Documents/WorkSpaces/vaddWS/hasitha_optimization/hasitha_hls_component/mine/hls/.autopilot/db/sha256_compress_words_1_Pipeline_LOAD_INITIAL_WORDS 
INFO: [HLS 200-10] ----------------------------------------------------------------
INFO: [HLS 200-10] -- Generating RTL for module 'sha256_compress_words_1_Pipeline_SHA256_ROUNDS' 
INFO: [HLS 200-10] ----------------------------------------------------------------
Execute     create_rtl_model sha256_compress_words.1_Pipeline_SHA256_ROUNDS -top_prefix mine_ -sub_prefix mine_ -mg_file /home/cse/Documents/WorkSpaces/vaddWS/hasitha_optimization/hasitha_hls_component/mine/hls/.autopilot/db/sha256_compress_words_1_Pipeline_SHA256_ROUNDS.compgen.tcl 
INFO: [HLS 200-1030] Apply Unified Pipeline Control on module 'sha256_compress_words_1_Pipeline_SHA256_ROUNDS' pipeline 'SHA256_ROUNDS' pipeline type 'loop pipeline'
WARNING: [RTGEN 206-101] RTL name 'sparsemux_33_4_32_1_1' is changed to 'sparsemux_33_4_32_1_1_x' due to conflict.
INFO: [RTGEN 206-100] Generating core module 'sparsemux_33_4_32_1_1': 1 instance(s).
INFO: [RTGEN 206-100] Generating core module 'sparsemux_33_4_32_1_1_x': 3 instance(s).
INFO: [RTGEN 206-100] Finished creating RTL model for 'sha256_compress_words_1_Pipeline_SHA256_ROUNDS'.
INFO: [RTMG 210-279] Implementing memory 'mine_sha256_compress_words_1_Pipeline_SHA256_ROUNDS_K_ROM_AUTO_1R' using auto ROMs.
INFO: [HLS 200-111] Finished Creating RTL model: CPU user time: 0.07 seconds. CPU system time: 0.01 seconds. Elapsed time: 0.09 seconds; current allocated memory: 422.594 MB.
Execute     source /home/cse/Documents/WorkSpaces/vaddWS/hasitha_optimization/hasitha_hls_component/mine/hls/.autopilot/db/mine.rtl_wrap.cfg.tcl 
Execute     gen_rtl sha256_compress_words.1_Pipeline_SHA256_ROUNDS -style xilinx -f -lang vhdl -o /home/cse/Documents/WorkSpaces/vaddWS/hasitha_optimization/hasitha_hls_component/mine/hls/syn/vhdl/mine_sha256_compress_words_1_Pipeline_SHA256_ROUNDS 
Execute     gen_rtl sha256_compress_words.1_Pipeline_SHA256_ROUNDS -style xilinx -f -lang vlog -o /home/cse/Documents/WorkSpaces/vaddWS/hasitha_optimization/hasitha_hls_component/mine/hls/syn/verilog/mine_sha256_compress_words_1_Pipeline_SHA256_ROUNDS 
Execute     syn_report -csynth -model sha256_compress_words.1_Pipeline_SHA256_ROUNDS -o /home/cse/Documents/WorkSpaces/vaddWS/hasitha_optimization/hasitha_hls_component/mine/hls/syn/report/sha256_compress_words_1_Pipeline_SHA256_ROUNDS_csynth.rpt 
Execute       list_part -family xck26-sfvc784-2LV-c 
Execute         ap_family_info -name xck26-sfvc784-2LV-c -data names 
Execute         ap_part_info -quiet -name xck26-sfvc784-2LV-c -data family 
Execute     syn_report -rtlxml -model sha256_compress_words.1_Pipeline_SHA256_ROUNDS -o /home/cse/Documents/WorkSpaces/vaddWS/hasitha_optimization/hasitha_hls_component/mine/hls/syn/report/sha256_compress_words_1_Pipeline_SHA256_ROUNDS_csynth.xml 
Execute       list_part -family xck26-sfvc784-2LV-c 
Execute         ap_family_info -name xck26-sfvc784-2LV-c -data names 
Execute         ap_part_info -quiet -name xck26-sfvc784-2LV-c -data family 
Execute     syn_report -verbosereport -model sha256_compress_words.1_Pipeline_SHA256_ROUNDS -o /home/cse/Documents/WorkSpaces/vaddWS/hasitha_optimization/hasitha_hls_component/mine/hls/.autopilot/db/sha256_compress_words_1_Pipeline_SHA256_ROUNDS.verbose.rpt 
Execute       list_part -family xck26-sfvc784-2LV-c 
Execute         ap_family_info -name xck26-sfvc784-2LV-c -data names 
Execute         ap_part_info -quiet -name xck26-sfvc784-2LV-c -data family 
Execute     db_write -model sha256_compress_words.1_Pipeline_SHA256_ROUNDS -f -o /home/cse/Documents/WorkSpaces/vaddWS/hasitha_optimization/hasitha_hls_component/mine/hls/.autopilot/db/sha256_compress_words_1_Pipeline_SHA256_ROUNDS.adb 
Execute     db_write -model sha256_compress_words.1_Pipeline_SHA256_ROUNDS -bindview -o /home/cse/Documents/WorkSpaces/vaddWS/hasitha_optimization/hasitha_hls_component/mine/hls/.autopilot/db/design.bindinfo.xml 
Execute     gen_tb_info sha256_compress_words.1_Pipeline_SHA256_ROUNDS -p /home/cse/Documents/WorkSpaces/vaddWS/hasitha_optimization/hasitha_hls_component/mine/hls/.autopilot/db -o /home/cse/Documents/WorkSpaces/vaddWS/hasitha_optimization/hasitha_hls_component/mine/hls/.autopilot/db/sha256_compress_words_1_Pipeline_SHA256_ROUNDS 
INFO: [HLS 200-10] ----------------------------------------------------------------
INFO: [HLS 200-10] -- Generating RTL for module 'sha256_compress_words_1' 
INFO: [HLS 200-10] ----------------------------------------------------------------
Execute     create_rtl_model sha256_compress_words.1 -top_prefix mine_ -sub_prefix mine_ -mg_file /home/cse/Documents/WorkSpaces/vaddWS/hasitha_optimization/hasitha_hls_component/mine/hls/.autopilot/db/sha256_compress_words_1.compgen.tcl 
INFO: [RTGEN 206-100] Finished creating RTL model for 'sha256_compress_words_1'.
INFO: [HLS 200-111] Finished Creating RTL model: CPU user time: 0.1 seconds. CPU system time: 0.01 seconds. Elapsed time: 0.1 seconds; current allocated memory: 428.094 MB.
Execute     source /home/cse/Documents/WorkSpaces/vaddWS/hasitha_optimization/hasitha_hls_component/mine/hls/.autopilot/db/mine.rtl_wrap.cfg.tcl 
Execute     gen_rtl sha256_compress_words.1 -style xilinx -f -lang vhdl -o /home/cse/Documents/WorkSpaces/vaddWS/hasitha_optimization/hasitha_hls_component/mine/hls/syn/vhdl/mine_sha256_compress_words_1 
Execute     gen_rtl sha256_compress_words.1 -style xilinx -f -lang vlog -o /home/cse/Documents/WorkSpaces/vaddWS/hasitha_optimization/hasitha_hls_component/mine/hls/syn/verilog/mine_sha256_compress_words_1 
Execute     syn_report -csynth -model sha256_compress_words.1 -o /home/cse/Documents/WorkSpaces/vaddWS/hasitha_optimization/hasitha_hls_component/mine/hls/syn/report/sha256_compress_words_1_csynth.rpt 
Execute       list_part -family xck26-sfvc784-2LV-c 
Execute         ap_family_info -name xck26-sfvc784-2LV-c -data names 
Execute         ap_part_info -quiet -name xck26-sfvc784-2LV-c -data family 
Execute     syn_report -rtlxml -model sha256_compress_words.1 -o /home/cse/Documents/WorkSpaces/vaddWS/hasitha_optimization/hasitha_hls_component/mine/hls/syn/report/sha256_compress_words_1_csynth.xml 
Execute       list_part -family xck26-sfvc784-2LV-c 
Execute         ap_family_info -name xck26-sfvc784-2LV-c -data names 
Execute         ap_part_info -quiet -name xck26-sfvc784-2LV-c -data family 
Execute     syn_report -verbosereport -model sha256_compress_words.1 -o /home/cse/Documents/WorkSpaces/vaddWS/hasitha_optimization/hasitha_hls_component/mine/hls/.autopilot/db/sha256_compress_words_1.verbose.rpt 
Execute       list_part -family xck26-sfvc784-2LV-c 
Execute         ap_family_info -name xck26-sfvc784-2LV-c -data names 
Execute         ap_part_info -quiet -name xck26-sfvc784-2LV-c -data family 
Execute     db_write -model sha256_compress_words.1 -f -o /home/cse/Documents/WorkSpaces/vaddWS/hasitha_optimization/hasitha_hls_component/mine/hls/.autopilot/db/sha256_compress_words_1.adb 
Execute     db_write -model sha256_compress_words.1 -bindview -o /home/cse/Documents/WorkSpaces/vaddWS/hasitha_optimization/hasitha_hls_component/mine/hls/.autopilot/db/design.bindinfo.xml 
Execute     gen_tb_info sha256_compress_words.1 -p /home/cse/Documents/WorkSpaces/vaddWS/hasitha_optimization/hasitha_hls_component/mine/hls/.autopilot/db -o /home/cse/Documents/WorkSpaces/vaddWS/hasitha_optimization/hasitha_hls_component/mine/hls/.autopilot/db/sha256_compress_words_1 
INFO: [HLS 200-10] ----------------------------------------------------------------
INFO: [HLS 200-10] -- Generating RTL for module 'sha256_compress_words_Pipeline_LOAD_INITIAL_WORDS' 
INFO: [HLS 200-10] ----------------------------------------------------------------
Execute     create_rtl_model sha256_compress_words_Pipeline_LOAD_INITIAL_WORDS -top_prefix mine_ -sub_prefix mine_ -mg_file /home/cse/Documents/WorkSpaces/vaddWS/hasitha_optimization/hasitha_hls_component/mine/hls/.autopilot/db/sha256_compress_words_Pipeline_LOAD_INITIAL_WORDS.compgen.tcl 
INFO: [RTGEN 206-100] Generating core module 'sparsemux_33_4_32_1_1': 1 instance(s).
INFO: [RTGEN 206-100] Finished creating RTL model for 'sha256_compress_words_Pipeline_LOAD_INITIAL_WORDS'.
INFO: [HLS 200-111] Finished Creating RTL model: CPU user time: 0.06 seconds. CPU system time: 0 seconds. Elapsed time: 0.07 seconds; current allocated memory: 429.133 MB.
Execute     source /home/cse/Documents/WorkSpaces/vaddWS/hasitha_optimization/hasitha_hls_component/mine/hls/.autopilot/db/mine.rtl_wrap.cfg.tcl 
Execute     gen_rtl sha256_compress_words_Pipeline_LOAD_INITIAL_WORDS -style xilinx -f -lang vhdl -o /home/cse/Documents/WorkSpaces/vaddWS/hasitha_optimization/hasitha_hls_component/mine/hls/syn/vhdl/mine_sha256_compress_words_Pipeline_LOAD_INITIAL_WORDS 
Execute     gen_rtl sha256_compress_words_Pipeline_LOAD_INITIAL_WORDS -style xilinx -f -lang vlog -o /home/cse/Documents/WorkSpaces/vaddWS/hasitha_optimization/hasitha_hls_component/mine/hls/syn/verilog/mine_sha256_compress_words_Pipeline_LOAD_INITIAL_WORDS 
Execute     syn_report -csynth -model sha256_compress_words_Pipeline_LOAD_INITIAL_WORDS -o /home/cse/Documents/WorkSpaces/vaddWS/hasitha_optimization/hasitha_hls_component/mine/hls/syn/report/sha256_compress_words_Pipeline_LOAD_INITIAL_WORDS_csynth.rpt 
Execute       list_part -family xck26-sfvc784-2LV-c 
Execute         ap_family_info -name xck26-sfvc784-2LV-c -data names 
Execute         ap_part_info -quiet -name xck26-sfvc784-2LV-c -data family 
Execute     syn_report -rtlxml -model sha256_compress_words_Pipeline_LOAD_INITIAL_WORDS -o /home/cse/Documents/WorkSpaces/vaddWS/hasitha_optimization/hasitha_hls_component/mine/hls/syn/report/sha256_compress_words_Pipeline_LOAD_INITIAL_WORDS_csynth.xml 
Execute       list_part -family xck26-sfvc784-2LV-c 
Execute         ap_family_info -name xck26-sfvc784-2LV-c -data names 
Execute         ap_part_info -quiet -name xck26-sfvc784-2LV-c -data family 
Execute     syn_report -verbosereport -model sha256_compress_words_Pipeline_LOAD_INITIAL_WORDS -o /home/cse/Documents/WorkSpaces/vaddWS/hasitha_optimization/hasitha_hls_component/mine/hls/.autopilot/db/sha256_compress_words_Pipeline_LOAD_INITIAL_WORDS.verbose.rpt 
Execute       list_part -family xck26-sfvc784-2LV-c 
Execute         ap_family_info -name xck26-sfvc784-2LV-c -data names 
Execute         ap_part_info -quiet -name xck26-sfvc784-2LV-c -data family 
Execute     db_write -model sha256_compress_words_Pipeline_LOAD_INITIAL_WORDS -f -o /home/cse/Documents/WorkSpaces/vaddWS/hasitha_optimization/hasitha_hls_component/mine/hls/.autopilot/db/sha256_compress_words_Pipeline_LOAD_INITIAL_WORDS.adb 
Execute     db_write -model sha256_compress_words_Pipeline_LOAD_INITIAL_WORDS -bindview -o /home/cse/Documents/WorkSpaces/vaddWS/hasitha_optimization/hasitha_hls_component/mine/hls/.autopilot/db/design.bindinfo.xml 
Execute     gen_tb_info sha256_compress_words_Pipeline_LOAD_INITIAL_WORDS -p /home/cse/Documents/WorkSpaces/vaddWS/hasitha_optimization/hasitha_hls_component/mine/hls/.autopilot/db -o /home/cse/Documents/WorkSpaces/vaddWS/hasitha_optimization/hasitha_hls_component/mine/hls/.autopilot/db/sha256_compress_words_Pipeline_LOAD_INITIAL_WORDS 
INFO: [HLS 200-10] ----------------------------------------------------------------
INFO: [HLS 200-10] -- Generating RTL for module 'sha256_compress_words_Pipeline_SHA256_ROUNDS' 
INFO: [HLS 200-10] ----------------------------------------------------------------
Execute     create_rtl_model sha256_compress_words_Pipeline_SHA256_ROUNDS -top_prefix mine_ -sub_prefix mine_ -mg_file /home/cse/Documents/WorkSpaces/vaddWS/hasitha_optimization/hasitha_hls_component/mine/hls/.autopilot/db/sha256_compress_words_Pipeline_SHA256_ROUNDS.compgen.tcl 
INFO: [HLS 200-1030] Apply Unified Pipeline Control on module 'sha256_compress_words_Pipeline_SHA256_ROUNDS' pipeline 'SHA256_ROUNDS' pipeline type 'loop pipeline'
INFO: [RTGEN 206-100] Generating core module 'sparsemux_33_4_32_1_1': 1 instance(s).
INFO: [RTGEN 206-100] Generating core module 'sparsemux_33_4_32_1_1_x': 3 instance(s).
INFO: [RTGEN 206-100] Finished creating RTL model for 'sha256_compress_words_Pipeline_SHA256_ROUNDS'.
INFO: [HLS 200-111] Finished Creating RTL model: CPU user time: 0.07 seconds. CPU system time: 0.01 seconds. Elapsed time: 0.08 seconds; current allocated memory: 432.586 MB.
Execute     source /home/cse/Documents/WorkSpaces/vaddWS/hasitha_optimization/hasitha_hls_component/mine/hls/.autopilot/db/mine.rtl_wrap.cfg.tcl 
Execute     gen_rtl sha256_compress_words_Pipeline_SHA256_ROUNDS -style xilinx -f -lang vhdl -o /home/cse/Documents/WorkSpaces/vaddWS/hasitha_optimization/hasitha_hls_component/mine/hls/syn/vhdl/mine_sha256_compress_words_Pipeline_SHA256_ROUNDS 
Execute     gen_rtl sha256_compress_words_Pipeline_SHA256_ROUNDS -style xilinx -f -lang vlog -o /home/cse/Documents/WorkSpaces/vaddWS/hasitha_optimization/hasitha_hls_component/mine/hls/syn/verilog/mine_sha256_compress_words_Pipeline_SHA256_ROUNDS 
Execute     syn_report -csynth -model sha256_compress_words_Pipeline_SHA256_ROUNDS -o /home/cse/Documents/WorkSpaces/vaddWS/hasitha_optimization/hasitha_hls_component/mine/hls/syn/report/sha256_compress_words_Pipeline_SHA256_ROUNDS_csynth.rpt 
Execute       list_part -family xck26-sfvc784-2LV-c 
Execute         ap_family_info -name xck26-sfvc784-2LV-c -data names 
Execute         ap_part_info -quiet -name xck26-sfvc784-2LV-c -data family 
Execute     syn_report -rtlxml -model sha256_compress_words_Pipeline_SHA256_ROUNDS -o /home/cse/Documents/WorkSpaces/vaddWS/hasitha_optimization/hasitha_hls_component/mine/hls/syn/report/sha256_compress_words_Pipeline_SHA256_ROUNDS_csynth.xml 
Execute       list_part -family xck26-sfvc784-2LV-c 
Execute         ap_family_info -name xck26-sfvc784-2LV-c -data names 
Execute         ap_part_info -quiet -name xck26-sfvc784-2LV-c -data family 
Execute     syn_report -verbosereport -model sha256_compress_words_Pipeline_SHA256_ROUNDS -o /home/cse/Documents/WorkSpaces/vaddWS/hasitha_optimization/hasitha_hls_component/mine/hls/.autopilot/db/sha256_compress_words_Pipeline_SHA256_ROUNDS.verbose.rpt 
Execute       list_part -family xck26-sfvc784-2LV-c 
Execute         ap_family_info -name xck26-sfvc784-2LV-c -data names 
Execute         ap_part_info -quiet -name xck26-sfvc784-2LV-c -data family 
Execute     db_write -model sha256_compress_words_Pipeline_SHA256_ROUNDS -f -o /home/cse/Documents/WorkSpaces/vaddWS/hasitha_optimization/hasitha_hls_component/mine/hls/.autopilot/db/sha256_compress_words_Pipeline_SHA256_ROUNDS.adb 
Execute     db_write -model sha256_compress_words_Pipeline_SHA256_ROUNDS -bindview -o /home/cse/Documents/WorkSpaces/vaddWS/hasitha_optimization/hasitha_hls_component/mine/hls/.autopilot/db/design.bindinfo.xml 
Execute     gen_tb_info sha256_compress_words_Pipeline_SHA256_ROUNDS -p /home/cse/Documents/WorkSpaces/vaddWS/hasitha_optimization/hasitha_hls_component/mine/hls/.autopilot/db -o /home/cse/Documents/WorkSpaces/vaddWS/hasitha_optimization/hasitha_hls_component/mine/hls/.autopilot/db/sha256_compress_words_Pipeline_SHA256_ROUNDS 
INFO: [HLS 200-10] ----------------------------------------------------------------
INFO: [HLS 200-10] -- Generating RTL for module 'sha256_compress_words' 
INFO: [HLS 200-10] ----------------------------------------------------------------
Execute     create_rtl_model sha256_compress_words -top_prefix mine_ -sub_prefix mine_ -mg_file /home/cse/Documents/WorkSpaces/vaddWS/hasitha_optimization/hasitha_hls_component/mine/hls/.autopilot/db/sha256_compress_words.compgen.tcl 
INFO: [RTGEN 206-100] Finished creating RTL model for 'sha256_compress_words'.
INFO: [HLS 200-111] Finished Creating RTL model: CPU user time: 0.12 seconds. CPU system time: 0.01 seconds. Elapsed time: 0.14 seconds; current allocated memory: 438.246 MB.
Execute     source /home/cse/Documents/WorkSpaces/vaddWS/hasitha_optimization/hasitha_hls_component/mine/hls/.autopilot/db/mine.rtl_wrap.cfg.tcl 
Execute     gen_rtl sha256_compress_words -style xilinx -f -lang vhdl -o /home/cse/Documents/WorkSpaces/vaddWS/hasitha_optimization/hasitha_hls_component/mine/hls/syn/vhdl/mine_sha256_compress_words 
Execute     gen_rtl sha256_compress_words -style xilinx -f -lang vlog -o /home/cse/Documents/WorkSpaces/vaddWS/hasitha_optimization/hasitha_hls_component/mine/hls/syn/verilog/mine_sha256_compress_words 
Execute     syn_report -csynth -model sha256_compress_words -o /home/cse/Documents/WorkSpaces/vaddWS/hasitha_optimization/hasitha_hls_component/mine/hls/syn/report/sha256_compress_words_csynth.rpt 
Execute       list_part -family xck26-sfvc784-2LV-c 
Execute         ap_family_info -name xck26-sfvc784-2LV-c -data names 
Execute         ap_part_info -quiet -name xck26-sfvc784-2LV-c -data family 
Execute     syn_report -rtlxml -model sha256_compress_words -o /home/cse/Documents/WorkSpaces/vaddWS/hasitha_optimization/hasitha_hls_component/mine/hls/syn/report/sha256_compress_words_csynth.xml 
Execute       list_part -family xck26-sfvc784-2LV-c 
Execute         ap_family_info -name xck26-sfvc784-2LV-c -data names 
Execute         ap_part_info -quiet -name xck26-sfvc784-2LV-c -data family 
Execute     syn_report -verbosereport -model sha256_compress_words -o /home/cse/Documents/WorkSpaces/vaddWS/hasitha_optimization/hasitha_hls_component/mine/hls/.autopilot/db/sha256_compress_words.verbose.rpt 
Execute       list_part -family xck26-sfvc784-2LV-c 
Execute         ap_family_info -name xck26-sfvc784-2LV-c -data names 
Execute         ap_part_info -quiet -name xck26-sfvc784-2LV-c -data family 
Execute     db_write -model sha256_compress_words -f -o /home/cse/Documents/WorkSpaces/vaddWS/hasitha_optimization/hasitha_hls_component/mine/hls/.autopilot/db/sha256_compress_words.adb 
Execute     db_write -model sha256_compress_words -bindview -o /home/cse/Documents/WorkSpaces/vaddWS/hasitha_optimization/hasitha_hls_component/mine/hls/.autopilot/db/design.bindinfo.xml 
Execute     gen_tb_info sha256_compress_words -p /home/cse/Documents/WorkSpaces/vaddWS/hasitha_optimization/hasitha_hls_component/mine/hls/.autopilot/db -o /home/cse/Documents/WorkSpaces/vaddWS/hasitha_optimization/hasitha_hls_component/mine/hls/.autopilot/db/sha256_compress_words 
INFO: [HLS 200-10] ----------------------------------------------------------------
INFO: [HLS 200-10] -- Generating RTL for module 'sha256d_from_midstate' 
INFO: [HLS 200-10] ----------------------------------------------------------------
Execute     create_rtl_model sha256d_from_midstate -top_prefix mine_ -sub_prefix mine_ -mg_file /home/cse/Documents/WorkSpaces/vaddWS/hasitha_optimization/hasitha_hls_component/mine/hls/.autopilot/db/sha256d_from_midstate.compgen.tcl 
INFO: [RTGEN 206-100] Finished creating RTL model for 'sha256d_from_midstate'.
INFO: [HLS 200-111] Finished Creating RTL model: CPU user time: 0.06 seconds. CPU system time: 0.01 seconds. Elapsed time: 0.08 seconds; current allocated memory: 439.973 MB.
Execute     source /home/cse/Documents/WorkSpaces/vaddWS/hasitha_optimization/hasitha_hls_component/mine/hls/.autopilot/db/mine.rtl_wrap.cfg.tcl 
Execute     gen_rtl sha256d_from_midstate -style xilinx -f -lang vhdl -o /home/cse/Documents/WorkSpaces/vaddWS/hasitha_optimization/hasitha_hls_component/mine/hls/syn/vhdl/mine_sha256d_from_midstate 
Execute     gen_rtl sha256d_from_midstate -style xilinx -f -lang vlog -o /home/cse/Documents/WorkSpaces/vaddWS/hasitha_optimization/hasitha_hls_component/mine/hls/syn/verilog/mine_sha256d_from_midstate 
Execute     syn_report -csynth -model sha256d_from_midstate -o /home/cse/Documents/WorkSpaces/vaddWS/hasitha_optimization/hasitha_hls_component/mine/hls/syn/report/sha256d_from_midstate_csynth.rpt 
Execute       list_part -family xck26-sfvc784-2LV-c 
Execute         ap_family_info -name xck26-sfvc784-2LV-c -data names 
Execute         ap_part_info -quiet -name xck26-sfvc784-2LV-c -data family 
Execute     syn_report -rtlxml -model sha256d_from_midstate -o /home/cse/Documents/WorkSpaces/vaddWS/hasitha_optimization/hasitha_hls_component/mine/hls/syn/report/sha256d_from_midstate_csynth.xml 
Execute       list_part -family xck26-sfvc784-2LV-c 
Execute         ap_family_info -name xck26-sfvc784-2LV-c -data names 
Execute         ap_part_info -quiet -name xck26-sfvc784-2LV-c -data family 
Execute     syn_report -verbosereport -model sha256d_from_midstate -o /home/cse/Documents/WorkSpaces/vaddWS/hasitha_optimization/hasitha_hls_component/mine/hls/.autopilot/db/sha256d_from_midstate.verbose.rpt 
Execute       list_part -family xck26-sfvc784-2LV-c 
Execute         ap_family_info -name xck26-sfvc784-2LV-c -data names 
Execute         ap_part_info -quiet -name xck26-sfvc784-2LV-c -data family 
Execute     db_write -model sha256d_from_midstate -f -o /home/cse/Documents/WorkSpaces/vaddWS/hasitha_optimization/hasitha_hls_component/mine/hls/.autopilot/db/sha256d_from_midstate.adb 
Execute     db_write -model sha256d_from_midstate -bindview -o /home/cse/Documents/WorkSpaces/vaddWS/hasitha_optimization/hasitha_hls_component/mine/hls/.autopilot/db/design.bindinfo.xml 
Execute     gen_tb_info sha256d_from_midstate -p /home/cse/Documents/WorkSpaces/vaddWS/hasitha_optimization/hasitha_hls_component/mine/hls/.autopilot/db -o /home/cse/Documents/WorkSpaces/vaddWS/hasitha_optimization/hasitha_hls_component/mine/hls/.autopilot/db/sha256d_from_midstate 
INFO: [HLS 200-10] ----------------------------------------------------------------
INFO: [HLS 200-10] -- Generating RTL for module 'mine_Pipeline_COMPARE_HASH' 
INFO: [HLS 200-10] ----------------------------------------------------------------
Execute     create_rtl_model mine_Pipeline_COMPARE_HASH -top_prefix mine_ -sub_prefix mine_ -mg_file /home/cse/Documents/WorkSpaces/vaddWS/hasitha_optimization/hasitha_hls_component/mine/hls/.autopilot/db/mine_Pipeline_COMPARE_HASH.compgen.tcl 
INFO: [RTGEN 206-100] Finished creating RTL model for 'mine_Pipeline_COMPARE_HASH'.
INFO: [HLS 200-111] Finished Creating RTL model: CPU user time: 0.09 seconds. CPU system time: 0 seconds. Elapsed time: 0.1 seconds; current allocated memory: 444.238 MB.
Execute     source /home/cse/Documents/WorkSpaces/vaddWS/hasitha_optimization/hasitha_hls_component/mine/hls/.autopilot/db/mine.rtl_wrap.cfg.tcl 
Execute     gen_rtl mine_Pipeline_COMPARE_HASH -style xilinx -f -lang vhdl -o /home/cse/Documents/WorkSpaces/vaddWS/hasitha_optimization/hasitha_hls_component/mine/hls/syn/vhdl/mine_mine_Pipeline_COMPARE_HASH 
Execute     gen_rtl mine_Pipeline_COMPARE_HASH -style xilinx -f -lang vlog -o /home/cse/Documents/WorkSpaces/vaddWS/hasitha_optimization/hasitha_hls_component/mine/hls/syn/verilog/mine_mine_Pipeline_COMPARE_HASH 
Execute     syn_report -csynth -model mine_Pipeline_COMPARE_HASH -o /home/cse/Documents/WorkSpaces/vaddWS/hasitha_optimization/hasitha_hls_component/mine/hls/syn/report/mine_Pipeline_COMPARE_HASH_csynth.rpt 
Execute       list_part -family xck26-sfvc784-2LV-c 
Execute         ap_family_info -name xck26-sfvc784-2LV-c -data names 
Execute         ap_part_info -quiet -name xck26-sfvc784-2LV-c -data family 
Execute     syn_report -rtlxml -model mine_Pipeline_COMPARE_HASH -o /home/cse/Documents/WorkSpaces/vaddWS/hasitha_optimization/hasitha_hls_component/mine/hls/syn/report/mine_Pipeline_COMPARE_HASH_csynth.xml 
Execute       list_part -family xck26-sfvc784-2LV-c 
Execute         ap_family_info -name xck26-sfvc784-2LV-c -data names 
Execute         ap_part_info -quiet -name xck26-sfvc784-2LV-c -data family 
Execute     syn_report -verbosereport -model mine_Pipeline_COMPARE_HASH -o /home/cse/Documents/WorkSpaces/vaddWS/hasitha_optimization/hasitha_hls_component/mine/hls/.autopilot/db/mine_Pipeline_COMPARE_HASH.verbose.rpt 
Execute       list_part -family xck26-sfvc784-2LV-c 
Execute         ap_family_info -name xck26-sfvc784-2LV-c -data names 
Execute         ap_part_info -quiet -name xck26-sfvc784-2LV-c -data family 
Execute     db_write -model mine_Pipeline_COMPARE_HASH -f -o /home/cse/Documents/WorkSpaces/vaddWS/hasitha_optimization/hasitha_hls_component/mine/hls/.autopilot/db/mine_Pipeline_COMPARE_HASH.adb 
Execute     db_write -model mine_Pipeline_COMPARE_HASH -bindview -o /home/cse/Documents/WorkSpaces/vaddWS/hasitha_optimization/hasitha_hls_component/mine/hls/.autopilot/db/design.bindinfo.xml 
Execute     gen_tb_info mine_Pipeline_COMPARE_HASH -p /home/cse/Documents/WorkSpaces/vaddWS/hasitha_optimization/hasitha_hls_component/mine/hls/.autopilot/db -o /home/cse/Documents/WorkSpaces/vaddWS/hasitha_optimization/hasitha_hls_component/mine/hls/.autopilot/db/mine_Pipeline_COMPARE_HASH 
INFO: [HLS 200-10] ----------------------------------------------------------------
INFO: [HLS 200-10] -- Generating RTL for module 'mine' 
INFO: [HLS 200-10] ----------------------------------------------------------------
Execute     create_rtl_model mine -top_prefix  -sub_prefix mine_ -mg_file /home/cse/Documents/WorkSpaces/vaddWS/hasitha_optimization/hasitha_hls_component/mine/hls/.autopilot/db/mine.compgen.tcl 
WARNING: [RTGEN 206-101] Design contains AXI ports. Reset is fixed to synchronous and active low.
INFO: [RTGEN 206-500] Setting interface mode on port 'mine/gmem0' to 'm_axi'.
INFO: [RTGEN 206-500] Setting interface mode on port 'mine/gmem1' to 'm_axi'.
INFO: [RTGEN 206-500] Setting interface mode on port 'mine/gmem2' to 'm_axi'.
INFO: [RTGEN 206-500] Setting interface mode on port 'mine/header' to 's_axilite & ap_none'.
INFO: [RTGEN 206-500] Setting interface mode on port 'mine/target' to 's_axilite & ap_none'.
INFO: [RTGEN 206-500] Setting interface mode on port 'mine/nonce_start' to 's_axilite & ap_none'.
INFO: [RTGEN 206-500] Setting interface mode on port 'mine/nonce_count' to 's_axilite & ap_none'.
INFO: [RTGEN 206-500] Setting interface mode on port 'mine/found_nonce' to 's_axilite & ap_none'.
INFO: [RTGEN 206-500] Setting interface mode on port 'mine/found' to 's_axilite & ap_none'.
INFO: [RTGEN 206-500] Setting interface mode on function 'mine' to 's_axilite & ap_ctrl_chain'.
INFO: [RTGEN 206-100] Bundling port 'header', 'target', 'nonce_start', 'nonce_count', 'found_nonce', 'found' and 'return' to AXI-Lite port control.
INFO: [RTGEN 206-100] Finished creating RTL model for 'mine'.
INFO: [RTMG 210-278] Implementing memory 'mine_hdr_RAM_AUTO_1R1W' using auto RAMs.
INFO: [RTMG 210-278] Implementing memory 'mine_tgt_RAM_AUTO_1R1W' using auto RAMs.
INFO: [RTMG 210-278] Implementing memory 'mine_h_RAM_AUTO_1R1W' using auto RAMs.
INFO: [HLS 200-111] Finished Creating RTL model: CPU user time: 0.09 seconds. CPU system time: 0.01 seconds. Elapsed time: 0.11 seconds; current allocated memory: 448.566 MB.
Execute     source /home/cse/Documents/WorkSpaces/vaddWS/hasitha_optimization/hasitha_hls_component/mine/hls/.autopilot/db/mine.rtl_wrap.cfg.tcl 
Execute     gen_rtl mine -istop -style xilinx -f -lang vhdl -o /home/cse/Documents/WorkSpaces/vaddWS/hasitha_optimization/hasitha_hls_component/mine/hls/syn/vhdl/mine 
Execute     gen_rtl mine -istop -style xilinx -f -lang vlog -o /home/cse/Documents/WorkSpaces/vaddWS/hasitha_optimization/hasitha_hls_component/mine/hls/syn/verilog/mine 
Execute     syn_report -csynth -model mine -o /home/cse/Documents/WorkSpaces/vaddWS/hasitha_optimization/hasitha_hls_component/mine/hls/syn/report/mine_csynth.rpt 
Execute       list_part -family xck26-sfvc784-2LV-c 
Execute         ap_family_info -name xck26-sfvc784-2LV-c -data names 
Execute         ap_part_info -quiet -name xck26-sfvc784-2LV-c -data family 
Execute     syn_report -rtlxml -model mine -o /home/cse/Documents/WorkSpaces/vaddWS/hasitha_optimization/hasitha_hls_component/mine/hls/syn/report/mine_csynth.xml 
Execute       list_part -family xck26-sfvc784-2LV-c 
Execute         ap_family_info -name xck26-sfvc784-2LV-c -data names 
Execute         ap_part_info -quiet -name xck26-sfvc784-2LV-c -data family 
Execute     syn_report -verbosereport -model mine -o /home/cse/Documents/WorkSpaces/vaddWS/hasitha_optimization/hasitha_hls_component/mine/hls/.autopilot/db/mine.verbose.rpt 
Execute       list_part -family xck26-sfvc784-2LV-c 
Execute         ap_family_info -name xck26-sfvc784-2LV-c -data names 
Execute         ap_part_info -quiet -name xck26-sfvc784-2LV-c -data family 
Execute     db_write -model mine -f -o /home/cse/Documents/WorkSpaces/vaddWS/hasitha_optimization/hasitha_hls_component/mine/hls/.autopilot/db/mine.adb 
Execute     db_write -model mine -bindview -o /home/cse/Documents/WorkSpaces/vaddWS/hasitha_optimization/hasitha_hls_component/mine/hls/.autopilot/db/design.bindinfo.xml 
Execute     gen_tb_info mine -p /home/cse/Documents/WorkSpaces/vaddWS/hasitha_optimization/hasitha_hls_component/mine/hls/.autopilot/db -o /home/cse/Documents/WorkSpaces/vaddWS/hasitha_optimization/hasitha_hls_component/mine/hls/.autopilot/db/mine 
Execute     export_constraint_db -f -tool general -o /home/cse/Documents/WorkSpaces/vaddWS/hasitha_optimization/hasitha_hls_component/mine/hls/.autopilot/db/mine.constraint.tcl 
Execute     syn_report -designview -model mine -o /home/cse/Documents/WorkSpaces/vaddWS/hasitha_optimization/hasitha_hls_component/mine/hls/.autopilot/db/mine.design.xml 
Execute     syn_report -csynthDesign -model mine -o /home/cse/Documents/WorkSpaces/vaddWS/hasitha_optimization/hasitha_hls_component/mine/hls/syn/report/csynth.rpt -MHOut /home/cse/Documents/WorkSpaces/vaddWS/hasitha_optimization/hasitha_hls_component/mine/hls/.autopilot/db/kernel_module_hierarchy.tcl 
Execute       list_part -family xck26-sfvc784-2LV-c 
Execute         ap_family_info -name xck26-sfvc784-2LV-c -data names 
Execute         ap_part_info -quiet -name xck26-sfvc784-2LV-c -data family 
Execute     syn_report -wcfg -model mine -o /home/cse/Documents/WorkSpaces/vaddWS/hasitha_optimization/hasitha_hls_component/mine/hls/.autopilot/db/mine_dataflow_ana.wcfg 
Execute     syn_report -protoinst -model mine -o /home/cse/Documents/WorkSpaces/vaddWS/hasitha_optimization/hasitha_hls_component/mine/hls/.autopilot/db/mine.protoinst 
Execute     sc_get_clocks mine 
Execute     sc_get_portdomain mine 
INFO-FLOW: Model list for RTL component generation: mine_Pipeline_VITIS_LOOP_448_1 mine_Pipeline_VITIS_LOOP_453_2 mine_Pipeline_BUILD_FIRST_BLOCK sha256_compress_words.1_Pipeline_LOAD_INITIAL_WORDS sha256_compress_words.1_Pipeline_SHA256_ROUNDS sha256_compress_words.1 sha256_compress_words_Pipeline_LOAD_INITIAL_WORDS sha256_compress_words_Pipeline_SHA256_ROUNDS sha256_compress_words sha256d_from_midstate mine_Pipeline_COMPARE_HASH mine
INFO-FLOW: Handling components in module [mine_Pipeline_VITIS_LOOP_448_1] ... 
Execute     source /home/cse/Documents/WorkSpaces/vaddWS/hasitha_optimization/hasitha_hls_component/mine/hls/.autopilot/db/mine_Pipeline_VITIS_LOOP_448_1.compgen.tcl 
INFO-FLOW: Found component mine_flow_control_loop_pipe_sequential_init.
INFO-FLOW: Append model mine_flow_control_loop_pipe_sequential_init
INFO-FLOW: Handling components in module [mine_Pipeline_VITIS_LOOP_453_2] ... 
Execute     source /home/cse/Documents/WorkSpaces/vaddWS/hasitha_optimization/hasitha_hls_component/mine/hls/.autopilot/db/mine_Pipeline_VITIS_LOOP_453_2.compgen.tcl 
INFO-FLOW: Found component mine_flow_control_loop_pipe_sequential_init.
INFO-FLOW: Append model mine_flow_control_loop_pipe_sequential_init
INFO-FLOW: Handling components in module [mine_Pipeline_BUILD_FIRST_BLOCK] ... 
Execute     source /home/cse/Documents/WorkSpaces/vaddWS/hasitha_optimization/hasitha_hls_component/mine/hls/.autopilot/db/mine_Pipeline_BUILD_FIRST_BLOCK.compgen.tcl 
INFO-FLOW: Found component mine_flow_control_loop_pipe_sequential_init.
INFO-FLOW: Append model mine_flow_control_loop_pipe_sequential_init
INFO-FLOW: Handling components in module [sha256_compress_words_1_Pipeline_LOAD_INITIAL_WORDS] ... 
Execute     source /home/cse/Documents/WorkSpaces/vaddWS/hasitha_optimization/hasitha_hls_component/mine/hls/.autopilot/db/sha256_compress_words_1_Pipeline_LOAD_INITIAL_WORDS.compgen.tcl 
INFO-FLOW: Found component mine_sparsemux_33_4_32_1_1.
INFO-FLOW: Append model mine_sparsemux_33_4_32_1_1
INFO-FLOW: Found component mine_flow_control_loop_pipe_sequential_init.
INFO-FLOW: Append model mine_flow_control_loop_pipe_sequential_init
INFO-FLOW: Handling components in module [sha256_compress_words_1_Pipeline_SHA256_ROUNDS] ... 
Execute     source /home/cse/Documents/WorkSpaces/vaddWS/hasitha_optimization/hasitha_hls_component/mine/hls/.autopilot/db/sha256_compress_words_1_Pipeline_SHA256_ROUNDS.compgen.tcl 
INFO-FLOW: Found component mine_sparsemux_33_4_32_1_1_x.
INFO-FLOW: Append model mine_sparsemux_33_4_32_1_1_x
INFO-FLOW: Found component mine_sparsemux_33_4_32_1_1_x.
INFO-FLOW: Append model mine_sparsemux_33_4_32_1_1_x
INFO-FLOW: Found component mine_sparsemux_33_4_32_1_1_x.
INFO-FLOW: Append model mine_sparsemux_33_4_32_1_1_x
INFO-FLOW: Found component mine_sha256_compress_words_1_Pipeline_SHA256_ROUNDS_K_ROM_AUTO_1R.
INFO-FLOW: Append model mine_sha256_compress_words_1_Pipeline_SHA256_ROUNDS_K_ROM_AUTO_1R
INFO-FLOW: Found component mine_flow_control_loop_pipe_sequential_init.
INFO-FLOW: Append model mine_flow_control_loop_pipe_sequential_init
INFO-FLOW: Handling components in module [sha256_compress_words_1] ... 
Execute     source /home/cse/Documents/WorkSpaces/vaddWS/hasitha_optimization/hasitha_hls_component/mine/hls/.autopilot/db/sha256_compress_words_1.compgen.tcl 
INFO-FLOW: Handling components in module [sha256_compress_words_Pipeline_LOAD_INITIAL_WORDS] ... 
Execute     source /home/cse/Documents/WorkSpaces/vaddWS/hasitha_optimization/hasitha_hls_component/mine/hls/.autopilot/db/sha256_compress_words_Pipeline_LOAD_INITIAL_WORDS.compgen.tcl 
INFO-FLOW: Found component mine_flow_control_loop_pipe_sequential_init.
INFO-FLOW: Append model mine_flow_control_loop_pipe_sequential_init
INFO-FLOW: Handling components in module [sha256_compress_words_Pipeline_SHA256_ROUNDS] ... 
Execute     source /home/cse/Documents/WorkSpaces/vaddWS/hasitha_optimization/hasitha_hls_component/mine/hls/.autopilot/db/sha256_compress_words_Pipeline_SHA256_ROUNDS.compgen.tcl 
INFO-FLOW: Found component mine_flow_control_loop_pipe_sequential_init.
INFO-FLOW: Append model mine_flow_control_loop_pipe_sequential_init
INFO-FLOW: Handling components in module [sha256_compress_words] ... 
Execute     source /home/cse/Documents/WorkSpaces/vaddWS/hasitha_optimization/hasitha_hls_component/mine/hls/.autopilot/db/sha256_compress_words.compgen.tcl 
INFO-FLOW: Handling components in module [sha256d_from_midstate] ... 
Execute     source /home/cse/Documents/WorkSpaces/vaddWS/hasitha_optimization/hasitha_hls_component/mine/hls/.autopilot/db/sha256d_from_midstate.compgen.tcl 
INFO-FLOW: Handling components in module [mine_Pipeline_COMPARE_HASH] ... 
Execute     source /home/cse/Documents/WorkSpaces/vaddWS/hasitha_optimization/hasitha_hls_component/mine/hls/.autopilot/db/mine_Pipeline_COMPARE_HASH.compgen.tcl 
INFO-FLOW: Found component mine_flow_control_loop_pipe_sequential_init.
INFO-FLOW: Append model mine_flow_control_loop_pipe_sequential_init
INFO-FLOW: Handling components in module [mine] ... 
Execute     source /home/cse/Documents/WorkSpaces/vaddWS/hasitha_optimization/hasitha_hls_component/mine/hls/.autopilot/db/mine.compgen.tcl 
INFO-FLOW: Found component mine_hdr_RAM_AUTO_1R1W.
INFO-FLOW: Append model mine_hdr_RAM_AUTO_1R1W
INFO-FLOW: Found component mine_tgt_RAM_AUTO_1R1W.
INFO-FLOW: Append model mine_tgt_RAM_AUTO_1R1W
INFO-FLOW: Found component mine_h_RAM_AUTO_1R1W.
INFO-FLOW: Append model mine_h_RAM_AUTO_1R1W
INFO-FLOW: Found component mine_gmem0_m_axi.
INFO-FLOW: Append model mine_gmem0_m_axi
INFO-FLOW: Found component mine_gmem1_m_axi.
INFO-FLOW: Append model mine_gmem1_m_axi
INFO-FLOW: Found component mine_gmem2_m_axi.
INFO-FLOW: Append model mine_gmem2_m_axi
INFO-FLOW: Found component mine_control_s_axi.
INFO-FLOW: Append model mine_control_s_axi
INFO-FLOW: Append model mine_Pipeline_VITIS_LOOP_448_1
INFO-FLOW: Append model mine_Pipeline_VITIS_LOOP_453_2
INFO-FLOW: Append model mine_Pipeline_BUILD_FIRST_BLOCK
INFO-FLOW: Append model sha256_compress_words_1_Pipeline_LOAD_INITIAL_WORDS
INFO-FLOW: Append model sha256_compress_words_1_Pipeline_SHA256_ROUNDS
INFO-FLOW: Append model sha256_compress_words_1
INFO-FLOW: Append model sha256_compress_words_Pipeline_LOAD_INITIAL_WORDS
INFO-FLOW: Append model sha256_compress_words_Pipeline_SHA256_ROUNDS
INFO-FLOW: Append model sha256_compress_words
INFO-FLOW: Append model sha256d_from_midstate
INFO-FLOW: Append model mine_Pipeline_COMPARE_HASH
INFO-FLOW: Append model mine
INFO-FLOW: Generating RTL model list ...
INFO-FLOW: All models in this session: mine_flow_control_loop_pipe_sequential_init mine_flow_control_loop_pipe_sequential_init mine_flow_control_loop_pipe_sequential_init mine_sparsemux_33_4_32_1_1 mine_flow_control_loop_pipe_sequential_init mine_sparsemux_33_4_32_1_1_x mine_sparsemux_33_4_32_1_1_x mine_sparsemux_33_4_32_1_1_x mine_sha256_compress_words_1_Pipeline_SHA256_ROUNDS_K_ROM_AUTO_1R mine_flow_control_loop_pipe_sequential_init mine_flow_control_loop_pipe_sequential_init mine_flow_control_loop_pipe_sequential_init mine_flow_control_loop_pipe_sequential_init mine_hdr_RAM_AUTO_1R1W mine_tgt_RAM_AUTO_1R1W mine_h_RAM_AUTO_1R1W mine_gmem0_m_axi mine_gmem1_m_axi mine_gmem2_m_axi mine_control_s_axi mine_Pipeline_VITIS_LOOP_448_1 mine_Pipeline_VITIS_LOOP_453_2 mine_Pipeline_BUILD_FIRST_BLOCK sha256_compress_words_1_Pipeline_LOAD_INITIAL_WORDS sha256_compress_words_1_Pipeline_SHA256_ROUNDS sha256_compress_words_1 sha256_compress_words_Pipeline_LOAD_INITIAL_WORDS sha256_compress_words_Pipeline_SHA256_ROUNDS sha256_compress_words sha256d_from_midstate mine_Pipeline_COMPARE_HASH mine
INFO-FLOW: Generating /home/cse/Documents/WorkSpaces/vaddWS/hasitha_optimization/hasitha_hls_component/mine/hls/.autopilot/db/autopilot.rtl.models.txt file...
INFO-FLOW: To file: write model mine_flow_control_loop_pipe_sequential_init
INFO-FLOW: To file: write model mine_flow_control_loop_pipe_sequential_init
INFO-FLOW: To file: write model mine_flow_control_loop_pipe_sequential_init
INFO-FLOW: To file: write model mine_sparsemux_33_4_32_1_1
INFO-FLOW: To file: write model mine_flow_control_loop_pipe_sequential_init
INFO-FLOW: To file: write model mine_sparsemux_33_4_32_1_1_x
INFO-FLOW: To file: write model mine_sparsemux_33_4_32_1_1_x
INFO-FLOW: To file: write model mine_sparsemux_33_4_32_1_1_x
INFO-FLOW: To file: write model mine_sha256_compress_words_1_Pipeline_SHA256_ROUNDS_K_ROM_AUTO_1R
INFO-FLOW: To file: write model mine_flow_control_loop_pipe_sequential_init
INFO-FLOW: To file: write model mine_flow_control_loop_pipe_sequential_init
INFO-FLOW: To file: write model mine_flow_control_loop_pipe_sequential_init
INFO-FLOW: To file: write model mine_flow_control_loop_pipe_sequential_init
INFO-FLOW: To file: write model mine_hdr_RAM_AUTO_1R1W
INFO-FLOW: To file: write model mine_tgt_RAM_AUTO_1R1W
INFO-FLOW: To file: write model mine_h_RAM_AUTO_1R1W
INFO-FLOW: To file: write model mine_gmem0_m_axi
INFO-FLOW: To file: write model mine_gmem1_m_axi
INFO-FLOW: To file: write model mine_gmem2_m_axi
INFO-FLOW: To file: write model mine_control_s_axi
INFO-FLOW: To file: write model mine_Pipeline_VITIS_LOOP_448_1
INFO-FLOW: To file: write model mine_Pipeline_VITIS_LOOP_453_2
INFO-FLOW: To file: write model mine_Pipeline_BUILD_FIRST_BLOCK
INFO-FLOW: To file: write model sha256_compress_words_1_Pipeline_LOAD_INITIAL_WORDS
INFO-FLOW: To file: write model sha256_compress_words_1_Pipeline_SHA256_ROUNDS
INFO-FLOW: To file: write model sha256_compress_words_1
INFO-FLOW: To file: write model sha256_compress_words_Pipeline_LOAD_INITIAL_WORDS
INFO-FLOW: To file: write model sha256_compress_words_Pipeline_SHA256_ROUNDS
INFO-FLOW: To file: write model sha256_compress_words
INFO-FLOW: To file: write model sha256d_from_midstate
INFO-FLOW: To file: write model mine_Pipeline_COMPARE_HASH
INFO-FLOW: To file: write model mine
INFO-FLOW: Generating /home/cse/Documents/WorkSpaces/vaddWS/hasitha_optimization/hasitha_hls_component/mine/hls/.autopilot/db/autopilot.rtl.models.tcl file...
INFO-FLOW: Finished generating RTL model list.


INFO-FLOW: RTL Generation done.
INFO-FLOW: CAS Generation done.
INFO-FLOW: CBC Generation done.
Execute     AP::msg_collection_file -close 
INFO-FLOW: DBG:PROC: ::AESL_AUTOMG::auto_generate_csynth_design
INFO-FLOW: DBG:PUTS: read_platform_lib /home/cse/Documents/WorkSpaces/vaddWS/hasitha_optimization/hasitha_hls_component/mine/hls/.autopilot/db/global.setting.tcl
Execute     source /tools/Xilinx/2025.2/Vitis/common/technology/generic/autopilot/common.gen 
Execute       source /tools/Xilinx/2025.2/Vitis/common/technology/generic/autopilot/APCoreGen.gen 
Execute     source /tools/Xilinx/2025.2/Vitis/common/technology/generic/autopilot/op.gen 
Execute     source /tools/Xilinx/2025.2/Vitis/common/technology/generic/autopilot/op_simcore.gen 
Execute     source /tools/Xilinx/2025.2/Vitis/common/technology/generic/autopilot/interface.gen 
Execute     source /home/cse/Documents/WorkSpaces/vaddWS/hasitha_optimization/hasitha_hls_component/mine/hls/.autopilot/db/global.setting.tcl 
Execute     source /tools/Xilinx/2025.2/Vitis/common/technology/xilinx/common/xilinx.gen 
Execute       source /tools/Xilinx/2025.2/Vitis/common/technology/xilinx/interface/plb46.gen 
Execute       source /tools/Xilinx/2025.2/Vitis/common/technology/xilinx/interface/axi4.gen 
Execute       source /tools/Xilinx/2025.2/Vitis/common/technology/xilinx/interface/nativeAXI4.gen 
Execute         source /tools/Xilinx/2025.2/Vitis/common/technology/xilinx/interface/saxilite.gen 
Execute       source /tools/Xilinx/2025.2/Vitis/common/technology/xilinx/scripts/xilinxcoregen.gen 
Execute       source /tools/Xilinx/2025.2/Vitis/common/technology/xilinx/interface/XilEDKCoreGen.gen 
Execute       source /tools/Xilinx/2025.2/Vitis/common/technology/xilinx/ip/util.gen 
Execute       source /tools/Xilinx/2025.2/Vitis/common/technology/xilinx/ip/xfir.gen 
Execute       source /tools/Xilinx/2025.2/Vitis/common/technology/xilinx/ip/xfft.gen 
Execute       source /tools/Xilinx/2025.2/Vitis/common/technology/xilinx/ip/dds_compiler.gen 
Execute       source /tools/Xilinx/2025.2/Vitis/common/technology/xilinx/DSP48/dsp48.gen 
INFO-FLOW: DBG:PUTS:   using AESL_AUTOCG::g_clock_period=5.000 (was NA)
INFO-FLOW: DBG:PROC: ::AESL_AUTOMG::generate_ip_cores gen_sim_model='1' gen_fp_models='0' gen_for_export='0' dstSCDir='' dstVhdlDir='/home/cse/Documents/WorkSpaces/vaddWS/hasitha_optimization/hasitha_hls_component/mine/hls/.autopilot/db/vhdl' dstVlogDir='/home/cse/Documents/WorkSpaces/vaddWS/hasitha_optimization/hasitha_hls_component/mine/hls/.autopilot/db/vlog' tclDir='/home/cse/Documents/WorkSpaces/vaddWS/hasitha_optimization/hasitha_hls_component/mine/hls/.autopilot/db' modelList='mine_flow_control_loop_pipe_sequential_init
mine_flow_control_loop_pipe_sequential_init
mine_flow_control_loop_pipe_sequential_init
mine_sparsemux_33_4_32_1_1
mine_flow_control_loop_pipe_sequential_init
mine_sparsemux_33_4_32_1_1_x
mine_sparsemux_33_4_32_1_1_x
mine_sparsemux_33_4_32_1_1_x
mine_sha256_compress_words_1_Pipeline_SHA256_ROUNDS_K_ROM_AUTO_1R
mine_flow_control_loop_pipe_sequential_init
mine_flow_control_loop_pipe_sequential_init
mine_flow_control_loop_pipe_sequential_init
mine_flow_control_loop_pipe_sequential_init
mine_hdr_RAM_AUTO_1R1W
mine_tgt_RAM_AUTO_1R1W
mine_h_RAM_AUTO_1R1W
mine_gmem0_m_axi
mine_gmem1_m_axi
mine_gmem2_m_axi
mine_control_s_axi
mine_Pipeline_VITIS_LOOP_448_1
mine_Pipeline_VITIS_LOOP_453_2
mine_Pipeline_BUILD_FIRST_BLOCK
sha256_compress_words_1_Pipeline_LOAD_INITIAL_WORDS
sha256_compress_words_1_Pipeline_SHA256_ROUNDS
sha256_compress_words_1
sha256_compress_words_Pipeline_LOAD_INITIAL_WORDS
sha256_compress_words_Pipeline_SHA256_ROUNDS
sha256_compress_words
sha256d_from_midstate
mine_Pipeline_COMPARE_HASH
mine
' expOnly='0'
Execute     source /home/cse/Documents/WorkSpaces/vaddWS/hasitha_optimization/hasitha_hls_component/mine/hls/.autopilot/db/global.setting.tcl 
Execute     ap_part_info -name xck26-sfvc784-2LV-c -data names -quiet 
Execute     ap_part_info -name xck26-sfvc784-2LV-c -data info -quiet 
Execute     source /home/cse/Documents/WorkSpaces/vaddWS/hasitha_optimization/hasitha_hls_component/mine/hls/.autopilot/db/global.setting.tcl 
Execute     source /home/cse/Documents/WorkSpaces/vaddWS/hasitha_optimization/hasitha_hls_component/mine/hls/.autopilot/db/global.setting.tcl 
Execute     source /home/cse/Documents/WorkSpaces/vaddWS/hasitha_optimization/hasitha_hls_component/mine/hls/.autopilot/db/mine_Pipeline_VITIS_LOOP_448_1.compgen.tcl 
Execute     source /home/cse/Documents/WorkSpaces/vaddWS/hasitha_optimization/hasitha_hls_component/mine/hls/.autopilot/db/mine_Pipeline_VITIS_LOOP_453_2.compgen.tcl 
Execute     source /home/cse/Documents/WorkSpaces/vaddWS/hasitha_optimization/hasitha_hls_component/mine/hls/.autopilot/db/mine_Pipeline_BUILD_FIRST_BLOCK.compgen.tcl 
Execute     source /home/cse/Documents/WorkSpaces/vaddWS/hasitha_optimization/hasitha_hls_component/mine/hls/.autopilot/db/sha256_compress_words_1_Pipeline_LOAD_INITIAL_WORDS.compgen.tcl 
Execute     source /home/cse/Documents/WorkSpaces/vaddWS/hasitha_optimization/hasitha_hls_component/mine/hls/.autopilot/db/sha256_compress_words_1_Pipeline_SHA256_ROUNDS.compgen.tcl 
Execute     source /home/cse/Documents/WorkSpaces/vaddWS/hasitha_optimization/hasitha_hls_component/mine/hls/.autopilot/db/sha256_compress_words_1.compgen.tcl 
Execute     source /home/cse/Documents/WorkSpaces/vaddWS/hasitha_optimization/hasitha_hls_component/mine/hls/.autopilot/db/sha256_compress_words_Pipeline_LOAD_INITIAL_WORDS.compgen.tcl 
Execute     source /home/cse/Documents/WorkSpaces/vaddWS/hasitha_optimization/hasitha_hls_component/mine/hls/.autopilot/db/sha256_compress_words_Pipeline_SHA256_ROUNDS.compgen.tcl 
Execute     source /home/cse/Documents/WorkSpaces/vaddWS/hasitha_optimization/hasitha_hls_component/mine/hls/.autopilot/db/sha256_compress_words.compgen.tcl 
Execute     source /home/cse/Documents/WorkSpaces/vaddWS/hasitha_optimization/hasitha_hls_component/mine/hls/.autopilot/db/sha256d_from_midstate.compgen.tcl 
Execute     source /home/cse/Documents/WorkSpaces/vaddWS/hasitha_optimization/hasitha_hls_component/mine/hls/.autopilot/db/mine_Pipeline_COMPARE_HASH.compgen.tcl 
Execute     source /home/cse/Documents/WorkSpaces/vaddWS/hasitha_optimization/hasitha_hls_component/mine/hls/.autopilot/db/mine.compgen.tcl 
Execute       source ./control.slave.tcl 
INFO: [HLS 200-111] Finished Generating all RTL models: CPU user time: 0.32 seconds. CPU system time: 0.04 seconds. Elapsed time: 0.36 seconds; current allocated memory: 452.684 MB.
INFO-FLOW: DBG:PROC: ::HLSREPORTS::create_csynth_xml bind_info_var='bind_info' RtlSubPrefix='mine_' outfile=''
INFO-FLOW: Running: create_csynth_xml read xml data
INFO-FLOW: Done: create_csynth_xml read xml data time: 0 seconds 
INFO-FLOW: create_csynth_xml: all_module_nodes count=12
INFO-FLOW: Running: create_csynth_xml bind info
INFO-FLOW: create_csynth_xml: all_bind_nodes count=108
INFO-FLOW: No bind nodes found for module_name sha256d_from_midstate
INFO-FLOW: Done: create_csynth_xml bind info time: 0 seconds 
INFO-FLOW: create_csynth_xml: bind_instances counts: modules=11 instances=105
INFO-FLOW: Running: create_csynth_xml update csynth_xml_module_hier
INFO-FLOW: Done: create_csynth_xml update csynth_xml_module_hier time: 0 seconds 
INFO-FLOW: create_csynth_xml: csynth_xml_module_hier max_depth=5
INFO-FLOW: Running: create_csynth_xml gen bind_report_dict
INFO-FLOW: Done: create_csynth_xml gen bind_report_dict time: 0 seconds 
INFO-FLOW: Running: create_csynth_xml config info
INFO-FLOW: Done: create_csynth_xml config info time: 0.2 seconds 
INFO-FLOW: Running: create_csynth_xml write xml
INFO-FLOW: Done: create_csynth_xml write xml time: 0 seconds 
INFO-FLOW: DBG:PUTS:      create_csynth_xml wrote csynth_xml=/home/cse/Documents/WorkSpaces/vaddWS/hasitha_optimization/hasitha_hls_component/mine/hls/syn/report/csynth.xml
INFO-FLOW: Running: generate_json
INFO-FLOW: DBG:PROC: ::AP::DESIGN_DATA::generate_json generate_bd_files='0' generate_xo_files='0' modelList='mine_flow_control_loop_pipe_sequential_init
mine_flow_control_loop_pipe_sequential_init
mine_flow_control_loop_pipe_sequential_init
mine_sparsemux_33_4_32_1_1
mine_flow_control_loop_pipe_sequential_init
mine_sparsemux_33_4_32_1_1_x
mine_sparsemux_33_4_32_1_1_x
mine_sparsemux_33_4_32_1_1_x
mine_sha256_compress_words_1_Pipeline_SHA256_ROUNDS_K_ROM_AUTO_1R
mine_flow_control_loop_pipe_sequential_init
mine_flow_control_loop_pipe_sequential_init
mine_flow_control_loop_pipe_sequential_init
mine_flow_control_loop_pipe_sequential_init
mine_hdr_RAM_AUTO_1R1W
mine_tgt_RAM_AUTO_1R1W
mine_h_RAM_AUTO_1R1W
mine_gmem0_m_axi
mine_gmem1_m_axi
mine_gmem2_m_axi
mine_control_s_axi
mine_Pipeline_VITIS_LOOP_448_1
mine_Pipeline_VITIS_LOOP_453_2
mine_Pipeline_BUILD_FIRST_BLOCK
sha256_compress_words_1_Pipeline_LOAD_INITIAL_WORDS
sha256_compress_words_1_Pipeline_SHA256_ROUNDS
sha256_compress_words_1
sha256_compress_words_Pipeline_LOAD_INITIAL_WORDS
sha256_compress_words_Pipeline_SHA256_ROUNDS
sha256_compress_words
sha256d_from_midstate
mine_Pipeline_COMPARE_HASH
mine
' rtl_lang='both' bootstrap_tcl='false' outdir='' outfilename=''
Execute     source /home/cse/Documents/WorkSpaces/vaddWS/hasitha_optimization/hasitha_hls_component/mine/hls/.autopilot/db/global.setting.tcl 
Execute     source /home/cse/Documents/WorkSpaces/vaddWS/hasitha_optimization/hasitha_hls_component/mine/hls/.autopilot/db/global.setting.tcl 
Execute     source /home/cse/Documents/WorkSpaces/vaddWS/hasitha_optimization/hasitha_hls_component/mine/hls/.autopilot/db/top-io-be.tcl 
Execute     source /home/cse/Documents/WorkSpaces/vaddWS/hasitha_optimization/hasitha_hls_component/mine/hls/.autopilot/db/mine.tbgen.tcl 
Execute     source /home/cse/Documents/WorkSpaces/vaddWS/hasitha_optimization/hasitha_hls_component/mine/hls/.autopilot/db/mine.compgen.dataonly.tcl 
Execute     source /home/cse/Documents/WorkSpaces/vaddWS/hasitha_optimization/hasitha_hls_component/mine/hls/.autopilot/db/mine.compgen.dataonly.tcl 
Execute     source /home/cse/Documents/WorkSpaces/vaddWS/hasitha_optimization/hasitha_hls_component/mine/hls/.autopilot/db/mine.rtl_wrap.cfg.tcl 
Execute     source /home/cse/Documents/WorkSpaces/vaddWS/hasitha_optimization/hasitha_hls_component/mine/hls/.autopilot/db/mine.compgen.dataonly.tcl 
Execute     source /home/cse/Documents/WorkSpaces/vaddWS/hasitha_optimization/hasitha_hls_component/mine/hls/.autopilot/db/mine_Pipeline_VITIS_LOOP_448_1.tbgen.tcl 
Execute     source /home/cse/Documents/WorkSpaces/vaddWS/hasitha_optimization/hasitha_hls_component/mine/hls/.autopilot/db/mine_Pipeline_VITIS_LOOP_453_2.tbgen.tcl 
Execute     source /home/cse/Documents/WorkSpaces/vaddWS/hasitha_optimization/hasitha_hls_component/mine/hls/.autopilot/db/mine_Pipeline_BUILD_FIRST_BLOCK.tbgen.tcl 
Execute     source /home/cse/Documents/WorkSpaces/vaddWS/hasitha_optimization/hasitha_hls_component/mine/hls/.autopilot/db/sha256_compress_words_1_Pipeline_LOAD_INITIAL_WORDS.tbgen.tcl 
Execute     source /home/cse/Documents/WorkSpaces/vaddWS/hasitha_optimization/hasitha_hls_component/mine/hls/.autopilot/db/sha256_compress_words_1_Pipeline_SHA256_ROUNDS.tbgen.tcl 
Execute     source /home/cse/Documents/WorkSpaces/vaddWS/hasitha_optimization/hasitha_hls_component/mine/hls/.autopilot/db/sha256_compress_words_1.tbgen.tcl 
Execute     source /home/cse/Documents/WorkSpaces/vaddWS/hasitha_optimization/hasitha_hls_component/mine/hls/.autopilot/db/sha256_compress_words_Pipeline_LOAD_INITIAL_WORDS.tbgen.tcl 
Execute     source /home/cse/Documents/WorkSpaces/vaddWS/hasitha_optimization/hasitha_hls_component/mine/hls/.autopilot/db/sha256_compress_words_Pipeline_SHA256_ROUNDS.tbgen.tcl 
Execute     source /home/cse/Documents/WorkSpaces/vaddWS/hasitha_optimization/hasitha_hls_component/mine/hls/.autopilot/db/sha256_compress_words.tbgen.tcl 
Execute     source /home/cse/Documents/WorkSpaces/vaddWS/hasitha_optimization/hasitha_hls_component/mine/hls/.autopilot/db/sha256d_from_midstate.tbgen.tcl 
Execute     source /home/cse/Documents/WorkSpaces/vaddWS/hasitha_optimization/hasitha_hls_component/mine/hls/.autopilot/db/mine_Pipeline_COMPARE_HASH.tbgen.tcl 
Execute     source /home/cse/Documents/WorkSpaces/vaddWS/hasitha_optimization/hasitha_hls_component/mine/hls/.autopilot/db/mine.tbgen.tcl 
Execute     source /home/cse/Documents/WorkSpaces/vaddWS/hasitha_optimization/hasitha_hls_component/mine/hls/.autopilot/db/global.setting.tcl 
Execute     ap_part_info -name xck26-sfvc784-2LV-c -data names -quiet 
Execute     ap_part_info -name xck26-sfvc784-2LV-c -data info -quiet 
Execute     source /home/cse/Documents/WorkSpaces/vaddWS/hasitha_optimization/hasitha_hls_component/mine/hls/.autopilot/db/mine.constraint.tcl 
Execute     sc_get_clocks mine 
Execute     source /home/cse/Documents/WorkSpaces/vaddWS/hasitha_optimization/hasitha_hls_component/mine/hls/.autopilot/db/global.setting.tcl 
Execute     source /tools/Xilinx/2025.2/Vitis/tps/tcl/tcllib2.0/fileutil/fileutil.tcl 
INFO-FLOW: Done: generate_json time: 0.3 seconds 
INFO-FLOW: Running: add_csynth_report_sections
INFO-FLOW: DBG:PROC: ::HLSREPORTS::add_csynth_report_sections bind_info_dict='adapter_nodes {{BINDTYPE adapter ID {} IMPL {} LATENCY {} OPTYPE {} PRAGMA {} RTLNAME control_s_axi_U SOURCE {} VARIABLE {} LOOP {} BUNDLEDNAME control DSP 0 BRAM 0 URAM 0 STORAGESUBTYPE s_axilite STORAGESIZE {} STORAGEUSAGE interface DISPNAME {bind_adapter }} {BINDTYPE adapter ID {} IMPL {} LATENCY {} OPTYPE {} PRAGMA {} RTLNAME gmem0_m_axi_U SOURCE {} VARIABLE {} LOOP {} BUNDLEDNAME gmem0 DSP 0 BRAM 8 URAM 0 STORAGESUBTYPE m_axi STORAGESIZE {} STORAGEUSAGE interface DISPNAME {bind_adapter }} {BINDTYPE adapter ID {} IMPL {} LATENCY {} OPTYPE {} PRAGMA {} RTLNAME gmem1_m_axi_U SOURCE {} VARIABLE {} LOOP {} BUNDLEDNAME gmem1 DSP 0 BRAM 15 URAM 0 STORAGESUBTYPE m_axi STORAGESIZE {} STORAGEUSAGE interface DISPNAME {bind_adapter }} {BINDTYPE adapter ID {} IMPL {} LATENCY {} OPTYPE {} PRAGMA {} RTLNAME gmem2_m_axi_U SOURCE {} VARIABLE {} LOOP {} BUNDLEDNAME gmem2 DSP 0 BRAM 0 URAM 0 STORAGESUBTYPE m_axi STORAGESIZE {} STORAGEUSAGE interface DISPNAME {bind_adapter }}} cache_nodes {} report_dict {TOPINST mine MODULE2INSTS {mine mine mine_Pipeline_VITIS_LOOP_448_1 grp_mine_Pipeline_VITIS_LOOP_448_1_fu_341 mine_Pipeline_VITIS_LOOP_453_2 grp_mine_Pipeline_VITIS_LOOP_453_2_fu_349 mine_Pipeline_BUILD_FIRST_BLOCK grp_mine_Pipeline_BUILD_FIRST_BLOCK_fu_355 sha256_compress_words_1 grp_sha256_compress_words_1_fu_376 sha256_compress_words_1_Pipeline_LOAD_INITIAL_WORDS grp_sha256_compress_words_1_Pipeline_LOAD_INITIAL_WORDS_fu_252 sha256_compress_words_1_Pipeline_SHA256_ROUNDS grp_sha256_compress_words_1_Pipeline_SHA256_ROUNDS_fu_304 sha256d_from_midstate grp_sha256d_from_midstate_fu_398 sha256_compress_words grp_sha256_compress_words_fu_526 sha256_compress_words_Pipeline_LOAD_INITIAL_WORDS grp_sha256_compress_words_Pipeline_LOAD_INITIAL_WORDS_fu_252 sha256_compress_words_Pipeline_SHA256_ROUNDS grp_sha256_compress_words_Pipeline_SHA256_ROUNDS_fu_291 mine_Pipeline_COMPARE_HASH grp_mine_Pipeline_COMPARE_HASH_fu_414} INST2MODULE {mine mine grp_mine_Pipeline_VITIS_LOOP_448_1_fu_341 mine_Pipeline_VITIS_LOOP_448_1 grp_mine_Pipeline_VITIS_LOOP_453_2_fu_349 mine_Pipeline_VITIS_LOOP_453_2 grp_mine_Pipeline_BUILD_FIRST_BLOCK_fu_355 mine_Pipeline_BUILD_FIRST_BLOCK grp_sha256_compress_words_1_fu_376 sha256_compress_words_1 grp_sha256_compress_words_1_Pipeline_LOAD_INITIAL_WORDS_fu_252 sha256_compress_words_1_Pipeline_LOAD_INITIAL_WORDS grp_sha256_compress_words_1_Pipeline_SHA256_ROUNDS_fu_304 sha256_compress_words_1_Pipeline_SHA256_ROUNDS grp_sha256d_from_midstate_fu_398 sha256d_from_midstate grp_sha256_compress_words_fu_526 sha256_compress_words grp_sha256_compress_words_Pipeline_LOAD_INITIAL_WORDS_fu_252 sha256_compress_words_Pipeline_LOAD_INITIAL_WORDS grp_sha256_compress_words_Pipeline_SHA256_ROUNDS_fu_291 sha256_compress_words_Pipeline_SHA256_ROUNDS grp_mine_Pipeline_COMPARE_HASH_fu_414 mine_Pipeline_COMPARE_HASH} INSTDATA {mine {DEPTH 1 CHILDREN {grp_mine_Pipeline_VITIS_LOOP_448_1_fu_341 grp_mine_Pipeline_VITIS_LOOP_453_2_fu_349 grp_mine_Pipeline_BUILD_FIRST_BLOCK_fu_355 grp_sha256_compress_words_1_fu_376 grp_sha256d_from_midstate_fu_398 grp_mine_Pipeline_COMPARE_HASH_fu_414}} grp_mine_Pipeline_VITIS_LOOP_448_1_fu_341 {DEPTH 2 CHILDREN {}} grp_mine_Pipeline_VITIS_LOOP_453_2_fu_349 {DEPTH 2 CHILDREN {}} grp_mine_Pipeline_BUILD_FIRST_BLOCK_fu_355 {DEPTH 2 CHILDREN {}} grp_sha256_compress_words_1_fu_376 {DEPTH 2 CHILDREN {grp_sha256_compress_words_1_Pipeline_LOAD_INITIAL_WORDS_fu_252 grp_sha256_compress_words_1_Pipeline_SHA256_ROUNDS_fu_304}} grp_sha256_compress_words_1_Pipeline_LOAD_INITIAL_WORDS_fu_252 {DEPTH 3 CHILDREN {}} grp_sha256_compress_words_1_Pipeline_SHA256_ROUNDS_fu_304 {DEPTH 3 CHILDREN {}} grp_sha256d_from_midstate_fu_398 {DEPTH 2 CHILDREN grp_sha256_compress_words_fu_526} grp_sha256_compress_words_fu_526 {DEPTH 3 CHILDREN {grp_sha256_compress_words_Pipeline_LOAD_INITIAL_WORDS_fu_252 grp_sha256_compress_words_Pipeline_SHA256_ROUNDS_fu_291}} grp_sha256_compress_words_Pipeline_LOAD_INITIAL_WORDS_fu_252 {DEPTH 4 CHILDREN {}} grp_sha256_compress_words_Pipeline_SHA256_ROUNDS_fu_291 {DEPTH 4 CHILDREN {}} grp_mine_Pipeline_COMPARE_HASH_fu_414 {DEPTH 2 CHILDREN {}}} MODULEDATA {mine_Pipeline_VITIS_LOOP_448_1 {BINDINFO {{BINDTYPE op ID {} IMPL auto LATENCY 0 OPTYPE seteq PRAGMA {} RTLNAME icmp_ln448_fu_120_p2 SOURCE dylan-hls/mine.cpp:448 VARIABLE icmp_ln448 LOOP VITIS_LOOP_448_1 BUNDLEDNAME {} DSP 0 BRAM 0 URAM 0 STORAGESUBTYPE {} DISPNAME {bind_op seteq} VISIBLE false} {BINDTYPE op ID {} IMPL fabric LATENCY 0 OPTYPE add PRAGMA {} RTLNAME add_ln448_fu_126_p2 SOURCE dylan-hls/mine.cpp:448 VARIABLE add_ln448 LOOP VITIS_LOOP_448_1 BUNDLEDNAME {} DSP 0 BRAM 0 URAM 0 STORAGESUBTYPE {} DISPNAME {bind_op add} VISIBLE true} {BINDTYPE op ID {} IMPL auto LATENCY 0 OPTYPE seteq PRAGMA {} RTLNAME icmp_ln450_fu_136_p2 SOURCE dylan-hls/mine.cpp:450 VARIABLE icmp_ln450 LOOP VITIS_LOOP_448_1 BUNDLEDNAME {} DSP 0 BRAM 0 URAM 0 STORAGESUBTYPE {} DISPNAME {bind_op seteq} VISIBLE false}} AREA {DSP 0 BRAM 0 URAM 0}} mine_Pipeline_VITIS_LOOP_453_2 {BINDINFO {{BINDTYPE op ID {} IMPL auto LATENCY 0 OPTYPE seteq PRAGMA {} RTLNAME icmp_ln453_fu_78_p2 SOURCE dylan-hls/mine.cpp:453 VARIABLE icmp_ln453 LOOP VITIS_LOOP_453_2 BUNDLEDNAME {} DSP 0 BRAM 0 URAM 0 STORAGESUBTYPE {} DISPNAME {bind_op seteq} VISIBLE false} {BINDTYPE op ID {} IMPL fabric LATENCY 0 OPTYPE add PRAGMA {} RTLNAME add_ln453_fu_84_p2 SOURCE dylan-hls/mine.cpp:453 VARIABLE add_ln453 LOOP VITIS_LOOP_453_2 BUNDLEDNAME {} DSP 0 BRAM 0 URAM 0 STORAGESUBTYPE {} DISPNAME {bind_op add} VISIBLE true}} AREA {DSP 0 BRAM 0 URAM 0}} mine_Pipeline_BUILD_FIRST_BLOCK {BINDINFO {{BINDTYPE op ID {} IMPL auto LATENCY 0 OPTYPE seteq PRAGMA {} RTLNAME icmp_ln234_fu_309_p2 SOURCE dylan-hls/mine.cpp:234 VARIABLE icmp_ln234 LOOP BUILD_FIRST_BLOCK BUNDLEDNAME {} DSP 0 BRAM 0 URAM 0 STORAGESUBTYPE {} DISPNAME {bind_op seteq} VISIBLE false} {BINDTYPE op ID {} IMPL fabric LATENCY 0 OPTYPE add PRAGMA {} RTLNAME add_ln234_fu_315_p2 SOURCE dylan-hls/mine.cpp:234 VARIABLE add_ln234 LOOP BUILD_FIRST_BLOCK BUNDLEDNAME {} DSP 0 BRAM 0 URAM 0 STORAGESUBTYPE {} DISPNAME {bind_op add} VISIBLE true}} AREA {DSP 0 BRAM 0 URAM 0}} sha256_compress_words_1_Pipeline_LOAD_INITIAL_WORDS {BINDINFO {{BINDTYPE op ID {} IMPL auto LATENCY 0 OPTYPE seteq PRAGMA {} RTLNAME icmp_ln118_fu_412_p2 SOURCE dylan-hls/mine.cpp:118 VARIABLE icmp_ln118 LOOP LOAD_INITIAL_WORDS BUNDLEDNAME {} DSP 0 BRAM 0 URAM 0 STORAGESUBTYPE {} DISPNAME {bind_op seteq} VISIBLE false} {BINDTYPE op ID {} IMPL fabric LATENCY 0 OPTYPE add PRAGMA {} RTLNAME add_ln118_fu_418_p2 SOURCE dylan-hls/mine.cpp:118 VARIABLE add_ln118 LOOP LOAD_INITIAL_WORDS BUNDLEDNAME {} DSP 0 BRAM 0 URAM 0 STORAGESUBTYPE {} DISPNAME {bind_op add} VISIBLE true} {BINDTYPE op ID {} IMPL compactencoding_dontcare LATENCY 0 OPTYPE sparsemux PRAGMA {} RTLNAME sparsemux_33_4_32_1_1_U23 SOURCE dylan-hls/mine.cpp:120 VARIABLE w_49 LOOP LOAD_INITIAL_WORDS BUNDLEDNAME {} DSP 0 BRAM 0 URAM 0 STORAGESUBTYPE {} DISPNAME {bind_op sparsemux} VISIBLE false}} AREA {DSP 0 BRAM 0 URAM 0}} sha256_compress_words_1_Pipeline_SHA256_ROUNDS {BINDINFO {{BINDTYPE op ID {} IMPL auto LATENCY 0 OPTYPE seteq PRAGMA {} RTLNAME icmp_ln133_fu_695_p2 SOURCE dylan-hls/mine.cpp:133 VARIABLE icmp_ln133 LOOP SHA256_ROUNDS BUNDLEDNAME {} DSP 0 BRAM 0 URAM 0 STORAGESUBTYPE {} DISPNAME {bind_op seteq} VISIBLE false} {BINDTYPE op ID {} IMPL fabric LATENCY 0 OPTYPE add PRAGMA {} RTLNAME add_ln133_fu_701_p2 SOURCE dylan-hls/mine.cpp:133 VARIABLE add_ln133 LOOP SHA256_ROUNDS BUNDLEDNAME {} DSP 0 BRAM 0 URAM 0 STORAGESUBTYPE {} DISPNAME {bind_op add} VISIBLE true} {BINDTYPE op ID {} IMPL auto LATENCY 0 OPTYPE seteq PRAGMA {} RTLNAME icmp_ln138_fu_727_p2 SOURCE dylan-hls/mine.cpp:138 VARIABLE icmp_ln138 LOOP SHA256_ROUNDS BUNDLEDNAME {} DSP 0 BRAM 0 URAM 0 STORAGESUBTYPE {} DISPNAME {bind_op seteq} VISIBLE false} {BINDTYPE op ID {} IMPL compactencoding_dontcare LATENCY 0 OPTYPE sparsemux PRAGMA {} RTLNAME sparsemux_33_4_32_1_1_x_U58 SOURCE dylan-hls/mine.cpp:143 VARIABLE x15 LOOP SHA256_ROUNDS BUNDLEDNAME {} DSP 0 BRAM 0 URAM 0 STORAGESUBTYPE {} DISPNAME {bind_op sparsemux} VISIBLE false} {BINDTYPE op ID {} IMPL compactencoding_dontcare LATENCY 0 OPTYPE sparsemux PRAGMA {} RTLNAME sparsemux_33_4_32_1_1_x_U59 SOURCE dylan-hls/mine.cpp:144 VARIABLE x2 LOOP SHA256_ROUNDS BUNDLEDNAME {} DSP 0 BRAM 0 URAM 0 STORAGESUBTYPE {} DISPNAME {bind_op sparsemux} VISIBLE false} {BINDTYPE op ID {} IMPL compactencoding_dontcare LATENCY 0 OPTYPE sparsemux PRAGMA {} RTLNAME sparsemux_33_4_32_1_1_U57 SOURCE dylan-hls/mine.cpp:157 VARIABLE tmp LOOP SHA256_ROUNDS BUNDLEDNAME {} DSP 0 BRAM 0 URAM 0 STORAGESUBTYPE {} DISPNAME {bind_op sparsemux} VISIBLE false} {BINDTYPE op ID {} IMPL compactencoding_dontcare LATENCY 0 OPTYPE sparsemux PRAGMA {} RTLNAME sparsemux_33_4_32_1_1_x_U60 SOURCE dylan-hls/mine.cpp:159 VARIABLE tmp_s LOOP SHA256_ROUNDS BUNDLEDNAME {} DSP 0 BRAM 0 URAM 0 STORAGESUBTYPE {} DISPNAME {bind_op sparsemux} VISIBLE false} {BINDTYPE op ID {} IMPL auto LATENCY 0 OPTYPE xor PRAGMA {} RTLNAME xor_ln159_fu_1121_p2 SOURCE dylan-hls/mine.cpp:159 VARIABLE xor_ln159 LOOP SHA256_ROUNDS BUNDLEDNAME {} DSP 0 BRAM 0 URAM 0 STORAGESUBTYPE {} DISPNAME {bind_op xor} VISIBLE false} {BINDTYPE op ID {} IMPL auto LATENCY 0 OPTYPE xor PRAGMA {} RTLNAME xor_ln159_1_fu_1127_p2 SOURCE dylan-hls/mine.cpp:159 VARIABLE xor_ln159_1 LOOP SHA256_ROUNDS BUNDLEDNAME {} DSP 0 BRAM 0 URAM 0 STORAGESUBTYPE {} DISPNAME {bind_op xor} VISIBLE false} {BINDTYPE op ID {} IMPL auto LATENCY 0 OPTYPE xor PRAGMA {} RTLNAME xor_ln159_2_fu_1141_p2 SOURCE dylan-hls/mine.cpp:159 VARIABLE xor_ln159_2 LOOP SHA256_ROUNDS BUNDLEDNAME {} DSP 0 BRAM 0 URAM 0 STORAGESUBTYPE {} DISPNAME {bind_op xor} VISIBLE false} {BINDTYPE op ID {} IMPL auto LATENCY 0 OPTYPE xor PRAGMA {} RTLNAME xor_ln159_3_fu_1147_p2 SOURCE dylan-hls/mine.cpp:159 VARIABLE xor_ln159_3 LOOP SHA256_ROUNDS BUNDLEDNAME {} DSP 0 BRAM 0 URAM 0 STORAGESUBTYPE {} DISPNAME {bind_op xor} VISIBLE false} {BINDTYPE op ID {} IMPL fabric LATENCY 0 OPTYPE add PRAGMA {} RTLNAME add_ln159_fu_1159_p2 SOURCE dylan-hls/mine.cpp:159 VARIABLE add_ln159 LOOP SHA256_ROUNDS BUNDLEDNAME {} DSP 0 BRAM 0 URAM 0 STORAGESUBTYPE {} DISPNAME {bind_op add} VISIBLE true} {BINDTYPE op ID {} IMPL compactencoding_dontcare LATENCY 0 OPTYPE sparsemux PRAGMA {} RTLNAME sparsemux_33_4_32_1_1_U57 SOURCE dylan-hls/mine.cpp:139 VARIABLE wt LOOP SHA256_ROUNDS BUNDLEDNAME {} DSP 0 BRAM 0 URAM 0 STORAGESUBTYPE {} DISPNAME {bind_op sparsemux} VISIBLE false} {BINDTYPE op ID {} IMPL auto LATENCY 0 OPTYPE xor PRAGMA {} RTLNAME xor_ln173_fu_1362_p2 SOURCE dylan-hls/mine.cpp:173 VARIABLE xor_ln173 LOOP SHA256_ROUNDS BUNDLEDNAME {} DSP 0 BRAM 0 URAM 0 STORAGESUBTYPE {} DISPNAME {bind_op xor} VISIBLE false} {BINDTYPE op ID {} IMPL auto LATENCY 0 OPTYPE and PRAGMA {} RTLNAME and_ln173_fu_1368_p2 SOURCE dylan-hls/mine.cpp:173 VARIABLE and_ln173 LOOP SHA256_ROUNDS BUNDLEDNAME {} DSP 0 BRAM 0 URAM 0 STORAGESUBTYPE {} DISPNAME {bind_op and} VISIBLE false} {BINDTYPE op ID {} IMPL auto LATENCY 0 OPTYPE and PRAGMA {} RTLNAME and_ln173_1_fu_1374_p2 SOURCE dylan-hls/mine.cpp:173 VARIABLE and_ln173_1 LOOP SHA256_ROUNDS BUNDLEDNAME {} DSP 0 BRAM 0 URAM 0 STORAGESUBTYPE {} DISPNAME {bind_op and} VISIBLE false} {BINDTYPE op ID {} IMPL auto LATENCY 0 OPTYPE xor PRAGMA {} RTLNAME xor_ln173_1_fu_1396_p2 SOURCE dylan-hls/mine.cpp:173 VARIABLE xor_ln173_1 LOOP SHA256_ROUNDS BUNDLEDNAME {} DSP 0 BRAM 0 URAM 0 STORAGESUBTYPE {} DISPNAME {bind_op xor} VISIBLE false} {BINDTYPE op ID {} IMPL auto LATENCY 0 OPTYPE xor PRAGMA {} RTLNAME xor_ln173_2_fu_1410_p2 SOURCE dylan-hls/mine.cpp:173 VARIABLE xor_ln173_2 LOOP SHA256_ROUNDS BUNDLEDNAME {} DSP 0 BRAM 0 URAM 0 STORAGESUBTYPE {} DISPNAME {bind_op xor} VISIBLE false} {BINDTYPE op ID {} IMPL auto LATENCY 0 OPTYPE xor PRAGMA {} RTLNAME xor_ln173_3_fu_1416_p2 SOURCE dylan-hls/mine.cpp:173 VARIABLE xor_ln173_3 LOOP SHA256_ROUNDS BUNDLEDNAME {} DSP 0 BRAM 0 URAM 0 STORAGESUBTYPE {} DISPNAME {bind_op xor} VISIBLE false} {BINDTYPE op ID {} IMPL fabric LATENCY 0 OPTYPE add PRAGMA {} RTLNAME e_fu_1488_p2 SOURCE dylan-hls/mine.cpp:190 VARIABLE e LOOP SHA256_ROUNDS BUNDLEDNAME {} DSP 0 BRAM 0 URAM 0 STORAGESUBTYPE {} DISPNAME {bind_op add} VISIBLE true} {BINDTYPE op ID {} IMPL auto LATENCY 0 OPTYPE xor PRAGMA {} RTLNAME xor_ln195_fu_1494_p2 SOURCE dylan-hls/mine.cpp:195 VARIABLE xor_ln195 LOOP SHA256_ROUNDS BUNDLEDNAME {} DSP 0 BRAM 0 URAM 0 STORAGESUBTYPE {} DISPNAME {bind_op xor} VISIBLE false} {BINDTYPE op ID {} IMPL auto LATENCY 0 OPTYPE and PRAGMA {} RTLNAME and_ln195_fu_1500_p2 SOURCE dylan-hls/mine.cpp:195 VARIABLE and_ln195 LOOP SHA256_ROUNDS BUNDLEDNAME {} DSP 0 BRAM 0 URAM 0 STORAGESUBTYPE {} DISPNAME {bind_op and} VISIBLE false} {BINDTYPE op ID {} IMPL auto LATENCY 0 OPTYPE and PRAGMA {} RTLNAME and_ln195_1_fu_1506_p2 SOURCE dylan-hls/mine.cpp:195 VARIABLE and_ln195_1 LOOP SHA256_ROUNDS BUNDLEDNAME {} DSP 0 BRAM 0 URAM 0 STORAGESUBTYPE {} DISPNAME {bind_op and} VISIBLE false} {BINDTYPE op ID {} IMPL auto LATENCY 0 OPTYPE xor PRAGMA {} RTLNAME xor_ln195_1_fu_1528_p2 SOURCE dylan-hls/mine.cpp:195 VARIABLE xor_ln195_1 LOOP SHA256_ROUNDS BUNDLEDNAME {} DSP 0 BRAM 0 URAM 0 STORAGESUBTYPE {} DISPNAME {bind_op xor} VISIBLE false} {BINDTYPE op ID {} IMPL auto LATENCY 0 OPTYPE xor PRAGMA {} RTLNAME xor_ln195_2_fu_1542_p2 SOURCE dylan-hls/mine.cpp:195 VARIABLE xor_ln195_2 LOOP SHA256_ROUNDS BUNDLEDNAME {} DSP 0 BRAM 0 URAM 0 STORAGESUBTYPE {} DISPNAME {bind_op xor} VISIBLE false} {BINDTYPE op ID {} IMPL auto LATENCY 0 OPTYPE xor PRAGMA {} RTLNAME xor_ln195_3_fu_1548_p2 SOURCE dylan-hls/mine.cpp:195 VARIABLE xor_ln195_3 LOOP SHA256_ROUNDS BUNDLEDNAME {} DSP 0 BRAM 0 URAM 0 STORAGESUBTYPE {} DISPNAME {bind_op xor} VISIBLE false} {BINDTYPE storage ID {} IMPL auto LATENCY 1 OPTYPE rom_1p PRAGMA {} RTLNAME K_U SOURCE {} VARIABLE K LOOP {} BUNDLEDNAME {} DSP 0 BRAM 1 URAM 0 STORAGESUBTYPE {} STORAGESIZE {32 64 1} STORAGEUSAGE rom_1p DISPNAME {bind_storage rom_1p} VISIBLE true}} AREA {DSP 0 BRAM 1 URAM 0}} sha256_compress_words_1 {BINDINFO {{BINDTYPE op ID {} IMPL fabric LATENCY 0 OPTYPE add PRAGMA {} RTLNAME add_ln198_fu_422_p2 SOURCE dylan-hls/mine.cpp:198 VARIABLE add_ln198 LOOP {} BUNDLEDNAME {} DSP 0 BRAM 0 URAM 0 STORAGESUBTYPE {} DISPNAME {bind_op add} VISIBLE true} {BINDTYPE op ID {} IMPL fabric LATENCY 0 OPTYPE add PRAGMA {} RTLNAME add_ln199_fu_428_p2 SOURCE dylan-hls/mine.cpp:199 VARIABLE add_ln199 LOOP {} BUNDLEDNAME {} DSP 0 BRAM 0 URAM 0 STORAGESUBTYPE {} DISPNAME {bind_op add} VISIBLE true} {BINDTYPE op ID {} IMPL fabric LATENCY 0 OPTYPE add PRAGMA {} RTLNAME add_ln200_fu_434_p2 SOURCE dylan-hls/mine.cpp:200 VARIABLE add_ln200 LOOP {} BUNDLEDNAME {} DSP 0 BRAM 0 URAM 0 STORAGESUBTYPE {} DISPNAME {bind_op add} VISIBLE true} {BINDTYPE op ID {} IMPL fabric LATENCY 0 OPTYPE add PRAGMA {} RTLNAME add_ln201_fu_440_p2 SOURCE dylan-hls/mine.cpp:201 VARIABLE add_ln201 LOOP {} BUNDLEDNAME {} DSP 0 BRAM 0 URAM 0 STORAGESUBTYPE {} DISPNAME {bind_op add} VISIBLE true} {BINDTYPE op ID {} IMPL fabric LATENCY 0 OPTYPE add PRAGMA {} RTLNAME add_ln202_fu_446_p2 SOURCE dylan-hls/mine.cpp:202 VARIABLE add_ln202 LOOP {} BUNDLEDNAME {} DSP 0 BRAM 0 URAM 0 STORAGESUBTYPE {} DISPNAME {bind_op add} VISIBLE true} {BINDTYPE op ID {} IMPL fabric LATENCY 0 OPTYPE add PRAGMA {} RTLNAME add_ln203_fu_452_p2 SOURCE dylan-hls/mine.cpp:203 VARIABLE add_ln203 LOOP {} BUNDLEDNAME {} DSP 0 BRAM 0 URAM 0 STORAGESUBTYPE {} DISPNAME {bind_op add} VISIBLE true} {BINDTYPE op ID {} IMPL fabric LATENCY 0 OPTYPE add PRAGMA {} RTLNAME add_ln204_fu_458_p2 SOURCE dylan-hls/mine.cpp:204 VARIABLE add_ln204 LOOP {} BUNDLEDNAME {} DSP 0 BRAM 0 URAM 0 STORAGESUBTYPE {} DISPNAME {bind_op add} VISIBLE true} {BINDTYPE op ID {} IMPL fabric LATENCY 0 OPTYPE add PRAGMA {} RTLNAME add_ln205_fu_464_p2 SOURCE dylan-hls/mine.cpp:205 VARIABLE add_ln205 LOOP {} BUNDLEDNAME {} DSP 0 BRAM 0 URAM 0 STORAGESUBTYPE {} DISPNAME {bind_op add} VISIBLE true}} AREA {DSP 0 BRAM 1 URAM 0}} sha256_compress_words_Pipeline_LOAD_INITIAL_WORDS {BINDINFO {{BINDTYPE op ID {} IMPL auto LATENCY 0 OPTYPE seteq PRAGMA {} RTLNAME icmp_ln118_fu_370_p2 SOURCE dylan-hls/mine.cpp:118 VARIABLE icmp_ln118 LOOP LOAD_INITIAL_WORDS BUNDLEDNAME {} DSP 0 BRAM 0 URAM 0 STORAGESUBTYPE {} DISPNAME {bind_op seteq} VISIBLE false} {BINDTYPE op ID {} IMPL fabric LATENCY 0 OPTYPE add PRAGMA {} RTLNAME add_ln118_fu_376_p2 SOURCE dylan-hls/mine.cpp:118 VARIABLE add_ln118 LOOP LOAD_INITIAL_WORDS BUNDLEDNAME {} DSP 0 BRAM 0 URAM 0 STORAGESUBTYPE {} DISPNAME {bind_op add} VISIBLE true} {BINDTYPE op ID {} IMPL compactencoding_dontcare LATENCY 0 OPTYPE sparsemux PRAGMA {} RTLNAME sparsemux_33_4_32_1_1_U105 SOURCE dylan-hls/mine.cpp:120 VARIABLE w_32 LOOP LOAD_INITIAL_WORDS BUNDLEDNAME {} DSP 0 BRAM 0 URAM 0 STORAGESUBTYPE {} DISPNAME {bind_op sparsemux} VISIBLE false}} AREA {DSP 0 BRAM 0 URAM 0}} sha256_compress_words_Pipeline_SHA256_ROUNDS {BINDINFO {{BINDTYPE op ID {} IMPL auto LATENCY 0 OPTYPE seteq PRAGMA {} RTLNAME icmp_ln133_fu_743_p2 SOURCE dylan-hls/mine.cpp:133 VARIABLE icmp_ln133 LOOP SHA256_ROUNDS BUNDLEDNAME {} DSP 0 BRAM 0 URAM 0 STORAGESUBTYPE {} DISPNAME {bind_op seteq} VISIBLE false} {BINDTYPE op ID {} IMPL fabric LATENCY 0 OPTYPE add PRAGMA {} RTLNAME add_ln133_fu_749_p2 SOURCE dylan-hls/mine.cpp:133 VARIABLE add_ln133 LOOP SHA256_ROUNDS BUNDLEDNAME {} DSP 0 BRAM 0 URAM 0 STORAGESUBTYPE {} DISPNAME {bind_op add} VISIBLE true} {BINDTYPE op ID {} IMPL auto LATENCY 0 OPTYPE seteq PRAGMA {} RTLNAME icmp_ln138_fu_775_p2 SOURCE dylan-hls/mine.cpp:138 VARIABLE icmp_ln138 LOOP SHA256_ROUNDS BUNDLEDNAME {} DSP 0 BRAM 0 URAM 0 STORAGESUBTYPE {} DISPNAME {bind_op seteq} VISIBLE false} {BINDTYPE op ID {} IMPL compactencoding_dontcare LATENCY 0 OPTYPE sparsemux PRAGMA {} RTLNAME sparsemux_33_4_32_1_1_x_U133 SOURCE dylan-hls/mine.cpp:143 VARIABLE x15 LOOP SHA256_ROUNDS BUNDLEDNAME {} DSP 0 BRAM 0 URAM 0 STORAGESUBTYPE {} DISPNAME {bind_op sparsemux} VISIBLE false} {BINDTYPE op ID {} IMPL compactencoding_dontcare LATENCY 0 OPTYPE sparsemux PRAGMA {} RTLNAME sparsemux_33_4_32_1_1_x_U134 SOURCE dylan-hls/mine.cpp:144 VARIABLE x2 LOOP SHA256_ROUNDS BUNDLEDNAME {} DSP 0 BRAM 0 URAM 0 STORAGESUBTYPE {} DISPNAME {bind_op sparsemux} VISIBLE false} {BINDTYPE op ID {} IMPL compactencoding_dontcare LATENCY 0 OPTYPE sparsemux PRAGMA {} RTLNAME sparsemux_33_4_32_1_1_U132 SOURCE dylan-hls/mine.cpp:157 VARIABLE tmp LOOP SHA256_ROUNDS BUNDLEDNAME {} DSP 0 BRAM 0 URAM 0 STORAGESUBTYPE {} DISPNAME {bind_op sparsemux} VISIBLE false} {BINDTYPE op ID {} IMPL compactencoding_dontcare LATENCY 0 OPTYPE sparsemux PRAGMA {} RTLNAME sparsemux_33_4_32_1_1_x_U135 SOURCE dylan-hls/mine.cpp:159 VARIABLE tmp_s LOOP SHA256_ROUNDS BUNDLEDNAME {} DSP 0 BRAM 0 URAM 0 STORAGESUBTYPE {} DISPNAME {bind_op sparsemux} VISIBLE false} {BINDTYPE op ID {} IMPL auto LATENCY 0 OPTYPE xor PRAGMA {} RTLNAME xor_ln159_fu_1169_p2 SOURCE dylan-hls/mine.cpp:159 VARIABLE xor_ln159 LOOP SHA256_ROUNDS BUNDLEDNAME {} DSP 0 BRAM 0 URAM 0 STORAGESUBTYPE {} DISPNAME {bind_op xor} VISIBLE false} {BINDTYPE op ID {} IMPL auto LATENCY 0 OPTYPE xor PRAGMA {} RTLNAME xor_ln159_1_fu_1175_p2 SOURCE dylan-hls/mine.cpp:159 VARIABLE xor_ln159_1 LOOP SHA256_ROUNDS BUNDLEDNAME {} DSP 0 BRAM 0 URAM 0 STORAGESUBTYPE {} DISPNAME {bind_op xor} VISIBLE false} {BINDTYPE op ID {} IMPL auto LATENCY 0 OPTYPE xor PRAGMA {} RTLNAME xor_ln159_2_fu_1189_p2 SOURCE dylan-hls/mine.cpp:159 VARIABLE xor_ln159_2 LOOP SHA256_ROUNDS BUNDLEDNAME {} DSP 0 BRAM 0 URAM 0 STORAGESUBTYPE {} DISPNAME {bind_op xor} VISIBLE false} {BINDTYPE op ID {} IMPL auto LATENCY 0 OPTYPE xor PRAGMA {} RTLNAME xor_ln159_3_fu_1195_p2 SOURCE dylan-hls/mine.cpp:159 VARIABLE xor_ln159_3 LOOP SHA256_ROUNDS BUNDLEDNAME {} DSP 0 BRAM 0 URAM 0 STORAGESUBTYPE {} DISPNAME {bind_op xor} VISIBLE false} {BINDTYPE op ID {} IMPL fabric LATENCY 0 OPTYPE add PRAGMA {} RTLNAME add_ln159_fu_1207_p2 SOURCE dylan-hls/mine.cpp:159 VARIABLE add_ln159 LOOP SHA256_ROUNDS BUNDLEDNAME {} DSP 0 BRAM 0 URAM 0 STORAGESUBTYPE {} DISPNAME {bind_op add} VISIBLE true} {BINDTYPE op ID {} IMPL compactencoding_dontcare LATENCY 0 OPTYPE sparsemux PRAGMA {} RTLNAME sparsemux_33_4_32_1_1_U132 SOURCE dylan-hls/mine.cpp:139 VARIABLE wt LOOP SHA256_ROUNDS BUNDLEDNAME {} DSP 0 BRAM 0 URAM 0 STORAGESUBTYPE {} DISPNAME {bind_op sparsemux} VISIBLE false} {BINDTYPE op ID {} IMPL auto LATENCY 0 OPTYPE xor PRAGMA {} RTLNAME xor_ln173_fu_1410_p2 SOURCE dylan-hls/mine.cpp:173 VARIABLE xor_ln173 LOOP SHA256_ROUNDS BUNDLEDNAME {} DSP 0 BRAM 0 URAM 0 STORAGESUBTYPE {} DISPNAME {bind_op xor} VISIBLE false} {BINDTYPE op ID {} IMPL auto LATENCY 0 OPTYPE and PRAGMA {} RTLNAME and_ln173_fu_1416_p2 SOURCE dylan-hls/mine.cpp:173 VARIABLE and_ln173 LOOP SHA256_ROUNDS BUNDLEDNAME {} DSP 0 BRAM 0 URAM 0 STORAGESUBTYPE {} DISPNAME {bind_op and} VISIBLE false} {BINDTYPE op ID {} IMPL auto LATENCY 0 OPTYPE and PRAGMA {} RTLNAME and_ln173_1_fu_1422_p2 SOURCE dylan-hls/mine.cpp:173 VARIABLE and_ln173_1 LOOP SHA256_ROUNDS BUNDLEDNAME {} DSP 0 BRAM 0 URAM 0 STORAGESUBTYPE {} DISPNAME {bind_op and} VISIBLE false} {BINDTYPE op ID {} IMPL auto LATENCY 0 OPTYPE xor PRAGMA {} RTLNAME xor_ln173_1_fu_1444_p2 SOURCE dylan-hls/mine.cpp:173 VARIABLE xor_ln173_1 LOOP SHA256_ROUNDS BUNDLEDNAME {} DSP 0 BRAM 0 URAM 0 STORAGESUBTYPE {} DISPNAME {bind_op xor} VISIBLE false} {BINDTYPE op ID {} IMPL auto LATENCY 0 OPTYPE xor PRAGMA {} RTLNAME xor_ln173_2_fu_1458_p2 SOURCE dylan-hls/mine.cpp:173 VARIABLE xor_ln173_2 LOOP SHA256_ROUNDS BUNDLEDNAME {} DSP 0 BRAM 0 URAM 0 STORAGESUBTYPE {} DISPNAME {bind_op xor} VISIBLE false} {BINDTYPE op ID {} IMPL auto LATENCY 0 OPTYPE xor PRAGMA {} RTLNAME xor_ln173_3_fu_1464_p2 SOURCE dylan-hls/mine.cpp:173 VARIABLE xor_ln173_3 LOOP SHA256_ROUNDS BUNDLEDNAME {} DSP 0 BRAM 0 URAM 0 STORAGESUBTYPE {} DISPNAME {bind_op xor} VISIBLE false} {BINDTYPE op ID {} IMPL fabric LATENCY 0 OPTYPE add PRAGMA {} RTLNAME e_fu_1536_p2 SOURCE dylan-hls/mine.cpp:190 VARIABLE e LOOP SHA256_ROUNDS BUNDLEDNAME {} DSP 0 BRAM 0 URAM 0 STORAGESUBTYPE {} DISPNAME {bind_op add} VISIBLE true} {BINDTYPE op ID {} IMPL auto LATENCY 0 OPTYPE xor PRAGMA {} RTLNAME xor_ln195_fu_1542_p2 SOURCE dylan-hls/mine.cpp:195 VARIABLE xor_ln195 LOOP SHA256_ROUNDS BUNDLEDNAME {} DSP 0 BRAM 0 URAM 0 STORAGESUBTYPE {} DISPNAME {bind_op xor} VISIBLE false} {BINDTYPE op ID {} IMPL auto LATENCY 0 OPTYPE and PRAGMA {} RTLNAME and_ln195_fu_1548_p2 SOURCE dylan-hls/mine.cpp:195 VARIABLE and_ln195 LOOP SHA256_ROUNDS BUNDLEDNAME {} DSP 0 BRAM 0 URAM 0 STORAGESUBTYPE {} DISPNAME {bind_op and} VISIBLE false} {BINDTYPE op ID {} IMPL auto LATENCY 0 OPTYPE and PRAGMA {} RTLNAME and_ln195_1_fu_1554_p2 SOURCE dylan-hls/mine.cpp:195 VARIABLE and_ln195_1 LOOP SHA256_ROUNDS BUNDLEDNAME {} DSP 0 BRAM 0 URAM 0 STORAGESUBTYPE {} DISPNAME {bind_op and} VISIBLE false} {BINDTYPE op ID {} IMPL auto LATENCY 0 OPTYPE xor PRAGMA {} RTLNAME xor_ln195_1_fu_1576_p2 SOURCE dylan-hls/mine.cpp:195 VARIABLE xor_ln195_1 LOOP SHA256_ROUNDS BUNDLEDNAME {} DSP 0 BRAM 0 URAM 0 STORAGESUBTYPE {} DISPNAME {bind_op xor} VISIBLE false} {BINDTYPE op ID {} IMPL auto LATENCY 0 OPTYPE xor PRAGMA {} RTLNAME xor_ln195_2_fu_1590_p2 SOURCE dylan-hls/mine.cpp:195 VARIABLE xor_ln195_2 LOOP SHA256_ROUNDS BUNDLEDNAME {} DSP 0 BRAM 0 URAM 0 STORAGESUBTYPE {} DISPNAME {bind_op xor} VISIBLE false} {BINDTYPE op ID {} IMPL auto LATENCY 0 OPTYPE xor PRAGMA {} RTLNAME xor_ln195_3_fu_1596_p2 SOURCE dylan-hls/mine.cpp:195 VARIABLE xor_ln195_3 LOOP SHA256_ROUNDS BUNDLEDNAME {} DSP 0 BRAM 0 URAM 0 STORAGESUBTYPE {} DISPNAME {bind_op xor} VISIBLE false} {BINDTYPE storage ID {} IMPL auto LATENCY 1 OPTYPE rom_1p PRAGMA {} RTLNAME K_U SOURCE {} VARIABLE K LOOP {} BUNDLEDNAME {} DSP 0 BRAM 1 URAM 0 STORAGESUBTYPE {} STORAGESIZE {32 64 1} STORAGEUSAGE rom_1p DISPNAME {bind_storage rom_1p} VISIBLE true}} AREA {DSP 0 BRAM 1 URAM 0}} sha256_compress_words {BINDINFO {{BINDTYPE op ID {} IMPL fabric LATENCY 0 OPTYPE add PRAGMA {} RTLNAME add_ln198_fu_430_p2 SOURCE dylan-hls/mine.cpp:198 VARIABLE add_ln198 LOOP {} BUNDLEDNAME {} DSP 0 BRAM 0 URAM 0 STORAGESUBTYPE {} DISPNAME {bind_op add} VISIBLE true} {BINDTYPE op ID {} IMPL fabric LATENCY 0 OPTYPE add PRAGMA {} RTLNAME add_ln199_fu_435_p2 SOURCE dylan-hls/mine.cpp:199 VARIABLE add_ln199 LOOP {} BUNDLEDNAME {} DSP 0 BRAM 0 URAM 0 STORAGESUBTYPE {} DISPNAME {bind_op add} VISIBLE true} {BINDTYPE op ID {} IMPL fabric LATENCY 0 OPTYPE add PRAGMA {} RTLNAME add_ln200_fu_440_p2 SOURCE dylan-hls/mine.cpp:200 VARIABLE add_ln200 LOOP {} BUNDLEDNAME {} DSP 0 BRAM 0 URAM 0 STORAGESUBTYPE {} DISPNAME {bind_op add} VISIBLE true} {BINDTYPE op ID {} IMPL fabric LATENCY 0 OPTYPE add PRAGMA {} RTLNAME add_ln201_fu_445_p2 SOURCE dylan-hls/mine.cpp:201 VARIABLE add_ln201 LOOP {} BUNDLEDNAME {} DSP 0 BRAM 0 URAM 0 STORAGESUBTYPE {} DISPNAME {bind_op add} VISIBLE true} {BINDTYPE op ID {} IMPL fabric LATENCY 0 OPTYPE add PRAGMA {} RTLNAME add_ln202_fu_450_p2 SOURCE dylan-hls/mine.cpp:202 VARIABLE add_ln202 LOOP {} BUNDLEDNAME {} DSP 0 BRAM 0 URAM 0 STORAGESUBTYPE {} DISPNAME {bind_op add} VISIBLE true} {BINDTYPE op ID {} IMPL fabric LATENCY 0 OPTYPE add PRAGMA {} RTLNAME add_ln203_fu_455_p2 SOURCE dylan-hls/mine.cpp:203 VARIABLE add_ln203 LOOP {} BUNDLEDNAME {} DSP 0 BRAM 0 URAM 0 STORAGESUBTYPE {} DISPNAME {bind_op add} VISIBLE true} {BINDTYPE op ID {} IMPL fabric LATENCY 0 OPTYPE add PRAGMA {} RTLNAME add_ln204_fu_460_p2 SOURCE dylan-hls/mine.cpp:204 VARIABLE add_ln204 LOOP {} BUNDLEDNAME {} DSP 0 BRAM 0 URAM 0 STORAGESUBTYPE {} DISPNAME {bind_op add} VISIBLE true} {BINDTYPE op ID {} IMPL fabric LATENCY 0 OPTYPE add PRAGMA {} RTLNAME add_ln205_fu_465_p2 SOURCE dylan-hls/mine.cpp:205 VARIABLE add_ln205 LOOP {} BUNDLEDNAME {} DSP 0 BRAM 0 URAM 0 STORAGESUBTYPE {} DISPNAME {bind_op add} VISIBLE true}} AREA {DSP 0 BRAM 1 URAM 0}} mine_Pipeline_COMPARE_HASH {BINDINFO {{BINDTYPE op ID {} IMPL auto LATENCY 0 OPTYPE seteq PRAGMA {} RTLNAME icmp_ln410_fu_140_p2 SOURCE dylan-hls/mine.cpp:410 VARIABLE icmp_ln410 LOOP COMPARE_HASH BUNDLEDNAME {} DSP 0 BRAM 0 URAM 0 STORAGESUBTYPE {} DISPNAME {bind_op seteq} VISIBLE false} {BINDTYPE op ID {} IMPL fabric LATENCY 0 OPTYPE add PRAGMA {} RTLNAME add_ln410_fu_146_p2 SOURCE dylan-hls/mine.cpp:410 VARIABLE add_ln410 LOOP COMPARE_HASH BUNDLEDNAME {} DSP 0 BRAM 0 URAM 0 STORAGESUBTYPE {} DISPNAME {bind_op add} VISIBLE true} {BINDTYPE op ID {} IMPL auto LATENCY 0 OPTYPE xor PRAGMA {} RTLNAME xor_ln411_fu_156_p2 SOURCE dylan-hls/mine.cpp:411 VARIABLE xor_ln411 LOOP COMPARE_HASH BUNDLEDNAME {} DSP 0 BRAM 0 URAM 0 STORAGESUBTYPE {} DISPNAME {bind_op xor} VISIBLE false} {BINDTYPE op ID {} IMPL auto_pipe LATENCY 0 OPTYPE lshr PRAGMA {} RTLNAME lshr_ln417_fu_197_p2 SOURCE dylan-hls/mine.cpp:417 VARIABLE lshr_ln417 LOOP COMPARE_HASH BUNDLEDNAME {} DSP 0 BRAM 0 URAM 0 STORAGESUBTYPE {} DISPNAME {bind_op lshr} VISIBLE false} {BINDTYPE op ID {} IMPL auto LATENCY 0 OPTYPE setlt PRAGMA {} RTLNAME icmp_ln420_fu_207_p2 SOURCE dylan-hls/mine.cpp:420 VARIABLE icmp_ln420 LOOP COMPARE_HASH BUNDLEDNAME {} DSP 0 BRAM 0 URAM 0 STORAGESUBTYPE {} DISPNAME {bind_op setlt} VISIBLE false} {BINDTYPE op ID {} IMPL auto LATENCY 0 OPTYPE setgt PRAGMA {} RTLNAME icmp_ln424_fu_213_p2 SOURCE dylan-hls/mine.cpp:424 VARIABLE icmp_ln424 LOOP COMPARE_HASH BUNDLEDNAME {} DSP 0 BRAM 0 URAM 0 STORAGESUBTYPE {} DISPNAME {bind_op setgt} VISIBLE false}} AREA {DSP 0 BRAM 0 URAM 0}} mine {BINDINFO {{BINDTYPE storage ID {} IMPL auto LATENCY 1 OPTYPE ram_2p PRAGMA {} RTLNAME hdr_U SOURCE dylan-hls/mine.cpp:447 VARIABLE hdr LOOP {} BUNDLEDNAME {} DSP 0 BRAM 0 URAM 0 STORAGESUBTYPE {} STORAGESIZE {32 20 1} STORAGEUSAGE {ram_2p array} DISPNAME {bind_storage ram_2p} VISIBLE true} {BINDTYPE storage ID {} IMPL auto LATENCY 1 OPTYPE ram_1p PRAGMA {} RTLNAME tgt_U SOURCE dylan-hls/mine.cpp:452 VARIABLE tgt LOOP {} BUNDLEDNAME {} DSP 0 BRAM 0 URAM 0 STORAGESUBTYPE {} STORAGESIZE {32 8 1} STORAGEUSAGE {ram_1p array} DISPNAME {bind_storage ram_1p} VISIBLE true} {BINDTYPE storage ID {} IMPL auto LATENCY 1 OPTYPE ram_t2p PRAGMA {} RTLNAME h_U SOURCE dylan-hls/mine.cpp:478 VARIABLE h LOOP {} BUNDLEDNAME {} DSP 0 BRAM 0 URAM 0 STORAGESUBTYPE {} STORAGESIZE {8 32 1} STORAGEUSAGE {ram_t2p array} DISPNAME {bind_storage ram_t2p} VISIBLE true} {BINDTYPE op ID {} IMPL auto LATENCY 0 OPTYPE seteq PRAGMA {} RTLNAME icmp_ln468_fu_558_p2 SOURCE dylan-hls/mine.cpp:468 VARIABLE icmp_ln468 LOOP {} BUNDLEDNAME {} DSP 0 BRAM 0 URAM 0 STORAGESUBTYPE {} DISPNAME {bind_op seteq} VISIBLE false} {BINDTYPE op ID {} IMPL fabric LATENCY 0 OPTYPE add PRAGMA {} RTLNAME n_fu_582_p2 SOURCE dylan-hls/mine.cpp:470 VARIABLE n LOOP VITIS_LOOP_468_3 BUNDLEDNAME {} DSP 0 BRAM 0 URAM 0 STORAGESUBTYPE {} DISPNAME {bind_op add} VISIBLE true} {BINDTYPE op ID {} IMPL fabric LATENCY 0 OPTYPE add PRAGMA {} RTLNAME k_3_fu_588_p2 SOURCE dylan-hls/mine.cpp:468 VARIABLE k_3 LOOP VITIS_LOOP_468_3 BUNDLEDNAME {} DSP 0 BRAM 0 URAM 0 STORAGESUBTYPE {} DISPNAME {bind_op add} VISIBLE true} {BINDTYPE op ID {} IMPL auto LATENCY 0 OPTYPE and PRAGMA {} RTLNAME spec_select_fu_611_p2 SOURCE {} VARIABLE spec_select LOOP VITIS_LOOP_468_3 BUNDLEDNAME {} DSP 0 BRAM 0 URAM 0 STORAGESUBTYPE {} DISPNAME {bind_op and} VISIBLE false} {BINDTYPE op ID {} IMPL auto_sel LATENCY 0 OPTYPE select PRAGMA {} RTLNAME result_found_4_fu_617_p3 SOURCE dylan-hls/mine.cpp:481 VARIABLE result_found_4 LOOP VITIS_LOOP_468_3 BUNDLEDNAME {} DSP 0 BRAM 0 URAM 0 STORAGESUBTYPE {} DISPNAME {bind_op select} VISIBLE false} {BINDTYPE op ID {} IMPL auto_sel LATENCY 0 OPTYPE select PRAGMA {} RTLNAME result_nonce_5_fu_625_p3 SOURCE dylan-hls/mine.cpp:481 VARIABLE result_nonce_5 LOOP VITIS_LOOP_468_3 BUNDLEDNAME {} DSP 0 BRAM 0 URAM 0 STORAGESUBTYPE {} DISPNAME {bind_op select} VISIBLE false} {BINDTYPE op ID {} IMPL auto LATENCY 0 OPTYPE xor PRAGMA {} RTLNAME xor_ln481_fu_632_p2 SOURCE dylan-hls/mine.cpp:481 VARIABLE xor_ln481 LOOP VITIS_LOOP_468_3 BUNDLEDNAME {} DSP 0 BRAM 0 URAM 0 STORAGESUBTYPE {} DISPNAME {bind_op xor} VISIBLE false} {BINDTYPE op ID {} IMPL auto LATENCY 0 OPTYPE setlt PRAGMA {} RTLNAME icmp_ln468_1_fu_594_p2 SOURCE dylan-hls/mine.cpp:468 VARIABLE icmp_ln468_1 LOOP VITIS_LOOP_468_3 BUNDLEDNAME {} DSP 0 BRAM 0 URAM 0 STORAGESUBTYPE {} DISPNAME {bind_op setlt} VISIBLE false} {BINDTYPE op ID {} IMPL auto LATENCY 0 OPTYPE and PRAGMA {} RTLNAME or_cond_fu_638_p2 SOURCE dylan-hls/mine.cpp:468 VARIABLE or_cond LOOP VITIS_LOOP_468_3 BUNDLEDNAME {} DSP 0 BRAM 0 URAM 0 STORAGESUBTYPE {} DISPNAME {bind_op and} VISIBLE false}} AREA {DSP 0 BRAM 25 URAM 0}} sha256d_from_midstate {AREA {DSP 0 BRAM 1 URAM 0}}}}'
INFO-FLOW: DBG:PUTS:      update_csynth_reports json2rpt_hw_sw_interfaces
Execute     send_msg_by_id INFO @200-1603@%s  and missed bursts 
INFO: [HLS 200-1603] Design has inferred MAXI bursts and missed bursts, see Vitis HLS GUI synthesis summary report for detailed information.
INFO-FLOW: Running: gen_csynth_sec_pragma
INFO-FLOW: Done: gen_csynth_sec_pragma time: 0 seconds 
Execute     send_msg_by_id INFO @200-2225@%s /home/cse/Documents/WorkSpaces/vaddWS/hasitha_optimization/hasitha_hls_component/mine/hls/syn/inferred_directives.ini 
INFO: [HLS 200-2225] Wrote inferred directives to file /home/cse/Documents/WorkSpaces/vaddWS/hasitha_optimization/hasitha_hls_component/mine/hls/syn/inferred_directives.ini
INFO-FLOW: DBG:PUTS:      update_csynth_reports wrote xml
INFO-FLOW: DBG:PUTS:      update_csynth_reports appended to csynth rpt file
INFO-FLOW: Done: add_csynth_report_sections time: 0.1 seconds 
INFO: [HLS 200-111] Finished Updating report files: CPU user time: 0.59 seconds. CPU system time: 0.03 seconds. Elapsed time: 0.64 seconds; current allocated memory: 462.684 MB.
INFO: [VHDL 208-304] Generating VHDL RTL for mine.
INFO: [VLOG 209-307] Generating Verilog RTL for mine.
Execute     syn_report -model mine -printsummary 
INFO: [HLS 200-790] **** Loop Constraint Status: All loop constraints were NOT satisfied.
INFO: [HLS 200-789] **** Estimated Fmax: 273.97 MHz
Execute     AP::msg_collection_file -close 
Command   csynth_design done; 11.27 sec.
Execute   close_project 
Execute     close_solution 
Execute       cleanup_all 
Execute       cleanup_all 
Execute       source -notrace -encoding utf-8 /tools/Xilinx/2025.2/Vitis/tps/tcl/tcl8.6/clock.tcl 
Execute         source -encoding utf-8 /tools/Xilinx/2025.2/tps/tcl/tcl8/8.5/msgcat-1.6.1.tm 
INFO-FLOW: Workspace /home/cse/Documents/WorkSpaces/vaddWS/hasitha_optimization/hasitha_hls_component/mine/hls opened at Mon Aug 03 02:10:06 AEST 2026
Execute       source /home/cse/Documents/WorkSpaces/vaddWS/hasitha_optimization/hasitha_hls_component/mine/hls/.autopilot/db/global.setting.tcl 
Execute       set_part xck26-sfvc784-2LV-c 
Execute         create_platform xck26-sfvc784-2LV-c -board  
DBG:HLSDevice: Trying to load device library: /tools/Xilinx/2025.2/Vitis/lib/lnx64.o/libxv_hlsvwrap.so
DBG:HLSDevice: first parts/arch.xml in RDI_DATADIR: /tools/Xilinx/2025.2/Vivado/data/parts/arch.xml
DBG:HLSDevice: init success
INFO: [HLS 200-1611] Setting target device to 'xck26-sfvc784-2LV-c'
Command         create_platform done; 0.27 sec.
Execute         source /tools/Xilinx/2025.2/Vitis/common/technology/xilinx/common/xilinx.gen 
Execute           source /tools/Xilinx/2025.2/Vitis/common/technology/xilinx/interface/plb46.gen 
Execute           source /tools/Xilinx/2025.2/Vitis/common/technology/xilinx/interface/axi4.gen 
Execute           source /tools/Xilinx/2025.2/Vitis/common/technology/xilinx/interface/nativeAXI4.gen 
Execute             source /tools/Xilinx/2025.2/Vitis/common/technology/xilinx/interface/saxilite.gen 
Execute           source /tools/Xilinx/2025.2/Vitis/common/technology/xilinx/scripts/xilinxcoregen.gen 
Execute           source /tools/Xilinx/2025.2/Vitis/common/technology/xilinx/interface/XilEDKCoreGen.gen 
Execute           source /tools/Xilinx/2025.2/Vitis/common/technology/xilinx/ip/util.gen 
Execute           source /tools/Xilinx/2025.2/Vitis/common/technology/xilinx/ip/xfir.gen 
Execute           source /tools/Xilinx/2025.2/Vitis/common/technology/xilinx/ip/xfft.gen 
Execute           source /tools/Xilinx/2025.2/Vitis/common/technology/xilinx/ip/dds_compiler.gen 
Execute           source /tools/Xilinx/2025.2/Vitis/common/technology/xilinx/DSP48/dsp48.gen 
Execute         ap_part_info -name xck26-sfvc784-2LV-c -data info 
Execute         config_compile -quiet -complex-mul-dsp=0 
Command       set_part done; 0.34 sec.
Execute       send_msg_by_id INFO @200-1505@%s%s default  vivado 
INFO: [HLS 200-1505] Using default flow_target 'vivado'
Execute       send_msg_by_id INFO @200-2174@%s%s component hls_config.cfg 
INFO: [HLS 200-2174] Applying component config ini file hls_config.cfg
Execute       apply_ini hls_config.cfg 
Execute         send_msg_by_id INFO @200-1465@%s 'syn.file=/home/cse/Documents/WorkSpaces/vaddWS/dylan-hls/mine.cpp' from hls_config.cfg(12) 
INFO: [HLS 200-1465] Applying config ini 'syn.file=/home/cse/Documents/WorkSpaces/vaddWS/dylan-hls/mine.cpp' from hls_config.cfg(12)
Execute         add_files /home/cse/Documents/WorkSpaces/vaddWS/dylan-hls/mine.cpp 
INFO: [HLS 200-10] Adding design file '/home/cse/Documents/WorkSpaces/vaddWS/dylan-hls/mine.cpp' to the project
Execute         send_msg_by_id INFO @200-1465@%s 'tb.file=/home/cse/Documents/WorkSpaces/vaddWS/dylan-hls/golden.dat' from hls_config.cfg(8) 
INFO: [HLS 200-1465] Applying config ini 'tb.file=/home/cse/Documents/WorkSpaces/vaddWS/dylan-hls/golden.dat' from hls_config.cfg(8)
Execute         add_files -tb /home/cse/Documents/WorkSpaces/vaddWS/dylan-hls/golden.dat 
INFO: [HLS 200-10] Adding test bench file '/home/cse/Documents/WorkSpaces/vaddWS/dylan-hls/golden.dat' to the project
Execute         send_msg_by_id INFO @200-1465@%s 'tb.file=/home/cse/Documents/WorkSpaces/vaddWS/dylan-hls/mine_test.cpp' from hls_config.cfg(9) 
INFO: [HLS 200-1465] Applying config ini 'tb.file=/home/cse/Documents/WorkSpaces/vaddWS/dylan-hls/mine_test.cpp' from hls_config.cfg(9)
Execute         add_files -tb /home/cse/Documents/WorkSpaces/vaddWS/dylan-hls/mine_test.cpp 
INFO: [HLS 200-10] Adding test bench file '/home/cse/Documents/WorkSpaces/vaddWS/dylan-hls/mine_test.cpp' to the project
Execute         send_msg_by_id INFO @200-1465@%s 'tb.file=/home/cse/Documents/WorkSpaces/vaddWS/baseline/sha256.h' from hls_config.cfg(10) 
INFO: [HLS 200-1465] Applying config ini 'tb.file=/home/cse/Documents/WorkSpaces/vaddWS/baseline/sha256.h' from hls_config.cfg(10)
Execute         add_files -tb /home/cse/Documents/WorkSpaces/vaddWS/baseline/sha256.h 
INFO: [HLS 200-10] Adding test bench file '/home/cse/Documents/WorkSpaces/vaddWS/baseline/sha256.h' to the project
Execute         send_msg_by_id INFO @200-1465@%s 'syn.top=mine' from hls_config.cfg(7) 
INFO: [HLS 200-1465] Applying config ini 'syn.top=mine' from hls_config.cfg(7)
Execute         set_top mine 
Execute         send_msg_by_id INFO @200-1465@%s 'flow_target=vitis' from hls_config.cfg(4) 
INFO: [HLS 200-1465] Applying config ini 'flow_target=vitis' from hls_config.cfg(4)
Execute         send_msg_by_id INFO @200-1505@%s%s  vitis 
INFO: [HLS 200-1505] Using flow_target 'vitis'
Execute         send_msg_by_id INFO @200-435@%s%s 'flow_target=vitis' config_interface -m_axi_latency=64 
INFO: [HLS 200-435] Setting 'flow_target=vitis' configuration: config_interface -m_axi_latency=64
Execute         config_interface -m_axi_latency=64 
Execute         send_msg_by_id INFO @200-435@%s%s 'flow_target=vitis' config_interface -m_axi_alignment_byte_size=64 
INFO: [HLS 200-435] Setting 'flow_target=vitis' configuration: config_interface -m_axi_alignment_byte_size=64
Execute         config_interface -m_axi_alignment_byte_size=64 
Execute         send_msg_by_id INFO @200-435@%s%s 'flow_target=vitis' config_interface -m_axi_max_widen_bitwidth=512 
INFO: [HLS 200-435] Setting 'flow_target=vitis' configuration: config_interface -m_axi_max_widen_bitwidth=512
Execute         config_interface -m_axi_max_widen_bitwidth=512 
INFO-FLOW: Setting macro_cmd flow_target=vitis configuration: config_interface -default_interface=kernel
Execute         config_interface -default_interface=kernel 
Execute         send_msg_by_id INFO @200-435@%s%s 'flow_target=vitis' config_rtl -register_reset_num=3 
INFO: [HLS 200-435] Setting 'flow_target=vitis' configuration: config_rtl -register_reset_num=3
Execute         config_rtl -register_reset_num=3 
Execute         send_msg_by_id INFO @200-1465@%s 'part=xck26-sfvc784-2LV-c' from hls_config.cfg(1) 
INFO: [HLS 200-1465] Applying config ini 'part=xck26-sfvc784-2LV-c' from hls_config.cfg(1)
Execute         set_part xck26-sfvc784-2LV-c 
Execute           create_platform xck26-sfvc784-2LV-c -board  
Execute           source /tools/Xilinx/2025.2/Vitis/common/technology/xilinx/common/xilinx.gen 
Execute             source /tools/Xilinx/2025.2/Vitis/common/technology/xilinx/interface/plb46.gen 
Execute             source /tools/Xilinx/2025.2/Vitis/common/technology/xilinx/interface/axi4.gen 
Execute             source /tools/Xilinx/2025.2/Vitis/common/technology/xilinx/interface/nativeAXI4.gen 
Execute               source /tools/Xilinx/2025.2/Vitis/common/technology/xilinx/interface/saxilite.gen 
Execute             source /tools/Xilinx/2025.2/Vitis/common/technology/xilinx/scripts/xilinxcoregen.gen 
Execute             source /tools/Xilinx/2025.2/Vitis/common/technology/xilinx/interface/XilEDKCoreGen.gen 
Execute             source /tools/Xilinx/2025.2/Vitis/common/technology/xilinx/ip/util.gen 
Execute             source /tools/Xilinx/2025.2/Vitis/common/technology/xilinx/ip/xfir.gen 
Execute             source /tools/Xilinx/2025.2/Vitis/common/technology/xilinx/ip/xfft.gen 
Execute             source /tools/Xilinx/2025.2/Vitis/common/technology/xilinx/ip/dds_compiler.gen 
Execute             source /tools/Xilinx/2025.2/Vitis/common/technology/xilinx/DSP48/dsp48.gen 
Execute           ap_part_info -name xck26-sfvc784-2LV-c -data info 
Execute           config_compile -quiet -complex-mul-dsp=0 
Command         set_part done; 0.14 sec.
Execute         send_msg_by_id INFO @200-1465@%s 'clock=200MHz' from hls_config.cfg(11) 
INFO: [HLS 200-1465] Applying config ini 'clock=200MHz' from hls_config.cfg(11)
Execute         create_clock -period 200mhz 
Execute           ap_set_clock -name default -period 5 -unit ns -default=false 
INFO: [SYN 201-201] Setting up clock 'default' with a period of 5ns.
Execute         send_msg_by_id INFO @200-1465@%s 'package.output.format=xo' from hls_config.cfg(5) 
INFO: [HLS 200-1465] Applying config ini 'package.output.format=xo' from hls_config.cfg(5)
Execute         config_export -format=xo 
Command       apply_ini done; 0.17 sec.
Execute       write_component -config /home/cse/Documents/WorkSpaces/vaddWS/hasitha_optimization/hasitha_hls_component/hls_config.cfg 
Execute         send_msg_by_id INFO @200-2176@%s /home/cse/Documents/WorkSpaces/vaddWS/hasitha_optimization/hasitha_hls_component/mine/vitis-comp.json 
INFO: [HLS 200-2176] Writing Vitis IDE component file /home/cse/Documents/WorkSpaces/vaddWS/hasitha_optimization/hasitha_hls_component/mine/vitis-comp.json
Command     open_solution done; 0.55 sec.
Command   open_component done; 0.55 sec.
Execute   apply_ini /home/cse/Documents/WorkSpaces/vaddWS/hasitha_optimization/hasitha_hls_component/mine/hls/config.cmdline -iscmdline 
Execute   ::AP::init_summary_file package-xo 
Execute     AP::app_get_file_relativeroot [AP::app_get_root] {}
Execute     AP::get_vpp_package_output_file
Execute   export_design -flow none 
Execute     config_export -flow=none 
INFO-FLOW: DBG:PUTS: export_design_wrap: -format xo -rtl verilog
Execute     source /home/cse/Documents/WorkSpaces/vaddWS/hasitha_optimization/hasitha_hls_component/mine/hls/.autopilot/db/global.setting.tcl 
INFO-FLOW: DBG:PUTS:   auto_impl: pack: -export -rtl verilog
INFO-FLOW: DBG:PROC: ::AESL_AUTOIMPL::auto_impl args='-export -rtl verilog'
Execute     source /home/cse/Documents/WorkSpaces/vaddWS/hasitha_optimization/hasitha_hls_component/mine/hls/.autopilot/db/global.setting.tcl 
INFO: [IMPL 213-8] Exporting RTL as a Vivado IP.
INFO-FLOW: DBG:PUTS: automg_wrap -export -pcore_version 1.00.a -rtl vlog -tool Vivado -impltomg_flag
INFO-FLOW: DBG:PROC: ::AESL_AUTOMG::auto_generate args='-export -pcore_version 1.00.a -rtl vlog -tool Vivado -impltomg_flag'
INFO-FLOW: DBG:PUTS:     auto_generate -export -pcore_version 1.00.a -rtl vlog -tool Vivado -impltomg_flag
Execute     source /home/cse/Documents/WorkSpaces/vaddWS/hasitha_optimization/hasitha_hls_component/mine/hls/.autopilot/db/global.setting.tcl 
INFO-FLOW: DBG:PUTS: read_platform_lib /home/cse/Documents/WorkSpaces/vaddWS/hasitha_optimization/hasitha_hls_component/mine/hls/.autopilot/db/global.setting.tcl
Execute     source /tools/Xilinx/2025.2/Vitis/common/technology/generic/autopilot/common.gen 
Execute       source /tools/Xilinx/2025.2/Vitis/common/technology/generic/autopilot/APCoreGen.gen 
Execute     source /tools/Xilinx/2025.2/Vitis/common/technology/generic/autopilot/op.gen 
Execute     source /tools/Xilinx/2025.2/Vitis/common/technology/generic/autopilot/op_simcore.gen 
Execute     source /tools/Xilinx/2025.2/Vitis/common/technology/generic/autopilot/interface.gen 
Execute     source /home/cse/Documents/WorkSpaces/vaddWS/hasitha_optimization/hasitha_hls_component/mine/hls/.autopilot/db/global.setting.tcl 
Execute     source /tools/Xilinx/2025.2/Vitis/common/technology/xilinx/common/xilinx.gen 
Execute       source /tools/Xilinx/2025.2/Vitis/common/technology/xilinx/interface/plb46.gen 
Execute       source /tools/Xilinx/2025.2/Vitis/common/technology/xilinx/interface/axi4.gen 
Execute       source /tools/Xilinx/2025.2/Vitis/common/technology/xilinx/interface/nativeAXI4.gen 
Execute         source /tools/Xilinx/2025.2/Vitis/common/technology/xilinx/interface/saxilite.gen 
Execute       source /tools/Xilinx/2025.2/Vitis/common/technology/xilinx/scripts/xilinxcoregen.gen 
Execute       source /tools/Xilinx/2025.2/Vitis/common/technology/xilinx/interface/XilEDKCoreGen.gen 
Execute       source /tools/Xilinx/2025.2/Vitis/common/technology/xilinx/ip/util.gen 
Execute       source /tools/Xilinx/2025.2/Vitis/common/technology/xilinx/ip/xfir.gen 
Execute       source /tools/Xilinx/2025.2/Vitis/common/technology/xilinx/ip/xfft.gen 
Execute       source /tools/Xilinx/2025.2/Vitis/common/technology/xilinx/ip/dds_compiler.gen 
Execute       source /tools/Xilinx/2025.2/Vitis/common/technology/xilinx/DSP48/dsp48.gen 
INFO-FLOW: DBG:PUTS:   using AESL_AUTOCG::g_clock_period=5.000 (was NA)
INFO-FLOW: DBG:PUTS:       initCTypeInfo top_module=mine xml_exists=0
Execute     source /home/cse/Documents/WorkSpaces/vaddWS/hasitha_optimization/hasitha_hls_component/mine/hls/.autopilot/db/mine.rtl_wrap.cfg.tcl 
Execute     source /home/cse/Documents/WorkSpaces/vaddWS/hasitha_optimization/hasitha_hls_component/mine/hls/.autopilot/db/mine.rtl_wrap.cfg.tcl 
Execute     source /home/cse/Documents/WorkSpaces/vaddWS/hasitha_optimization/hasitha_hls_component/mine/hls/.autopilot/db/mine.rtl_wrap.cfg.tcl 
Execute     source /home/cse/Documents/WorkSpaces/vaddWS/hasitha_optimization/hasitha_hls_component/mine/hls/.autopilot/db/mine.tbgen.tcl 
Execute     source /home/cse/Documents/WorkSpaces/vaddWS/hasitha_optimization/hasitha_hls_component/mine/hls/.autopilot/db/mine.tbgen.tcl 
Execute     source /home/cse/Documents/WorkSpaces/vaddWS/hasitha_optimization/hasitha_hls_component/mine/hls/.autopilot/db/mine.tbgen.tcl 
Execute     source /home/cse/Documents/WorkSpaces/vaddWS/hasitha_optimization/hasitha_hls_component/mine/hls/.autopilot/db/global.setting.tcl 
Execute     source /home/cse/Documents/WorkSpaces/vaddWS/hasitha_optimization/hasitha_hls_component/mine/hls/.autopilot/db/mine.tbgen.tcl 
Execute     source /home/cse/Documents/WorkSpaces/vaddWS/hasitha_optimization/hasitha_hls_component/mine/hls/.autopilot/db/cosimDB.tcl 
INFO-FLOW: DBG:PUTS:       cosim_export_main adding deadlock detection to mine
INFO-FLOW: DBG:PUTS:       generate_datafile_ip_script ip_types={vitis sysgen} #gSsdmPorts=0
INFO-FLOW: DBG:PUTS:       kernel.xml check internal_kernel_xml(1)=/home/cse/Documents/WorkSpaces/vaddWS/hasitha_optimization/hasitha_hls_component/mine/hls/.autopilot/db/kernel.internal.xml top=mine
INFO-FLOW: DBG:PUTS:       kernel.xml check proj_kernel_xml    (1)=/home/cse/Documents/WorkSpaces/vaddWS/hasitha_optimization/hasitha_hls_component/mine/hls/.autopilot/db/../../kernel.xml
INFO-FLOW: DBG:PUTS:       copy internal kernel.xml to project: /home/cse/Documents/WorkSpaces/vaddWS/hasitha_optimization/hasitha_hls_component/mine/hls/.autopilot/db/../../kernel.xml
INFO-FLOW: DBG:PUTS:       update_final_kernel_xml /home/cse/Documents/WorkSpaces/vaddWS/hasitha_optimization/hasitha_hls_component/mine/hls/.autopilot/db/../../kernel.xml
INFO-FLOW: DBG:PUTS: Updating /home/cse/Documents/WorkSpaces/vaddWS/hasitha_optimization/hasitha_hls_component/mine/hls/.autopilot/db/../../kernel.xml with values: interrupt true debug false compileOptions {} name mine vlnv xilinx.com:hls:mine:1.0 swReset false mailbox none countedAutoRestart 0 deadlockDetection local
INFO-FLOW: DBG:PUTS: Skipping loadAnalyze_DB, #g_database=9
INFO-FLOW: DBG:PUTS:       generate_json generate_bd_files=0 generate_xo_files=true #modelList=32 #gSsdmPorts=0
INFO-FLOW: DBG:PROC: ::AP::DESIGN_DATA::generate_json generate_bd_files='0' generate_xo_files='true' modelList='mine_flow_control_loop_pipe_sequential_init
mine_flow_control_loop_pipe_sequential_init
mine_flow_control_loop_pipe_sequential_init
mine_sparsemux_33_4_32_1_1
mine_flow_control_loop_pipe_sequential_init
mine_sparsemux_33_4_32_1_1_x
mine_sparsemux_33_4_32_1_1_x
mine_sparsemux_33_4_32_1_1_x
mine_sha256_compress_words_1_Pipeline_SHA256_ROUNDS_K_ROM_AUTO_1R
mine_flow_control_loop_pipe_sequential_init
mine_flow_control_loop_pipe_sequential_init
mine_flow_control_loop_pipe_sequential_init
mine_flow_control_loop_pipe_sequential_init
mine_hdr_RAM_AUTO_1R1W
mine_tgt_RAM_AUTO_1R1W
mine_h_RAM_AUTO_1R1W
mine_gmem0_m_axi
mine_gmem1_m_axi
mine_gmem2_m_axi
mine_control_s_axi
mine_Pipeline_VITIS_LOOP_448_1
mine_Pipeline_VITIS_LOOP_453_2
mine_Pipeline_BUILD_FIRST_BLOCK
sha256_compress_words_1_Pipeline_LOAD_INITIAL_WORDS
sha256_compress_words_1_Pipeline_SHA256_ROUNDS
sha256_compress_words_1
sha256_compress_words_Pipeline_LOAD_INITIAL_WORDS
sha256_compress_words_Pipeline_SHA256_ROUNDS
sha256_compress_words
sha256d_from_midstate
mine_Pipeline_COMPARE_HASH
mine
' rtl_lang='vlog' bootstrap_tcl='false' outdir='' outfilename=''
Execute     source /home/cse/Documents/WorkSpaces/vaddWS/hasitha_optimization/hasitha_hls_component/mine/hls/.autopilot/db/global.setting.tcl 
Execute     source /home/cse/Documents/WorkSpaces/vaddWS/hasitha_optimization/hasitha_hls_component/mine/hls/.autopilot/db/global.setting.tcl 
Execute     source /home/cse/Documents/WorkSpaces/vaddWS/hasitha_optimization/hasitha_hls_component/mine/hls/.autopilot/db/top-io-be.tcl 
Execute     source /home/cse/Documents/WorkSpaces/vaddWS/hasitha_optimization/hasitha_hls_component/mine/hls/.autopilot/db/mine.tbgen.tcl 
Execute     source /home/cse/Documents/WorkSpaces/vaddWS/hasitha_optimization/hasitha_hls_component/mine/hls/.autopilot/db/mine.compgen.dataonly.tcl 
Execute     source /home/cse/Documents/WorkSpaces/vaddWS/hasitha_optimization/hasitha_hls_component/mine/hls/.autopilot/db/mine.compgen.dataonly.tcl 
Execute     source /home/cse/Documents/WorkSpaces/vaddWS/hasitha_optimization/hasitha_hls_component/mine/hls/.autopilot/db/mine.rtl_wrap.cfg.tcl 
Execute     source /home/cse/Documents/WorkSpaces/vaddWS/hasitha_optimization/hasitha_hls_component/mine/hls/.autopilot/db/mine.compgen.dataonly.tcl 
Execute     source /home/cse/Documents/WorkSpaces/vaddWS/hasitha_optimization/hasitha_hls_component/mine/hls/.autopilot/db/mine_Pipeline_VITIS_LOOP_448_1.tbgen.tcl 
Execute     source /home/cse/Documents/WorkSpaces/vaddWS/hasitha_optimization/hasitha_hls_component/mine/hls/.autopilot/db/mine_Pipeline_VITIS_LOOP_453_2.tbgen.tcl 
Execute     source /home/cse/Documents/WorkSpaces/vaddWS/hasitha_optimization/hasitha_hls_component/mine/hls/.autopilot/db/mine_Pipeline_BUILD_FIRST_BLOCK.tbgen.tcl 
Execute     source /home/cse/Documents/WorkSpaces/vaddWS/hasitha_optimization/hasitha_hls_component/mine/hls/.autopilot/db/sha256_compress_words_1_Pipeline_LOAD_INITIAL_WORDS.tbgen.tcl 
Execute     source /home/cse/Documents/WorkSpaces/vaddWS/hasitha_optimization/hasitha_hls_component/mine/hls/.autopilot/db/sha256_compress_words_1_Pipeline_SHA256_ROUNDS.tbgen.tcl 
Execute     source /home/cse/Documents/WorkSpaces/vaddWS/hasitha_optimization/hasitha_hls_component/mine/hls/.autopilot/db/sha256_compress_words_1.tbgen.tcl 
Execute     source /home/cse/Documents/WorkSpaces/vaddWS/hasitha_optimization/hasitha_hls_component/mine/hls/.autopilot/db/sha256_compress_words_Pipeline_LOAD_INITIAL_WORDS.tbgen.tcl 
Execute     source /home/cse/Documents/WorkSpaces/vaddWS/hasitha_optimization/hasitha_hls_component/mine/hls/.autopilot/db/sha256_compress_words_Pipeline_SHA256_ROUNDS.tbgen.tcl 
Execute     source /home/cse/Documents/WorkSpaces/vaddWS/hasitha_optimization/hasitha_hls_component/mine/hls/.autopilot/db/sha256_compress_words.tbgen.tcl 
Execute     source /home/cse/Documents/WorkSpaces/vaddWS/hasitha_optimization/hasitha_hls_component/mine/hls/.autopilot/db/sha256d_from_midstate.tbgen.tcl 
Execute     source /home/cse/Documents/WorkSpaces/vaddWS/hasitha_optimization/hasitha_hls_component/mine/hls/.autopilot/db/mine_Pipeline_COMPARE_HASH.tbgen.tcl 
Execute     source /home/cse/Documents/WorkSpaces/vaddWS/hasitha_optimization/hasitha_hls_component/mine/hls/.autopilot/db/mine.tbgen.tcl 
Execute     source /home/cse/Documents/WorkSpaces/vaddWS/hasitha_optimization/hasitha_hls_component/mine/hls/.autopilot/db/global.setting.tcl 
Execute     ap_part_info -name xck26-sfvc784-2LV-c -data names -quiet 
Execute     ap_part_info -name xck26-sfvc784-2LV-c -data info -quiet 
Execute     source /home/cse/Documents/WorkSpaces/vaddWS/hasitha_optimization/hasitha_hls_component/mine/hls/.autopilot/db/mine.constraint.tcl 
Execute     sc_get_clocks mine 
Execute     source /home/cse/Documents/WorkSpaces/vaddWS/hasitha_optimization/hasitha_hls_component/mine/hls/.autopilot/db/global.setting.tcl 
Execute     source /tools/Xilinx/2025.2/Vitis/tps/tcl/tcllib2.0/fileutil/fileutil.tcl 
Execute       source /tools/Xilinx/2025.2/Vitis/tps/tcl/tcllib2.0/cmdline/cmdline.tcl 
INFO-FLOW: DBG:PUTS:       generate_syn_sh
Execute     ap_part_info -name xck26-sfvc784-2LV-c -data names -quiet 
Execute     ap_part_info -name xck26-sfvc784-2LV-c -data info -quiet 
Execute     source /home/cse/Documents/WorkSpaces/vaddWS/hasitha_optimization/hasitha_hls_component/mine/hls/.autopilot/db/global.setting.tcl 
INFO-FLOW: DBG:PUTS:       generate_imp_constraints
Execute     ap_part_info -name xck26-sfvc784-2LV-c -data names -quiet 
Execute     ap_part_info -name xck26-sfvc784-2LV-c -data info -quiet 
Execute     source /home/cse/Documents/WorkSpaces/vaddWS/hasitha_optimization/hasitha_hls_component/mine/hls/.autopilot/db/mine.constraint.tcl 
Execute     source /home/cse/Documents/WorkSpaces/vaddWS/hasitha_optimization/hasitha_hls_component/mine/hls/.autopilot/db/mine.tbgen.tcl 
INFO-FLOW: DBG:PUTS:       delete-temp-dirs pwd=/home/cse/Documents/WorkSpaces/vaddWS/hasitha_optimization/hasitha_hls_component/mine/hls
Execute     ap_part_info -name xck26-sfvc784-2LV-c -data names -quiet 
Execute     ap_part_info -name xck26-sfvc784-2LV-c -data info -quiet 
INFO-FLOW: DBG:PUTS: read_platform_lib /home/cse/Documents/WorkSpaces/vaddWS/hasitha_optimization/hasitha_hls_component/mine/hls/.autopilot/db/global.setting.tcl
Execute     source /tools/Xilinx/2025.2/Vitis/common/technology/generic/autopilot/common.gen 
Execute       source /tools/Xilinx/2025.2/Vitis/common/technology/generic/autopilot/APCoreGen.gen 
Execute     source /tools/Xilinx/2025.2/Vitis/common/technology/generic/autopilot/op.gen 
Execute     source /tools/Xilinx/2025.2/Vitis/common/technology/generic/autopilot/op_simcore.gen 
Execute     source /tools/Xilinx/2025.2/Vitis/common/technology/generic/autopilot/interface.gen 
Execute     source /home/cse/Documents/WorkSpaces/vaddWS/hasitha_optimization/hasitha_hls_component/mine/hls/.autopilot/db/global.setting.tcl 
Execute     source /tools/Xilinx/2025.2/Vitis/common/technology/xilinx/common/xilinx.gen 
Execute       source /tools/Xilinx/2025.2/Vitis/common/technology/xilinx/interface/plb46.gen 
Execute       source /tools/Xilinx/2025.2/Vitis/common/technology/xilinx/interface/axi4.gen 
Execute       source /tools/Xilinx/2025.2/Vitis/common/technology/xilinx/interface/nativeAXI4.gen 
Execute         source /tools/Xilinx/2025.2/Vitis/common/technology/xilinx/interface/saxilite.gen 
Execute       source /tools/Xilinx/2025.2/Vitis/common/technology/xilinx/scripts/xilinxcoregen.gen 
Execute       source /tools/Xilinx/2025.2/Vitis/common/technology/xilinx/interface/XilEDKCoreGen.gen 
Execute       source /tools/Xilinx/2025.2/Vitis/common/technology/xilinx/ip/util.gen 
Execute       source /tools/Xilinx/2025.2/Vitis/common/technology/xilinx/ip/xfir.gen 
Execute       source /tools/Xilinx/2025.2/Vitis/common/technology/xilinx/ip/xfft.gen 
Execute       source /tools/Xilinx/2025.2/Vitis/common/technology/xilinx/ip/dds_compiler.gen 
Execute       source /tools/Xilinx/2025.2/Vitis/common/technology/xilinx/DSP48/dsp48.gen 
INFO-FLOW: DBG:PUTS:     IP package: exec /home/cse/Documents/WorkSpaces/vaddWS/hasitha_optimization/hasitha_hls_component/mine/hls/impl/ip/pack.sh
INFO-FLOW: DBG:PUTS:     IP package: success /home/cse/Documents/WorkSpaces/vaddWS/hasitha_optimization/hasitha_hls_component/mine/hls/impl/ip/pack.sh
Execute     send_msg_by_id INFO @200-802@%s mine/mine.xo 
INFO: [HLS 200-802] Generated output file mine/mine.xo
Command   export_design done; 6.05 sec.
Execute   close_project 
Execute     close_solution 
Execute       cleanup_all 
Execute       cleanup_all 
