

================================================================
== Vitis HLS Report for 'mine'
================================================================
* Date:           Mon Aug  3 02:10:00 2026

* Version:        2025.2 (Build 6295257 on Nov 14 2025)
* Project:        mine
* Solution:       hls (Vitis Kernel Flow Target)
* Product family: zynquplus
* Target device:  xck26-sfvc784-2LV-c


================================================================
== Performance Estimates
================================================================
+ Timing: 
    * Summary: 
    +--------+---------+----------+------------+
    |  Clock |  Target | Estimated| Uncertainty|
    +--------+---------+----------+------------+
    |ap_clk  |  5.00 ns|  3.650 ns|     1.35 ns|
    +--------+---------+----------+------------+

+ Latency: 
    * Summary: 
    +---------+---------+----------+----------+-----+-----+---------+
    |  Latency (cycles) |  Latency (absolute) |  Interval | Pipeline|
    |   min   |   max   |    min   |    max   | min | max |   Type  |
    +---------+---------+----------+----------+-----+-----+---------+
    |        ?|        ?|         ?|         ?|    ?|    ?|       no|
    +---------+---------+----------+----------+-----+-----+---------+

    + Detail: 
        * Instance: 
        +--------------------------------------------+---------------------------------+---------+---------+-----------+-----------+-----+-----+-------------------+
        |                                            |                                 |  Latency (cycles) |   Latency (absolute)  |  Interval |      Pipeline     |
        |                  Instance                  |              Module             |   min   |   max   |    min    |    max    | min | max |        Type       |
        +--------------------------------------------+---------------------------------+---------+---------+-----------+-----------+-----+-----+-------------------+
        |grp_mine_Pipeline_VITIS_LOOP_448_1_fu_341   |mine_Pipeline_VITIS_LOOP_448_1   |       23|       23|   0.115 us|   0.115 us|    0|    0|  loop pipeline stp|
        |grp_mine_Pipeline_VITIS_LOOP_453_2_fu_349   |mine_Pipeline_VITIS_LOOP_453_2   |       10|       10|  50.000 ns|  50.000 ns|    0|    0|  loop pipeline stp|
        |grp_mine_Pipeline_BUILD_FIRST_BLOCK_fu_355  |mine_Pipeline_BUILD_FIRST_BLOCK  |       18|       18|  90.000 ns|  90.000 ns|    0|    0|  loop pipeline stp|
        |grp_sha256_compress_words_1_fu_376          |sha256_compress_words_1          |       89|       89|   0.445 us|   0.445 us|   89|   89|                 no|
        |grp_sha256d_from_midstate_fu_398            |sha256d_from_midstate            |      199|      199|   0.995 us|   0.995 us|  199|  199|                 no|
        |grp_mine_Pipeline_COMPARE_HASH_fu_414       |mine_Pipeline_COMPARE_HASH       |        3|       67|  15.000 ns|   0.335 us|    0|    0|  loop pipeline stp|
        +--------------------------------------------+---------------------------------+---------+---------+-----------+-----------+-----+-----+-------------------+

        * Loop: 
        +--------------------+---------+---------+-----------+-----------+-----------+------+----------+
        |                    |  Latency (cycles) | Iteration |  Initiation Interval  | Trip |          |
        |      Loop Name     |   min   |   max   |  Latency  |  achieved |   target  | Count| Pipelined|
        +--------------------+---------+---------+-----------+-----------+-----------+------+----------+
        |- VITIS_LOOP_468_3  |        ?|        ?|  208 ~ 272|          -|          -|     ?|        no|
        +--------------------+---------+---------+-----------+-----------+-----------+------+----------+



================================================================
== Utilization Estimates
================================================================
* Summary: 
+-----------------+---------+------+--------+--------+-----+
|       Name      | BRAM_18K|  DSP |   FF   |   LUT  | URAM|
+-----------------+---------+------+--------+--------+-----+
|DSP              |        -|     -|       -|       -|    -|
|Expression       |        -|     -|       0|     240|    -|
|FIFO             |        -|     -|       -|       -|    -|
|Instance         |       25|     -|    7331|    8252|    0|
|Memory           |        0|     -|     112|      18|    0|
|Multiplexer      |        -|     -|       0|    1169|    -|
|Register         |        -|     -|    1278|       -|    -|
+-----------------+---------+------+--------+--------+-----+
|Total            |       25|     0|    8721|    9679|    0|
+-----------------+---------+------+--------+--------+-----+
|Available        |      288|  1248|  234240|  117120|   64|
+-----------------+---------+------+--------+--------+-----+
|Utilization (%)  |        8|     0|       3|       8|    0|
+-----------------+---------+------+--------+--------+-----+

+ Detail: 
    * Instance: 
    +--------------------------------------------+---------------------------------+---------+----+------+------+-----+
    |                  Instance                  |              Module             | BRAM_18K| DSP|  FF  |  LUT | URAM|
    +--------------------------------------------+---------------------------------+---------+----+------+------+-----+
    |control_s_axi_U                             |control_s_axi                    |        0|   0|   392|   680|    0|
    |gmem0_m_axi_U                               |gmem0_m_axi                      |        8|   0|   772|   844|    0|
    |gmem1_m_axi_U                               |gmem1_m_axi                      |       15|   0|  1040|  1109|    0|
    |gmem2_m_axi_U                               |gmem2_m_axi                      |        0|   0|   611|   666|    0|
    |grp_mine_Pipeline_BUILD_FIRST_BLOCK_fu_355  |mine_Pipeline_BUILD_FIRST_BLOCK  |        0|   0|   524|    63|    0|
    |grp_mine_Pipeline_COMPARE_HASH_fu_414       |mine_Pipeline_COMPARE_HASH       |        0|   0|    20|   199|    0|
    |grp_mine_Pipeline_VITIS_LOOP_448_1_fu_341   |mine_Pipeline_VITIS_LOOP_448_1   |        0|   0|   248|   109|    0|
    |grp_mine_Pipeline_VITIS_LOOP_453_2_fu_349   |mine_Pipeline_VITIS_LOOP_453_2   |        0|   0|   263|    62|    0|
    |grp_sha256_compress_words_1_fu_376          |sha256_compress_words_1          |        1|   0|  1371|  1905|    0|
    |grp_sha256d_from_midstate_fu_398            |sha256d_from_midstate            |        1|   0|  2090|  2615|    0|
    +--------------------------------------------+---------------------------------+---------+----+------+------+-----+
    |Total                                       |                                 |       25|   0|  7331|  8252|    0|
    +--------------------------------------------+---------------------------------+---------+----+------+------+-----+

    * DSP: 
    N/A

    * Memory: 
    +-------+-------------------+---------+----+----+-----+------+-----+------+-------------+
    | Memory|       Module      | BRAM_18K| FF | LUT| URAM| Words| Bits| Banks| W*Bits*Banks|
    +-------+-------------------+---------+----+----+-----+------+-----+------+-------------+
    |h_U    |h_RAM_AUTO_1R1W    |        0|  16|   4|    0|    32|    8|     1|          256|
    |hdr_U  |hdr_RAM_AUTO_1R1W  |        0|  64|  10|    0|    20|   32|     1|          640|
    |tgt_U  |tgt_RAM_AUTO_1R1W  |        0|  32|   4|    0|     8|   32|     1|          256|
    +-------+-------------------+---------+----+----+-----+------+-----+------+-------------+
    |Total  |                   |        0| 112|  18|    0|    60|   72|     3|         1152|
    +-------+-------------------+---------+----+----+-----+------+-----+------+-------------+

    * FIFO: 
    N/A

    * Expression: 
    +-------------------------------------+----------+----+---+----+------------+------------+
    |            Variable Name            | Operation| DSP| FF| LUT| Bitwidth P0| Bitwidth P1|
    +-------------------------------------+----------+----+---+----+------------+------------+
    |k_3_fu_588_p2                        |         +|   0|  0|  39|          32|           1|
    |n_fu_582_p2                          |         +|   0|  0|  39|          32|          32|
    |ap_block_state85_io                  |       and|   0|  0|   2|           1|           1|
    |or_cond_fu_638_p2                    |       and|   0|  0|   2|           1|           1|
    |spec_select_fu_611_p2                |       and|   0|  0|   2|           1|           1|
    |icmp_ln468_1_fu_594_p2               |      icmp|   0|  0|  39|          32|          32|
    |icmp_ln468_fu_558_p2                 |      icmp|   0|  0|  39|          32|           1|
    |ap_block_state1                      |        or|   0|  0|   2|           1|           1|
    |ap_block_state2_io                   |        or|   0|  0|   2|           1|           1|
    |ap_block_state75_on_subcall_done     |        or|   0|  0|   2|           1|           1|
    |ap_block_state86_io                  |        or|   0|  0|   2|           1|           1|
    |ap_predicate_op424_writereq_state85  |        or|   0|  0|   2|           1|           1|
    |hdr_we0                              |        or|   0|  0|   2|           1|           1|
    |result_found_4_fu_617_p3             |    select|   0|  0|  32|           1|           1|
    |result_nonce_5_fu_625_p3             |    select|   0|  0|  32|           1|          32|
    |xor_ln481_fu_632_p2                  |       xor|   0|  0|   2|           1|           2|
    +-------------------------------------+----------+----+---+----+------------+------------+
    |Total                                |          |   0|  0| 240|         140|         110|
    +-------------------------------------+----------+----+---+----+------------+------------+

    * Multiplexer: 
    +------------------------+-----+-----------+-----+-----------+
    |          Name          | LUT | Input Size| Bits| Total Bits|
    +------------------------+-----+-----------+-----+-----------+
    |ap_NS_fsm               |  823|        156|    1|        156|
    |ap_done                 |    9|          2|    1|          2|
    |gmem0_0_ARADDR          |   14|          3|   64|        192|
    |gmem0_0_ARLEN           |   14|          3|   32|         96|
    |gmem0_0_ARVALID         |   14|          3|    1|          3|
    |gmem0_0_RREADY          |    9|          2|    1|          2|
    |gmem0_blk_n_AR          |    9|          2|    1|          2|
    |gmem1_blk_n_AR          |    9|          2|    1|          2|
    |gmem1_blk_n_R           |    9|          2|    1|          2|
    |gmem2_0_AWADDR          |   14|          3|   64|        192|
    |gmem2_0_WDATA           |   14|          3|   32|         96|
    |gmem2_blk_n_AW          |    9|          2|    1|          2|
    |gmem2_blk_n_B           |    9|          2|    1|          2|
    |gmem2_blk_n_W           |    9|          2|    1|          2|
    |h_address0              |   14|          3|    5|         15|
    |h_ce0                   |   14|          3|    1|          3|
    |h_ce1                   |    9|          2|    1|          2|
    |h_we0                   |    9|          2|    1|          2|
    |h_we1                   |    9|          2|    1|          2|
    |hdr_address0            |   20|          4|    5|         20|
    |hdr_ce0                 |   20|          4|    1|          4|
    |hdr_ce1                 |    9|          2|    1|          2|
    |hdr_d0                  |    9|          2|   32|         64|
    |hdr_we0                 |    9|          2|    1|          2|
    |k_fu_226                |    9|          2|   32|         64|
    |result_found_2_reg_317  |    9|          2|   32|         64|
    |result_found_fu_218     |    9|          2|   32|         64|
    |result_nonce_2_reg_329  |    9|          2|   32|         64|
    |result_nonce_fu_222     |    9|          2|   32|         64|
    |tgt_address0            |   14|          3|    3|          9|
    |tgt_ce0                 |   14|          3|    1|          3|
    |tgt_we0                 |    9|          2|    1|          2|
    +------------------------+-----+-----------+-----+-----------+
    |Total                   | 1169|        231|  416|       1201|
    +------------------------+-----+-----------+-----+-----------+

    * Register: 
    +---------------------------------------------------------+-----+----+-----+-----------+
    |                           Name                          |  FF | LUT| Bits| Const Bits|
    +---------------------------------------------------------+-----+----+-----+-----------+
    |ap_CS_fsm                                                |  155|   0|  155|          0|
    |ap_done_reg                                              |    1|   0|    1|          0|
    |ap_rst_n_inv                                             |    1|   0|    1|          0|
    |ap_rst_reg_1                                             |    1|   0|    1|          0|
    |ap_rst_reg_2                                             |    1|   0|    1|          0|
    |found_nonce_read_reg_701                                 |   64|   0|   64|          0|
    |found_read_reg_696                                       |   64|   0|   64|          0|
    |gmem1_addr_read_reg_836                                  |  256|   0|  256|          0|
    |gmem2_addr_1_reg_1003                                    |   64|   0|   64|          0|
    |grp_mine_Pipeline_BUILD_FIRST_BLOCK_fu_355_ap_start_reg  |    1|   0|    1|          0|
    |grp_mine_Pipeline_COMPARE_HASH_fu_414_ap_start_reg       |    1|   0|    1|          0|
    |grp_mine_Pipeline_VITIS_LOOP_448_1_fu_341_ap_start_reg   |    1|   0|    1|          0|
    |grp_mine_Pipeline_VITIS_LOOP_453_2_fu_349_ap_start_reg   |    1|   0|    1|          0|
    |grp_sha256_compress_words_1_fu_376_ap_start_reg          |    1|   0|    1|          0|
    |grp_sha256d_from_midstate_fu_398_ap_start_reg            |    1|   0|    1|          0|
    |icmp_ln468_1_reg_979                                     |    1|   0|    1|          0|
    |icmp_ln468_reg_944                                       |    1|   0|    1|          0|
    |k_3_reg_974                                              |   32|   0|   32|          0|
    |k_fu_226                                                 |   32|   0|   32|          0|
    |midstate_1_reg_904                                       |   32|   0|   32|          0|
    |midstate_2_reg_909                                       |   32|   0|   32|          0|
    |midstate_3_reg_914                                       |   32|   0|   32|          0|
    |midstate_4_reg_919                                       |   32|   0|   32|          0|
    |midstate_5_reg_924                                       |   32|   0|   32|          0|
    |midstate_6_reg_929                                       |   32|   0|   32|          0|
    |midstate_7_reg_934                                       |   32|   0|   32|          0|
    |midstate_reg_899                                         |   32|   0|   32|          0|
    |n_reg_969                                                |   32|   0|   32|          0|
    |nonce_count_read_reg_889                                 |   32|   0|   32|          0|
    |nonce_start_read_reg_894                                 |   32|   0|   32|          0|
    |result_found_2_reg_317                                   |   32|   0|   32|          0|
    |result_found_fu_218                                      |   32|   0|   32|          0|
    |result_nonce_2_reg_329                                   |   32|   0|   32|          0|
    |result_nonce_fu_222                                      |   32|   0|   32|          0|
    |trunc_ln7_reg_820                                        |   59|   0|   59|          0|
    |trunc_ln_reg_814                                         |   60|   0|   60|          0|
    +---------------------------------------------------------+-----+----+-----+-----------+
    |Total                                                    | 1278|   0| 1278|          0|
    +---------------------------------------------------------+-----+----+-----+-----------+



================================================================
== Interface
================================================================
* Summary: 
+-----------------------+-----+-----+---------------+--------------+--------------+
|       RTL Ports       | Dir | Bits|    Protocol   | Source Object|    C Type    |
+-----------------------+-----+-----+---------------+--------------+--------------+
|s_axi_control_AWVALID  |   in|    1|          s_axi|       control|        scalar|
|s_axi_control_AWREADY  |  out|    1|          s_axi|       control|        scalar|
|s_axi_control_AWADDR   |   in|    7|          s_axi|       control|        scalar|
|s_axi_control_WVALID   |   in|    1|          s_axi|       control|        scalar|
|s_axi_control_WREADY   |  out|    1|          s_axi|       control|        scalar|
|s_axi_control_WDATA    |   in|   32|          s_axi|       control|        scalar|
|s_axi_control_WSTRB    |   in|    4|          s_axi|       control|        scalar|
|s_axi_control_ARVALID  |   in|    1|          s_axi|       control|        scalar|
|s_axi_control_ARREADY  |  out|    1|          s_axi|       control|        scalar|
|s_axi_control_ARADDR   |   in|    7|          s_axi|       control|        scalar|
|s_axi_control_RVALID   |  out|    1|          s_axi|       control|        scalar|
|s_axi_control_RREADY   |   in|    1|          s_axi|       control|        scalar|
|s_axi_control_RDATA    |  out|   32|          s_axi|       control|        scalar|
|s_axi_control_RRESP    |  out|    2|          s_axi|       control|        scalar|
|s_axi_control_BVALID   |  out|    1|          s_axi|       control|        scalar|
|s_axi_control_BREADY   |   in|    1|          s_axi|       control|        scalar|
|s_axi_control_BRESP    |  out|    2|          s_axi|       control|        scalar|
|ap_clk                 |   in|    1|  ap_ctrl_chain|          mine|  return value|
|ap_rst_n               |   in|    1|  ap_ctrl_chain|          mine|  return value|
|interrupt              |  out|    1|  ap_ctrl_chain|          mine|  return value|
|m_axi_gmem0_AWVALID    |  out|    1|          m_axi|         gmem0|       pointer|
|m_axi_gmem0_AWREADY    |   in|    1|          m_axi|         gmem0|       pointer|
|m_axi_gmem0_AWADDR     |  out|   64|          m_axi|         gmem0|       pointer|
|m_axi_gmem0_AWID       |  out|    1|          m_axi|         gmem0|       pointer|
|m_axi_gmem0_AWLEN      |  out|    8|          m_axi|         gmem0|       pointer|
|m_axi_gmem0_AWSIZE     |  out|    3|          m_axi|         gmem0|       pointer|
|m_axi_gmem0_AWBURST    |  out|    2|          m_axi|         gmem0|       pointer|
|m_axi_gmem0_AWLOCK     |  out|    2|          m_axi|         gmem0|       pointer|
|m_axi_gmem0_AWCACHE    |  out|    4|          m_axi|         gmem0|       pointer|
|m_axi_gmem0_AWPROT     |  out|    3|          m_axi|         gmem0|       pointer|
|m_axi_gmem0_AWQOS      |  out|    4|          m_axi|         gmem0|       pointer|
|m_axi_gmem0_AWREGION   |  out|    4|          m_axi|         gmem0|       pointer|
|m_axi_gmem0_AWUSER     |  out|    1|          m_axi|         gmem0|       pointer|
|m_axi_gmem0_WVALID     |  out|    1|          m_axi|         gmem0|       pointer|
|m_axi_gmem0_WREADY     |   in|    1|          m_axi|         gmem0|       pointer|
|m_axi_gmem0_WDATA      |  out|  128|          m_axi|         gmem0|       pointer|
|m_axi_gmem0_WSTRB      |  out|   16|          m_axi|         gmem0|       pointer|
|m_axi_gmem0_WLAST      |  out|    1|          m_axi|         gmem0|       pointer|
|m_axi_gmem0_WID        |  out|    1|          m_axi|         gmem0|       pointer|
|m_axi_gmem0_WUSER      |  out|    1|          m_axi|         gmem0|       pointer|
|m_axi_gmem0_ARVALID    |  out|    1|          m_axi|         gmem0|       pointer|
|m_axi_gmem0_ARREADY    |   in|    1|          m_axi|         gmem0|       pointer|
|m_axi_gmem0_ARADDR     |  out|   64|          m_axi|         gmem0|       pointer|
|m_axi_gmem0_ARID       |  out|    1|          m_axi|         gmem0|       pointer|
|m_axi_gmem0_ARLEN      |  out|    8|          m_axi|         gmem0|       pointer|
|m_axi_gmem0_ARSIZE     |  out|    3|          m_axi|         gmem0|       pointer|
|m_axi_gmem0_ARBURST    |  out|    2|          m_axi|         gmem0|       pointer|
|m_axi_gmem0_ARLOCK     |  out|    2|          m_axi|         gmem0|       pointer|
|m_axi_gmem0_ARCACHE    |  out|    4|          m_axi|         gmem0|       pointer|
|m_axi_gmem0_ARPROT     |  out|    3|          m_axi|         gmem0|       pointer|
|m_axi_gmem0_ARQOS      |  out|    4|          m_axi|         gmem0|       pointer|
|m_axi_gmem0_ARREGION   |  out|    4|          m_axi|         gmem0|       pointer|
|m_axi_gmem0_ARUSER     |  out|    1|          m_axi|         gmem0|       pointer|
|m_axi_gmem0_RVALID     |   in|    1|          m_axi|         gmem0|       pointer|
|m_axi_gmem0_RREADY     |  out|    1|          m_axi|         gmem0|       pointer|
|m_axi_gmem0_RDATA      |   in|  128|          m_axi|         gmem0|       pointer|
|m_axi_gmem0_RLAST      |   in|    1|          m_axi|         gmem0|       pointer|
|m_axi_gmem0_RID        |   in|    1|          m_axi|         gmem0|       pointer|
|m_axi_gmem0_RUSER      |   in|    1|          m_axi|         gmem0|       pointer|
|m_axi_gmem0_RRESP      |   in|    2|          m_axi|         gmem0|       pointer|
|m_axi_gmem0_BVALID     |   in|    1|          m_axi|         gmem0|       pointer|
|m_axi_gmem0_BREADY     |  out|    1|          m_axi|         gmem0|       pointer|
|m_axi_gmem0_BRESP      |   in|    2|          m_axi|         gmem0|       pointer|
|m_axi_gmem0_BID        |   in|    1|          m_axi|         gmem0|       pointer|
|m_axi_gmem0_BUSER      |   in|    1|          m_axi|         gmem0|       pointer|
|m_axi_gmem1_AWVALID    |  out|    1|          m_axi|         gmem1|       pointer|
|m_axi_gmem1_AWREADY    |   in|    1|          m_axi|         gmem1|       pointer|
|m_axi_gmem1_AWADDR     |  out|   64|          m_axi|         gmem1|       pointer|
|m_axi_gmem1_AWID       |  out|    1|          m_axi|         gmem1|       pointer|
|m_axi_gmem1_AWLEN      |  out|    8|          m_axi|         gmem1|       pointer|
|m_axi_gmem1_AWSIZE     |  out|    3|          m_axi|         gmem1|       pointer|
|m_axi_gmem1_AWBURST    |  out|    2|          m_axi|         gmem1|       pointer|
|m_axi_gmem1_AWLOCK     |  out|    2|          m_axi|         gmem1|       pointer|
|m_axi_gmem1_AWCACHE    |  out|    4|          m_axi|         gmem1|       pointer|
|m_axi_gmem1_AWPROT     |  out|    3|          m_axi|         gmem1|       pointer|
|m_axi_gmem1_AWQOS      |  out|    4|          m_axi|         gmem1|       pointer|
|m_axi_gmem1_AWREGION   |  out|    4|          m_axi|         gmem1|       pointer|
|m_axi_gmem1_AWUSER     |  out|    1|          m_axi|         gmem1|       pointer|
|m_axi_gmem1_WVALID     |  out|    1|          m_axi|         gmem1|       pointer|
|m_axi_gmem1_WREADY     |   in|    1|          m_axi|         gmem1|       pointer|
|m_axi_gmem1_WDATA      |  out|  256|          m_axi|         gmem1|       pointer|
|m_axi_gmem1_WSTRB      |  out|   32|          m_axi|         gmem1|       pointer|
|m_axi_gmem1_WLAST      |  out|    1|          m_axi|         gmem1|       pointer|
|m_axi_gmem1_WID        |  out|    1|          m_axi|         gmem1|       pointer|
|m_axi_gmem1_WUSER      |  out|    1|          m_axi|         gmem1|       pointer|
|m_axi_gmem1_ARVALID    |  out|    1|          m_axi|         gmem1|       pointer|
|m_axi_gmem1_ARREADY    |   in|    1|          m_axi|         gmem1|       pointer|
|m_axi_gmem1_ARADDR     |  out|   64|          m_axi|         gmem1|       pointer|
|m_axi_gmem1_ARID       |  out|    1|          m_axi|         gmem1|       pointer|
|m_axi_gmem1_ARLEN      |  out|    8|          m_axi|         gmem1|       pointer|
|m_axi_gmem1_ARSIZE     |  out|    3|          m_axi|         gmem1|       pointer|
|m_axi_gmem1_ARBURST    |  out|    2|          m_axi|         gmem1|       pointer|
|m_axi_gmem1_ARLOCK     |  out|    2|          m_axi|         gmem1|       pointer|
|m_axi_gmem1_ARCACHE    |  out|    4|          m_axi|         gmem1|       pointer|
|m_axi_gmem1_ARPROT     |  out|    3|          m_axi|         gmem1|       pointer|
|m_axi_gmem1_ARQOS      |  out|    4|          m_axi|         gmem1|       pointer|
|m_axi_gmem1_ARREGION   |  out|    4|          m_axi|         gmem1|       pointer|
|m_axi_gmem1_ARUSER     |  out|    1|          m_axi|         gmem1|       pointer|
|m_axi_gmem1_RVALID     |   in|    1|          m_axi|         gmem1|       pointer|
|m_axi_gmem1_RREADY     |  out|    1|          m_axi|         gmem1|       pointer|
|m_axi_gmem1_RDATA      |   in|  256|          m_axi|         gmem1|       pointer|
|m_axi_gmem1_RLAST      |   in|    1|          m_axi|         gmem1|       pointer|
|m_axi_gmem1_RID        |   in|    1|          m_axi|         gmem1|       pointer|
|m_axi_gmem1_RUSER      |   in|    1|          m_axi|         gmem1|       pointer|
|m_axi_gmem1_RRESP      |   in|    2|          m_axi|         gmem1|       pointer|
|m_axi_gmem1_BVALID     |   in|    1|          m_axi|         gmem1|       pointer|
|m_axi_gmem1_BREADY     |  out|    1|          m_axi|         gmem1|       pointer|
|m_axi_gmem1_BRESP      |   in|    2|          m_axi|         gmem1|       pointer|
|m_axi_gmem1_BID        |   in|    1|          m_axi|         gmem1|       pointer|
|m_axi_gmem1_BUSER      |   in|    1|          m_axi|         gmem1|       pointer|
|m_axi_gmem2_AWVALID    |  out|    1|          m_axi|         gmem2|       pointer|
|m_axi_gmem2_AWREADY    |   in|    1|          m_axi|         gmem2|       pointer|
|m_axi_gmem2_AWADDR     |  out|   64|          m_axi|         gmem2|       pointer|
|m_axi_gmem2_AWID       |  out|    1|          m_axi|         gmem2|       pointer|
|m_axi_gmem2_AWLEN      |  out|    8|          m_axi|         gmem2|       pointer|
|m_axi_gmem2_AWSIZE     |  out|    3|          m_axi|         gmem2|       pointer|
|m_axi_gmem2_AWBURST    |  out|    2|          m_axi|         gmem2|       pointer|
|m_axi_gmem2_AWLOCK     |  out|    2|          m_axi|         gmem2|       pointer|
|m_axi_gmem2_AWCACHE    |  out|    4|          m_axi|         gmem2|       pointer|
|m_axi_gmem2_AWPROT     |  out|    3|          m_axi|         gmem2|       pointer|
|m_axi_gmem2_AWQOS      |  out|    4|          m_axi|         gmem2|       pointer|
|m_axi_gmem2_AWREGION   |  out|    4|          m_axi|         gmem2|       pointer|
|m_axi_gmem2_AWUSER     |  out|    1|          m_axi|         gmem2|       pointer|
|m_axi_gmem2_WVALID     |  out|    1|          m_axi|         gmem2|       pointer|
|m_axi_gmem2_WREADY     |   in|    1|          m_axi|         gmem2|       pointer|
|m_axi_gmem2_WDATA      |  out|   32|          m_axi|         gmem2|       pointer|
|m_axi_gmem2_WSTRB      |  out|    4|          m_axi|         gmem2|       pointer|
|m_axi_gmem2_WLAST      |  out|    1|          m_axi|         gmem2|       pointer|
|m_axi_gmem2_WID        |  out|    1|          m_axi|         gmem2|       pointer|
|m_axi_gmem2_WUSER      |  out|    1|          m_axi|         gmem2|       pointer|
|m_axi_gmem2_ARVALID    |  out|    1|          m_axi|         gmem2|       pointer|
|m_axi_gmem2_ARREADY    |   in|    1|          m_axi|         gmem2|       pointer|
|m_axi_gmem2_ARADDR     |  out|   64|          m_axi|         gmem2|       pointer|
|m_axi_gmem2_ARID       |  out|    1|          m_axi|         gmem2|       pointer|
|m_axi_gmem2_ARLEN      |  out|    8|          m_axi|         gmem2|       pointer|
|m_axi_gmem2_ARSIZE     |  out|    3|          m_axi|         gmem2|       pointer|
|m_axi_gmem2_ARBURST    |  out|    2|          m_axi|         gmem2|       pointer|
|m_axi_gmem2_ARLOCK     |  out|    2|          m_axi|         gmem2|       pointer|
|m_axi_gmem2_ARCACHE    |  out|    4|          m_axi|         gmem2|       pointer|
|m_axi_gmem2_ARPROT     |  out|    3|          m_axi|         gmem2|       pointer|
|m_axi_gmem2_ARQOS      |  out|    4|          m_axi|         gmem2|       pointer|
|m_axi_gmem2_ARREGION   |  out|    4|          m_axi|         gmem2|       pointer|
|m_axi_gmem2_ARUSER     |  out|    1|          m_axi|         gmem2|       pointer|
|m_axi_gmem2_RVALID     |   in|    1|          m_axi|         gmem2|       pointer|
|m_axi_gmem2_RREADY     |  out|    1|          m_axi|         gmem2|       pointer|
|m_axi_gmem2_RDATA      |   in|   32|          m_axi|         gmem2|       pointer|
|m_axi_gmem2_RLAST      |   in|    1|          m_axi|         gmem2|       pointer|
|m_axi_gmem2_RID        |   in|    1|          m_axi|         gmem2|       pointer|
|m_axi_gmem2_RUSER      |   in|    1|          m_axi|         gmem2|       pointer|
|m_axi_gmem2_RRESP      |   in|    2|          m_axi|         gmem2|       pointer|
|m_axi_gmem2_BVALID     |   in|    1|          m_axi|         gmem2|       pointer|
|m_axi_gmem2_BREADY     |  out|    1|          m_axi|         gmem2|       pointer|
|m_axi_gmem2_BRESP      |   in|    2|          m_axi|         gmem2|       pointer|
|m_axi_gmem2_BID        |   in|    1|          m_axi|         gmem2|       pointer|
|m_axi_gmem2_BUSER      |   in|    1|          m_axi|         gmem2|       pointer|
+-----------------------+-----+-----+---------------+--------------+--------------+

============================================================
+ Verbose Summary: Synthesis Manager
============================================================
InlineROM: 1
ExposeGlobal: 0
============================================================
+ Verbose Summary: CDFG Model
============================================================
IsTopModel: 1
ResetActiveHigh: 1
IsCombinational: 2
IsDatapathOnly: 2
HasWiredReturn: 1
HasMFsm: 0
HasVarLatency: 1
IsPipeline: 0
IsRtlPipelined: 0
IsInstanceOverlapped: 0
IsDontTouch: 0
HasImplIP: 0
IsGatedGlobalClock: 0


============================================================
+ Verbose Summary: Schedule
============================================================
* Number of FSM states : 155
* Pipeline : 0
* Dataflow Pipeline: 0

* FSM state transitions: 
1 --> 2 
2 --> 3 
3 --> 4 
4 --> 5 
5 --> 6 
6 --> 7 
7 --> 8 
8 --> 9 
9 --> 10 
10 --> 11 
11 --> 12 
12 --> 13 
13 --> 14 
14 --> 15 
15 --> 16 
16 --> 17 
17 --> 18 
18 --> 19 
19 --> 20 
20 --> 21 
21 --> 22 
22 --> 23 
23 --> 24 
24 --> 25 
25 --> 26 
26 --> 27 
27 --> 28 
28 --> 29 
29 --> 30 
30 --> 31 
31 --> 32 
32 --> 33 
33 --> 34 
34 --> 35 
35 --> 36 
36 --> 37 
37 --> 38 
38 --> 39 
39 --> 40 
40 --> 41 
41 --> 42 
42 --> 43 
43 --> 44 
44 --> 45 
45 --> 46 
46 --> 47 
47 --> 48 
48 --> 49 
49 --> 50 
50 --> 51 
51 --> 52 
52 --> 53 
53 --> 54 
54 --> 55 
55 --> 56 
56 --> 57 
57 --> 58 
58 --> 59 
59 --> 60 
60 --> 61 
61 --> 62 
62 --> 63 
63 --> 64 
64 --> 65 
65 --> 66 
66 --> 67 
67 --> 68 
68 --> 69 
69 --> 70 
70 --> 71 
71 --> 72 
72 --> 73 
73 --> 74 
74 --> 75 
75 --> 76 
76 --> 77 
77 --> 78 
78 --> 79 
79 --> 85 80 
80 --> 81 
81 --> 82 
82 --> 83 
83 --> 84 
84 --> 85 
85 --> 80 86 
86 --> 87 
87 --> 88 
88 --> 89 
89 --> 90 
90 --> 91 
91 --> 92 
92 --> 93 
93 --> 94 
94 --> 95 
95 --> 96 
96 --> 97 
97 --> 98 
98 --> 99 
99 --> 100 
100 --> 101 
101 --> 102 
102 --> 103 
103 --> 104 
104 --> 105 
105 --> 106 
106 --> 107 
107 --> 108 
108 --> 109 
109 --> 110 
110 --> 111 
111 --> 112 
112 --> 113 
113 --> 114 
114 --> 115 
115 --> 116 
116 --> 117 
117 --> 118 
118 --> 119 
119 --> 120 
120 --> 121 
121 --> 122 
122 --> 123 
123 --> 124 
124 --> 125 
125 --> 126 
126 --> 127 
127 --> 128 
128 --> 129 
129 --> 130 
130 --> 131 
131 --> 132 
132 --> 133 
133 --> 134 
134 --> 135 
135 --> 136 
136 --> 137 
137 --> 138 
138 --> 139 
139 --> 140 
140 --> 141 
141 --> 142 
142 --> 143 
143 --> 144 
144 --> 145 
145 --> 146 
146 --> 147 
147 --> 148 
148 --> 149 
149 --> 150 
150 --> 151 
151 --> 152 
152 --> 153 
153 --> 154 
154 --> 155 
155 --> 

* FSM state operations: 

State 1 <SV = 0> <Delay = 1.00>
ST_1 : Operation 156 [1/1] (1.00ns)   --->   "%found_read = read i64 @_ssdm_op_Read.s_axilite.i64, i64 %found"   --->   Operation 156 'read' 'found_read' <Predicate = true> <Delay = 1.00> <CoreInst = "s_axilite">   --->   Core 120 's_axilite' <Latency = 0> <II = 1> <Delay = 1.00> <Adapter> <Opcode : 'read' 'write'>
ST_1 : Operation 157 [1/1] (1.00ns)   --->   "%found_nonce_read = read i64 @_ssdm_op_Read.s_axilite.i64, i64 %found_nonce"   --->   Operation 157 'read' 'found_nonce_read' <Predicate = true> <Delay = 1.00> <CoreInst = "s_axilite">   --->   Core 120 's_axilite' <Latency = 0> <II = 1> <Delay = 1.00> <Adapter> <Opcode : 'read' 'write'>
ST_1 : Operation 158 [1/1] (1.00ns)   --->   "%target_read = read i64 @_ssdm_op_Read.s_axilite.i64, i64 %target"   --->   Operation 158 'read' 'target_read' <Predicate = true> <Delay = 1.00> <CoreInst = "s_axilite">   --->   Core 120 's_axilite' <Latency = 0> <II = 1> <Delay = 1.00> <Adapter> <Opcode : 'read' 'write'>
ST_1 : Operation 159 [1/1] (1.00ns)   --->   "%header_read = read i64 @_ssdm_op_Read.s_axilite.i64, i64 %header"   --->   Operation 159 'read' 'header_read' <Predicate = true> <Delay = 1.00> <CoreInst = "s_axilite">   --->   Core 120 's_axilite' <Latency = 0> <II = 1> <Delay = 1.00> <Adapter> <Opcode : 'read' 'write'>
ST_1 : Operation 160 [1/1] (0.00ns)   --->   "%cleanup_dest_slot_1_i_ce_loc = alloca i64 1"   --->   Operation 160 'alloca' 'cleanup_dest_slot_1_i_ce_loc' <Predicate = true> <Delay = 0.00>
ST_1 : Operation 161 [1/1] (0.00ns)   --->   "%retval_1_i35_ce_loc = alloca i64 1"   --->   Operation 161 'alloca' 'retval_1_i35_ce_loc' <Predicate = true> <Delay = 0.00>
ST_1 : Operation 162 [1/1] (0.00ns)   --->   "%or7_i_i7_loc = alloca i64 1"   --->   Operation 162 'alloca' 'or7_i_i7_loc' <Predicate = true> <Delay = 0.00>
ST_1 : Operation 163 [1/1] (0.00ns)   --->   "%or7_i_i9_loc = alloca i64 1"   --->   Operation 163 'alloca' 'or7_i_i9_loc' <Predicate = true> <Delay = 0.00>
ST_1 : Operation 164 [1/1] (0.00ns)   --->   "%or7_i_i11_loc = alloca i64 1"   --->   Operation 164 'alloca' 'or7_i_i11_loc' <Predicate = true> <Delay = 0.00>
ST_1 : Operation 165 [1/1] (0.00ns)   --->   "%or7_i_i13_loc = alloca i64 1"   --->   Operation 165 'alloca' 'or7_i_i13_loc' <Predicate = true> <Delay = 0.00>
ST_1 : Operation 166 [1/1] (0.00ns)   --->   "%or7_i_i15_loc = alloca i64 1"   --->   Operation 166 'alloca' 'or7_i_i15_loc' <Predicate = true> <Delay = 0.00>
ST_1 : Operation 167 [1/1] (0.00ns)   --->   "%or7_i_i17_loc = alloca i64 1"   --->   Operation 167 'alloca' 'or7_i_i17_loc' <Predicate = true> <Delay = 0.00>
ST_1 : Operation 168 [1/1] (0.00ns)   --->   "%or7_i_i19_loc = alloca i64 1"   --->   Operation 168 'alloca' 'or7_i_i19_loc' <Predicate = true> <Delay = 0.00>
ST_1 : Operation 169 [1/1] (0.00ns)   --->   "%or7_i_i21_loc = alloca i64 1"   --->   Operation 169 'alloca' 'or7_i_i21_loc' <Predicate = true> <Delay = 0.00>
ST_1 : Operation 170 [1/1] (0.00ns)   --->   "%or7_i_i23_loc = alloca i64 1"   --->   Operation 170 'alloca' 'or7_i_i23_loc' <Predicate = true> <Delay = 0.00>
ST_1 : Operation 171 [1/1] (0.00ns)   --->   "%or7_i_i25_loc = alloca i64 1"   --->   Operation 171 'alloca' 'or7_i_i25_loc' <Predicate = true> <Delay = 0.00>
ST_1 : Operation 172 [1/1] (0.00ns)   --->   "%or7_i_i27_loc = alloca i64 1"   --->   Operation 172 'alloca' 'or7_i_i27_loc' <Predicate = true> <Delay = 0.00>
ST_1 : Operation 173 [1/1] (0.00ns)   --->   "%or7_i_i29_loc = alloca i64 1"   --->   Operation 173 'alloca' 'or7_i_i29_loc' <Predicate = true> <Delay = 0.00>
ST_1 : Operation 174 [1/1] (0.00ns)   --->   "%or7_i_i31_loc = alloca i64 1"   --->   Operation 174 'alloca' 'or7_i_i31_loc' <Predicate = true> <Delay = 0.00>
ST_1 : Operation 175 [1/1] (0.00ns)   --->   "%or7_i_i33_loc = alloca i64 1"   --->   Operation 175 'alloca' 'or7_i_i33_loc' <Predicate = true> <Delay = 0.00>
ST_1 : Operation 176 [1/1] (0.00ns)   --->   "%or7_i_i35_loc = alloca i64 1"   --->   Operation 176 'alloca' 'or7_i_i35_loc' <Predicate = true> <Delay = 0.00>
ST_1 : Operation 177 [1/1] (0.00ns)   --->   "%or7_i_i37_loc = alloca i64 1"   --->   Operation 177 'alloca' 'or7_i_i37_loc' <Predicate = true> <Delay = 0.00>
ST_1 : Operation 178 [1/1] (0.67ns)   --->   "%hdr = alloca i64 1" [dylan-hls/mine.cpp:447]   --->   Operation 178 'alloca' 'hdr' <Predicate = true> <Delay = 0.67> <CoreInst = "RAM">   --->   Core 82 'RAM' <Latency = 1> <II = 1> <Delay = 0.67> <Storage> <Opcode : 'load' 'store'> <Ports = 2> <Width = 32> <Depth = 20> <RAM>
ST_1 : Operation 179 [1/1] (0.67ns)   --->   "%tgt = alloca i64 1" [dylan-hls/mine.cpp:452]   --->   Operation 179 'alloca' 'tgt' <Predicate = true> <Delay = 0.67>
ST_1 : Operation 180 [1/1] (0.67ns)   --->   "%h = alloca i64 1" [dylan-hls/mine.cpp:478]   --->   Operation 180 'alloca' 'h' <Predicate = true> <Delay = 0.67>
ST_1 : Operation 181 [1/1] (0.00ns)   --->   "%trunc_ln = partselect i60 @_ssdm_op_PartSelect.i60.i64.i32.i32, i64 %header_read, i32 4, i32 63" [dylan-hls/mine.cpp:448]   --->   Operation 181 'partselect' 'trunc_ln' <Predicate = true> <Delay = 0.00>
ST_1 : Operation 182 [1/1] (0.00ns)   --->   "%trunc_ln7 = partselect i59 @_ssdm_op_PartSelect.i59.i64.i32.i32, i64 %target_read, i32 5, i32 63" [dylan-hls/mine.cpp:453]   --->   Operation 182 'partselect' 'trunc_ln7' <Predicate = true> <Delay = 0.00>

State 2 <SV = 1> <Delay = 3.65>
ST_2 : Operation 183 [1/1] (0.00ns)   --->   "%sext_ln448 = sext i60 %trunc_ln" [dylan-hls/mine.cpp:448]   --->   Operation 183 'sext' 'sext_ln448' <Predicate = true> <Delay = 0.00>
ST_2 : Operation 184 [1/1] (0.00ns)   --->   "%gmem0_addr = getelementptr i128 %gmem0, i64 %sext_ln448" [dylan-hls/mine.cpp:448]   --->   Operation 184 'getelementptr' 'gmem0_addr' <Predicate = true> <Delay = 0.00>
ST_2 : Operation 185 [71/71] (3.65ns)   --->   "%empty = readreq i1 @_ssdm_op_ReadReq.m_axi.p1i128, i64 %gmem0_addr, i64 5" [dylan-hls/mine.cpp:448]   --->   Operation 185 'readreq' 'empty' <Predicate = true> <Delay = 3.65> <CoreInst = "m_axi">   --->   Core 119 'm_axi' <Latency = 6> <II = 1> <Delay = 1.00> <Adapter> <Opcode : 'readrequnaligned' 'writerequnaligned' 'read' 'write' 'readreq' 'writereq' 'writeresp'>
ST_2 : Operation 186 [1/1] (0.00ns)   --->   "%sext_ln453 = sext i59 %trunc_ln7" [dylan-hls/mine.cpp:453]   --->   Operation 186 'sext' 'sext_ln453' <Predicate = true> <Delay = 0.00>
ST_2 : Operation 187 [1/1] (0.00ns)   --->   "%gmem1_addr = getelementptr i256 %gmem1, i64 %sext_ln453" [dylan-hls/mine.cpp:453]   --->   Operation 187 'getelementptr' 'gmem1_addr' <Predicate = true> <Delay = 0.00>
ST_2 : Operation 188 [71/71] (3.65ns)   --->   "%gmem1_load_req = readreq i1 @_ssdm_op_ReadReq.m_axi.i256P1A, i64 %gmem1_addr, i64 1" [dylan-hls/mine.cpp:453]   --->   Operation 188 'readreq' 'gmem1_load_req' <Predicate = true> <Delay = 3.65> <CoreInst = "m_axi">   --->   Core 119 'm_axi' <Latency = 6> <II = 1> <Delay = 1.00> <Adapter> <Opcode : 'readrequnaligned' 'writerequnaligned' 'read' 'write' 'readreq' 'writereq' 'writeresp'>

State 3 <SV = 2> <Delay = 0.00>
ST_3 : Operation 189 [70/71] (3.65ns)   --->   "%empty = readreq i1 @_ssdm_op_ReadReq.m_axi.p1i128, i64 %gmem0_addr, i64 5" [dylan-hls/mine.cpp:448]   --->   Operation 189 'readreq' 'empty' <Predicate = true> <Delay = 3.65> <CoreInst = "m_axi">   --->   Core 119 'm_axi' <Latency = 6> <II = 1> <Delay = 1.00> <Adapter> <Opcode : 'readrequnaligned' 'writerequnaligned' 'read' 'write' 'readreq' 'writereq' 'writeresp'>
ST_3 : Operation 190 [70/71] (3.65ns)   --->   "%gmem1_load_req = readreq i1 @_ssdm_op_ReadReq.m_axi.i256P1A, i64 %gmem1_addr, i64 1" [dylan-hls/mine.cpp:453]   --->   Operation 190 'readreq' 'gmem1_load_req' <Predicate = true> <Delay = 3.65> <CoreInst = "m_axi">   --->   Core 119 'm_axi' <Latency = 6> <II = 1> <Delay = 1.00> <Adapter> <Opcode : 'readrequnaligned' 'writerequnaligned' 'read' 'write' 'readreq' 'writereq' 'writeresp'>

State 4 <SV = 3> <Delay = 0.00>
ST_4 : Operation 191 [69/71] (3.65ns)   --->   "%empty = readreq i1 @_ssdm_op_ReadReq.m_axi.p1i128, i64 %gmem0_addr, i64 5" [dylan-hls/mine.cpp:448]   --->   Operation 191 'readreq' 'empty' <Predicate = true> <Delay = 3.65> <CoreInst = "m_axi">   --->   Core 119 'm_axi' <Latency = 6> <II = 1> <Delay = 1.00> <Adapter> <Opcode : 'readrequnaligned' 'writerequnaligned' 'read' 'write' 'readreq' 'writereq' 'writeresp'>
ST_4 : Operation 192 [69/71] (3.65ns)   --->   "%gmem1_load_req = readreq i1 @_ssdm_op_ReadReq.m_axi.i256P1A, i64 %gmem1_addr, i64 1" [dylan-hls/mine.cpp:453]   --->   Operation 192 'readreq' 'gmem1_load_req' <Predicate = true> <Delay = 3.65> <CoreInst = "m_axi">   --->   Core 119 'm_axi' <Latency = 6> <II = 1> <Delay = 1.00> <Adapter> <Opcode : 'readrequnaligned' 'writerequnaligned' 'read' 'write' 'readreq' 'writereq' 'writeresp'>

State 5 <SV = 4> <Delay = 0.00>
ST_5 : Operation 193 [68/71] (3.65ns)   --->   "%empty = readreq i1 @_ssdm_op_ReadReq.m_axi.p1i128, i64 %gmem0_addr, i64 5" [dylan-hls/mine.cpp:448]   --->   Operation 193 'readreq' 'empty' <Predicate = true> <Delay = 3.65> <CoreInst = "m_axi">   --->   Core 119 'm_axi' <Latency = 6> <II = 1> <Delay = 1.00> <Adapter> <Opcode : 'readrequnaligned' 'writerequnaligned' 'read' 'write' 'readreq' 'writereq' 'writeresp'>
ST_5 : Operation 194 [68/71] (3.65ns)   --->   "%gmem1_load_req = readreq i1 @_ssdm_op_ReadReq.m_axi.i256P1A, i64 %gmem1_addr, i64 1" [dylan-hls/mine.cpp:453]   --->   Operation 194 'readreq' 'gmem1_load_req' <Predicate = true> <Delay = 3.65> <CoreInst = "m_axi">   --->   Core 119 'm_axi' <Latency = 6> <II = 1> <Delay = 1.00> <Adapter> <Opcode : 'readrequnaligned' 'writerequnaligned' 'read' 'write' 'readreq' 'writereq' 'writeresp'>

State 6 <SV = 5> <Delay = 0.00>
ST_6 : Operation 195 [67/71] (3.65ns)   --->   "%empty = readreq i1 @_ssdm_op_ReadReq.m_axi.p1i128, i64 %gmem0_addr, i64 5" [dylan-hls/mine.cpp:448]   --->   Operation 195 'readreq' 'empty' <Predicate = true> <Delay = 3.65> <CoreInst = "m_axi">   --->   Core 119 'm_axi' <Latency = 6> <II = 1> <Delay = 1.00> <Adapter> <Opcode : 'readrequnaligned' 'writerequnaligned' 'read' 'write' 'readreq' 'writereq' 'writeresp'>
ST_6 : Operation 196 [67/71] (3.65ns)   --->   "%gmem1_load_req = readreq i1 @_ssdm_op_ReadReq.m_axi.i256P1A, i64 %gmem1_addr, i64 1" [dylan-hls/mine.cpp:453]   --->   Operation 196 'readreq' 'gmem1_load_req' <Predicate = true> <Delay = 3.65> <CoreInst = "m_axi">   --->   Core 119 'm_axi' <Latency = 6> <II = 1> <Delay = 1.00> <Adapter> <Opcode : 'readrequnaligned' 'writerequnaligned' 'read' 'write' 'readreq' 'writereq' 'writeresp'>

State 7 <SV = 6> <Delay = 0.00>
ST_7 : Operation 197 [66/71] (3.65ns)   --->   "%empty = readreq i1 @_ssdm_op_ReadReq.m_axi.p1i128, i64 %gmem0_addr, i64 5" [dylan-hls/mine.cpp:448]   --->   Operation 197 'readreq' 'empty' <Predicate = true> <Delay = 3.65> <CoreInst = "m_axi">   --->   Core 119 'm_axi' <Latency = 6> <II = 1> <Delay = 1.00> <Adapter> <Opcode : 'readrequnaligned' 'writerequnaligned' 'read' 'write' 'readreq' 'writereq' 'writeresp'>
ST_7 : Operation 198 [66/71] (3.65ns)   --->   "%gmem1_load_req = readreq i1 @_ssdm_op_ReadReq.m_axi.i256P1A, i64 %gmem1_addr, i64 1" [dylan-hls/mine.cpp:453]   --->   Operation 198 'readreq' 'gmem1_load_req' <Predicate = true> <Delay = 3.65> <CoreInst = "m_axi">   --->   Core 119 'm_axi' <Latency = 6> <II = 1> <Delay = 1.00> <Adapter> <Opcode : 'readrequnaligned' 'writerequnaligned' 'read' 'write' 'readreq' 'writereq' 'writeresp'>

State 8 <SV = 7> <Delay = 0.00>
ST_8 : Operation 199 [65/71] (3.65ns)   --->   "%empty = readreq i1 @_ssdm_op_ReadReq.m_axi.p1i128, i64 %gmem0_addr, i64 5" [dylan-hls/mine.cpp:448]   --->   Operation 199 'readreq' 'empty' <Predicate = true> <Delay = 3.65> <CoreInst = "m_axi">   --->   Core 119 'm_axi' <Latency = 6> <II = 1> <Delay = 1.00> <Adapter> <Opcode : 'readrequnaligned' 'writerequnaligned' 'read' 'write' 'readreq' 'writereq' 'writeresp'>
ST_8 : Operation 200 [65/71] (3.65ns)   --->   "%gmem1_load_req = readreq i1 @_ssdm_op_ReadReq.m_axi.i256P1A, i64 %gmem1_addr, i64 1" [dylan-hls/mine.cpp:453]   --->   Operation 200 'readreq' 'gmem1_load_req' <Predicate = true> <Delay = 3.65> <CoreInst = "m_axi">   --->   Core 119 'm_axi' <Latency = 6> <II = 1> <Delay = 1.00> <Adapter> <Opcode : 'readrequnaligned' 'writerequnaligned' 'read' 'write' 'readreq' 'writereq' 'writeresp'>

State 9 <SV = 8> <Delay = 0.00>
ST_9 : Operation 201 [64/71] (3.65ns)   --->   "%empty = readreq i1 @_ssdm_op_ReadReq.m_axi.p1i128, i64 %gmem0_addr, i64 5" [dylan-hls/mine.cpp:448]   --->   Operation 201 'readreq' 'empty' <Predicate = true> <Delay = 3.65> <CoreInst = "m_axi">   --->   Core 119 'm_axi' <Latency = 6> <II = 1> <Delay = 1.00> <Adapter> <Opcode : 'readrequnaligned' 'writerequnaligned' 'read' 'write' 'readreq' 'writereq' 'writeresp'>
ST_9 : Operation 202 [64/71] (3.65ns)   --->   "%gmem1_load_req = readreq i1 @_ssdm_op_ReadReq.m_axi.i256P1A, i64 %gmem1_addr, i64 1" [dylan-hls/mine.cpp:453]   --->   Operation 202 'readreq' 'gmem1_load_req' <Predicate = true> <Delay = 3.65> <CoreInst = "m_axi">   --->   Core 119 'm_axi' <Latency = 6> <II = 1> <Delay = 1.00> <Adapter> <Opcode : 'readrequnaligned' 'writerequnaligned' 'read' 'write' 'readreq' 'writereq' 'writeresp'>

State 10 <SV = 9> <Delay = 0.00>
ST_10 : Operation 203 [63/71] (3.65ns)   --->   "%empty = readreq i1 @_ssdm_op_ReadReq.m_axi.p1i128, i64 %gmem0_addr, i64 5" [dylan-hls/mine.cpp:448]   --->   Operation 203 'readreq' 'empty' <Predicate = true> <Delay = 3.65> <CoreInst = "m_axi">   --->   Core 119 'm_axi' <Latency = 6> <II = 1> <Delay = 1.00> <Adapter> <Opcode : 'readrequnaligned' 'writerequnaligned' 'read' 'write' 'readreq' 'writereq' 'writeresp'>
ST_10 : Operation 204 [63/71] (3.65ns)   --->   "%gmem1_load_req = readreq i1 @_ssdm_op_ReadReq.m_axi.i256P1A, i64 %gmem1_addr, i64 1" [dylan-hls/mine.cpp:453]   --->   Operation 204 'readreq' 'gmem1_load_req' <Predicate = true> <Delay = 3.65> <CoreInst = "m_axi">   --->   Core 119 'm_axi' <Latency = 6> <II = 1> <Delay = 1.00> <Adapter> <Opcode : 'readrequnaligned' 'writerequnaligned' 'read' 'write' 'readreq' 'writereq' 'writeresp'>

State 11 <SV = 10> <Delay = 0.00>
ST_11 : Operation 205 [62/71] (3.65ns)   --->   "%empty = readreq i1 @_ssdm_op_ReadReq.m_axi.p1i128, i64 %gmem0_addr, i64 5" [dylan-hls/mine.cpp:448]   --->   Operation 205 'readreq' 'empty' <Predicate = true> <Delay = 3.65> <CoreInst = "m_axi">   --->   Core 119 'm_axi' <Latency = 6> <II = 1> <Delay = 1.00> <Adapter> <Opcode : 'readrequnaligned' 'writerequnaligned' 'read' 'write' 'readreq' 'writereq' 'writeresp'>
ST_11 : Operation 206 [62/71] (3.65ns)   --->   "%gmem1_load_req = readreq i1 @_ssdm_op_ReadReq.m_axi.i256P1A, i64 %gmem1_addr, i64 1" [dylan-hls/mine.cpp:453]   --->   Operation 206 'readreq' 'gmem1_load_req' <Predicate = true> <Delay = 3.65> <CoreInst = "m_axi">   --->   Core 119 'm_axi' <Latency = 6> <II = 1> <Delay = 1.00> <Adapter> <Opcode : 'readrequnaligned' 'writerequnaligned' 'read' 'write' 'readreq' 'writereq' 'writeresp'>

State 12 <SV = 11> <Delay = 0.00>
ST_12 : Operation 207 [61/71] (3.65ns)   --->   "%empty = readreq i1 @_ssdm_op_ReadReq.m_axi.p1i128, i64 %gmem0_addr, i64 5" [dylan-hls/mine.cpp:448]   --->   Operation 207 'readreq' 'empty' <Predicate = true> <Delay = 3.65> <CoreInst = "m_axi">   --->   Core 119 'm_axi' <Latency = 6> <II = 1> <Delay = 1.00> <Adapter> <Opcode : 'readrequnaligned' 'writerequnaligned' 'read' 'write' 'readreq' 'writereq' 'writeresp'>
ST_12 : Operation 208 [61/71] (3.65ns)   --->   "%gmem1_load_req = readreq i1 @_ssdm_op_ReadReq.m_axi.i256P1A, i64 %gmem1_addr, i64 1" [dylan-hls/mine.cpp:453]   --->   Operation 208 'readreq' 'gmem1_load_req' <Predicate = true> <Delay = 3.65> <CoreInst = "m_axi">   --->   Core 119 'm_axi' <Latency = 6> <II = 1> <Delay = 1.00> <Adapter> <Opcode : 'readrequnaligned' 'writerequnaligned' 'read' 'write' 'readreq' 'writereq' 'writeresp'>

State 13 <SV = 12> <Delay = 0.00>
ST_13 : Operation 209 [60/71] (3.65ns)   --->   "%empty = readreq i1 @_ssdm_op_ReadReq.m_axi.p1i128, i64 %gmem0_addr, i64 5" [dylan-hls/mine.cpp:448]   --->   Operation 209 'readreq' 'empty' <Predicate = true> <Delay = 3.65> <CoreInst = "m_axi">   --->   Core 119 'm_axi' <Latency = 6> <II = 1> <Delay = 1.00> <Adapter> <Opcode : 'readrequnaligned' 'writerequnaligned' 'read' 'write' 'readreq' 'writereq' 'writeresp'>
ST_13 : Operation 210 [60/71] (3.65ns)   --->   "%gmem1_load_req = readreq i1 @_ssdm_op_ReadReq.m_axi.i256P1A, i64 %gmem1_addr, i64 1" [dylan-hls/mine.cpp:453]   --->   Operation 210 'readreq' 'gmem1_load_req' <Predicate = true> <Delay = 3.65> <CoreInst = "m_axi">   --->   Core 119 'm_axi' <Latency = 6> <II = 1> <Delay = 1.00> <Adapter> <Opcode : 'readrequnaligned' 'writerequnaligned' 'read' 'write' 'readreq' 'writereq' 'writeresp'>

State 14 <SV = 13> <Delay = 0.00>
ST_14 : Operation 211 [59/71] (3.65ns)   --->   "%empty = readreq i1 @_ssdm_op_ReadReq.m_axi.p1i128, i64 %gmem0_addr, i64 5" [dylan-hls/mine.cpp:448]   --->   Operation 211 'readreq' 'empty' <Predicate = true> <Delay = 3.65> <CoreInst = "m_axi">   --->   Core 119 'm_axi' <Latency = 6> <II = 1> <Delay = 1.00> <Adapter> <Opcode : 'readrequnaligned' 'writerequnaligned' 'read' 'write' 'readreq' 'writereq' 'writeresp'>
ST_14 : Operation 212 [59/71] (3.65ns)   --->   "%gmem1_load_req = readreq i1 @_ssdm_op_ReadReq.m_axi.i256P1A, i64 %gmem1_addr, i64 1" [dylan-hls/mine.cpp:453]   --->   Operation 212 'readreq' 'gmem1_load_req' <Predicate = true> <Delay = 3.65> <CoreInst = "m_axi">   --->   Core 119 'm_axi' <Latency = 6> <II = 1> <Delay = 1.00> <Adapter> <Opcode : 'readrequnaligned' 'writerequnaligned' 'read' 'write' 'readreq' 'writereq' 'writeresp'>

State 15 <SV = 14> <Delay = 0.00>
ST_15 : Operation 213 [58/71] (3.65ns)   --->   "%empty = readreq i1 @_ssdm_op_ReadReq.m_axi.p1i128, i64 %gmem0_addr, i64 5" [dylan-hls/mine.cpp:448]   --->   Operation 213 'readreq' 'empty' <Predicate = true> <Delay = 3.65> <CoreInst = "m_axi">   --->   Core 119 'm_axi' <Latency = 6> <II = 1> <Delay = 1.00> <Adapter> <Opcode : 'readrequnaligned' 'writerequnaligned' 'read' 'write' 'readreq' 'writereq' 'writeresp'>
ST_15 : Operation 214 [58/71] (3.65ns)   --->   "%gmem1_load_req = readreq i1 @_ssdm_op_ReadReq.m_axi.i256P1A, i64 %gmem1_addr, i64 1" [dylan-hls/mine.cpp:453]   --->   Operation 214 'readreq' 'gmem1_load_req' <Predicate = true> <Delay = 3.65> <CoreInst = "m_axi">   --->   Core 119 'm_axi' <Latency = 6> <II = 1> <Delay = 1.00> <Adapter> <Opcode : 'readrequnaligned' 'writerequnaligned' 'read' 'write' 'readreq' 'writereq' 'writeresp'>

State 16 <SV = 15> <Delay = 0.00>
ST_16 : Operation 215 [57/71] (3.65ns)   --->   "%empty = readreq i1 @_ssdm_op_ReadReq.m_axi.p1i128, i64 %gmem0_addr, i64 5" [dylan-hls/mine.cpp:448]   --->   Operation 215 'readreq' 'empty' <Predicate = true> <Delay = 3.65> <CoreInst = "m_axi">   --->   Core 119 'm_axi' <Latency = 6> <II = 1> <Delay = 1.00> <Adapter> <Opcode : 'readrequnaligned' 'writerequnaligned' 'read' 'write' 'readreq' 'writereq' 'writeresp'>
ST_16 : Operation 216 [57/71] (3.65ns)   --->   "%gmem1_load_req = readreq i1 @_ssdm_op_ReadReq.m_axi.i256P1A, i64 %gmem1_addr, i64 1" [dylan-hls/mine.cpp:453]   --->   Operation 216 'readreq' 'gmem1_load_req' <Predicate = true> <Delay = 3.65> <CoreInst = "m_axi">   --->   Core 119 'm_axi' <Latency = 6> <II = 1> <Delay = 1.00> <Adapter> <Opcode : 'readrequnaligned' 'writerequnaligned' 'read' 'write' 'readreq' 'writereq' 'writeresp'>

State 17 <SV = 16> <Delay = 0.00>
ST_17 : Operation 217 [56/71] (3.65ns)   --->   "%empty = readreq i1 @_ssdm_op_ReadReq.m_axi.p1i128, i64 %gmem0_addr, i64 5" [dylan-hls/mine.cpp:448]   --->   Operation 217 'readreq' 'empty' <Predicate = true> <Delay = 3.65> <CoreInst = "m_axi">   --->   Core 119 'm_axi' <Latency = 6> <II = 1> <Delay = 1.00> <Adapter> <Opcode : 'readrequnaligned' 'writerequnaligned' 'read' 'write' 'readreq' 'writereq' 'writeresp'>
ST_17 : Operation 218 [56/71] (3.65ns)   --->   "%gmem1_load_req = readreq i1 @_ssdm_op_ReadReq.m_axi.i256P1A, i64 %gmem1_addr, i64 1" [dylan-hls/mine.cpp:453]   --->   Operation 218 'readreq' 'gmem1_load_req' <Predicate = true> <Delay = 3.65> <CoreInst = "m_axi">   --->   Core 119 'm_axi' <Latency = 6> <II = 1> <Delay = 1.00> <Adapter> <Opcode : 'readrequnaligned' 'writerequnaligned' 'read' 'write' 'readreq' 'writereq' 'writeresp'>

State 18 <SV = 17> <Delay = 0.00>
ST_18 : Operation 219 [55/71] (3.65ns)   --->   "%empty = readreq i1 @_ssdm_op_ReadReq.m_axi.p1i128, i64 %gmem0_addr, i64 5" [dylan-hls/mine.cpp:448]   --->   Operation 219 'readreq' 'empty' <Predicate = true> <Delay = 3.65> <CoreInst = "m_axi">   --->   Core 119 'm_axi' <Latency = 6> <II = 1> <Delay = 1.00> <Adapter> <Opcode : 'readrequnaligned' 'writerequnaligned' 'read' 'write' 'readreq' 'writereq' 'writeresp'>
ST_18 : Operation 220 [55/71] (3.65ns)   --->   "%gmem1_load_req = readreq i1 @_ssdm_op_ReadReq.m_axi.i256P1A, i64 %gmem1_addr, i64 1" [dylan-hls/mine.cpp:453]   --->   Operation 220 'readreq' 'gmem1_load_req' <Predicate = true> <Delay = 3.65> <CoreInst = "m_axi">   --->   Core 119 'm_axi' <Latency = 6> <II = 1> <Delay = 1.00> <Adapter> <Opcode : 'readrequnaligned' 'writerequnaligned' 'read' 'write' 'readreq' 'writereq' 'writeresp'>

State 19 <SV = 18> <Delay = 0.00>
ST_19 : Operation 221 [54/71] (3.65ns)   --->   "%empty = readreq i1 @_ssdm_op_ReadReq.m_axi.p1i128, i64 %gmem0_addr, i64 5" [dylan-hls/mine.cpp:448]   --->   Operation 221 'readreq' 'empty' <Predicate = true> <Delay = 3.65> <CoreInst = "m_axi">   --->   Core 119 'm_axi' <Latency = 6> <II = 1> <Delay = 1.00> <Adapter> <Opcode : 'readrequnaligned' 'writerequnaligned' 'read' 'write' 'readreq' 'writereq' 'writeresp'>
ST_19 : Operation 222 [54/71] (3.65ns)   --->   "%gmem1_load_req = readreq i1 @_ssdm_op_ReadReq.m_axi.i256P1A, i64 %gmem1_addr, i64 1" [dylan-hls/mine.cpp:453]   --->   Operation 222 'readreq' 'gmem1_load_req' <Predicate = true> <Delay = 3.65> <CoreInst = "m_axi">   --->   Core 119 'm_axi' <Latency = 6> <II = 1> <Delay = 1.00> <Adapter> <Opcode : 'readrequnaligned' 'writerequnaligned' 'read' 'write' 'readreq' 'writereq' 'writeresp'>

State 20 <SV = 19> <Delay = 0.00>
ST_20 : Operation 223 [53/71] (3.65ns)   --->   "%empty = readreq i1 @_ssdm_op_ReadReq.m_axi.p1i128, i64 %gmem0_addr, i64 5" [dylan-hls/mine.cpp:448]   --->   Operation 223 'readreq' 'empty' <Predicate = true> <Delay = 3.65> <CoreInst = "m_axi">   --->   Core 119 'm_axi' <Latency = 6> <II = 1> <Delay = 1.00> <Adapter> <Opcode : 'readrequnaligned' 'writerequnaligned' 'read' 'write' 'readreq' 'writereq' 'writeresp'>
ST_20 : Operation 224 [53/71] (3.65ns)   --->   "%gmem1_load_req = readreq i1 @_ssdm_op_ReadReq.m_axi.i256P1A, i64 %gmem1_addr, i64 1" [dylan-hls/mine.cpp:453]   --->   Operation 224 'readreq' 'gmem1_load_req' <Predicate = true> <Delay = 3.65> <CoreInst = "m_axi">   --->   Core 119 'm_axi' <Latency = 6> <II = 1> <Delay = 1.00> <Adapter> <Opcode : 'readrequnaligned' 'writerequnaligned' 'read' 'write' 'readreq' 'writereq' 'writeresp'>

State 21 <SV = 20> <Delay = 0.00>
ST_21 : Operation 225 [52/71] (3.65ns)   --->   "%empty = readreq i1 @_ssdm_op_ReadReq.m_axi.p1i128, i64 %gmem0_addr, i64 5" [dylan-hls/mine.cpp:448]   --->   Operation 225 'readreq' 'empty' <Predicate = true> <Delay = 3.65> <CoreInst = "m_axi">   --->   Core 119 'm_axi' <Latency = 6> <II = 1> <Delay = 1.00> <Adapter> <Opcode : 'readrequnaligned' 'writerequnaligned' 'read' 'write' 'readreq' 'writereq' 'writeresp'>
ST_21 : Operation 226 [52/71] (3.65ns)   --->   "%gmem1_load_req = readreq i1 @_ssdm_op_ReadReq.m_axi.i256P1A, i64 %gmem1_addr, i64 1" [dylan-hls/mine.cpp:453]   --->   Operation 226 'readreq' 'gmem1_load_req' <Predicate = true> <Delay = 3.65> <CoreInst = "m_axi">   --->   Core 119 'm_axi' <Latency = 6> <II = 1> <Delay = 1.00> <Adapter> <Opcode : 'readrequnaligned' 'writerequnaligned' 'read' 'write' 'readreq' 'writereq' 'writeresp'>

State 22 <SV = 21> <Delay = 0.00>
ST_22 : Operation 227 [51/71] (3.65ns)   --->   "%empty = readreq i1 @_ssdm_op_ReadReq.m_axi.p1i128, i64 %gmem0_addr, i64 5" [dylan-hls/mine.cpp:448]   --->   Operation 227 'readreq' 'empty' <Predicate = true> <Delay = 3.65> <CoreInst = "m_axi">   --->   Core 119 'm_axi' <Latency = 6> <II = 1> <Delay = 1.00> <Adapter> <Opcode : 'readrequnaligned' 'writerequnaligned' 'read' 'write' 'readreq' 'writereq' 'writeresp'>
ST_22 : Operation 228 [51/71] (3.65ns)   --->   "%gmem1_load_req = readreq i1 @_ssdm_op_ReadReq.m_axi.i256P1A, i64 %gmem1_addr, i64 1" [dylan-hls/mine.cpp:453]   --->   Operation 228 'readreq' 'gmem1_load_req' <Predicate = true> <Delay = 3.65> <CoreInst = "m_axi">   --->   Core 119 'm_axi' <Latency = 6> <II = 1> <Delay = 1.00> <Adapter> <Opcode : 'readrequnaligned' 'writerequnaligned' 'read' 'write' 'readreq' 'writereq' 'writeresp'>

State 23 <SV = 22> <Delay = 0.00>
ST_23 : Operation 229 [50/71] (3.65ns)   --->   "%empty = readreq i1 @_ssdm_op_ReadReq.m_axi.p1i128, i64 %gmem0_addr, i64 5" [dylan-hls/mine.cpp:448]   --->   Operation 229 'readreq' 'empty' <Predicate = true> <Delay = 3.65> <CoreInst = "m_axi">   --->   Core 119 'm_axi' <Latency = 6> <II = 1> <Delay = 1.00> <Adapter> <Opcode : 'readrequnaligned' 'writerequnaligned' 'read' 'write' 'readreq' 'writereq' 'writeresp'>
ST_23 : Operation 230 [50/71] (3.65ns)   --->   "%gmem1_load_req = readreq i1 @_ssdm_op_ReadReq.m_axi.i256P1A, i64 %gmem1_addr, i64 1" [dylan-hls/mine.cpp:453]   --->   Operation 230 'readreq' 'gmem1_load_req' <Predicate = true> <Delay = 3.65> <CoreInst = "m_axi">   --->   Core 119 'm_axi' <Latency = 6> <II = 1> <Delay = 1.00> <Adapter> <Opcode : 'readrequnaligned' 'writerequnaligned' 'read' 'write' 'readreq' 'writereq' 'writeresp'>

State 24 <SV = 23> <Delay = 0.00>
ST_24 : Operation 231 [49/71] (3.65ns)   --->   "%empty = readreq i1 @_ssdm_op_ReadReq.m_axi.p1i128, i64 %gmem0_addr, i64 5" [dylan-hls/mine.cpp:448]   --->   Operation 231 'readreq' 'empty' <Predicate = true> <Delay = 3.65> <CoreInst = "m_axi">   --->   Core 119 'm_axi' <Latency = 6> <II = 1> <Delay = 1.00> <Adapter> <Opcode : 'readrequnaligned' 'writerequnaligned' 'read' 'write' 'readreq' 'writereq' 'writeresp'>
ST_24 : Operation 232 [49/71] (3.65ns)   --->   "%gmem1_load_req = readreq i1 @_ssdm_op_ReadReq.m_axi.i256P1A, i64 %gmem1_addr, i64 1" [dylan-hls/mine.cpp:453]   --->   Operation 232 'readreq' 'gmem1_load_req' <Predicate = true> <Delay = 3.65> <CoreInst = "m_axi">   --->   Core 119 'm_axi' <Latency = 6> <II = 1> <Delay = 1.00> <Adapter> <Opcode : 'readrequnaligned' 'writerequnaligned' 'read' 'write' 'readreq' 'writereq' 'writeresp'>

State 25 <SV = 24> <Delay = 0.00>
ST_25 : Operation 233 [48/71] (3.65ns)   --->   "%empty = readreq i1 @_ssdm_op_ReadReq.m_axi.p1i128, i64 %gmem0_addr, i64 5" [dylan-hls/mine.cpp:448]   --->   Operation 233 'readreq' 'empty' <Predicate = true> <Delay = 3.65> <CoreInst = "m_axi">   --->   Core 119 'm_axi' <Latency = 6> <II = 1> <Delay = 1.00> <Adapter> <Opcode : 'readrequnaligned' 'writerequnaligned' 'read' 'write' 'readreq' 'writereq' 'writeresp'>
ST_25 : Operation 234 [48/71] (3.65ns)   --->   "%gmem1_load_req = readreq i1 @_ssdm_op_ReadReq.m_axi.i256P1A, i64 %gmem1_addr, i64 1" [dylan-hls/mine.cpp:453]   --->   Operation 234 'readreq' 'gmem1_load_req' <Predicate = true> <Delay = 3.65> <CoreInst = "m_axi">   --->   Core 119 'm_axi' <Latency = 6> <II = 1> <Delay = 1.00> <Adapter> <Opcode : 'readrequnaligned' 'writerequnaligned' 'read' 'write' 'readreq' 'writereq' 'writeresp'>

State 26 <SV = 25> <Delay = 0.00>
ST_26 : Operation 235 [47/71] (3.65ns)   --->   "%empty = readreq i1 @_ssdm_op_ReadReq.m_axi.p1i128, i64 %gmem0_addr, i64 5" [dylan-hls/mine.cpp:448]   --->   Operation 235 'readreq' 'empty' <Predicate = true> <Delay = 3.65> <CoreInst = "m_axi">   --->   Core 119 'm_axi' <Latency = 6> <II = 1> <Delay = 1.00> <Adapter> <Opcode : 'readrequnaligned' 'writerequnaligned' 'read' 'write' 'readreq' 'writereq' 'writeresp'>
ST_26 : Operation 236 [47/71] (3.65ns)   --->   "%gmem1_load_req = readreq i1 @_ssdm_op_ReadReq.m_axi.i256P1A, i64 %gmem1_addr, i64 1" [dylan-hls/mine.cpp:453]   --->   Operation 236 'readreq' 'gmem1_load_req' <Predicate = true> <Delay = 3.65> <CoreInst = "m_axi">   --->   Core 119 'm_axi' <Latency = 6> <II = 1> <Delay = 1.00> <Adapter> <Opcode : 'readrequnaligned' 'writerequnaligned' 'read' 'write' 'readreq' 'writereq' 'writeresp'>

State 27 <SV = 26> <Delay = 0.00>
ST_27 : Operation 237 [46/71] (3.65ns)   --->   "%empty = readreq i1 @_ssdm_op_ReadReq.m_axi.p1i128, i64 %gmem0_addr, i64 5" [dylan-hls/mine.cpp:448]   --->   Operation 237 'readreq' 'empty' <Predicate = true> <Delay = 3.65> <CoreInst = "m_axi">   --->   Core 119 'm_axi' <Latency = 6> <II = 1> <Delay = 1.00> <Adapter> <Opcode : 'readrequnaligned' 'writerequnaligned' 'read' 'write' 'readreq' 'writereq' 'writeresp'>
ST_27 : Operation 238 [46/71] (3.65ns)   --->   "%gmem1_load_req = readreq i1 @_ssdm_op_ReadReq.m_axi.i256P1A, i64 %gmem1_addr, i64 1" [dylan-hls/mine.cpp:453]   --->   Operation 238 'readreq' 'gmem1_load_req' <Predicate = true> <Delay = 3.65> <CoreInst = "m_axi">   --->   Core 119 'm_axi' <Latency = 6> <II = 1> <Delay = 1.00> <Adapter> <Opcode : 'readrequnaligned' 'writerequnaligned' 'read' 'write' 'readreq' 'writereq' 'writeresp'>

State 28 <SV = 27> <Delay = 0.00>
ST_28 : Operation 239 [45/71] (3.65ns)   --->   "%empty = readreq i1 @_ssdm_op_ReadReq.m_axi.p1i128, i64 %gmem0_addr, i64 5" [dylan-hls/mine.cpp:448]   --->   Operation 239 'readreq' 'empty' <Predicate = true> <Delay = 3.65> <CoreInst = "m_axi">   --->   Core 119 'm_axi' <Latency = 6> <II = 1> <Delay = 1.00> <Adapter> <Opcode : 'readrequnaligned' 'writerequnaligned' 'read' 'write' 'readreq' 'writereq' 'writeresp'>
ST_28 : Operation 240 [45/71] (3.65ns)   --->   "%gmem1_load_req = readreq i1 @_ssdm_op_ReadReq.m_axi.i256P1A, i64 %gmem1_addr, i64 1" [dylan-hls/mine.cpp:453]   --->   Operation 240 'readreq' 'gmem1_load_req' <Predicate = true> <Delay = 3.65> <CoreInst = "m_axi">   --->   Core 119 'm_axi' <Latency = 6> <II = 1> <Delay = 1.00> <Adapter> <Opcode : 'readrequnaligned' 'writerequnaligned' 'read' 'write' 'readreq' 'writereq' 'writeresp'>

State 29 <SV = 28> <Delay = 0.00>
ST_29 : Operation 241 [44/71] (3.65ns)   --->   "%empty = readreq i1 @_ssdm_op_ReadReq.m_axi.p1i128, i64 %gmem0_addr, i64 5" [dylan-hls/mine.cpp:448]   --->   Operation 241 'readreq' 'empty' <Predicate = true> <Delay = 3.65> <CoreInst = "m_axi">   --->   Core 119 'm_axi' <Latency = 6> <II = 1> <Delay = 1.00> <Adapter> <Opcode : 'readrequnaligned' 'writerequnaligned' 'read' 'write' 'readreq' 'writereq' 'writeresp'>
ST_29 : Operation 242 [44/71] (3.65ns)   --->   "%gmem1_load_req = readreq i1 @_ssdm_op_ReadReq.m_axi.i256P1A, i64 %gmem1_addr, i64 1" [dylan-hls/mine.cpp:453]   --->   Operation 242 'readreq' 'gmem1_load_req' <Predicate = true> <Delay = 3.65> <CoreInst = "m_axi">   --->   Core 119 'm_axi' <Latency = 6> <II = 1> <Delay = 1.00> <Adapter> <Opcode : 'readrequnaligned' 'writerequnaligned' 'read' 'write' 'readreq' 'writereq' 'writeresp'>

State 30 <SV = 29> <Delay = 0.00>
ST_30 : Operation 243 [43/71] (3.65ns)   --->   "%empty = readreq i1 @_ssdm_op_ReadReq.m_axi.p1i128, i64 %gmem0_addr, i64 5" [dylan-hls/mine.cpp:448]   --->   Operation 243 'readreq' 'empty' <Predicate = true> <Delay = 3.65> <CoreInst = "m_axi">   --->   Core 119 'm_axi' <Latency = 6> <II = 1> <Delay = 1.00> <Adapter> <Opcode : 'readrequnaligned' 'writerequnaligned' 'read' 'write' 'readreq' 'writereq' 'writeresp'>
ST_30 : Operation 244 [43/71] (3.65ns)   --->   "%gmem1_load_req = readreq i1 @_ssdm_op_ReadReq.m_axi.i256P1A, i64 %gmem1_addr, i64 1" [dylan-hls/mine.cpp:453]   --->   Operation 244 'readreq' 'gmem1_load_req' <Predicate = true> <Delay = 3.65> <CoreInst = "m_axi">   --->   Core 119 'm_axi' <Latency = 6> <II = 1> <Delay = 1.00> <Adapter> <Opcode : 'readrequnaligned' 'writerequnaligned' 'read' 'write' 'readreq' 'writereq' 'writeresp'>

State 31 <SV = 30> <Delay = 0.00>
ST_31 : Operation 245 [42/71] (3.65ns)   --->   "%empty = readreq i1 @_ssdm_op_ReadReq.m_axi.p1i128, i64 %gmem0_addr, i64 5" [dylan-hls/mine.cpp:448]   --->   Operation 245 'readreq' 'empty' <Predicate = true> <Delay = 3.65> <CoreInst = "m_axi">   --->   Core 119 'm_axi' <Latency = 6> <II = 1> <Delay = 1.00> <Adapter> <Opcode : 'readrequnaligned' 'writerequnaligned' 'read' 'write' 'readreq' 'writereq' 'writeresp'>
ST_31 : Operation 246 [42/71] (3.65ns)   --->   "%gmem1_load_req = readreq i1 @_ssdm_op_ReadReq.m_axi.i256P1A, i64 %gmem1_addr, i64 1" [dylan-hls/mine.cpp:453]   --->   Operation 246 'readreq' 'gmem1_load_req' <Predicate = true> <Delay = 3.65> <CoreInst = "m_axi">   --->   Core 119 'm_axi' <Latency = 6> <II = 1> <Delay = 1.00> <Adapter> <Opcode : 'readrequnaligned' 'writerequnaligned' 'read' 'write' 'readreq' 'writereq' 'writeresp'>

State 32 <SV = 31> <Delay = 0.00>
ST_32 : Operation 247 [41/71] (3.65ns)   --->   "%empty = readreq i1 @_ssdm_op_ReadReq.m_axi.p1i128, i64 %gmem0_addr, i64 5" [dylan-hls/mine.cpp:448]   --->   Operation 247 'readreq' 'empty' <Predicate = true> <Delay = 3.65> <CoreInst = "m_axi">   --->   Core 119 'm_axi' <Latency = 6> <II = 1> <Delay = 1.00> <Adapter> <Opcode : 'readrequnaligned' 'writerequnaligned' 'read' 'write' 'readreq' 'writereq' 'writeresp'>
ST_32 : Operation 248 [41/71] (3.65ns)   --->   "%gmem1_load_req = readreq i1 @_ssdm_op_ReadReq.m_axi.i256P1A, i64 %gmem1_addr, i64 1" [dylan-hls/mine.cpp:453]   --->   Operation 248 'readreq' 'gmem1_load_req' <Predicate = true> <Delay = 3.65> <CoreInst = "m_axi">   --->   Core 119 'm_axi' <Latency = 6> <II = 1> <Delay = 1.00> <Adapter> <Opcode : 'readrequnaligned' 'writerequnaligned' 'read' 'write' 'readreq' 'writereq' 'writeresp'>

State 33 <SV = 32> <Delay = 0.00>
ST_33 : Operation 249 [40/71] (3.65ns)   --->   "%empty = readreq i1 @_ssdm_op_ReadReq.m_axi.p1i128, i64 %gmem0_addr, i64 5" [dylan-hls/mine.cpp:448]   --->   Operation 249 'readreq' 'empty' <Predicate = true> <Delay = 3.65> <CoreInst = "m_axi">   --->   Core 119 'm_axi' <Latency = 6> <II = 1> <Delay = 1.00> <Adapter> <Opcode : 'readrequnaligned' 'writerequnaligned' 'read' 'write' 'readreq' 'writereq' 'writeresp'>
ST_33 : Operation 250 [40/71] (3.65ns)   --->   "%gmem1_load_req = readreq i1 @_ssdm_op_ReadReq.m_axi.i256P1A, i64 %gmem1_addr, i64 1" [dylan-hls/mine.cpp:453]   --->   Operation 250 'readreq' 'gmem1_load_req' <Predicate = true> <Delay = 3.65> <CoreInst = "m_axi">   --->   Core 119 'm_axi' <Latency = 6> <II = 1> <Delay = 1.00> <Adapter> <Opcode : 'readrequnaligned' 'writerequnaligned' 'read' 'write' 'readreq' 'writereq' 'writeresp'>

State 34 <SV = 33> <Delay = 0.00>
ST_34 : Operation 251 [39/71] (3.65ns)   --->   "%empty = readreq i1 @_ssdm_op_ReadReq.m_axi.p1i128, i64 %gmem0_addr, i64 5" [dylan-hls/mine.cpp:448]   --->   Operation 251 'readreq' 'empty' <Predicate = true> <Delay = 3.65> <CoreInst = "m_axi">   --->   Core 119 'm_axi' <Latency = 6> <II = 1> <Delay = 1.00> <Adapter> <Opcode : 'readrequnaligned' 'writerequnaligned' 'read' 'write' 'readreq' 'writereq' 'writeresp'>
ST_34 : Operation 252 [39/71] (3.65ns)   --->   "%gmem1_load_req = readreq i1 @_ssdm_op_ReadReq.m_axi.i256P1A, i64 %gmem1_addr, i64 1" [dylan-hls/mine.cpp:453]   --->   Operation 252 'readreq' 'gmem1_load_req' <Predicate = true> <Delay = 3.65> <CoreInst = "m_axi">   --->   Core 119 'm_axi' <Latency = 6> <II = 1> <Delay = 1.00> <Adapter> <Opcode : 'readrequnaligned' 'writerequnaligned' 'read' 'write' 'readreq' 'writereq' 'writeresp'>

State 35 <SV = 34> <Delay = 0.00>
ST_35 : Operation 253 [38/71] (3.65ns)   --->   "%empty = readreq i1 @_ssdm_op_ReadReq.m_axi.p1i128, i64 %gmem0_addr, i64 5" [dylan-hls/mine.cpp:448]   --->   Operation 253 'readreq' 'empty' <Predicate = true> <Delay = 3.65> <CoreInst = "m_axi">   --->   Core 119 'm_axi' <Latency = 6> <II = 1> <Delay = 1.00> <Adapter> <Opcode : 'readrequnaligned' 'writerequnaligned' 'read' 'write' 'readreq' 'writereq' 'writeresp'>
ST_35 : Operation 254 [38/71] (3.65ns)   --->   "%gmem1_load_req = readreq i1 @_ssdm_op_ReadReq.m_axi.i256P1A, i64 %gmem1_addr, i64 1" [dylan-hls/mine.cpp:453]   --->   Operation 254 'readreq' 'gmem1_load_req' <Predicate = true> <Delay = 3.65> <CoreInst = "m_axi">   --->   Core 119 'm_axi' <Latency = 6> <II = 1> <Delay = 1.00> <Adapter> <Opcode : 'readrequnaligned' 'writerequnaligned' 'read' 'write' 'readreq' 'writereq' 'writeresp'>

State 36 <SV = 35> <Delay = 0.00>
ST_36 : Operation 255 [37/71] (3.65ns)   --->   "%empty = readreq i1 @_ssdm_op_ReadReq.m_axi.p1i128, i64 %gmem0_addr, i64 5" [dylan-hls/mine.cpp:448]   --->   Operation 255 'readreq' 'empty' <Predicate = true> <Delay = 3.65> <CoreInst = "m_axi">   --->   Core 119 'm_axi' <Latency = 6> <II = 1> <Delay = 1.00> <Adapter> <Opcode : 'readrequnaligned' 'writerequnaligned' 'read' 'write' 'readreq' 'writereq' 'writeresp'>
ST_36 : Operation 256 [37/71] (3.65ns)   --->   "%gmem1_load_req = readreq i1 @_ssdm_op_ReadReq.m_axi.i256P1A, i64 %gmem1_addr, i64 1" [dylan-hls/mine.cpp:453]   --->   Operation 256 'readreq' 'gmem1_load_req' <Predicate = true> <Delay = 3.65> <CoreInst = "m_axi">   --->   Core 119 'm_axi' <Latency = 6> <II = 1> <Delay = 1.00> <Adapter> <Opcode : 'readrequnaligned' 'writerequnaligned' 'read' 'write' 'readreq' 'writereq' 'writeresp'>

State 37 <SV = 36> <Delay = 0.00>
ST_37 : Operation 257 [36/71] (3.65ns)   --->   "%empty = readreq i1 @_ssdm_op_ReadReq.m_axi.p1i128, i64 %gmem0_addr, i64 5" [dylan-hls/mine.cpp:448]   --->   Operation 257 'readreq' 'empty' <Predicate = true> <Delay = 3.65> <CoreInst = "m_axi">   --->   Core 119 'm_axi' <Latency = 6> <II = 1> <Delay = 1.00> <Adapter> <Opcode : 'readrequnaligned' 'writerequnaligned' 'read' 'write' 'readreq' 'writereq' 'writeresp'>
ST_37 : Operation 258 [36/71] (3.65ns)   --->   "%gmem1_load_req = readreq i1 @_ssdm_op_ReadReq.m_axi.i256P1A, i64 %gmem1_addr, i64 1" [dylan-hls/mine.cpp:453]   --->   Operation 258 'readreq' 'gmem1_load_req' <Predicate = true> <Delay = 3.65> <CoreInst = "m_axi">   --->   Core 119 'm_axi' <Latency = 6> <II = 1> <Delay = 1.00> <Adapter> <Opcode : 'readrequnaligned' 'writerequnaligned' 'read' 'write' 'readreq' 'writereq' 'writeresp'>

State 38 <SV = 37> <Delay = 0.00>
ST_38 : Operation 259 [35/71] (3.65ns)   --->   "%empty = readreq i1 @_ssdm_op_ReadReq.m_axi.p1i128, i64 %gmem0_addr, i64 5" [dylan-hls/mine.cpp:448]   --->   Operation 259 'readreq' 'empty' <Predicate = true> <Delay = 3.65> <CoreInst = "m_axi">   --->   Core 119 'm_axi' <Latency = 6> <II = 1> <Delay = 1.00> <Adapter> <Opcode : 'readrequnaligned' 'writerequnaligned' 'read' 'write' 'readreq' 'writereq' 'writeresp'>
ST_38 : Operation 260 [35/71] (3.65ns)   --->   "%gmem1_load_req = readreq i1 @_ssdm_op_ReadReq.m_axi.i256P1A, i64 %gmem1_addr, i64 1" [dylan-hls/mine.cpp:453]   --->   Operation 260 'readreq' 'gmem1_load_req' <Predicate = true> <Delay = 3.65> <CoreInst = "m_axi">   --->   Core 119 'm_axi' <Latency = 6> <II = 1> <Delay = 1.00> <Adapter> <Opcode : 'readrequnaligned' 'writerequnaligned' 'read' 'write' 'readreq' 'writereq' 'writeresp'>

State 39 <SV = 38> <Delay = 0.00>
ST_39 : Operation 261 [34/71] (3.65ns)   --->   "%empty = readreq i1 @_ssdm_op_ReadReq.m_axi.p1i128, i64 %gmem0_addr, i64 5" [dylan-hls/mine.cpp:448]   --->   Operation 261 'readreq' 'empty' <Predicate = true> <Delay = 3.65> <CoreInst = "m_axi">   --->   Core 119 'm_axi' <Latency = 6> <II = 1> <Delay = 1.00> <Adapter> <Opcode : 'readrequnaligned' 'writerequnaligned' 'read' 'write' 'readreq' 'writereq' 'writeresp'>
ST_39 : Operation 262 [34/71] (3.65ns)   --->   "%gmem1_load_req = readreq i1 @_ssdm_op_ReadReq.m_axi.i256P1A, i64 %gmem1_addr, i64 1" [dylan-hls/mine.cpp:453]   --->   Operation 262 'readreq' 'gmem1_load_req' <Predicate = true> <Delay = 3.65> <CoreInst = "m_axi">   --->   Core 119 'm_axi' <Latency = 6> <II = 1> <Delay = 1.00> <Adapter> <Opcode : 'readrequnaligned' 'writerequnaligned' 'read' 'write' 'readreq' 'writereq' 'writeresp'>

State 40 <SV = 39> <Delay = 0.00>
ST_40 : Operation 263 [33/71] (3.65ns)   --->   "%empty = readreq i1 @_ssdm_op_ReadReq.m_axi.p1i128, i64 %gmem0_addr, i64 5" [dylan-hls/mine.cpp:448]   --->   Operation 263 'readreq' 'empty' <Predicate = true> <Delay = 3.65> <CoreInst = "m_axi">   --->   Core 119 'm_axi' <Latency = 6> <II = 1> <Delay = 1.00> <Adapter> <Opcode : 'readrequnaligned' 'writerequnaligned' 'read' 'write' 'readreq' 'writereq' 'writeresp'>
ST_40 : Operation 264 [33/71] (3.65ns)   --->   "%gmem1_load_req = readreq i1 @_ssdm_op_ReadReq.m_axi.i256P1A, i64 %gmem1_addr, i64 1" [dylan-hls/mine.cpp:453]   --->   Operation 264 'readreq' 'gmem1_load_req' <Predicate = true> <Delay = 3.65> <CoreInst = "m_axi">   --->   Core 119 'm_axi' <Latency = 6> <II = 1> <Delay = 1.00> <Adapter> <Opcode : 'readrequnaligned' 'writerequnaligned' 'read' 'write' 'readreq' 'writereq' 'writeresp'>

State 41 <SV = 40> <Delay = 0.00>
ST_41 : Operation 265 [32/71] (3.65ns)   --->   "%empty = readreq i1 @_ssdm_op_ReadReq.m_axi.p1i128, i64 %gmem0_addr, i64 5" [dylan-hls/mine.cpp:448]   --->   Operation 265 'readreq' 'empty' <Predicate = true> <Delay = 3.65> <CoreInst = "m_axi">   --->   Core 119 'm_axi' <Latency = 6> <II = 1> <Delay = 1.00> <Adapter> <Opcode : 'readrequnaligned' 'writerequnaligned' 'read' 'write' 'readreq' 'writereq' 'writeresp'>
ST_41 : Operation 266 [32/71] (3.65ns)   --->   "%gmem1_load_req = readreq i1 @_ssdm_op_ReadReq.m_axi.i256P1A, i64 %gmem1_addr, i64 1" [dylan-hls/mine.cpp:453]   --->   Operation 266 'readreq' 'gmem1_load_req' <Predicate = true> <Delay = 3.65> <CoreInst = "m_axi">   --->   Core 119 'm_axi' <Latency = 6> <II = 1> <Delay = 1.00> <Adapter> <Opcode : 'readrequnaligned' 'writerequnaligned' 'read' 'write' 'readreq' 'writereq' 'writeresp'>

State 42 <SV = 41> <Delay = 0.00>
ST_42 : Operation 267 [31/71] (3.65ns)   --->   "%empty = readreq i1 @_ssdm_op_ReadReq.m_axi.p1i128, i64 %gmem0_addr, i64 5" [dylan-hls/mine.cpp:448]   --->   Operation 267 'readreq' 'empty' <Predicate = true> <Delay = 3.65> <CoreInst = "m_axi">   --->   Core 119 'm_axi' <Latency = 6> <II = 1> <Delay = 1.00> <Adapter> <Opcode : 'readrequnaligned' 'writerequnaligned' 'read' 'write' 'readreq' 'writereq' 'writeresp'>
ST_42 : Operation 268 [31/71] (3.65ns)   --->   "%gmem1_load_req = readreq i1 @_ssdm_op_ReadReq.m_axi.i256P1A, i64 %gmem1_addr, i64 1" [dylan-hls/mine.cpp:453]   --->   Operation 268 'readreq' 'gmem1_load_req' <Predicate = true> <Delay = 3.65> <CoreInst = "m_axi">   --->   Core 119 'm_axi' <Latency = 6> <II = 1> <Delay = 1.00> <Adapter> <Opcode : 'readrequnaligned' 'writerequnaligned' 'read' 'write' 'readreq' 'writereq' 'writeresp'>

State 43 <SV = 42> <Delay = 0.00>
ST_43 : Operation 269 [30/71] (3.65ns)   --->   "%empty = readreq i1 @_ssdm_op_ReadReq.m_axi.p1i128, i64 %gmem0_addr, i64 5" [dylan-hls/mine.cpp:448]   --->   Operation 269 'readreq' 'empty' <Predicate = true> <Delay = 3.65> <CoreInst = "m_axi">   --->   Core 119 'm_axi' <Latency = 6> <II = 1> <Delay = 1.00> <Adapter> <Opcode : 'readrequnaligned' 'writerequnaligned' 'read' 'write' 'readreq' 'writereq' 'writeresp'>
ST_43 : Operation 270 [30/71] (3.65ns)   --->   "%gmem1_load_req = readreq i1 @_ssdm_op_ReadReq.m_axi.i256P1A, i64 %gmem1_addr, i64 1" [dylan-hls/mine.cpp:453]   --->   Operation 270 'readreq' 'gmem1_load_req' <Predicate = true> <Delay = 3.65> <CoreInst = "m_axi">   --->   Core 119 'm_axi' <Latency = 6> <II = 1> <Delay = 1.00> <Adapter> <Opcode : 'readrequnaligned' 'writerequnaligned' 'read' 'write' 'readreq' 'writereq' 'writeresp'>

State 44 <SV = 43> <Delay = 0.00>
ST_44 : Operation 271 [29/71] (3.65ns)   --->   "%empty = readreq i1 @_ssdm_op_ReadReq.m_axi.p1i128, i64 %gmem0_addr, i64 5" [dylan-hls/mine.cpp:448]   --->   Operation 271 'readreq' 'empty' <Predicate = true> <Delay = 3.65> <CoreInst = "m_axi">   --->   Core 119 'm_axi' <Latency = 6> <II = 1> <Delay = 1.00> <Adapter> <Opcode : 'readrequnaligned' 'writerequnaligned' 'read' 'write' 'readreq' 'writereq' 'writeresp'>
ST_44 : Operation 272 [29/71] (3.65ns)   --->   "%gmem1_load_req = readreq i1 @_ssdm_op_ReadReq.m_axi.i256P1A, i64 %gmem1_addr, i64 1" [dylan-hls/mine.cpp:453]   --->   Operation 272 'readreq' 'gmem1_load_req' <Predicate = true> <Delay = 3.65> <CoreInst = "m_axi">   --->   Core 119 'm_axi' <Latency = 6> <II = 1> <Delay = 1.00> <Adapter> <Opcode : 'readrequnaligned' 'writerequnaligned' 'read' 'write' 'readreq' 'writereq' 'writeresp'>

State 45 <SV = 44> <Delay = 0.00>
ST_45 : Operation 273 [28/71] (3.65ns)   --->   "%empty = readreq i1 @_ssdm_op_ReadReq.m_axi.p1i128, i64 %gmem0_addr, i64 5" [dylan-hls/mine.cpp:448]   --->   Operation 273 'readreq' 'empty' <Predicate = true> <Delay = 3.65> <CoreInst = "m_axi">   --->   Core 119 'm_axi' <Latency = 6> <II = 1> <Delay = 1.00> <Adapter> <Opcode : 'readrequnaligned' 'writerequnaligned' 'read' 'write' 'readreq' 'writereq' 'writeresp'>
ST_45 : Operation 274 [28/71] (3.65ns)   --->   "%gmem1_load_req = readreq i1 @_ssdm_op_ReadReq.m_axi.i256P1A, i64 %gmem1_addr, i64 1" [dylan-hls/mine.cpp:453]   --->   Operation 274 'readreq' 'gmem1_load_req' <Predicate = true> <Delay = 3.65> <CoreInst = "m_axi">   --->   Core 119 'm_axi' <Latency = 6> <II = 1> <Delay = 1.00> <Adapter> <Opcode : 'readrequnaligned' 'writerequnaligned' 'read' 'write' 'readreq' 'writereq' 'writeresp'>

State 46 <SV = 45> <Delay = 0.00>
ST_46 : Operation 275 [27/71] (3.65ns)   --->   "%empty = readreq i1 @_ssdm_op_ReadReq.m_axi.p1i128, i64 %gmem0_addr, i64 5" [dylan-hls/mine.cpp:448]   --->   Operation 275 'readreq' 'empty' <Predicate = true> <Delay = 3.65> <CoreInst = "m_axi">   --->   Core 119 'm_axi' <Latency = 6> <II = 1> <Delay = 1.00> <Adapter> <Opcode : 'readrequnaligned' 'writerequnaligned' 'read' 'write' 'readreq' 'writereq' 'writeresp'>
ST_46 : Operation 276 [27/71] (3.65ns)   --->   "%gmem1_load_req = readreq i1 @_ssdm_op_ReadReq.m_axi.i256P1A, i64 %gmem1_addr, i64 1" [dylan-hls/mine.cpp:453]   --->   Operation 276 'readreq' 'gmem1_load_req' <Predicate = true> <Delay = 3.65> <CoreInst = "m_axi">   --->   Core 119 'm_axi' <Latency = 6> <II = 1> <Delay = 1.00> <Adapter> <Opcode : 'readrequnaligned' 'writerequnaligned' 'read' 'write' 'readreq' 'writereq' 'writeresp'>

State 47 <SV = 46> <Delay = 0.00>
ST_47 : Operation 277 [26/71] (3.65ns)   --->   "%empty = readreq i1 @_ssdm_op_ReadReq.m_axi.p1i128, i64 %gmem0_addr, i64 5" [dylan-hls/mine.cpp:448]   --->   Operation 277 'readreq' 'empty' <Predicate = true> <Delay = 3.65> <CoreInst = "m_axi">   --->   Core 119 'm_axi' <Latency = 6> <II = 1> <Delay = 1.00> <Adapter> <Opcode : 'readrequnaligned' 'writerequnaligned' 'read' 'write' 'readreq' 'writereq' 'writeresp'>
ST_47 : Operation 278 [26/71] (3.65ns)   --->   "%gmem1_load_req = readreq i1 @_ssdm_op_ReadReq.m_axi.i256P1A, i64 %gmem1_addr, i64 1" [dylan-hls/mine.cpp:453]   --->   Operation 278 'readreq' 'gmem1_load_req' <Predicate = true> <Delay = 3.65> <CoreInst = "m_axi">   --->   Core 119 'm_axi' <Latency = 6> <II = 1> <Delay = 1.00> <Adapter> <Opcode : 'readrequnaligned' 'writerequnaligned' 'read' 'write' 'readreq' 'writereq' 'writeresp'>

State 48 <SV = 47> <Delay = 0.00>
ST_48 : Operation 279 [25/71] (3.65ns)   --->   "%empty = readreq i1 @_ssdm_op_ReadReq.m_axi.p1i128, i64 %gmem0_addr, i64 5" [dylan-hls/mine.cpp:448]   --->   Operation 279 'readreq' 'empty' <Predicate = true> <Delay = 3.65> <CoreInst = "m_axi">   --->   Core 119 'm_axi' <Latency = 6> <II = 1> <Delay = 1.00> <Adapter> <Opcode : 'readrequnaligned' 'writerequnaligned' 'read' 'write' 'readreq' 'writereq' 'writeresp'>
ST_48 : Operation 280 [25/71] (3.65ns)   --->   "%gmem1_load_req = readreq i1 @_ssdm_op_ReadReq.m_axi.i256P1A, i64 %gmem1_addr, i64 1" [dylan-hls/mine.cpp:453]   --->   Operation 280 'readreq' 'gmem1_load_req' <Predicate = true> <Delay = 3.65> <CoreInst = "m_axi">   --->   Core 119 'm_axi' <Latency = 6> <II = 1> <Delay = 1.00> <Adapter> <Opcode : 'readrequnaligned' 'writerequnaligned' 'read' 'write' 'readreq' 'writereq' 'writeresp'>

State 49 <SV = 48> <Delay = 0.00>
ST_49 : Operation 281 [24/71] (3.65ns)   --->   "%empty = readreq i1 @_ssdm_op_ReadReq.m_axi.p1i128, i64 %gmem0_addr, i64 5" [dylan-hls/mine.cpp:448]   --->   Operation 281 'readreq' 'empty' <Predicate = true> <Delay = 3.65> <CoreInst = "m_axi">   --->   Core 119 'm_axi' <Latency = 6> <II = 1> <Delay = 1.00> <Adapter> <Opcode : 'readrequnaligned' 'writerequnaligned' 'read' 'write' 'readreq' 'writereq' 'writeresp'>
ST_49 : Operation 282 [24/71] (3.65ns)   --->   "%gmem1_load_req = readreq i1 @_ssdm_op_ReadReq.m_axi.i256P1A, i64 %gmem1_addr, i64 1" [dylan-hls/mine.cpp:453]   --->   Operation 282 'readreq' 'gmem1_load_req' <Predicate = true> <Delay = 3.65> <CoreInst = "m_axi">   --->   Core 119 'm_axi' <Latency = 6> <II = 1> <Delay = 1.00> <Adapter> <Opcode : 'readrequnaligned' 'writerequnaligned' 'read' 'write' 'readreq' 'writereq' 'writeresp'>

State 50 <SV = 49> <Delay = 0.00>
ST_50 : Operation 283 [23/71] (3.65ns)   --->   "%empty = readreq i1 @_ssdm_op_ReadReq.m_axi.p1i128, i64 %gmem0_addr, i64 5" [dylan-hls/mine.cpp:448]   --->   Operation 283 'readreq' 'empty' <Predicate = true> <Delay = 3.65> <CoreInst = "m_axi">   --->   Core 119 'm_axi' <Latency = 6> <II = 1> <Delay = 1.00> <Adapter> <Opcode : 'readrequnaligned' 'writerequnaligned' 'read' 'write' 'readreq' 'writereq' 'writeresp'>
ST_50 : Operation 284 [23/71] (3.65ns)   --->   "%gmem1_load_req = readreq i1 @_ssdm_op_ReadReq.m_axi.i256P1A, i64 %gmem1_addr, i64 1" [dylan-hls/mine.cpp:453]   --->   Operation 284 'readreq' 'gmem1_load_req' <Predicate = true> <Delay = 3.65> <CoreInst = "m_axi">   --->   Core 119 'm_axi' <Latency = 6> <II = 1> <Delay = 1.00> <Adapter> <Opcode : 'readrequnaligned' 'writerequnaligned' 'read' 'write' 'readreq' 'writereq' 'writeresp'>

State 51 <SV = 50> <Delay = 0.00>
ST_51 : Operation 285 [22/71] (3.65ns)   --->   "%empty = readreq i1 @_ssdm_op_ReadReq.m_axi.p1i128, i64 %gmem0_addr, i64 5" [dylan-hls/mine.cpp:448]   --->   Operation 285 'readreq' 'empty' <Predicate = true> <Delay = 3.65> <CoreInst = "m_axi">   --->   Core 119 'm_axi' <Latency = 6> <II = 1> <Delay = 1.00> <Adapter> <Opcode : 'readrequnaligned' 'writerequnaligned' 'read' 'write' 'readreq' 'writereq' 'writeresp'>
ST_51 : Operation 286 [22/71] (3.65ns)   --->   "%gmem1_load_req = readreq i1 @_ssdm_op_ReadReq.m_axi.i256P1A, i64 %gmem1_addr, i64 1" [dylan-hls/mine.cpp:453]   --->   Operation 286 'readreq' 'gmem1_load_req' <Predicate = true> <Delay = 3.65> <CoreInst = "m_axi">   --->   Core 119 'm_axi' <Latency = 6> <II = 1> <Delay = 1.00> <Adapter> <Opcode : 'readrequnaligned' 'writerequnaligned' 'read' 'write' 'readreq' 'writereq' 'writeresp'>

State 52 <SV = 51> <Delay = 0.00>
ST_52 : Operation 287 [21/71] (3.65ns)   --->   "%empty = readreq i1 @_ssdm_op_ReadReq.m_axi.p1i128, i64 %gmem0_addr, i64 5" [dylan-hls/mine.cpp:448]   --->   Operation 287 'readreq' 'empty' <Predicate = true> <Delay = 3.65> <CoreInst = "m_axi">   --->   Core 119 'm_axi' <Latency = 6> <II = 1> <Delay = 1.00> <Adapter> <Opcode : 'readrequnaligned' 'writerequnaligned' 'read' 'write' 'readreq' 'writereq' 'writeresp'>
ST_52 : Operation 288 [21/71] (3.65ns)   --->   "%gmem1_load_req = readreq i1 @_ssdm_op_ReadReq.m_axi.i256P1A, i64 %gmem1_addr, i64 1" [dylan-hls/mine.cpp:453]   --->   Operation 288 'readreq' 'gmem1_load_req' <Predicate = true> <Delay = 3.65> <CoreInst = "m_axi">   --->   Core 119 'm_axi' <Latency = 6> <II = 1> <Delay = 1.00> <Adapter> <Opcode : 'readrequnaligned' 'writerequnaligned' 'read' 'write' 'readreq' 'writereq' 'writeresp'>

State 53 <SV = 52> <Delay = 0.00>
ST_53 : Operation 289 [20/71] (3.65ns)   --->   "%empty = readreq i1 @_ssdm_op_ReadReq.m_axi.p1i128, i64 %gmem0_addr, i64 5" [dylan-hls/mine.cpp:448]   --->   Operation 289 'readreq' 'empty' <Predicate = true> <Delay = 3.65> <CoreInst = "m_axi">   --->   Core 119 'm_axi' <Latency = 6> <II = 1> <Delay = 1.00> <Adapter> <Opcode : 'readrequnaligned' 'writerequnaligned' 'read' 'write' 'readreq' 'writereq' 'writeresp'>
ST_53 : Operation 290 [20/71] (3.65ns)   --->   "%gmem1_load_req = readreq i1 @_ssdm_op_ReadReq.m_axi.i256P1A, i64 %gmem1_addr, i64 1" [dylan-hls/mine.cpp:453]   --->   Operation 290 'readreq' 'gmem1_load_req' <Predicate = true> <Delay = 3.65> <CoreInst = "m_axi">   --->   Core 119 'm_axi' <Latency = 6> <II = 1> <Delay = 1.00> <Adapter> <Opcode : 'readrequnaligned' 'writerequnaligned' 'read' 'write' 'readreq' 'writereq' 'writeresp'>

State 54 <SV = 53> <Delay = 0.00>
ST_54 : Operation 291 [19/71] (3.65ns)   --->   "%empty = readreq i1 @_ssdm_op_ReadReq.m_axi.p1i128, i64 %gmem0_addr, i64 5" [dylan-hls/mine.cpp:448]   --->   Operation 291 'readreq' 'empty' <Predicate = true> <Delay = 3.65> <CoreInst = "m_axi">   --->   Core 119 'm_axi' <Latency = 6> <II = 1> <Delay = 1.00> <Adapter> <Opcode : 'readrequnaligned' 'writerequnaligned' 'read' 'write' 'readreq' 'writereq' 'writeresp'>
ST_54 : Operation 292 [19/71] (3.65ns)   --->   "%gmem1_load_req = readreq i1 @_ssdm_op_ReadReq.m_axi.i256P1A, i64 %gmem1_addr, i64 1" [dylan-hls/mine.cpp:453]   --->   Operation 292 'readreq' 'gmem1_load_req' <Predicate = true> <Delay = 3.65> <CoreInst = "m_axi">   --->   Core 119 'm_axi' <Latency = 6> <II = 1> <Delay = 1.00> <Adapter> <Opcode : 'readrequnaligned' 'writerequnaligned' 'read' 'write' 'readreq' 'writereq' 'writeresp'>

State 55 <SV = 54> <Delay = 0.00>
ST_55 : Operation 293 [18/71] (3.65ns)   --->   "%empty = readreq i1 @_ssdm_op_ReadReq.m_axi.p1i128, i64 %gmem0_addr, i64 5" [dylan-hls/mine.cpp:448]   --->   Operation 293 'readreq' 'empty' <Predicate = true> <Delay = 3.65> <CoreInst = "m_axi">   --->   Core 119 'm_axi' <Latency = 6> <II = 1> <Delay = 1.00> <Adapter> <Opcode : 'readrequnaligned' 'writerequnaligned' 'read' 'write' 'readreq' 'writereq' 'writeresp'>
ST_55 : Operation 294 [18/71] (3.65ns)   --->   "%gmem1_load_req = readreq i1 @_ssdm_op_ReadReq.m_axi.i256P1A, i64 %gmem1_addr, i64 1" [dylan-hls/mine.cpp:453]   --->   Operation 294 'readreq' 'gmem1_load_req' <Predicate = true> <Delay = 3.65> <CoreInst = "m_axi">   --->   Core 119 'm_axi' <Latency = 6> <II = 1> <Delay = 1.00> <Adapter> <Opcode : 'readrequnaligned' 'writerequnaligned' 'read' 'write' 'readreq' 'writereq' 'writeresp'>

State 56 <SV = 55> <Delay = 0.00>
ST_56 : Operation 295 [17/71] (3.65ns)   --->   "%empty = readreq i1 @_ssdm_op_ReadReq.m_axi.p1i128, i64 %gmem0_addr, i64 5" [dylan-hls/mine.cpp:448]   --->   Operation 295 'readreq' 'empty' <Predicate = true> <Delay = 3.65> <CoreInst = "m_axi">   --->   Core 119 'm_axi' <Latency = 6> <II = 1> <Delay = 1.00> <Adapter> <Opcode : 'readrequnaligned' 'writerequnaligned' 'read' 'write' 'readreq' 'writereq' 'writeresp'>
ST_56 : Operation 296 [17/71] (3.65ns)   --->   "%gmem1_load_req = readreq i1 @_ssdm_op_ReadReq.m_axi.i256P1A, i64 %gmem1_addr, i64 1" [dylan-hls/mine.cpp:453]   --->   Operation 296 'readreq' 'gmem1_load_req' <Predicate = true> <Delay = 3.65> <CoreInst = "m_axi">   --->   Core 119 'm_axi' <Latency = 6> <II = 1> <Delay = 1.00> <Adapter> <Opcode : 'readrequnaligned' 'writerequnaligned' 'read' 'write' 'readreq' 'writereq' 'writeresp'>

State 57 <SV = 56> <Delay = 0.00>
ST_57 : Operation 297 [16/71] (3.65ns)   --->   "%empty = readreq i1 @_ssdm_op_ReadReq.m_axi.p1i128, i64 %gmem0_addr, i64 5" [dylan-hls/mine.cpp:448]   --->   Operation 297 'readreq' 'empty' <Predicate = true> <Delay = 3.65> <CoreInst = "m_axi">   --->   Core 119 'm_axi' <Latency = 6> <II = 1> <Delay = 1.00> <Adapter> <Opcode : 'readrequnaligned' 'writerequnaligned' 'read' 'write' 'readreq' 'writereq' 'writeresp'>
ST_57 : Operation 298 [16/71] (3.65ns)   --->   "%gmem1_load_req = readreq i1 @_ssdm_op_ReadReq.m_axi.i256P1A, i64 %gmem1_addr, i64 1" [dylan-hls/mine.cpp:453]   --->   Operation 298 'readreq' 'gmem1_load_req' <Predicate = true> <Delay = 3.65> <CoreInst = "m_axi">   --->   Core 119 'm_axi' <Latency = 6> <II = 1> <Delay = 1.00> <Adapter> <Opcode : 'readrequnaligned' 'writerequnaligned' 'read' 'write' 'readreq' 'writereq' 'writeresp'>

State 58 <SV = 57> <Delay = 0.00>
ST_58 : Operation 299 [15/71] (3.65ns)   --->   "%empty = readreq i1 @_ssdm_op_ReadReq.m_axi.p1i128, i64 %gmem0_addr, i64 5" [dylan-hls/mine.cpp:448]   --->   Operation 299 'readreq' 'empty' <Predicate = true> <Delay = 3.65> <CoreInst = "m_axi">   --->   Core 119 'm_axi' <Latency = 6> <II = 1> <Delay = 1.00> <Adapter> <Opcode : 'readrequnaligned' 'writerequnaligned' 'read' 'write' 'readreq' 'writereq' 'writeresp'>
ST_58 : Operation 300 [15/71] (3.65ns)   --->   "%gmem1_load_req = readreq i1 @_ssdm_op_ReadReq.m_axi.i256P1A, i64 %gmem1_addr, i64 1" [dylan-hls/mine.cpp:453]   --->   Operation 300 'readreq' 'gmem1_load_req' <Predicate = true> <Delay = 3.65> <CoreInst = "m_axi">   --->   Core 119 'm_axi' <Latency = 6> <II = 1> <Delay = 1.00> <Adapter> <Opcode : 'readrequnaligned' 'writerequnaligned' 'read' 'write' 'readreq' 'writereq' 'writeresp'>

State 59 <SV = 58> <Delay = 0.00>
ST_59 : Operation 301 [14/71] (3.65ns)   --->   "%empty = readreq i1 @_ssdm_op_ReadReq.m_axi.p1i128, i64 %gmem0_addr, i64 5" [dylan-hls/mine.cpp:448]   --->   Operation 301 'readreq' 'empty' <Predicate = true> <Delay = 3.65> <CoreInst = "m_axi">   --->   Core 119 'm_axi' <Latency = 6> <II = 1> <Delay = 1.00> <Adapter> <Opcode : 'readrequnaligned' 'writerequnaligned' 'read' 'write' 'readreq' 'writereq' 'writeresp'>
ST_59 : Operation 302 [14/71] (3.65ns)   --->   "%gmem1_load_req = readreq i1 @_ssdm_op_ReadReq.m_axi.i256P1A, i64 %gmem1_addr, i64 1" [dylan-hls/mine.cpp:453]   --->   Operation 302 'readreq' 'gmem1_load_req' <Predicate = true> <Delay = 3.65> <CoreInst = "m_axi">   --->   Core 119 'm_axi' <Latency = 6> <II = 1> <Delay = 1.00> <Adapter> <Opcode : 'readrequnaligned' 'writerequnaligned' 'read' 'write' 'readreq' 'writereq' 'writeresp'>

State 60 <SV = 59> <Delay = 0.00>
ST_60 : Operation 303 [13/71] (3.65ns)   --->   "%empty = readreq i1 @_ssdm_op_ReadReq.m_axi.p1i128, i64 %gmem0_addr, i64 5" [dylan-hls/mine.cpp:448]   --->   Operation 303 'readreq' 'empty' <Predicate = true> <Delay = 3.65> <CoreInst = "m_axi">   --->   Core 119 'm_axi' <Latency = 6> <II = 1> <Delay = 1.00> <Adapter> <Opcode : 'readrequnaligned' 'writerequnaligned' 'read' 'write' 'readreq' 'writereq' 'writeresp'>
ST_60 : Operation 304 [13/71] (3.65ns)   --->   "%gmem1_load_req = readreq i1 @_ssdm_op_ReadReq.m_axi.i256P1A, i64 %gmem1_addr, i64 1" [dylan-hls/mine.cpp:453]   --->   Operation 304 'readreq' 'gmem1_load_req' <Predicate = true> <Delay = 3.65> <CoreInst = "m_axi">   --->   Core 119 'm_axi' <Latency = 6> <II = 1> <Delay = 1.00> <Adapter> <Opcode : 'readrequnaligned' 'writerequnaligned' 'read' 'write' 'readreq' 'writereq' 'writeresp'>

State 61 <SV = 60> <Delay = 0.00>
ST_61 : Operation 305 [12/71] (3.65ns)   --->   "%empty = readreq i1 @_ssdm_op_ReadReq.m_axi.p1i128, i64 %gmem0_addr, i64 5" [dylan-hls/mine.cpp:448]   --->   Operation 305 'readreq' 'empty' <Predicate = true> <Delay = 3.65> <CoreInst = "m_axi">   --->   Core 119 'm_axi' <Latency = 6> <II = 1> <Delay = 1.00> <Adapter> <Opcode : 'readrequnaligned' 'writerequnaligned' 'read' 'write' 'readreq' 'writereq' 'writeresp'>
ST_61 : Operation 306 [12/71] (3.65ns)   --->   "%gmem1_load_req = readreq i1 @_ssdm_op_ReadReq.m_axi.i256P1A, i64 %gmem1_addr, i64 1" [dylan-hls/mine.cpp:453]   --->   Operation 306 'readreq' 'gmem1_load_req' <Predicate = true> <Delay = 3.65> <CoreInst = "m_axi">   --->   Core 119 'm_axi' <Latency = 6> <II = 1> <Delay = 1.00> <Adapter> <Opcode : 'readrequnaligned' 'writerequnaligned' 'read' 'write' 'readreq' 'writereq' 'writeresp'>

State 62 <SV = 61> <Delay = 0.00>
ST_62 : Operation 307 [11/71] (3.65ns)   --->   "%empty = readreq i1 @_ssdm_op_ReadReq.m_axi.p1i128, i64 %gmem0_addr, i64 5" [dylan-hls/mine.cpp:448]   --->   Operation 307 'readreq' 'empty' <Predicate = true> <Delay = 3.65> <CoreInst = "m_axi">   --->   Core 119 'm_axi' <Latency = 6> <II = 1> <Delay = 1.00> <Adapter> <Opcode : 'readrequnaligned' 'writerequnaligned' 'read' 'write' 'readreq' 'writereq' 'writeresp'>
ST_62 : Operation 308 [11/71] (3.65ns)   --->   "%gmem1_load_req = readreq i1 @_ssdm_op_ReadReq.m_axi.i256P1A, i64 %gmem1_addr, i64 1" [dylan-hls/mine.cpp:453]   --->   Operation 308 'readreq' 'gmem1_load_req' <Predicate = true> <Delay = 3.65> <CoreInst = "m_axi">   --->   Core 119 'm_axi' <Latency = 6> <II = 1> <Delay = 1.00> <Adapter> <Opcode : 'readrequnaligned' 'writerequnaligned' 'read' 'write' 'readreq' 'writereq' 'writeresp'>

State 63 <SV = 62> <Delay = 0.00>
ST_63 : Operation 309 [10/71] (3.65ns)   --->   "%empty = readreq i1 @_ssdm_op_ReadReq.m_axi.p1i128, i64 %gmem0_addr, i64 5" [dylan-hls/mine.cpp:448]   --->   Operation 309 'readreq' 'empty' <Predicate = true> <Delay = 3.65> <CoreInst = "m_axi">   --->   Core 119 'm_axi' <Latency = 6> <II = 1> <Delay = 1.00> <Adapter> <Opcode : 'readrequnaligned' 'writerequnaligned' 'read' 'write' 'readreq' 'writereq' 'writeresp'>
ST_63 : Operation 310 [10/71] (3.65ns)   --->   "%gmem1_load_req = readreq i1 @_ssdm_op_ReadReq.m_axi.i256P1A, i64 %gmem1_addr, i64 1" [dylan-hls/mine.cpp:453]   --->   Operation 310 'readreq' 'gmem1_load_req' <Predicate = true> <Delay = 3.65> <CoreInst = "m_axi">   --->   Core 119 'm_axi' <Latency = 6> <II = 1> <Delay = 1.00> <Adapter> <Opcode : 'readrequnaligned' 'writerequnaligned' 'read' 'write' 'readreq' 'writereq' 'writeresp'>

State 64 <SV = 63> <Delay = 0.00>
ST_64 : Operation 311 [9/71] (3.65ns)   --->   "%empty = readreq i1 @_ssdm_op_ReadReq.m_axi.p1i128, i64 %gmem0_addr, i64 5" [dylan-hls/mine.cpp:448]   --->   Operation 311 'readreq' 'empty' <Predicate = true> <Delay = 3.65> <CoreInst = "m_axi">   --->   Core 119 'm_axi' <Latency = 6> <II = 1> <Delay = 1.00> <Adapter> <Opcode : 'readrequnaligned' 'writerequnaligned' 'read' 'write' 'readreq' 'writereq' 'writeresp'>
ST_64 : Operation 312 [9/71] (3.65ns)   --->   "%gmem1_load_req = readreq i1 @_ssdm_op_ReadReq.m_axi.i256P1A, i64 %gmem1_addr, i64 1" [dylan-hls/mine.cpp:453]   --->   Operation 312 'readreq' 'gmem1_load_req' <Predicate = true> <Delay = 3.65> <CoreInst = "m_axi">   --->   Core 119 'm_axi' <Latency = 6> <II = 1> <Delay = 1.00> <Adapter> <Opcode : 'readrequnaligned' 'writerequnaligned' 'read' 'write' 'readreq' 'writereq' 'writeresp'>

State 65 <SV = 64> <Delay = 0.00>
ST_65 : Operation 313 [8/71] (3.65ns)   --->   "%empty = readreq i1 @_ssdm_op_ReadReq.m_axi.p1i128, i64 %gmem0_addr, i64 5" [dylan-hls/mine.cpp:448]   --->   Operation 313 'readreq' 'empty' <Predicate = true> <Delay = 3.65> <CoreInst = "m_axi">   --->   Core 119 'm_axi' <Latency = 6> <II = 1> <Delay = 1.00> <Adapter> <Opcode : 'readrequnaligned' 'writerequnaligned' 'read' 'write' 'readreq' 'writereq' 'writeresp'>
ST_65 : Operation 314 [8/71] (3.65ns)   --->   "%gmem1_load_req = readreq i1 @_ssdm_op_ReadReq.m_axi.i256P1A, i64 %gmem1_addr, i64 1" [dylan-hls/mine.cpp:453]   --->   Operation 314 'readreq' 'gmem1_load_req' <Predicate = true> <Delay = 3.65> <CoreInst = "m_axi">   --->   Core 119 'm_axi' <Latency = 6> <II = 1> <Delay = 1.00> <Adapter> <Opcode : 'readrequnaligned' 'writerequnaligned' 'read' 'write' 'readreq' 'writereq' 'writeresp'>

State 66 <SV = 65> <Delay = 0.00>
ST_66 : Operation 315 [7/71] (3.65ns)   --->   "%empty = readreq i1 @_ssdm_op_ReadReq.m_axi.p1i128, i64 %gmem0_addr, i64 5" [dylan-hls/mine.cpp:448]   --->   Operation 315 'readreq' 'empty' <Predicate = true> <Delay = 3.65> <CoreInst = "m_axi">   --->   Core 119 'm_axi' <Latency = 6> <II = 1> <Delay = 1.00> <Adapter> <Opcode : 'readrequnaligned' 'writerequnaligned' 'read' 'write' 'readreq' 'writereq' 'writeresp'>
ST_66 : Operation 316 [7/71] (3.65ns)   --->   "%gmem1_load_req = readreq i1 @_ssdm_op_ReadReq.m_axi.i256P1A, i64 %gmem1_addr, i64 1" [dylan-hls/mine.cpp:453]   --->   Operation 316 'readreq' 'gmem1_load_req' <Predicate = true> <Delay = 3.65> <CoreInst = "m_axi">   --->   Core 119 'm_axi' <Latency = 6> <II = 1> <Delay = 1.00> <Adapter> <Opcode : 'readrequnaligned' 'writerequnaligned' 'read' 'write' 'readreq' 'writereq' 'writeresp'>

State 67 <SV = 66> <Delay = 0.00>
ST_67 : Operation 317 [6/71] (3.65ns)   --->   "%empty = readreq i1 @_ssdm_op_ReadReq.m_axi.p1i128, i64 %gmem0_addr, i64 5" [dylan-hls/mine.cpp:448]   --->   Operation 317 'readreq' 'empty' <Predicate = true> <Delay = 3.65> <CoreInst = "m_axi">   --->   Core 119 'm_axi' <Latency = 6> <II = 1> <Delay = 1.00> <Adapter> <Opcode : 'readrequnaligned' 'writerequnaligned' 'read' 'write' 'readreq' 'writereq' 'writeresp'>
ST_67 : Operation 318 [6/71] (3.65ns)   --->   "%gmem1_load_req = readreq i1 @_ssdm_op_ReadReq.m_axi.i256P1A, i64 %gmem1_addr, i64 1" [dylan-hls/mine.cpp:453]   --->   Operation 318 'readreq' 'gmem1_load_req' <Predicate = true> <Delay = 3.65> <CoreInst = "m_axi">   --->   Core 119 'm_axi' <Latency = 6> <II = 1> <Delay = 1.00> <Adapter> <Opcode : 'readrequnaligned' 'writerequnaligned' 'read' 'write' 'readreq' 'writereq' 'writeresp'>

State 68 <SV = 67> <Delay = 0.00>
ST_68 : Operation 319 [5/71] (3.65ns)   --->   "%empty = readreq i1 @_ssdm_op_ReadReq.m_axi.p1i128, i64 %gmem0_addr, i64 5" [dylan-hls/mine.cpp:448]   --->   Operation 319 'readreq' 'empty' <Predicate = true> <Delay = 3.65> <CoreInst = "m_axi">   --->   Core 119 'm_axi' <Latency = 6> <II = 1> <Delay = 1.00> <Adapter> <Opcode : 'readrequnaligned' 'writerequnaligned' 'read' 'write' 'readreq' 'writereq' 'writeresp'>
ST_68 : Operation 320 [5/71] (3.65ns)   --->   "%gmem1_load_req = readreq i1 @_ssdm_op_ReadReq.m_axi.i256P1A, i64 %gmem1_addr, i64 1" [dylan-hls/mine.cpp:453]   --->   Operation 320 'readreq' 'gmem1_load_req' <Predicate = true> <Delay = 3.65> <CoreInst = "m_axi">   --->   Core 119 'm_axi' <Latency = 6> <II = 1> <Delay = 1.00> <Adapter> <Opcode : 'readrequnaligned' 'writerequnaligned' 'read' 'write' 'readreq' 'writereq' 'writeresp'>

State 69 <SV = 68> <Delay = 0.00>
ST_69 : Operation 321 [4/71] (3.65ns)   --->   "%empty = readreq i1 @_ssdm_op_ReadReq.m_axi.p1i128, i64 %gmem0_addr, i64 5" [dylan-hls/mine.cpp:448]   --->   Operation 321 'readreq' 'empty' <Predicate = true> <Delay = 3.65> <CoreInst = "m_axi">   --->   Core 119 'm_axi' <Latency = 6> <II = 1> <Delay = 1.00> <Adapter> <Opcode : 'readrequnaligned' 'writerequnaligned' 'read' 'write' 'readreq' 'writereq' 'writeresp'>
ST_69 : Operation 322 [4/71] (3.65ns)   --->   "%gmem1_load_req = readreq i1 @_ssdm_op_ReadReq.m_axi.i256P1A, i64 %gmem1_addr, i64 1" [dylan-hls/mine.cpp:453]   --->   Operation 322 'readreq' 'gmem1_load_req' <Predicate = true> <Delay = 3.65> <CoreInst = "m_axi">   --->   Core 119 'm_axi' <Latency = 6> <II = 1> <Delay = 1.00> <Adapter> <Opcode : 'readrequnaligned' 'writerequnaligned' 'read' 'write' 'readreq' 'writereq' 'writeresp'>

State 70 <SV = 69> <Delay = 0.00>
ST_70 : Operation 323 [3/71] (3.65ns)   --->   "%empty = readreq i1 @_ssdm_op_ReadReq.m_axi.p1i128, i64 %gmem0_addr, i64 5" [dylan-hls/mine.cpp:448]   --->   Operation 323 'readreq' 'empty' <Predicate = true> <Delay = 3.65> <CoreInst = "m_axi">   --->   Core 119 'm_axi' <Latency = 6> <II = 1> <Delay = 1.00> <Adapter> <Opcode : 'readrequnaligned' 'writerequnaligned' 'read' 'write' 'readreq' 'writereq' 'writeresp'>
ST_70 : Operation 324 [3/71] (3.65ns)   --->   "%gmem1_load_req = readreq i1 @_ssdm_op_ReadReq.m_axi.i256P1A, i64 %gmem1_addr, i64 1" [dylan-hls/mine.cpp:453]   --->   Operation 324 'readreq' 'gmem1_load_req' <Predicate = true> <Delay = 3.65> <CoreInst = "m_axi">   --->   Core 119 'm_axi' <Latency = 6> <II = 1> <Delay = 1.00> <Adapter> <Opcode : 'readrequnaligned' 'writerequnaligned' 'read' 'write' 'readreq' 'writereq' 'writeresp'>

State 71 <SV = 70> <Delay = 0.00>
ST_71 : Operation 325 [2/71] (3.65ns)   --->   "%empty = readreq i1 @_ssdm_op_ReadReq.m_axi.p1i128, i64 %gmem0_addr, i64 5" [dylan-hls/mine.cpp:448]   --->   Operation 325 'readreq' 'empty' <Predicate = true> <Delay = 3.65> <CoreInst = "m_axi">   --->   Core 119 'm_axi' <Latency = 6> <II = 1> <Delay = 1.00> <Adapter> <Opcode : 'readrequnaligned' 'writerequnaligned' 'read' 'write' 'readreq' 'writereq' 'writeresp'>
ST_71 : Operation 326 [2/71] (3.65ns)   --->   "%gmem1_load_req = readreq i1 @_ssdm_op_ReadReq.m_axi.i256P1A, i64 %gmem1_addr, i64 1" [dylan-hls/mine.cpp:453]   --->   Operation 326 'readreq' 'gmem1_load_req' <Predicate = true> <Delay = 3.65> <CoreInst = "m_axi">   --->   Core 119 'm_axi' <Latency = 6> <II = 1> <Delay = 1.00> <Adapter> <Opcode : 'readrequnaligned' 'writerequnaligned' 'read' 'write' 'readreq' 'writereq' 'writeresp'>

State 72 <SV = 71> <Delay = 3.65>
ST_72 : Operation 327 [1/71] ( I:3.65ns O:3.65ns )   --->   "%empty = readreq i1 @_ssdm_op_ReadReq.m_axi.p1i128, i64 %gmem0_addr, i64 5" [dylan-hls/mine.cpp:448]   --->   Operation 327 'readreq' 'empty' <Predicate = true> <Delay = 3.65> <CoreInst = "m_axi">   --->   Core 119 'm_axi' <Latency = 6> <II = 1> <Delay = 1.00> <Adapter> <Opcode : 'readrequnaligned' 'writerequnaligned' 'read' 'write' 'readreq' 'writereq' 'writeresp'>
ST_72 : Operation 328 [1/71] ( I:3.65ns O:3.65ns )   --->   "%gmem1_load_req = readreq i1 @_ssdm_op_ReadReq.m_axi.i256P1A, i64 %gmem1_addr, i64 1" [dylan-hls/mine.cpp:453]   --->   Operation 328 'readreq' 'gmem1_load_req' <Predicate = true> <Delay = 3.65> <CoreInst = "m_axi">   --->   Core 119 'm_axi' <Latency = 6> <II = 1> <Delay = 1.00> <Adapter> <Opcode : 'readrequnaligned' 'writerequnaligned' 'read' 'write' 'readreq' 'writereq' 'writeresp'>

State 73 <SV = 72> <Delay = 3.65>
ST_73 : Operation 329 [1/1] ( I:3.65ns O:3.65ns )   --->   "%gmem1_addr_read = read i256 @_ssdm_op_Read.m_axi.i256P1A, i64 %gmem1_addr" [dylan-hls/mine.cpp:453]   --->   Operation 329 'read' 'gmem1_addr_read' <Predicate = true> <Delay = 3.65> <CoreInst = "m_axi">   --->   Core 119 'm_axi' <Latency = 3> <II = 1> <Delay = 1.00> <Adapter> <Opcode : 'readrequnaligned' 'writerequnaligned' 'read' 'write' 'readreq' 'writereq' 'writeresp'>

State 74 <SV = 73> <Delay = 0.42>
ST_74 : Operation 330 [2/2] (0.00ns)   --->   "%call_ln448 = call void @mine_Pipeline_VITIS_LOOP_448_1, i128 %gmem0, i32 %hdr, i60 %trunc_ln" [dylan-hls/mine.cpp:448]   --->   Operation 330 'call' 'call_ln448' <Predicate = true> <Delay = 0.00> <CoreType = "Generic">   --->   Generic Core
ST_74 : Operation 331 [2/2] (0.42ns)   --->   "%call_ln453 = call void @mine_Pipeline_VITIS_LOOP_453_2, i256 %gmem1_addr_read, i32 %tgt" [dylan-hls/mine.cpp:453]   --->   Operation 331 'call' 'call_ln453' <Predicate = true> <Delay = 0.42> <CoreType = "Generic">   --->   Generic Core

State 75 <SV = 74> <Delay = 1.22>
ST_75 : Operation 332 [1/2] (0.00ns)   --->   "%call_ln448 = call void @mine_Pipeline_VITIS_LOOP_448_1, i128 %gmem0, i32 %hdr, i60 %trunc_ln" [dylan-hls/mine.cpp:448]   --->   Operation 332 'call' 'call_ln448' <Predicate = true> <Delay = 0.00> <CoreType = "Generic">   --->   Generic Core
ST_75 : Operation 333 [1/2] (1.22ns)   --->   "%call_ln453 = call void @mine_Pipeline_VITIS_LOOP_453_2, i256 %gmem1_addr_read, i32 %tgt" [dylan-hls/mine.cpp:453]   --->   Operation 333 'call' 'call_ln453' <Predicate = true> <Delay = 1.22> <CoreType = "Generic">   --->   Generic Core

State 76 <SV = 75> <Delay = 0.00>
ST_76 : Operation 334 [2/2] (0.00ns)   --->   "%call_ln0 = call void @mine_Pipeline_BUILD_FIRST_BLOCK, i32 %hdr, i32 %or7_i_i37_loc, i32 %or7_i_i35_loc, i32 %or7_i_i33_loc, i32 %or7_i_i31_loc, i32 %or7_i_i29_loc, i32 %or7_i_i27_loc, i32 %or7_i_i25_loc, i32 %or7_i_i23_loc, i32 %or7_i_i21_loc, i32 %or7_i_i19_loc, i32 %or7_i_i17_loc, i32 %or7_i_i15_loc, i32 %or7_i_i13_loc, i32 %or7_i_i11_loc, i32 %or7_i_i9_loc, i32 %or7_i_i7_loc"   --->   Operation 334 'call' 'call_ln0' <Predicate = true> <Delay = 0.00> <CoreType = "Generic">   --->   Generic Core

State 77 <SV = 76> <Delay = 1.64>
ST_77 : Operation 335 [1/2] (1.64ns)   --->   "%call_ln0 = call void @mine_Pipeline_BUILD_FIRST_BLOCK, i32 %hdr, i32 %or7_i_i37_loc, i32 %or7_i_i35_loc, i32 %or7_i_i33_loc, i32 %or7_i_i31_loc, i32 %or7_i_i29_loc, i32 %or7_i_i27_loc, i32 %or7_i_i25_loc, i32 %or7_i_i23_loc, i32 %or7_i_i21_loc, i32 %or7_i_i19_loc, i32 %or7_i_i17_loc, i32 %or7_i_i15_loc, i32 %or7_i_i13_loc, i32 %or7_i_i11_loc, i32 %or7_i_i9_loc, i32 %or7_i_i7_loc"   --->   Operation 335 'call' 'call_ln0' <Predicate = true> <Delay = 1.64> <CoreType = "Generic">   --->   Generic Core

State 78 <SV = 77> <Delay = 0.48>
ST_78 : Operation 336 [1/1] (0.00ns)   --->   "%or7_i_i37_loc_load = load i32 %or7_i_i37_loc"   --->   Operation 336 'load' 'or7_i_i37_loc_load' <Predicate = true> <Delay = 0.00>
ST_78 : Operation 337 [1/1] (0.00ns)   --->   "%or7_i_i35_loc_load = load i32 %or7_i_i35_loc"   --->   Operation 337 'load' 'or7_i_i35_loc_load' <Predicate = true> <Delay = 0.00>
ST_78 : Operation 338 [1/1] (0.00ns)   --->   "%or7_i_i33_loc_load = load i32 %or7_i_i33_loc"   --->   Operation 338 'load' 'or7_i_i33_loc_load' <Predicate = true> <Delay = 0.00>
ST_78 : Operation 339 [1/1] (0.00ns)   --->   "%or7_i_i31_loc_load = load i32 %or7_i_i31_loc"   --->   Operation 339 'load' 'or7_i_i31_loc_load' <Predicate = true> <Delay = 0.00>
ST_78 : Operation 340 [1/1] (0.00ns)   --->   "%or7_i_i29_loc_load = load i32 %or7_i_i29_loc"   --->   Operation 340 'load' 'or7_i_i29_loc_load' <Predicate = true> <Delay = 0.00>
ST_78 : Operation 341 [1/1] (0.00ns)   --->   "%or7_i_i27_loc_load = load i32 %or7_i_i27_loc"   --->   Operation 341 'load' 'or7_i_i27_loc_load' <Predicate = true> <Delay = 0.00>
ST_78 : Operation 342 [1/1] (0.00ns)   --->   "%or7_i_i25_loc_load = load i32 %or7_i_i25_loc"   --->   Operation 342 'load' 'or7_i_i25_loc_load' <Predicate = true> <Delay = 0.00>
ST_78 : Operation 343 [1/1] (0.00ns)   --->   "%or7_i_i23_loc_load = load i32 %or7_i_i23_loc"   --->   Operation 343 'load' 'or7_i_i23_loc_load' <Predicate = true> <Delay = 0.00>
ST_78 : Operation 344 [1/1] (0.00ns)   --->   "%or7_i_i21_loc_load = load i32 %or7_i_i21_loc"   --->   Operation 344 'load' 'or7_i_i21_loc_load' <Predicate = true> <Delay = 0.00>
ST_78 : Operation 345 [1/1] (0.00ns)   --->   "%or7_i_i19_loc_load = load i32 %or7_i_i19_loc"   --->   Operation 345 'load' 'or7_i_i19_loc_load' <Predicate = true> <Delay = 0.00>
ST_78 : Operation 346 [1/1] (0.00ns)   --->   "%or7_i_i17_loc_load = load i32 %or7_i_i17_loc"   --->   Operation 346 'load' 'or7_i_i17_loc_load' <Predicate = true> <Delay = 0.00>
ST_78 : Operation 347 [1/1] (0.00ns)   --->   "%or7_i_i15_loc_load = load i32 %or7_i_i15_loc"   --->   Operation 347 'load' 'or7_i_i15_loc_load' <Predicate = true> <Delay = 0.00>
ST_78 : Operation 348 [1/1] (0.00ns)   --->   "%or7_i_i13_loc_load = load i32 %or7_i_i13_loc"   --->   Operation 348 'load' 'or7_i_i13_loc_load' <Predicate = true> <Delay = 0.00>
ST_78 : Operation 349 [1/1] (0.00ns)   --->   "%or7_i_i11_loc_load = load i32 %or7_i_i11_loc"   --->   Operation 349 'load' 'or7_i_i11_loc_load' <Predicate = true> <Delay = 0.00>
ST_78 : Operation 350 [1/1] (0.00ns)   --->   "%or7_i_i9_loc_load = load i32 %or7_i_i9_loc"   --->   Operation 350 'load' 'or7_i_i9_loc_load' <Predicate = true> <Delay = 0.00>
ST_78 : Operation 351 [1/1] (0.00ns)   --->   "%or7_i_i7_loc_load = load i32 %or7_i_i7_loc"   --->   Operation 351 'load' 'or7_i_i7_loc_load' <Predicate = true> <Delay = 0.00>
ST_78 : Operation 352 [2/2] (0.48ns)   --->   "%call_ret = call i256 @sha256_compress_words.1, i32 %or7_i_i35_loc_load, i32 %or7_i_i33_loc_load, i32 %or7_i_i31_loc_load, i32 %or7_i_i29_loc_load, i32 %or7_i_i27_loc_load, i32 %or7_i_i25_loc_load, i32 %or7_i_i23_loc_load, i32 %or7_i_i21_loc_load, i32 %or7_i_i19_loc_load, i32 %or7_i_i17_loc_load, i32 %or7_i_i15_loc_load, i32 %or7_i_i13_loc_load, i32 %or7_i_i11_loc_load, i32 %or7_i_i9_loc_load, i32 %or7_i_i7_loc_load, i32 %or7_i_i37_loc_load, i32 %K" [dylan-hls/mine.cpp:239->dylan-hls/mine.cpp:463]   --->   Operation 352 'call' 'call_ret' <Predicate = true> <Delay = 0.48> <CoreType = "Generic">   --->   Generic Core

State 79 <SV = 78> <Delay = 2.44>
ST_79 : Operation 353 [1/1] (1.00ns)   --->   "%nonce_count_read = read i32 @_ssdm_op_Read.ap_none.i32, i32 %nonce_count"   --->   Operation 353 'read' 'nonce_count_read' <Predicate = true> <Delay = 1.00> <CoreInst = "s_axilite">   --->   Core 120 's_axilite' <Latency = 0> <II = 1> <Delay = 1.00> <Adapter> <Opcode : 'read' 'write'>
ST_79 : Operation 354 [1/1] (1.00ns)   --->   "%nonce_start_read = read i32 @_ssdm_op_Read.ap_none.i32, i32 %nonce_start"   --->   Operation 354 'read' 'nonce_start_read' <Predicate = true> <Delay = 1.00> <CoreInst = "s_axilite">   --->   Core 120 's_axilite' <Latency = 0> <II = 1> <Delay = 1.00> <Adapter> <Opcode : 'read' 'write'>
ST_79 : Operation 355 [1/1] (0.00ns)   --->   "%spectopmodule_ln435 = spectopmodule void @_ssdm_op_SpecTopModule, void @empty_16" [dylan-hls/mine.cpp:435]   --->   Operation 355 'spectopmodule' 'spectopmodule_ln435' <Predicate = true> <Delay = 0.00>
ST_79 : Operation 356 [1/1] (0.00ns)   --->   "%specinterface_ln435 = specinterface void @_ssdm_op_SpecInterface, i32 0, void @empty_18, i32 0, i32 0, void @empty, i32 0, i32 0, void @empty, void @empty, void @empty, i32 0, i32 0, i32 0, i32 0, void @empty, void @empty, i32 4294967295, i32 0, i32 0, i32 0" [dylan-hls/mine.cpp:435]   --->   Operation 356 'specinterface' 'specinterface_ln435' <Predicate = true> <Delay = 0.00>
ST_79 : Operation 357 [1/1] (0.00ns)   --->   "%specinterface_ln0 = specinterface void @_ssdm_op_SpecInterface, i128 %gmem0, void @empty_17, i32 0, i32 0, void @empty, i32 64, i32 5, void @empty_0, void @empty_1, void @empty, i32 16, i32 16, i32 16, i32 16, void @empty, void @empty, i32 4294967295, i32 0, i32 0, i32 16"   --->   Operation 357 'specinterface' 'specinterface_ln0' <Predicate = true> <Delay = 0.00>
ST_79 : Operation 358 [1/1] (0.00ns)   --->   "%specbitsmap_ln0 = specbitsmap void @_ssdm_op_SpecBitsMap, i128 %gmem0"   --->   Operation 358 'specbitsmap' 'specbitsmap_ln0' <Predicate = true> <Delay = 0.00>
ST_79 : Operation 359 [1/1] (0.00ns)   --->   "%specinterface_ln0 = specinterface void @_ssdm_op_SpecInterface, i256 %gmem1, void @empty_17, i32 0, i32 0, void @empty, i32 64, i32 1, void @empty_2, void @empty_1, void @empty, i32 16, i32 16, i32 16, i32 16, void @empty, void @empty, i32 4294967295, i32 0, i32 0, i32 32"   --->   Operation 359 'specinterface' 'specinterface_ln0' <Predicate = true> <Delay = 0.00>
ST_79 : Operation 360 [1/1] (0.00ns)   --->   "%specbitsmap_ln0 = specbitsmap void @_ssdm_op_SpecBitsMap, i256 %gmem1"   --->   Operation 360 'specbitsmap' 'specbitsmap_ln0' <Predicate = true> <Delay = 0.00>
ST_79 : Operation 361 [1/1] (0.00ns)   --->   "%specinterface_ln0 = specinterface void @_ssdm_op_SpecInterface, i32 %gmem2, void @empty_17, i32 0, i32 0, void @empty, i32 64, i32 1, void @empty_3, void @empty_1, void @empty, i32 16, i32 16, i32 16, i32 16, void @empty, void @empty, i32 4294967295, i32 0, i32 0, i32 4"   --->   Operation 361 'specinterface' 'specinterface_ln0' <Predicate = true> <Delay = 0.00>
ST_79 : Operation 362 [1/1] (0.00ns)   --->   "%specbitsmap_ln0 = specbitsmap void @_ssdm_op_SpecBitsMap, i32 %gmem2"   --->   Operation 362 'specbitsmap' 'specbitsmap_ln0' <Predicate = true> <Delay = 0.00>
ST_79 : Operation 363 [1/1] (0.00ns)   --->   "%specinterface_ln0 = specinterface void @_ssdm_op_SpecInterface, i64 %header, void @empty_4, i32 0, i32 0, void @empty, i32 0, i32 0, void @empty_5, void @empty_6, void @empty, i32 0, i32 0, i32 0, i32 0, void @empty, void @empty_7, i32 4294967295, i32 0, i32 0, i32 0"   --->   Operation 363 'specinterface' 'specinterface_ln0' <Predicate = true> <Delay = 0.00>
ST_79 : Operation 364 [1/1] (0.00ns)   --->   "%specinterface_ln0 = specinterface void @_ssdm_op_SpecInterface, i64 %header, void @empty_8, i32 0, i32 0, void @empty, i32 0, i32 0, void @empty, void @empty, void @empty, i32 0, i32 0, i32 0, i32 0, void @empty, void @empty_7, i32 4294967295, i32 0, i32 0, i32 0"   --->   Operation 364 'specinterface' 'specinterface_ln0' <Predicate = true> <Delay = 0.00>
ST_79 : Operation 365 [1/1] (0.00ns)   --->   "%specinterface_ln0 = specinterface void @_ssdm_op_SpecInterface, i64 %target, void @empty_4, i32 0, i32 0, void @empty, i32 0, i32 0, void @empty_5, void @empty_9, void @empty, i32 0, i32 0, i32 0, i32 0, void @empty, void @empty_7, i32 4294967295, i32 0, i32 0, i32 0"   --->   Operation 365 'specinterface' 'specinterface_ln0' <Predicate = true> <Delay = 0.00>
ST_79 : Operation 366 [1/1] (0.00ns)   --->   "%specinterface_ln0 = specinterface void @_ssdm_op_SpecInterface, i64 %target, void @empty_8, i32 0, i32 0, void @empty, i32 0, i32 0, void @empty, void @empty, void @empty, i32 0, i32 0, i32 0, i32 0, void @empty, void @empty_7, i32 4294967295, i32 0, i32 0, i32 0"   --->   Operation 366 'specinterface' 'specinterface_ln0' <Predicate = true> <Delay = 0.00>
ST_79 : Operation 367 [1/1] (0.00ns)   --->   "%specbitsmap_ln0 = specbitsmap void @_ssdm_op_SpecBitsMap, i32 %nonce_start"   --->   Operation 367 'specbitsmap' 'specbitsmap_ln0' <Predicate = true> <Delay = 0.00>
ST_79 : Operation 368 [1/1] (0.00ns)   --->   "%specinterface_ln0 = specinterface void @_ssdm_op_SpecInterface, i32 %nonce_start, void @empty_4, i32 4294967295, i32 4294967295, void @empty, i32 0, i32 0, void @empty_5, void @empty_11, void @empty, i32 0, i32 0, i32 0, i32 0, void @empty, void @empty, i32 4294967295, i32 0, i32 0, i32 0"   --->   Operation 368 'specinterface' 'specinterface_ln0' <Predicate = true> <Delay = 0.00>
ST_79 : Operation 369 [1/1] (0.00ns)   --->   "%specinterface_ln0 = specinterface void @_ssdm_op_SpecInterface, i32 %nonce_start, void @empty_12, i32 0, i32 0, void @empty, i32 0, i32 0, void @empty, void @empty, void @empty, i32 0, i32 0, i32 0, i32 0, void @empty, void @empty, i32 4294967295, i32 0, i32 0, i32 0"   --->   Operation 369 'specinterface' 'specinterface_ln0' <Predicate = true> <Delay = 0.00>
ST_79 : Operation 370 [1/1] (0.00ns)   --->   "%specbitsmap_ln0 = specbitsmap void @_ssdm_op_SpecBitsMap, i32 %nonce_count"   --->   Operation 370 'specbitsmap' 'specbitsmap_ln0' <Predicate = true> <Delay = 0.00>
ST_79 : Operation 371 [1/1] (0.00ns)   --->   "%specinterface_ln0 = specinterface void @_ssdm_op_SpecInterface, i32 %nonce_count, void @empty_4, i32 4294967295, i32 4294967295, void @empty, i32 0, i32 0, void @empty_5, void @empty_13, void @empty, i32 0, i32 0, i32 0, i32 0, void @empty, void @empty, i32 4294967295, i32 0, i32 0, i32 0"   --->   Operation 371 'specinterface' 'specinterface_ln0' <Predicate = true> <Delay = 0.00>
ST_79 : Operation 372 [1/1] (0.00ns)   --->   "%specinterface_ln0 = specinterface void @_ssdm_op_SpecInterface, i32 %nonce_count, void @empty_12, i32 0, i32 0, void @empty, i32 0, i32 0, void @empty, void @empty, void @empty, i32 0, i32 0, i32 0, i32 0, void @empty, void @empty, i32 4294967295, i32 0, i32 0, i32 0"   --->   Operation 372 'specinterface' 'specinterface_ln0' <Predicate = true> <Delay = 0.00>
ST_79 : Operation 373 [1/1] (0.00ns)   --->   "%specinterface_ln0 = specinterface void @_ssdm_op_SpecInterface, i64 %found_nonce, void @empty_4, i32 0, i32 0, void @empty, i32 0, i32 0, void @empty_5, void @empty_14, void @empty, i32 0, i32 0, i32 0, i32 0, void @empty, void @empty_7, i32 4294967295, i32 0, i32 0, i32 0"   --->   Operation 373 'specinterface' 'specinterface_ln0' <Predicate = true> <Delay = 0.00>
ST_79 : Operation 374 [1/1] (0.00ns)   --->   "%specinterface_ln0 = specinterface void @_ssdm_op_SpecInterface, i64 %found_nonce, void @empty_8, i32 0, i32 0, void @empty, i32 0, i32 0, void @empty, void @empty, void @empty, i32 0, i32 0, i32 0, i32 0, void @empty, void @empty_7, i32 4294967295, i32 0, i32 0, i32 0"   --->   Operation 374 'specinterface' 'specinterface_ln0' <Predicate = true> <Delay = 0.00>
ST_79 : Operation 375 [1/1] (0.00ns)   --->   "%specinterface_ln0 = specinterface void @_ssdm_op_SpecInterface, i64 %found, void @empty_4, i32 0, i32 0, void @empty, i32 0, i32 0, void @empty_5, void @empty_15, void @empty, i32 0, i32 0, i32 0, i32 0, void @empty, void @empty_7, i32 4294967295, i32 0, i32 0, i32 0"   --->   Operation 375 'specinterface' 'specinterface_ln0' <Predicate = true> <Delay = 0.00>
ST_79 : Operation 376 [1/1] (0.00ns)   --->   "%specinterface_ln0 = specinterface void @_ssdm_op_SpecInterface, i64 %found, void @empty_8, i32 0, i32 0, void @empty, i32 0, i32 0, void @empty, void @empty, void @empty, i32 0, i32 0, i32 0, i32 0, void @empty, void @empty_7, i32 4294967295, i32 0, i32 0, i32 0"   --->   Operation 376 'specinterface' 'specinterface_ln0' <Predicate = true> <Delay = 0.00>
ST_79 : Operation 377 [1/1] (0.00ns)   --->   "%specinterface_ln0 = specinterface void @_ssdm_op_SpecInterface, i32 0, void @empty_4, i32 0, i32 0, void @empty, i32 0, i32 0, void @empty_5, void @empty, void @empty, i32 0, i32 0, i32 0, i32 0, void @empty, void @empty, i32 0, i32 0, i32 0, i32 0"   --->   Operation 377 'specinterface' 'specinterface_ln0' <Predicate = true> <Delay = 0.00>
ST_79 : Operation 378 [1/2] (1.01ns)   --->   "%call_ret = call i256 @sha256_compress_words.1, i32 %or7_i_i35_loc_load, i32 %or7_i_i33_loc_load, i32 %or7_i_i31_loc_load, i32 %or7_i_i29_loc_load, i32 %or7_i_i27_loc_load, i32 %or7_i_i25_loc_load, i32 %or7_i_i23_loc_load, i32 %or7_i_i21_loc_load, i32 %or7_i_i19_loc_load, i32 %or7_i_i17_loc_load, i32 %or7_i_i15_loc_load, i32 %or7_i_i13_loc_load, i32 %or7_i_i11_loc_load, i32 %or7_i_i9_loc_load, i32 %or7_i_i7_loc_load, i32 %or7_i_i37_loc_load, i32 %K" [dylan-hls/mine.cpp:239->dylan-hls/mine.cpp:463]   --->   Operation 378 'call' 'call_ret' <Predicate = true> <Delay = 1.01> <CoreType = "Generic">   --->   Generic Core
ST_79 : Operation 379 [1/1] (0.00ns)   --->   "%midstate = extractvalue i256 %call_ret" [dylan-hls/mine.cpp:239->dylan-hls/mine.cpp:463]   --->   Operation 379 'extractvalue' 'midstate' <Predicate = true> <Delay = 0.00>
ST_79 : Operation 380 [1/1] (0.00ns)   --->   "%midstate_1 = extractvalue i256 %call_ret" [dylan-hls/mine.cpp:239->dylan-hls/mine.cpp:463]   --->   Operation 380 'extractvalue' 'midstate_1' <Predicate = true> <Delay = 0.00>
ST_79 : Operation 381 [1/1] (0.00ns)   --->   "%midstate_2 = extractvalue i256 %call_ret" [dylan-hls/mine.cpp:239->dylan-hls/mine.cpp:463]   --->   Operation 381 'extractvalue' 'midstate_2' <Predicate = true> <Delay = 0.00>
ST_79 : Operation 382 [1/1] (0.00ns)   --->   "%midstate_3 = extractvalue i256 %call_ret" [dylan-hls/mine.cpp:239->dylan-hls/mine.cpp:463]   --->   Operation 382 'extractvalue' 'midstate_3' <Predicate = true> <Delay = 0.00>
ST_79 : Operation 383 [1/1] (0.00ns)   --->   "%midstate_4 = extractvalue i256 %call_ret" [dylan-hls/mine.cpp:239->dylan-hls/mine.cpp:463]   --->   Operation 383 'extractvalue' 'midstate_4' <Predicate = true> <Delay = 0.00>
ST_79 : Operation 384 [1/1] (0.00ns)   --->   "%midstate_5 = extractvalue i256 %call_ret" [dylan-hls/mine.cpp:239->dylan-hls/mine.cpp:463]   --->   Operation 384 'extractvalue' 'midstate_5' <Predicate = true> <Delay = 0.00>
ST_79 : Operation 385 [1/1] (0.00ns)   --->   "%midstate_6 = extractvalue i256 %call_ret" [dylan-hls/mine.cpp:239->dylan-hls/mine.cpp:463]   --->   Operation 385 'extractvalue' 'midstate_6' <Predicate = true> <Delay = 0.00>
ST_79 : Operation 386 [1/1] (0.00ns)   --->   "%midstate_7 = extractvalue i256 %call_ret" [dylan-hls/mine.cpp:239->dylan-hls/mine.cpp:463]   --->   Operation 386 'extractvalue' 'midstate_7' <Predicate = true> <Delay = 0.00>
ST_79 : Operation 387 [1/1] (0.00ns)   --->   "%hdr_addr = getelementptr i32 %hdr, i64 0, i64 19" [dylan-hls/mine.cpp:476]   --->   Operation 387 'getelementptr' 'hdr_addr' <Predicate = true> <Delay = 0.00>
ST_79 : Operation 388 [1/1] (1.01ns)   --->   "%icmp_ln468 = icmp_eq  i32 %nonce_count_read, i32 0" [dylan-hls/mine.cpp:468]   --->   Operation 388 'icmp' 'icmp_ln468' <Predicate = true> <Delay = 1.01> <CoreInst = "Cmp">   --->   Core 9 'Cmp' <Latency = 0> <II = 1> <Delay = 1.01> <FuncUnit> <Opcode : 'seteq' 'setne' 'setle' 'setge' 'setlt' 'setgt'> <InPorts = 2> <OutPorts = 1>
ST_79 : Operation 389 [1/1] (0.42ns)   --->   "%br_ln468 = br i1 %icmp_ln468, void %for.body19.preheader, void %for.end30" [dylan-hls/mine.cpp:468]   --->   Operation 389 'br' 'br_ln468' <Predicate = true> <Delay = 0.42>
ST_79 : Operation 390 [1/1] (0.00ns)   --->   "%result_found = alloca i32 1" [dylan-hls/mine.cpp:465]   --->   Operation 390 'alloca' 'result_found' <Predicate = (!icmp_ln468)> <Delay = 0.00>
ST_79 : Operation 391 [1/1] (0.00ns)   --->   "%result_nonce = alloca i32 1" [dylan-hls/mine.cpp:466]   --->   Operation 391 'alloca' 'result_nonce' <Predicate = (!icmp_ln468)> <Delay = 0.00>
ST_79 : Operation 392 [1/1] (0.00ns)   --->   "%k = alloca i32 1" [dylan-hls/mine.cpp:468]   --->   Operation 392 'alloca' 'k' <Predicate = (!icmp_ln468)> <Delay = 0.00>
ST_79 : Operation 393 [1/1] (0.42ns)   --->   "%store_ln468 = store i32 0, i32 %k" [dylan-hls/mine.cpp:468]   --->   Operation 393 'store' 'store_ln468' <Predicate = (!icmp_ln468)> <Delay = 0.42>
ST_79 : Operation 394 [1/1] (0.42ns)   --->   "%store_ln466 = store i32 0, i32 %result_nonce" [dylan-hls/mine.cpp:466]   --->   Operation 394 'store' 'store_ln466' <Predicate = (!icmp_ln468)> <Delay = 0.42>
ST_79 : Operation 395 [1/1] (0.42ns)   --->   "%store_ln465 = store i32 0, i32 %result_found" [dylan-hls/mine.cpp:465]   --->   Operation 395 'store' 'store_ln465' <Predicate = (!icmp_ln468)> <Delay = 0.42>
ST_79 : Operation 396 [1/1] (0.00ns)   --->   "%br_ln468 = br void %for.body19" [dylan-hls/mine.cpp:468]   --->   Operation 396 'br' 'br_ln468' <Predicate = (!icmp_ln468)> <Delay = 0.00>

State 80 <SV = 79> <Delay = 2.03>
ST_80 : Operation 397 [1/1] (0.00ns)   --->   "%k_2 = load i32 %k" [dylan-hls/mine.cpp:468]   --->   Operation 397 'load' 'k_2' <Predicate = true> <Delay = 0.00>
ST_80 : Operation 398 [1/1] (1.01ns)   --->   "%n = add i32 %k_2, i32 %nonce_start_read" [dylan-hls/mine.cpp:470]   --->   Operation 398 'add' 'n' <Predicate = true> <Delay = 1.01> <CoreInst = "Adder">   --->   Core 1 'Adder' <Latency = 0> <II = 1> <Delay = 1.01> <FuncUnit> <Opcode : 'add' 'sub'> <InPorts = 2> <OutPorts = 1>
ST_80 : Operation 399 [1/1] ( I:0.67ns O:0.67ns )   --->   "%store_ln476 = store i32 %n, i5 %hdr_addr" [dylan-hls/mine.cpp:476]   --->   Operation 399 'store' 'store_ln476' <Predicate = true> <Delay = 0.67> <CoreInst = "RAM">   --->   Core 82 'RAM' <Latency = 1> <II = 1> <Delay = 0.67> <Storage> <Opcode : 'load' 'store'> <Ports = 2> <Width = 32> <Depth = 20> <RAM>
ST_80 : Operation 400 [1/1] (1.01ns)   --->   "%k_3 = add i32 %k_2, i32 1" [dylan-hls/mine.cpp:468]   --->   Operation 400 'add' 'k_3' <Predicate = true> <Delay = 1.01> <CoreInst = "Adder">   --->   Core 1 'Adder' <Latency = 0> <II = 1> <Delay = 1.01> <FuncUnit> <Opcode : 'add' 'sub'> <InPorts = 2> <OutPorts = 1>
ST_80 : Operation 401 [1/1] (1.01ns)   --->   "%icmp_ln468_1 = icmp_ult  i32 %k_3, i32 %nonce_count_read" [dylan-hls/mine.cpp:468]   --->   Operation 401 'icmp' 'icmp_ln468_1' <Predicate = true> <Delay = 1.01> <CoreInst = "Cmp">   --->   Core 9 'Cmp' <Latency = 0> <II = 1> <Delay = 1.01> <FuncUnit> <Opcode : 'seteq' 'setne' 'setle' 'setge' 'setlt' 'setgt'> <InPorts = 2> <OutPorts = 1>

State 81 <SV = 80> <Delay = 0.48>
ST_81 : Operation 402 [2/2] (0.48ns)   --->   "%call_ln480 = call void @sha256d_from_midstate, i32 %midstate, i32 %midstate_1, i32 %midstate_2, i32 %midstate_3, i32 %midstate_4, i32 %midstate_5, i32 %midstate_6, i32 %midstate_7, i32 %hdr, i8 %h, i32 %K" [dylan-hls/mine.cpp:480]   --->   Operation 402 'call' 'call_ln480' <Predicate = true> <Delay = 0.48> <CoreType = "Generic">   --->   Generic Core

State 82 <SV = 81> <Delay = 0.00>
ST_82 : Operation 403 [1/2] (0.00ns)   --->   "%call_ln480 = call void @sha256d_from_midstate, i32 %midstate, i32 %midstate_1, i32 %midstate_2, i32 %midstate_3, i32 %midstate_4, i32 %midstate_5, i32 %midstate_6, i32 %midstate_7, i32 %hdr, i8 %h, i32 %K" [dylan-hls/mine.cpp:480]   --->   Operation 403 'call' 'call_ln480' <Predicate = true> <Delay = 0.00> <CoreType = "Generic">   --->   Generic Core

State 83 <SV = 82> <Delay = 0.00>
ST_83 : Operation 404 [2/2] (0.00ns)   --->   "%call_ln0 = call void @mine_Pipeline_COMPARE_HASH, i8 %h, i32 %tgt, i1 %retval_1_i35_ce_loc, i1 %cleanup_dest_slot_1_i_ce_loc"   --->   Operation 404 'call' 'call_ln0' <Predicate = true> <Delay = 0.00> <CoreType = "Generic">   --->   Generic Core

State 84 <SV = 83> <Delay = 3.25>
ST_84 : Operation 405 [1/2] (3.25ns)   --->   "%call_ln0 = call void @mine_Pipeline_COMPARE_HASH, i8 %h, i32 %tgt, i1 %retval_1_i35_ce_loc, i1 %cleanup_dest_slot_1_i_ce_loc"   --->   Operation 405 'call' 'call_ln0' <Predicate = true> <Delay = 3.25> <CoreType = "Generic">   --->   Generic Core

State 85 <SV = 84> <Delay = 3.65>
ST_85 : Operation 406 [1/1] (0.00ns)   --->   "%result_found_3 = load i32 %result_found" [dylan-hls/mine.cpp:481]   --->   Operation 406 'load' 'result_found_3' <Predicate = (!icmp_ln468)> <Delay = 0.00>
ST_85 : Operation 407 [1/1] (0.00ns)   --->   "%result_nonce_1 = load i32 %result_nonce" [dylan-hls/mine.cpp:481]   --->   Operation 407 'load' 'result_nonce_1' <Predicate = (!icmp_ln468)> <Delay = 0.00>
ST_85 : Operation 408 [1/1] (0.00ns)   --->   "%specloopname_ln468 = specloopname void @_ssdm_op_SpecLoopName, void @empty_19" [dylan-hls/mine.cpp:468]   --->   Operation 408 'specloopname' 'specloopname_ln468' <Predicate = (!icmp_ln468)> <Delay = 0.00>
ST_85 : Operation 409 [1/1] (0.00ns)   --->   "%retval_1_i35_ce_loc_load = load i1 %retval_1_i35_ce_loc"   --->   Operation 409 'load' 'retval_1_i35_ce_loc_load' <Predicate = (!icmp_ln468)> <Delay = 0.00>
ST_85 : Operation 410 [1/1] (0.00ns)   --->   "%cleanup_dest_slot_1_i_ce_loc_load = load i1 %cleanup_dest_slot_1_i_ce_loc"   --->   Operation 410 'load' 'cleanup_dest_slot_1_i_ce_loc_load' <Predicate = (!icmp_ln468)> <Delay = 0.00>
ST_85 : Operation 411 [1/1] (0.28ns)   --->   "%spec_select = and i1 %retval_1_i35_ce_loc_load, i1 %cleanup_dest_slot_1_i_ce_loc_load"   --->   Operation 411 'and' 'spec_select' <Predicate = (!icmp_ln468)> <Delay = 0.28> <CoreInst = "LogicGate">   --->   Core 74 'LogicGate' <Latency = 0> <II = 1> <Delay = 0.28> <FuncUnit> <Opcode : 'and' 'or' 'xor'> <InPorts = 2> <OutPorts = 1>
ST_85 : Operation 412 [1/1] (0.44ns)   --->   "%result_found_4 = select i1 %spec_select, i32 1, i32 %result_found_3" [dylan-hls/mine.cpp:481]   --->   Operation 412 'select' 'result_found_4' <Predicate = (!icmp_ln468)> <Delay = 0.44> <CoreInst = "Sel">   --->   Core 73 'Sel' <Latency = 0> <II = 1> <Delay = 0.44> <FuncUnit> <Opcode : 'select'> <InPorts = 3> <OutPorts = 1>
ST_85 : Operation 413 [1/1] (0.44ns)   --->   "%result_nonce_5 = select i1 %spec_select, i32 %n, i32 %result_nonce_1" [dylan-hls/mine.cpp:481]   --->   Operation 413 'select' 'result_nonce_5' <Predicate = (!icmp_ln468)> <Delay = 0.44> <CoreInst = "Sel">   --->   Core 73 'Sel' <Latency = 0> <II = 1> <Delay = 0.44> <FuncUnit> <Opcode : 'select'> <InPorts = 3> <OutPorts = 1>
ST_85 : Operation 414 [1/1] (0.00ns) (grouped into LUT with out node or_cond)   --->   "%xor_ln481 = xor i1 %spec_select, i1 1" [dylan-hls/mine.cpp:481]   --->   Operation 414 'xor' 'xor_ln481' <Predicate = (!icmp_ln468)> <Delay = 0.00> <CoreInst = "LogicGate">   --->   Core 74 'LogicGate' <Latency = 0> <II = 1> <Delay = 0.28> <FuncUnit> <Opcode : 'and' 'or' 'xor'> <InPorts = 2> <OutPorts = 1>
ST_85 : Operation 415 [1/1] (0.28ns) (out node of the LUT)   --->   "%or_cond = and i1 %icmp_ln468_1, i1 %xor_ln481" [dylan-hls/mine.cpp:468]   --->   Operation 415 'and' 'or_cond' <Predicate = (!icmp_ln468)> <Delay = 0.28> <CoreInst = "LogicGate">   --->   Core 74 'LogicGate' <Latency = 0> <II = 1> <Delay = 0.28> <FuncUnit> <Opcode : 'and' 'or' 'xor'> <InPorts = 2> <OutPorts = 1>
ST_85 : Operation 416 [1/1] (0.42ns)   --->   "%store_ln468 = store i32 %k_3, i32 %k" [dylan-hls/mine.cpp:468]   --->   Operation 416 'store' 'store_ln468' <Predicate = (!icmp_ln468)> <Delay = 0.42>
ST_85 : Operation 417 [1/1] (0.42ns)   --->   "%store_ln466 = store i32 %result_nonce_5, i32 %result_nonce" [dylan-hls/mine.cpp:466]   --->   Operation 417 'store' 'store_ln466' <Predicate = (!icmp_ln468)> <Delay = 0.42>
ST_85 : Operation 418 [1/1] (0.42ns)   --->   "%store_ln465 = store i32 %result_found_4, i32 %result_found" [dylan-hls/mine.cpp:465]   --->   Operation 418 'store' 'store_ln465' <Predicate = (!icmp_ln468)> <Delay = 0.42>
ST_85 : Operation 419 [1/1] (0.00ns)   --->   "%br_ln468 = br i1 %or_cond, void %for.end30.loopexit, void %for.body19" [dylan-hls/mine.cpp:468]   --->   Operation 419 'br' 'br_ln468' <Predicate = (!icmp_ln468)> <Delay = 0.00>
ST_85 : Operation 420 [1/1] (0.42ns)   --->   "%br_ln0 = br void %for.end30"   --->   Operation 420 'br' 'br_ln0' <Predicate = (!icmp_ln468 & !or_cond)> <Delay = 0.42>
ST_85 : Operation 421 [1/1] (0.00ns)   --->   "%trunc_ln1 = partselect i62 @_ssdm_op_PartSelect.i62.i64.i32.i32, i64 %found_read, i32 2, i32 63" [dylan-hls/mine.cpp:488]   --->   Operation 421 'partselect' 'trunc_ln1' <Predicate = (!or_cond) | (icmp_ln468)> <Delay = 0.00>
ST_85 : Operation 422 [1/1] (0.00ns)   --->   "%sext_ln488 = sext i62 %trunc_ln1" [dylan-hls/mine.cpp:488]   --->   Operation 422 'sext' 'sext_ln488' <Predicate = (!or_cond) | (icmp_ln468)> <Delay = 0.00>
ST_85 : Operation 423 [1/1] (0.00ns)   --->   "%gmem2_addr = getelementptr i32 %gmem2, i64 %sext_ln488" [dylan-hls/mine.cpp:488]   --->   Operation 423 'getelementptr' 'gmem2_addr' <Predicate = (!or_cond) | (icmp_ln468)> <Delay = 0.00>
ST_85 : Operation 424 [1/1] ( I:3.65ns O:3.65ns )   --->   "%gmem2_addr_req = writereq i1 @_ssdm_op_WriteReq.m_axi.i32P1A, i64 %gmem2_addr, i64 1" [dylan-hls/mine.cpp:488]   --->   Operation 424 'writereq' 'gmem2_addr_req' <Predicate = (!or_cond) | (icmp_ln468)> <Delay = 3.65> <CoreInst = "m_axi">   --->   Core 119 'm_axi' <Latency = 9> <II = 1> <Delay = 1.00> <Adapter> <Opcode : 'readrequnaligned' 'writerequnaligned' 'read' 'write' 'readreq' 'writereq' 'writeresp'>
ST_85 : Operation 425 [1/1] (0.00ns)   --->   "%trunc_ln2 = partselect i62 @_ssdm_op_PartSelect.i62.i64.i32.i32, i64 %found_nonce_read, i32 2, i32 63" [dylan-hls/mine.cpp:489]   --->   Operation 425 'partselect' 'trunc_ln2' <Predicate = (!or_cond) | (icmp_ln468)> <Delay = 0.00>
ST_85 : Operation 426 [1/1] (0.00ns)   --->   "%sext_ln489 = sext i62 %trunc_ln2" [dylan-hls/mine.cpp:489]   --->   Operation 426 'sext' 'sext_ln489' <Predicate = (!or_cond) | (icmp_ln468)> <Delay = 0.00>
ST_85 : Operation 427 [1/1] (0.00ns)   --->   "%gmem2_addr_1 = getelementptr i32 %gmem2, i64 %sext_ln489" [dylan-hls/mine.cpp:489]   --->   Operation 427 'getelementptr' 'gmem2_addr_1' <Predicate = (!or_cond) | (icmp_ln468)> <Delay = 0.00>

State 86 <SV = 85> <Delay = 3.65>
ST_86 : Operation 428 [1/1] (0.00ns)   --->   "%result_found_2 = phi i32 0, void %entry, i32 %result_found_4, void %for.end30.loopexit"   --->   Operation 428 'phi' 'result_found_2' <Predicate = true> <Delay = 0.00>
ST_86 : Operation 429 [1/1] ( I:3.65ns O:3.65ns )   --->   "%write_ln488 = write void @_ssdm_op_Write.m_axi.i32P1A, i64 %gmem2_addr, i32 %result_found_2, i4 15" [dylan-hls/mine.cpp:488]   --->   Operation 429 'write' 'write_ln488' <Predicate = true> <Delay = 3.65> <CoreInst = "m_axi">   --->   Core 119 'm_axi' <Latency = 5> <II = 1> <Delay = 1.00> <Adapter> <Opcode : 'readrequnaligned' 'writerequnaligned' 'read' 'write' 'readreq' 'writereq' 'writeresp'>
ST_86 : Operation 430 [1/1] ( I:3.65ns O:3.65ns )   --->   "%gmem2_addr_1_req = writereq i1 @_ssdm_op_WriteReq.m_axi.i32P1A, i64 %gmem2_addr_1, i64 1" [dylan-hls/mine.cpp:489]   --->   Operation 430 'writereq' 'gmem2_addr_1_req' <Predicate = true> <Delay = 3.65> <CoreInst = "m_axi">   --->   Core 119 'm_axi' <Latency = 9> <II = 1> <Delay = 1.00> <Adapter> <Opcode : 'readrequnaligned' 'writerequnaligned' 'read' 'write' 'readreq' 'writereq' 'writeresp'>

State 87 <SV = 86> <Delay = 3.65>
ST_87 : Operation 431 [1/1] (0.00ns)   --->   "%result_nonce_2 = phi i32 0, void %entry, i32 %result_nonce_5, void %for.end30.loopexit"   --->   Operation 431 'phi' 'result_nonce_2' <Predicate = true> <Delay = 0.00>
ST_87 : Operation 432 [68/68] (3.65ns)   --->   "%gmem2_addr_resp = writeresp i1 @_ssdm_op_WriteResp.m_axi.i32P1A, i64 %gmem2_addr" [dylan-hls/mine.cpp:488]   --->   Operation 432 'writeresp' 'gmem2_addr_resp' <Predicate = true> <Delay = 3.65> <CoreInst = "m_axi">   --->   Core 119 'm_axi' <Latency = 3> <II = 1> <Delay = 1.00> <Adapter> <Opcode : 'readrequnaligned' 'writerequnaligned' 'read' 'write' 'readreq' 'writereq' 'writeresp'>
ST_87 : Operation 433 [1/1] ( I:3.65ns O:3.65ns )   --->   "%write_ln489 = write void @_ssdm_op_Write.m_axi.i32P1A, i64 %gmem2_addr_1, i32 %result_nonce_2, i4 15" [dylan-hls/mine.cpp:489]   --->   Operation 433 'write' 'write_ln489' <Predicate = true> <Delay = 3.65> <CoreInst = "m_axi">   --->   Core 119 'm_axi' <Latency = 5> <II = 1> <Delay = 1.00> <Adapter> <Opcode : 'readrequnaligned' 'writerequnaligned' 'read' 'write' 'readreq' 'writereq' 'writeresp'>

State 88 <SV = 87> <Delay = 0.00>
ST_88 : Operation 434 [67/68] (3.65ns)   --->   "%gmem2_addr_resp = writeresp i1 @_ssdm_op_WriteResp.m_axi.i32P1A, i64 %gmem2_addr" [dylan-hls/mine.cpp:488]   --->   Operation 434 'writeresp' 'gmem2_addr_resp' <Predicate = true> <Delay = 3.65> <CoreInst = "m_axi">   --->   Core 119 'm_axi' <Latency = 3> <II = 1> <Delay = 1.00> <Adapter> <Opcode : 'readrequnaligned' 'writerequnaligned' 'read' 'write' 'readreq' 'writereq' 'writeresp'>
ST_88 : Operation 435 [68/68] (3.65ns)   --->   "%gmem2_addr_1_resp = writeresp i1 @_ssdm_op_WriteResp.m_axi.i32P1A, i64 %gmem2_addr_1" [dylan-hls/mine.cpp:489]   --->   Operation 435 'writeresp' 'gmem2_addr_1_resp' <Predicate = true> <Delay = 3.65> <CoreInst = "m_axi">   --->   Core 119 'm_axi' <Latency = 3> <II = 1> <Delay = 1.00> <Adapter> <Opcode : 'readrequnaligned' 'writerequnaligned' 'read' 'write' 'readreq' 'writereq' 'writeresp'>

State 89 <SV = 88> <Delay = 0.00>
ST_89 : Operation 436 [66/68] (3.65ns)   --->   "%gmem2_addr_resp = writeresp i1 @_ssdm_op_WriteResp.m_axi.i32P1A, i64 %gmem2_addr" [dylan-hls/mine.cpp:488]   --->   Operation 436 'writeresp' 'gmem2_addr_resp' <Predicate = true> <Delay = 3.65> <CoreInst = "m_axi">   --->   Core 119 'm_axi' <Latency = 3> <II = 1> <Delay = 1.00> <Adapter> <Opcode : 'readrequnaligned' 'writerequnaligned' 'read' 'write' 'readreq' 'writereq' 'writeresp'>
ST_89 : Operation 437 [67/68] (3.65ns)   --->   "%gmem2_addr_1_resp = writeresp i1 @_ssdm_op_WriteResp.m_axi.i32P1A, i64 %gmem2_addr_1" [dylan-hls/mine.cpp:489]   --->   Operation 437 'writeresp' 'gmem2_addr_1_resp' <Predicate = true> <Delay = 3.65> <CoreInst = "m_axi">   --->   Core 119 'm_axi' <Latency = 3> <II = 1> <Delay = 1.00> <Adapter> <Opcode : 'readrequnaligned' 'writerequnaligned' 'read' 'write' 'readreq' 'writereq' 'writeresp'>

State 90 <SV = 89> <Delay = 0.00>
ST_90 : Operation 438 [65/68] (3.65ns)   --->   "%gmem2_addr_resp = writeresp i1 @_ssdm_op_WriteResp.m_axi.i32P1A, i64 %gmem2_addr" [dylan-hls/mine.cpp:488]   --->   Operation 438 'writeresp' 'gmem2_addr_resp' <Predicate = true> <Delay = 3.65> <CoreInst = "m_axi">   --->   Core 119 'm_axi' <Latency = 3> <II = 1> <Delay = 1.00> <Adapter> <Opcode : 'readrequnaligned' 'writerequnaligned' 'read' 'write' 'readreq' 'writereq' 'writeresp'>
ST_90 : Operation 439 [66/68] (3.65ns)   --->   "%gmem2_addr_1_resp = writeresp i1 @_ssdm_op_WriteResp.m_axi.i32P1A, i64 %gmem2_addr_1" [dylan-hls/mine.cpp:489]   --->   Operation 439 'writeresp' 'gmem2_addr_1_resp' <Predicate = true> <Delay = 3.65> <CoreInst = "m_axi">   --->   Core 119 'm_axi' <Latency = 3> <II = 1> <Delay = 1.00> <Adapter> <Opcode : 'readrequnaligned' 'writerequnaligned' 'read' 'write' 'readreq' 'writereq' 'writeresp'>

State 91 <SV = 90> <Delay = 0.00>
ST_91 : Operation 440 [64/68] (3.65ns)   --->   "%gmem2_addr_resp = writeresp i1 @_ssdm_op_WriteResp.m_axi.i32P1A, i64 %gmem2_addr" [dylan-hls/mine.cpp:488]   --->   Operation 440 'writeresp' 'gmem2_addr_resp' <Predicate = true> <Delay = 3.65> <CoreInst = "m_axi">   --->   Core 119 'm_axi' <Latency = 3> <II = 1> <Delay = 1.00> <Adapter> <Opcode : 'readrequnaligned' 'writerequnaligned' 'read' 'write' 'readreq' 'writereq' 'writeresp'>
ST_91 : Operation 441 [65/68] (3.65ns)   --->   "%gmem2_addr_1_resp = writeresp i1 @_ssdm_op_WriteResp.m_axi.i32P1A, i64 %gmem2_addr_1" [dylan-hls/mine.cpp:489]   --->   Operation 441 'writeresp' 'gmem2_addr_1_resp' <Predicate = true> <Delay = 3.65> <CoreInst = "m_axi">   --->   Core 119 'm_axi' <Latency = 3> <II = 1> <Delay = 1.00> <Adapter> <Opcode : 'readrequnaligned' 'writerequnaligned' 'read' 'write' 'readreq' 'writereq' 'writeresp'>

State 92 <SV = 91> <Delay = 0.00>
ST_92 : Operation 442 [63/68] (3.65ns)   --->   "%gmem2_addr_resp = writeresp i1 @_ssdm_op_WriteResp.m_axi.i32P1A, i64 %gmem2_addr" [dylan-hls/mine.cpp:488]   --->   Operation 442 'writeresp' 'gmem2_addr_resp' <Predicate = true> <Delay = 3.65> <CoreInst = "m_axi">   --->   Core 119 'm_axi' <Latency = 3> <II = 1> <Delay = 1.00> <Adapter> <Opcode : 'readrequnaligned' 'writerequnaligned' 'read' 'write' 'readreq' 'writereq' 'writeresp'>
ST_92 : Operation 443 [64/68] (3.65ns)   --->   "%gmem2_addr_1_resp = writeresp i1 @_ssdm_op_WriteResp.m_axi.i32P1A, i64 %gmem2_addr_1" [dylan-hls/mine.cpp:489]   --->   Operation 443 'writeresp' 'gmem2_addr_1_resp' <Predicate = true> <Delay = 3.65> <CoreInst = "m_axi">   --->   Core 119 'm_axi' <Latency = 3> <II = 1> <Delay = 1.00> <Adapter> <Opcode : 'readrequnaligned' 'writerequnaligned' 'read' 'write' 'readreq' 'writereq' 'writeresp'>

State 93 <SV = 92> <Delay = 0.00>
ST_93 : Operation 444 [62/68] (3.65ns)   --->   "%gmem2_addr_resp = writeresp i1 @_ssdm_op_WriteResp.m_axi.i32P1A, i64 %gmem2_addr" [dylan-hls/mine.cpp:488]   --->   Operation 444 'writeresp' 'gmem2_addr_resp' <Predicate = true> <Delay = 3.65> <CoreInst = "m_axi">   --->   Core 119 'm_axi' <Latency = 3> <II = 1> <Delay = 1.00> <Adapter> <Opcode : 'readrequnaligned' 'writerequnaligned' 'read' 'write' 'readreq' 'writereq' 'writeresp'>
ST_93 : Operation 445 [63/68] (3.65ns)   --->   "%gmem2_addr_1_resp = writeresp i1 @_ssdm_op_WriteResp.m_axi.i32P1A, i64 %gmem2_addr_1" [dylan-hls/mine.cpp:489]   --->   Operation 445 'writeresp' 'gmem2_addr_1_resp' <Predicate = true> <Delay = 3.65> <CoreInst = "m_axi">   --->   Core 119 'm_axi' <Latency = 3> <II = 1> <Delay = 1.00> <Adapter> <Opcode : 'readrequnaligned' 'writerequnaligned' 'read' 'write' 'readreq' 'writereq' 'writeresp'>

State 94 <SV = 93> <Delay = 0.00>
ST_94 : Operation 446 [61/68] (3.65ns)   --->   "%gmem2_addr_resp = writeresp i1 @_ssdm_op_WriteResp.m_axi.i32P1A, i64 %gmem2_addr" [dylan-hls/mine.cpp:488]   --->   Operation 446 'writeresp' 'gmem2_addr_resp' <Predicate = true> <Delay = 3.65> <CoreInst = "m_axi">   --->   Core 119 'm_axi' <Latency = 3> <II = 1> <Delay = 1.00> <Adapter> <Opcode : 'readrequnaligned' 'writerequnaligned' 'read' 'write' 'readreq' 'writereq' 'writeresp'>
ST_94 : Operation 447 [62/68] (3.65ns)   --->   "%gmem2_addr_1_resp = writeresp i1 @_ssdm_op_WriteResp.m_axi.i32P1A, i64 %gmem2_addr_1" [dylan-hls/mine.cpp:489]   --->   Operation 447 'writeresp' 'gmem2_addr_1_resp' <Predicate = true> <Delay = 3.65> <CoreInst = "m_axi">   --->   Core 119 'm_axi' <Latency = 3> <II = 1> <Delay = 1.00> <Adapter> <Opcode : 'readrequnaligned' 'writerequnaligned' 'read' 'write' 'readreq' 'writereq' 'writeresp'>

State 95 <SV = 94> <Delay = 0.00>
ST_95 : Operation 448 [60/68] (3.65ns)   --->   "%gmem2_addr_resp = writeresp i1 @_ssdm_op_WriteResp.m_axi.i32P1A, i64 %gmem2_addr" [dylan-hls/mine.cpp:488]   --->   Operation 448 'writeresp' 'gmem2_addr_resp' <Predicate = true> <Delay = 3.65> <CoreInst = "m_axi">   --->   Core 119 'm_axi' <Latency = 3> <II = 1> <Delay = 1.00> <Adapter> <Opcode : 'readrequnaligned' 'writerequnaligned' 'read' 'write' 'readreq' 'writereq' 'writeresp'>
ST_95 : Operation 449 [61/68] (3.65ns)   --->   "%gmem2_addr_1_resp = writeresp i1 @_ssdm_op_WriteResp.m_axi.i32P1A, i64 %gmem2_addr_1" [dylan-hls/mine.cpp:489]   --->   Operation 449 'writeresp' 'gmem2_addr_1_resp' <Predicate = true> <Delay = 3.65> <CoreInst = "m_axi">   --->   Core 119 'm_axi' <Latency = 3> <II = 1> <Delay = 1.00> <Adapter> <Opcode : 'readrequnaligned' 'writerequnaligned' 'read' 'write' 'readreq' 'writereq' 'writeresp'>

State 96 <SV = 95> <Delay = 0.00>
ST_96 : Operation 450 [59/68] (3.65ns)   --->   "%gmem2_addr_resp = writeresp i1 @_ssdm_op_WriteResp.m_axi.i32P1A, i64 %gmem2_addr" [dylan-hls/mine.cpp:488]   --->   Operation 450 'writeresp' 'gmem2_addr_resp' <Predicate = true> <Delay = 3.65> <CoreInst = "m_axi">   --->   Core 119 'm_axi' <Latency = 3> <II = 1> <Delay = 1.00> <Adapter> <Opcode : 'readrequnaligned' 'writerequnaligned' 'read' 'write' 'readreq' 'writereq' 'writeresp'>
ST_96 : Operation 451 [60/68] (3.65ns)   --->   "%gmem2_addr_1_resp = writeresp i1 @_ssdm_op_WriteResp.m_axi.i32P1A, i64 %gmem2_addr_1" [dylan-hls/mine.cpp:489]   --->   Operation 451 'writeresp' 'gmem2_addr_1_resp' <Predicate = true> <Delay = 3.65> <CoreInst = "m_axi">   --->   Core 119 'm_axi' <Latency = 3> <II = 1> <Delay = 1.00> <Adapter> <Opcode : 'readrequnaligned' 'writerequnaligned' 'read' 'write' 'readreq' 'writereq' 'writeresp'>

State 97 <SV = 96> <Delay = 0.00>
ST_97 : Operation 452 [58/68] (3.65ns)   --->   "%gmem2_addr_resp = writeresp i1 @_ssdm_op_WriteResp.m_axi.i32P1A, i64 %gmem2_addr" [dylan-hls/mine.cpp:488]   --->   Operation 452 'writeresp' 'gmem2_addr_resp' <Predicate = true> <Delay = 3.65> <CoreInst = "m_axi">   --->   Core 119 'm_axi' <Latency = 3> <II = 1> <Delay = 1.00> <Adapter> <Opcode : 'readrequnaligned' 'writerequnaligned' 'read' 'write' 'readreq' 'writereq' 'writeresp'>
ST_97 : Operation 453 [59/68] (3.65ns)   --->   "%gmem2_addr_1_resp = writeresp i1 @_ssdm_op_WriteResp.m_axi.i32P1A, i64 %gmem2_addr_1" [dylan-hls/mine.cpp:489]   --->   Operation 453 'writeresp' 'gmem2_addr_1_resp' <Predicate = true> <Delay = 3.65> <CoreInst = "m_axi">   --->   Core 119 'm_axi' <Latency = 3> <II = 1> <Delay = 1.00> <Adapter> <Opcode : 'readrequnaligned' 'writerequnaligned' 'read' 'write' 'readreq' 'writereq' 'writeresp'>

State 98 <SV = 97> <Delay = 0.00>
ST_98 : Operation 454 [57/68] (3.65ns)   --->   "%gmem2_addr_resp = writeresp i1 @_ssdm_op_WriteResp.m_axi.i32P1A, i64 %gmem2_addr" [dylan-hls/mine.cpp:488]   --->   Operation 454 'writeresp' 'gmem2_addr_resp' <Predicate = true> <Delay = 3.65> <CoreInst = "m_axi">   --->   Core 119 'm_axi' <Latency = 3> <II = 1> <Delay = 1.00> <Adapter> <Opcode : 'readrequnaligned' 'writerequnaligned' 'read' 'write' 'readreq' 'writereq' 'writeresp'>
ST_98 : Operation 455 [58/68] (3.65ns)   --->   "%gmem2_addr_1_resp = writeresp i1 @_ssdm_op_WriteResp.m_axi.i32P1A, i64 %gmem2_addr_1" [dylan-hls/mine.cpp:489]   --->   Operation 455 'writeresp' 'gmem2_addr_1_resp' <Predicate = true> <Delay = 3.65> <CoreInst = "m_axi">   --->   Core 119 'm_axi' <Latency = 3> <II = 1> <Delay = 1.00> <Adapter> <Opcode : 'readrequnaligned' 'writerequnaligned' 'read' 'write' 'readreq' 'writereq' 'writeresp'>

State 99 <SV = 98> <Delay = 0.00>
ST_99 : Operation 456 [56/68] (3.65ns)   --->   "%gmem2_addr_resp = writeresp i1 @_ssdm_op_WriteResp.m_axi.i32P1A, i64 %gmem2_addr" [dylan-hls/mine.cpp:488]   --->   Operation 456 'writeresp' 'gmem2_addr_resp' <Predicate = true> <Delay = 3.65> <CoreInst = "m_axi">   --->   Core 119 'm_axi' <Latency = 3> <II = 1> <Delay = 1.00> <Adapter> <Opcode : 'readrequnaligned' 'writerequnaligned' 'read' 'write' 'readreq' 'writereq' 'writeresp'>
ST_99 : Operation 457 [57/68] (3.65ns)   --->   "%gmem2_addr_1_resp = writeresp i1 @_ssdm_op_WriteResp.m_axi.i32P1A, i64 %gmem2_addr_1" [dylan-hls/mine.cpp:489]   --->   Operation 457 'writeresp' 'gmem2_addr_1_resp' <Predicate = true> <Delay = 3.65> <CoreInst = "m_axi">   --->   Core 119 'm_axi' <Latency = 3> <II = 1> <Delay = 1.00> <Adapter> <Opcode : 'readrequnaligned' 'writerequnaligned' 'read' 'write' 'readreq' 'writereq' 'writeresp'>

State 100 <SV = 99> <Delay = 0.00>
ST_100 : Operation 458 [55/68] (3.65ns)   --->   "%gmem2_addr_resp = writeresp i1 @_ssdm_op_WriteResp.m_axi.i32P1A, i64 %gmem2_addr" [dylan-hls/mine.cpp:488]   --->   Operation 458 'writeresp' 'gmem2_addr_resp' <Predicate = true> <Delay = 3.65> <CoreInst = "m_axi">   --->   Core 119 'm_axi' <Latency = 3> <II = 1> <Delay = 1.00> <Adapter> <Opcode : 'readrequnaligned' 'writerequnaligned' 'read' 'write' 'readreq' 'writereq' 'writeresp'>
ST_100 : Operation 459 [56/68] (3.65ns)   --->   "%gmem2_addr_1_resp = writeresp i1 @_ssdm_op_WriteResp.m_axi.i32P1A, i64 %gmem2_addr_1" [dylan-hls/mine.cpp:489]   --->   Operation 459 'writeresp' 'gmem2_addr_1_resp' <Predicate = true> <Delay = 3.65> <CoreInst = "m_axi">   --->   Core 119 'm_axi' <Latency = 3> <II = 1> <Delay = 1.00> <Adapter> <Opcode : 'readrequnaligned' 'writerequnaligned' 'read' 'write' 'readreq' 'writereq' 'writeresp'>

State 101 <SV = 100> <Delay = 0.00>
ST_101 : Operation 460 [54/68] (3.65ns)   --->   "%gmem2_addr_resp = writeresp i1 @_ssdm_op_WriteResp.m_axi.i32P1A, i64 %gmem2_addr" [dylan-hls/mine.cpp:488]   --->   Operation 460 'writeresp' 'gmem2_addr_resp' <Predicate = true> <Delay = 3.65> <CoreInst = "m_axi">   --->   Core 119 'm_axi' <Latency = 3> <II = 1> <Delay = 1.00> <Adapter> <Opcode : 'readrequnaligned' 'writerequnaligned' 'read' 'write' 'readreq' 'writereq' 'writeresp'>
ST_101 : Operation 461 [55/68] (3.65ns)   --->   "%gmem2_addr_1_resp = writeresp i1 @_ssdm_op_WriteResp.m_axi.i32P1A, i64 %gmem2_addr_1" [dylan-hls/mine.cpp:489]   --->   Operation 461 'writeresp' 'gmem2_addr_1_resp' <Predicate = true> <Delay = 3.65> <CoreInst = "m_axi">   --->   Core 119 'm_axi' <Latency = 3> <II = 1> <Delay = 1.00> <Adapter> <Opcode : 'readrequnaligned' 'writerequnaligned' 'read' 'write' 'readreq' 'writereq' 'writeresp'>

State 102 <SV = 101> <Delay = 0.00>
ST_102 : Operation 462 [53/68] (3.65ns)   --->   "%gmem2_addr_resp = writeresp i1 @_ssdm_op_WriteResp.m_axi.i32P1A, i64 %gmem2_addr" [dylan-hls/mine.cpp:488]   --->   Operation 462 'writeresp' 'gmem2_addr_resp' <Predicate = true> <Delay = 3.65> <CoreInst = "m_axi">   --->   Core 119 'm_axi' <Latency = 3> <II = 1> <Delay = 1.00> <Adapter> <Opcode : 'readrequnaligned' 'writerequnaligned' 'read' 'write' 'readreq' 'writereq' 'writeresp'>
ST_102 : Operation 463 [54/68] (3.65ns)   --->   "%gmem2_addr_1_resp = writeresp i1 @_ssdm_op_WriteResp.m_axi.i32P1A, i64 %gmem2_addr_1" [dylan-hls/mine.cpp:489]   --->   Operation 463 'writeresp' 'gmem2_addr_1_resp' <Predicate = true> <Delay = 3.65> <CoreInst = "m_axi">   --->   Core 119 'm_axi' <Latency = 3> <II = 1> <Delay = 1.00> <Adapter> <Opcode : 'readrequnaligned' 'writerequnaligned' 'read' 'write' 'readreq' 'writereq' 'writeresp'>

State 103 <SV = 102> <Delay = 0.00>
ST_103 : Operation 464 [52/68] (3.65ns)   --->   "%gmem2_addr_resp = writeresp i1 @_ssdm_op_WriteResp.m_axi.i32P1A, i64 %gmem2_addr" [dylan-hls/mine.cpp:488]   --->   Operation 464 'writeresp' 'gmem2_addr_resp' <Predicate = true> <Delay = 3.65> <CoreInst = "m_axi">   --->   Core 119 'm_axi' <Latency = 3> <II = 1> <Delay = 1.00> <Adapter> <Opcode : 'readrequnaligned' 'writerequnaligned' 'read' 'write' 'readreq' 'writereq' 'writeresp'>
ST_103 : Operation 465 [53/68] (3.65ns)   --->   "%gmem2_addr_1_resp = writeresp i1 @_ssdm_op_WriteResp.m_axi.i32P1A, i64 %gmem2_addr_1" [dylan-hls/mine.cpp:489]   --->   Operation 465 'writeresp' 'gmem2_addr_1_resp' <Predicate = true> <Delay = 3.65> <CoreInst = "m_axi">   --->   Core 119 'm_axi' <Latency = 3> <II = 1> <Delay = 1.00> <Adapter> <Opcode : 'readrequnaligned' 'writerequnaligned' 'read' 'write' 'readreq' 'writereq' 'writeresp'>

State 104 <SV = 103> <Delay = 0.00>
ST_104 : Operation 466 [51/68] (3.65ns)   --->   "%gmem2_addr_resp = writeresp i1 @_ssdm_op_WriteResp.m_axi.i32P1A, i64 %gmem2_addr" [dylan-hls/mine.cpp:488]   --->   Operation 466 'writeresp' 'gmem2_addr_resp' <Predicate = true> <Delay = 3.65> <CoreInst = "m_axi">   --->   Core 119 'm_axi' <Latency = 3> <II = 1> <Delay = 1.00> <Adapter> <Opcode : 'readrequnaligned' 'writerequnaligned' 'read' 'write' 'readreq' 'writereq' 'writeresp'>
ST_104 : Operation 467 [52/68] (3.65ns)   --->   "%gmem2_addr_1_resp = writeresp i1 @_ssdm_op_WriteResp.m_axi.i32P1A, i64 %gmem2_addr_1" [dylan-hls/mine.cpp:489]   --->   Operation 467 'writeresp' 'gmem2_addr_1_resp' <Predicate = true> <Delay = 3.65> <CoreInst = "m_axi">   --->   Core 119 'm_axi' <Latency = 3> <II = 1> <Delay = 1.00> <Adapter> <Opcode : 'readrequnaligned' 'writerequnaligned' 'read' 'write' 'readreq' 'writereq' 'writeresp'>

State 105 <SV = 104> <Delay = 0.00>
ST_105 : Operation 468 [50/68] (3.65ns)   --->   "%gmem2_addr_resp = writeresp i1 @_ssdm_op_WriteResp.m_axi.i32P1A, i64 %gmem2_addr" [dylan-hls/mine.cpp:488]   --->   Operation 468 'writeresp' 'gmem2_addr_resp' <Predicate = true> <Delay = 3.65> <CoreInst = "m_axi">   --->   Core 119 'm_axi' <Latency = 3> <II = 1> <Delay = 1.00> <Adapter> <Opcode : 'readrequnaligned' 'writerequnaligned' 'read' 'write' 'readreq' 'writereq' 'writeresp'>
ST_105 : Operation 469 [51/68] (3.65ns)   --->   "%gmem2_addr_1_resp = writeresp i1 @_ssdm_op_WriteResp.m_axi.i32P1A, i64 %gmem2_addr_1" [dylan-hls/mine.cpp:489]   --->   Operation 469 'writeresp' 'gmem2_addr_1_resp' <Predicate = true> <Delay = 3.65> <CoreInst = "m_axi">   --->   Core 119 'm_axi' <Latency = 3> <II = 1> <Delay = 1.00> <Adapter> <Opcode : 'readrequnaligned' 'writerequnaligned' 'read' 'write' 'readreq' 'writereq' 'writeresp'>

State 106 <SV = 105> <Delay = 0.00>
ST_106 : Operation 470 [49/68] (3.65ns)   --->   "%gmem2_addr_resp = writeresp i1 @_ssdm_op_WriteResp.m_axi.i32P1A, i64 %gmem2_addr" [dylan-hls/mine.cpp:488]   --->   Operation 470 'writeresp' 'gmem2_addr_resp' <Predicate = true> <Delay = 3.65> <CoreInst = "m_axi">   --->   Core 119 'm_axi' <Latency = 3> <II = 1> <Delay = 1.00> <Adapter> <Opcode : 'readrequnaligned' 'writerequnaligned' 'read' 'write' 'readreq' 'writereq' 'writeresp'>
ST_106 : Operation 471 [50/68] (3.65ns)   --->   "%gmem2_addr_1_resp = writeresp i1 @_ssdm_op_WriteResp.m_axi.i32P1A, i64 %gmem2_addr_1" [dylan-hls/mine.cpp:489]   --->   Operation 471 'writeresp' 'gmem2_addr_1_resp' <Predicate = true> <Delay = 3.65> <CoreInst = "m_axi">   --->   Core 119 'm_axi' <Latency = 3> <II = 1> <Delay = 1.00> <Adapter> <Opcode : 'readrequnaligned' 'writerequnaligned' 'read' 'write' 'readreq' 'writereq' 'writeresp'>

State 107 <SV = 106> <Delay = 0.00>
ST_107 : Operation 472 [48/68] (3.65ns)   --->   "%gmem2_addr_resp = writeresp i1 @_ssdm_op_WriteResp.m_axi.i32P1A, i64 %gmem2_addr" [dylan-hls/mine.cpp:488]   --->   Operation 472 'writeresp' 'gmem2_addr_resp' <Predicate = true> <Delay = 3.65> <CoreInst = "m_axi">   --->   Core 119 'm_axi' <Latency = 3> <II = 1> <Delay = 1.00> <Adapter> <Opcode : 'readrequnaligned' 'writerequnaligned' 'read' 'write' 'readreq' 'writereq' 'writeresp'>
ST_107 : Operation 473 [49/68] (3.65ns)   --->   "%gmem2_addr_1_resp = writeresp i1 @_ssdm_op_WriteResp.m_axi.i32P1A, i64 %gmem2_addr_1" [dylan-hls/mine.cpp:489]   --->   Operation 473 'writeresp' 'gmem2_addr_1_resp' <Predicate = true> <Delay = 3.65> <CoreInst = "m_axi">   --->   Core 119 'm_axi' <Latency = 3> <II = 1> <Delay = 1.00> <Adapter> <Opcode : 'readrequnaligned' 'writerequnaligned' 'read' 'write' 'readreq' 'writereq' 'writeresp'>

State 108 <SV = 107> <Delay = 0.00>
ST_108 : Operation 474 [47/68] (3.65ns)   --->   "%gmem2_addr_resp = writeresp i1 @_ssdm_op_WriteResp.m_axi.i32P1A, i64 %gmem2_addr" [dylan-hls/mine.cpp:488]   --->   Operation 474 'writeresp' 'gmem2_addr_resp' <Predicate = true> <Delay = 3.65> <CoreInst = "m_axi">   --->   Core 119 'm_axi' <Latency = 3> <II = 1> <Delay = 1.00> <Adapter> <Opcode : 'readrequnaligned' 'writerequnaligned' 'read' 'write' 'readreq' 'writereq' 'writeresp'>
ST_108 : Operation 475 [48/68] (3.65ns)   --->   "%gmem2_addr_1_resp = writeresp i1 @_ssdm_op_WriteResp.m_axi.i32P1A, i64 %gmem2_addr_1" [dylan-hls/mine.cpp:489]   --->   Operation 475 'writeresp' 'gmem2_addr_1_resp' <Predicate = true> <Delay = 3.65> <CoreInst = "m_axi">   --->   Core 119 'm_axi' <Latency = 3> <II = 1> <Delay = 1.00> <Adapter> <Opcode : 'readrequnaligned' 'writerequnaligned' 'read' 'write' 'readreq' 'writereq' 'writeresp'>

State 109 <SV = 108> <Delay = 0.00>
ST_109 : Operation 476 [46/68] (3.65ns)   --->   "%gmem2_addr_resp = writeresp i1 @_ssdm_op_WriteResp.m_axi.i32P1A, i64 %gmem2_addr" [dylan-hls/mine.cpp:488]   --->   Operation 476 'writeresp' 'gmem2_addr_resp' <Predicate = true> <Delay = 3.65> <CoreInst = "m_axi">   --->   Core 119 'm_axi' <Latency = 3> <II = 1> <Delay = 1.00> <Adapter> <Opcode : 'readrequnaligned' 'writerequnaligned' 'read' 'write' 'readreq' 'writereq' 'writeresp'>
ST_109 : Operation 477 [47/68] (3.65ns)   --->   "%gmem2_addr_1_resp = writeresp i1 @_ssdm_op_WriteResp.m_axi.i32P1A, i64 %gmem2_addr_1" [dylan-hls/mine.cpp:489]   --->   Operation 477 'writeresp' 'gmem2_addr_1_resp' <Predicate = true> <Delay = 3.65> <CoreInst = "m_axi">   --->   Core 119 'm_axi' <Latency = 3> <II = 1> <Delay = 1.00> <Adapter> <Opcode : 'readrequnaligned' 'writerequnaligned' 'read' 'write' 'readreq' 'writereq' 'writeresp'>

State 110 <SV = 109> <Delay = 0.00>
ST_110 : Operation 478 [45/68] (3.65ns)   --->   "%gmem2_addr_resp = writeresp i1 @_ssdm_op_WriteResp.m_axi.i32P1A, i64 %gmem2_addr" [dylan-hls/mine.cpp:488]   --->   Operation 478 'writeresp' 'gmem2_addr_resp' <Predicate = true> <Delay = 3.65> <CoreInst = "m_axi">   --->   Core 119 'm_axi' <Latency = 3> <II = 1> <Delay = 1.00> <Adapter> <Opcode : 'readrequnaligned' 'writerequnaligned' 'read' 'write' 'readreq' 'writereq' 'writeresp'>
ST_110 : Operation 479 [46/68] (3.65ns)   --->   "%gmem2_addr_1_resp = writeresp i1 @_ssdm_op_WriteResp.m_axi.i32P1A, i64 %gmem2_addr_1" [dylan-hls/mine.cpp:489]   --->   Operation 479 'writeresp' 'gmem2_addr_1_resp' <Predicate = true> <Delay = 3.65> <CoreInst = "m_axi">   --->   Core 119 'm_axi' <Latency = 3> <II = 1> <Delay = 1.00> <Adapter> <Opcode : 'readrequnaligned' 'writerequnaligned' 'read' 'write' 'readreq' 'writereq' 'writeresp'>

State 111 <SV = 110> <Delay = 0.00>
ST_111 : Operation 480 [44/68] (3.65ns)   --->   "%gmem2_addr_resp = writeresp i1 @_ssdm_op_WriteResp.m_axi.i32P1A, i64 %gmem2_addr" [dylan-hls/mine.cpp:488]   --->   Operation 480 'writeresp' 'gmem2_addr_resp' <Predicate = true> <Delay = 3.65> <CoreInst = "m_axi">   --->   Core 119 'm_axi' <Latency = 3> <II = 1> <Delay = 1.00> <Adapter> <Opcode : 'readrequnaligned' 'writerequnaligned' 'read' 'write' 'readreq' 'writereq' 'writeresp'>
ST_111 : Operation 481 [45/68] (3.65ns)   --->   "%gmem2_addr_1_resp = writeresp i1 @_ssdm_op_WriteResp.m_axi.i32P1A, i64 %gmem2_addr_1" [dylan-hls/mine.cpp:489]   --->   Operation 481 'writeresp' 'gmem2_addr_1_resp' <Predicate = true> <Delay = 3.65> <CoreInst = "m_axi">   --->   Core 119 'm_axi' <Latency = 3> <II = 1> <Delay = 1.00> <Adapter> <Opcode : 'readrequnaligned' 'writerequnaligned' 'read' 'write' 'readreq' 'writereq' 'writeresp'>

State 112 <SV = 111> <Delay = 0.00>
ST_112 : Operation 482 [43/68] (3.65ns)   --->   "%gmem2_addr_resp = writeresp i1 @_ssdm_op_WriteResp.m_axi.i32P1A, i64 %gmem2_addr" [dylan-hls/mine.cpp:488]   --->   Operation 482 'writeresp' 'gmem2_addr_resp' <Predicate = true> <Delay = 3.65> <CoreInst = "m_axi">   --->   Core 119 'm_axi' <Latency = 3> <II = 1> <Delay = 1.00> <Adapter> <Opcode : 'readrequnaligned' 'writerequnaligned' 'read' 'write' 'readreq' 'writereq' 'writeresp'>
ST_112 : Operation 483 [44/68] (3.65ns)   --->   "%gmem2_addr_1_resp = writeresp i1 @_ssdm_op_WriteResp.m_axi.i32P1A, i64 %gmem2_addr_1" [dylan-hls/mine.cpp:489]   --->   Operation 483 'writeresp' 'gmem2_addr_1_resp' <Predicate = true> <Delay = 3.65> <CoreInst = "m_axi">   --->   Core 119 'm_axi' <Latency = 3> <II = 1> <Delay = 1.00> <Adapter> <Opcode : 'readrequnaligned' 'writerequnaligned' 'read' 'write' 'readreq' 'writereq' 'writeresp'>

State 113 <SV = 112> <Delay = 0.00>
ST_113 : Operation 484 [42/68] (3.65ns)   --->   "%gmem2_addr_resp = writeresp i1 @_ssdm_op_WriteResp.m_axi.i32P1A, i64 %gmem2_addr" [dylan-hls/mine.cpp:488]   --->   Operation 484 'writeresp' 'gmem2_addr_resp' <Predicate = true> <Delay = 3.65> <CoreInst = "m_axi">   --->   Core 119 'm_axi' <Latency = 3> <II = 1> <Delay = 1.00> <Adapter> <Opcode : 'readrequnaligned' 'writerequnaligned' 'read' 'write' 'readreq' 'writereq' 'writeresp'>
ST_113 : Operation 485 [43/68] (3.65ns)   --->   "%gmem2_addr_1_resp = writeresp i1 @_ssdm_op_WriteResp.m_axi.i32P1A, i64 %gmem2_addr_1" [dylan-hls/mine.cpp:489]   --->   Operation 485 'writeresp' 'gmem2_addr_1_resp' <Predicate = true> <Delay = 3.65> <CoreInst = "m_axi">   --->   Core 119 'm_axi' <Latency = 3> <II = 1> <Delay = 1.00> <Adapter> <Opcode : 'readrequnaligned' 'writerequnaligned' 'read' 'write' 'readreq' 'writereq' 'writeresp'>

State 114 <SV = 113> <Delay = 0.00>
ST_114 : Operation 486 [41/68] (3.65ns)   --->   "%gmem2_addr_resp = writeresp i1 @_ssdm_op_WriteResp.m_axi.i32P1A, i64 %gmem2_addr" [dylan-hls/mine.cpp:488]   --->   Operation 486 'writeresp' 'gmem2_addr_resp' <Predicate = true> <Delay = 3.65> <CoreInst = "m_axi">   --->   Core 119 'm_axi' <Latency = 3> <II = 1> <Delay = 1.00> <Adapter> <Opcode : 'readrequnaligned' 'writerequnaligned' 'read' 'write' 'readreq' 'writereq' 'writeresp'>
ST_114 : Operation 487 [42/68] (3.65ns)   --->   "%gmem2_addr_1_resp = writeresp i1 @_ssdm_op_WriteResp.m_axi.i32P1A, i64 %gmem2_addr_1" [dylan-hls/mine.cpp:489]   --->   Operation 487 'writeresp' 'gmem2_addr_1_resp' <Predicate = true> <Delay = 3.65> <CoreInst = "m_axi">   --->   Core 119 'm_axi' <Latency = 3> <II = 1> <Delay = 1.00> <Adapter> <Opcode : 'readrequnaligned' 'writerequnaligned' 'read' 'write' 'readreq' 'writereq' 'writeresp'>

State 115 <SV = 114> <Delay = 0.00>
ST_115 : Operation 488 [40/68] (3.65ns)   --->   "%gmem2_addr_resp = writeresp i1 @_ssdm_op_WriteResp.m_axi.i32P1A, i64 %gmem2_addr" [dylan-hls/mine.cpp:488]   --->   Operation 488 'writeresp' 'gmem2_addr_resp' <Predicate = true> <Delay = 3.65> <CoreInst = "m_axi">   --->   Core 119 'm_axi' <Latency = 3> <II = 1> <Delay = 1.00> <Adapter> <Opcode : 'readrequnaligned' 'writerequnaligned' 'read' 'write' 'readreq' 'writereq' 'writeresp'>
ST_115 : Operation 489 [41/68] (3.65ns)   --->   "%gmem2_addr_1_resp = writeresp i1 @_ssdm_op_WriteResp.m_axi.i32P1A, i64 %gmem2_addr_1" [dylan-hls/mine.cpp:489]   --->   Operation 489 'writeresp' 'gmem2_addr_1_resp' <Predicate = true> <Delay = 3.65> <CoreInst = "m_axi">   --->   Core 119 'm_axi' <Latency = 3> <II = 1> <Delay = 1.00> <Adapter> <Opcode : 'readrequnaligned' 'writerequnaligned' 'read' 'write' 'readreq' 'writereq' 'writeresp'>

State 116 <SV = 115> <Delay = 0.00>
ST_116 : Operation 490 [39/68] (3.65ns)   --->   "%gmem2_addr_resp = writeresp i1 @_ssdm_op_WriteResp.m_axi.i32P1A, i64 %gmem2_addr" [dylan-hls/mine.cpp:488]   --->   Operation 490 'writeresp' 'gmem2_addr_resp' <Predicate = true> <Delay = 3.65> <CoreInst = "m_axi">   --->   Core 119 'm_axi' <Latency = 3> <II = 1> <Delay = 1.00> <Adapter> <Opcode : 'readrequnaligned' 'writerequnaligned' 'read' 'write' 'readreq' 'writereq' 'writeresp'>
ST_116 : Operation 491 [40/68] (3.65ns)   --->   "%gmem2_addr_1_resp = writeresp i1 @_ssdm_op_WriteResp.m_axi.i32P1A, i64 %gmem2_addr_1" [dylan-hls/mine.cpp:489]   --->   Operation 491 'writeresp' 'gmem2_addr_1_resp' <Predicate = true> <Delay = 3.65> <CoreInst = "m_axi">   --->   Core 119 'm_axi' <Latency = 3> <II = 1> <Delay = 1.00> <Adapter> <Opcode : 'readrequnaligned' 'writerequnaligned' 'read' 'write' 'readreq' 'writereq' 'writeresp'>

State 117 <SV = 116> <Delay = 0.00>
ST_117 : Operation 492 [38/68] (3.65ns)   --->   "%gmem2_addr_resp = writeresp i1 @_ssdm_op_WriteResp.m_axi.i32P1A, i64 %gmem2_addr" [dylan-hls/mine.cpp:488]   --->   Operation 492 'writeresp' 'gmem2_addr_resp' <Predicate = true> <Delay = 3.65> <CoreInst = "m_axi">   --->   Core 119 'm_axi' <Latency = 3> <II = 1> <Delay = 1.00> <Adapter> <Opcode : 'readrequnaligned' 'writerequnaligned' 'read' 'write' 'readreq' 'writereq' 'writeresp'>
ST_117 : Operation 493 [39/68] (3.65ns)   --->   "%gmem2_addr_1_resp = writeresp i1 @_ssdm_op_WriteResp.m_axi.i32P1A, i64 %gmem2_addr_1" [dylan-hls/mine.cpp:489]   --->   Operation 493 'writeresp' 'gmem2_addr_1_resp' <Predicate = true> <Delay = 3.65> <CoreInst = "m_axi">   --->   Core 119 'm_axi' <Latency = 3> <II = 1> <Delay = 1.00> <Adapter> <Opcode : 'readrequnaligned' 'writerequnaligned' 'read' 'write' 'readreq' 'writereq' 'writeresp'>

State 118 <SV = 117> <Delay = 0.00>
ST_118 : Operation 494 [37/68] (3.65ns)   --->   "%gmem2_addr_resp = writeresp i1 @_ssdm_op_WriteResp.m_axi.i32P1A, i64 %gmem2_addr" [dylan-hls/mine.cpp:488]   --->   Operation 494 'writeresp' 'gmem2_addr_resp' <Predicate = true> <Delay = 3.65> <CoreInst = "m_axi">   --->   Core 119 'm_axi' <Latency = 3> <II = 1> <Delay = 1.00> <Adapter> <Opcode : 'readrequnaligned' 'writerequnaligned' 'read' 'write' 'readreq' 'writereq' 'writeresp'>
ST_118 : Operation 495 [38/68] (3.65ns)   --->   "%gmem2_addr_1_resp = writeresp i1 @_ssdm_op_WriteResp.m_axi.i32P1A, i64 %gmem2_addr_1" [dylan-hls/mine.cpp:489]   --->   Operation 495 'writeresp' 'gmem2_addr_1_resp' <Predicate = true> <Delay = 3.65> <CoreInst = "m_axi">   --->   Core 119 'm_axi' <Latency = 3> <II = 1> <Delay = 1.00> <Adapter> <Opcode : 'readrequnaligned' 'writerequnaligned' 'read' 'write' 'readreq' 'writereq' 'writeresp'>

State 119 <SV = 118> <Delay = 0.00>
ST_119 : Operation 496 [36/68] (3.65ns)   --->   "%gmem2_addr_resp = writeresp i1 @_ssdm_op_WriteResp.m_axi.i32P1A, i64 %gmem2_addr" [dylan-hls/mine.cpp:488]   --->   Operation 496 'writeresp' 'gmem2_addr_resp' <Predicate = true> <Delay = 3.65> <CoreInst = "m_axi">   --->   Core 119 'm_axi' <Latency = 3> <II = 1> <Delay = 1.00> <Adapter> <Opcode : 'readrequnaligned' 'writerequnaligned' 'read' 'write' 'readreq' 'writereq' 'writeresp'>
ST_119 : Operation 497 [37/68] (3.65ns)   --->   "%gmem2_addr_1_resp = writeresp i1 @_ssdm_op_WriteResp.m_axi.i32P1A, i64 %gmem2_addr_1" [dylan-hls/mine.cpp:489]   --->   Operation 497 'writeresp' 'gmem2_addr_1_resp' <Predicate = true> <Delay = 3.65> <CoreInst = "m_axi">   --->   Core 119 'm_axi' <Latency = 3> <II = 1> <Delay = 1.00> <Adapter> <Opcode : 'readrequnaligned' 'writerequnaligned' 'read' 'write' 'readreq' 'writereq' 'writeresp'>

State 120 <SV = 119> <Delay = 0.00>
ST_120 : Operation 498 [35/68] (3.65ns)   --->   "%gmem2_addr_resp = writeresp i1 @_ssdm_op_WriteResp.m_axi.i32P1A, i64 %gmem2_addr" [dylan-hls/mine.cpp:488]   --->   Operation 498 'writeresp' 'gmem2_addr_resp' <Predicate = true> <Delay = 3.65> <CoreInst = "m_axi">   --->   Core 119 'm_axi' <Latency = 3> <II = 1> <Delay = 1.00> <Adapter> <Opcode : 'readrequnaligned' 'writerequnaligned' 'read' 'write' 'readreq' 'writereq' 'writeresp'>
ST_120 : Operation 499 [36/68] (3.65ns)   --->   "%gmem2_addr_1_resp = writeresp i1 @_ssdm_op_WriteResp.m_axi.i32P1A, i64 %gmem2_addr_1" [dylan-hls/mine.cpp:489]   --->   Operation 499 'writeresp' 'gmem2_addr_1_resp' <Predicate = true> <Delay = 3.65> <CoreInst = "m_axi">   --->   Core 119 'm_axi' <Latency = 3> <II = 1> <Delay = 1.00> <Adapter> <Opcode : 'readrequnaligned' 'writerequnaligned' 'read' 'write' 'readreq' 'writereq' 'writeresp'>

State 121 <SV = 120> <Delay = 0.00>
ST_121 : Operation 500 [34/68] (3.65ns)   --->   "%gmem2_addr_resp = writeresp i1 @_ssdm_op_WriteResp.m_axi.i32P1A, i64 %gmem2_addr" [dylan-hls/mine.cpp:488]   --->   Operation 500 'writeresp' 'gmem2_addr_resp' <Predicate = true> <Delay = 3.65> <CoreInst = "m_axi">   --->   Core 119 'm_axi' <Latency = 3> <II = 1> <Delay = 1.00> <Adapter> <Opcode : 'readrequnaligned' 'writerequnaligned' 'read' 'write' 'readreq' 'writereq' 'writeresp'>
ST_121 : Operation 501 [35/68] (3.65ns)   --->   "%gmem2_addr_1_resp = writeresp i1 @_ssdm_op_WriteResp.m_axi.i32P1A, i64 %gmem2_addr_1" [dylan-hls/mine.cpp:489]   --->   Operation 501 'writeresp' 'gmem2_addr_1_resp' <Predicate = true> <Delay = 3.65> <CoreInst = "m_axi">   --->   Core 119 'm_axi' <Latency = 3> <II = 1> <Delay = 1.00> <Adapter> <Opcode : 'readrequnaligned' 'writerequnaligned' 'read' 'write' 'readreq' 'writereq' 'writeresp'>

State 122 <SV = 121> <Delay = 0.00>
ST_122 : Operation 502 [33/68] (3.65ns)   --->   "%gmem2_addr_resp = writeresp i1 @_ssdm_op_WriteResp.m_axi.i32P1A, i64 %gmem2_addr" [dylan-hls/mine.cpp:488]   --->   Operation 502 'writeresp' 'gmem2_addr_resp' <Predicate = true> <Delay = 3.65> <CoreInst = "m_axi">   --->   Core 119 'm_axi' <Latency = 3> <II = 1> <Delay = 1.00> <Adapter> <Opcode : 'readrequnaligned' 'writerequnaligned' 'read' 'write' 'readreq' 'writereq' 'writeresp'>
ST_122 : Operation 503 [34/68] (3.65ns)   --->   "%gmem2_addr_1_resp = writeresp i1 @_ssdm_op_WriteResp.m_axi.i32P1A, i64 %gmem2_addr_1" [dylan-hls/mine.cpp:489]   --->   Operation 503 'writeresp' 'gmem2_addr_1_resp' <Predicate = true> <Delay = 3.65> <CoreInst = "m_axi">   --->   Core 119 'm_axi' <Latency = 3> <II = 1> <Delay = 1.00> <Adapter> <Opcode : 'readrequnaligned' 'writerequnaligned' 'read' 'write' 'readreq' 'writereq' 'writeresp'>

State 123 <SV = 122> <Delay = 0.00>
ST_123 : Operation 504 [32/68] (3.65ns)   --->   "%gmem2_addr_resp = writeresp i1 @_ssdm_op_WriteResp.m_axi.i32P1A, i64 %gmem2_addr" [dylan-hls/mine.cpp:488]   --->   Operation 504 'writeresp' 'gmem2_addr_resp' <Predicate = true> <Delay = 3.65> <CoreInst = "m_axi">   --->   Core 119 'm_axi' <Latency = 3> <II = 1> <Delay = 1.00> <Adapter> <Opcode : 'readrequnaligned' 'writerequnaligned' 'read' 'write' 'readreq' 'writereq' 'writeresp'>
ST_123 : Operation 505 [33/68] (3.65ns)   --->   "%gmem2_addr_1_resp = writeresp i1 @_ssdm_op_WriteResp.m_axi.i32P1A, i64 %gmem2_addr_1" [dylan-hls/mine.cpp:489]   --->   Operation 505 'writeresp' 'gmem2_addr_1_resp' <Predicate = true> <Delay = 3.65> <CoreInst = "m_axi">   --->   Core 119 'm_axi' <Latency = 3> <II = 1> <Delay = 1.00> <Adapter> <Opcode : 'readrequnaligned' 'writerequnaligned' 'read' 'write' 'readreq' 'writereq' 'writeresp'>

State 124 <SV = 123> <Delay = 0.00>
ST_124 : Operation 506 [31/68] (3.65ns)   --->   "%gmem2_addr_resp = writeresp i1 @_ssdm_op_WriteResp.m_axi.i32P1A, i64 %gmem2_addr" [dylan-hls/mine.cpp:488]   --->   Operation 506 'writeresp' 'gmem2_addr_resp' <Predicate = true> <Delay = 3.65> <CoreInst = "m_axi">   --->   Core 119 'm_axi' <Latency = 3> <II = 1> <Delay = 1.00> <Adapter> <Opcode : 'readrequnaligned' 'writerequnaligned' 'read' 'write' 'readreq' 'writereq' 'writeresp'>
ST_124 : Operation 507 [32/68] (3.65ns)   --->   "%gmem2_addr_1_resp = writeresp i1 @_ssdm_op_WriteResp.m_axi.i32P1A, i64 %gmem2_addr_1" [dylan-hls/mine.cpp:489]   --->   Operation 507 'writeresp' 'gmem2_addr_1_resp' <Predicate = true> <Delay = 3.65> <CoreInst = "m_axi">   --->   Core 119 'm_axi' <Latency = 3> <II = 1> <Delay = 1.00> <Adapter> <Opcode : 'readrequnaligned' 'writerequnaligned' 'read' 'write' 'readreq' 'writereq' 'writeresp'>

State 125 <SV = 124> <Delay = 0.00>
ST_125 : Operation 508 [30/68] (3.65ns)   --->   "%gmem2_addr_resp = writeresp i1 @_ssdm_op_WriteResp.m_axi.i32P1A, i64 %gmem2_addr" [dylan-hls/mine.cpp:488]   --->   Operation 508 'writeresp' 'gmem2_addr_resp' <Predicate = true> <Delay = 3.65> <CoreInst = "m_axi">   --->   Core 119 'm_axi' <Latency = 3> <II = 1> <Delay = 1.00> <Adapter> <Opcode : 'readrequnaligned' 'writerequnaligned' 'read' 'write' 'readreq' 'writereq' 'writeresp'>
ST_125 : Operation 509 [31/68] (3.65ns)   --->   "%gmem2_addr_1_resp = writeresp i1 @_ssdm_op_WriteResp.m_axi.i32P1A, i64 %gmem2_addr_1" [dylan-hls/mine.cpp:489]   --->   Operation 509 'writeresp' 'gmem2_addr_1_resp' <Predicate = true> <Delay = 3.65> <CoreInst = "m_axi">   --->   Core 119 'm_axi' <Latency = 3> <II = 1> <Delay = 1.00> <Adapter> <Opcode : 'readrequnaligned' 'writerequnaligned' 'read' 'write' 'readreq' 'writereq' 'writeresp'>

State 126 <SV = 125> <Delay = 0.00>
ST_126 : Operation 510 [29/68] (3.65ns)   --->   "%gmem2_addr_resp = writeresp i1 @_ssdm_op_WriteResp.m_axi.i32P1A, i64 %gmem2_addr" [dylan-hls/mine.cpp:488]   --->   Operation 510 'writeresp' 'gmem2_addr_resp' <Predicate = true> <Delay = 3.65> <CoreInst = "m_axi">   --->   Core 119 'm_axi' <Latency = 3> <II = 1> <Delay = 1.00> <Adapter> <Opcode : 'readrequnaligned' 'writerequnaligned' 'read' 'write' 'readreq' 'writereq' 'writeresp'>
ST_126 : Operation 511 [30/68] (3.65ns)   --->   "%gmem2_addr_1_resp = writeresp i1 @_ssdm_op_WriteResp.m_axi.i32P1A, i64 %gmem2_addr_1" [dylan-hls/mine.cpp:489]   --->   Operation 511 'writeresp' 'gmem2_addr_1_resp' <Predicate = true> <Delay = 3.65> <CoreInst = "m_axi">   --->   Core 119 'm_axi' <Latency = 3> <II = 1> <Delay = 1.00> <Adapter> <Opcode : 'readrequnaligned' 'writerequnaligned' 'read' 'write' 'readreq' 'writereq' 'writeresp'>

State 127 <SV = 126> <Delay = 0.00>
ST_127 : Operation 512 [28/68] (3.65ns)   --->   "%gmem2_addr_resp = writeresp i1 @_ssdm_op_WriteResp.m_axi.i32P1A, i64 %gmem2_addr" [dylan-hls/mine.cpp:488]   --->   Operation 512 'writeresp' 'gmem2_addr_resp' <Predicate = true> <Delay = 3.65> <CoreInst = "m_axi">   --->   Core 119 'm_axi' <Latency = 3> <II = 1> <Delay = 1.00> <Adapter> <Opcode : 'readrequnaligned' 'writerequnaligned' 'read' 'write' 'readreq' 'writereq' 'writeresp'>
ST_127 : Operation 513 [29/68] (3.65ns)   --->   "%gmem2_addr_1_resp = writeresp i1 @_ssdm_op_WriteResp.m_axi.i32P1A, i64 %gmem2_addr_1" [dylan-hls/mine.cpp:489]   --->   Operation 513 'writeresp' 'gmem2_addr_1_resp' <Predicate = true> <Delay = 3.65> <CoreInst = "m_axi">   --->   Core 119 'm_axi' <Latency = 3> <II = 1> <Delay = 1.00> <Adapter> <Opcode : 'readrequnaligned' 'writerequnaligned' 'read' 'write' 'readreq' 'writereq' 'writeresp'>

State 128 <SV = 127> <Delay = 0.00>
ST_128 : Operation 514 [27/68] (3.65ns)   --->   "%gmem2_addr_resp = writeresp i1 @_ssdm_op_WriteResp.m_axi.i32P1A, i64 %gmem2_addr" [dylan-hls/mine.cpp:488]   --->   Operation 514 'writeresp' 'gmem2_addr_resp' <Predicate = true> <Delay = 3.65> <CoreInst = "m_axi">   --->   Core 119 'm_axi' <Latency = 3> <II = 1> <Delay = 1.00> <Adapter> <Opcode : 'readrequnaligned' 'writerequnaligned' 'read' 'write' 'readreq' 'writereq' 'writeresp'>
ST_128 : Operation 515 [28/68] (3.65ns)   --->   "%gmem2_addr_1_resp = writeresp i1 @_ssdm_op_WriteResp.m_axi.i32P1A, i64 %gmem2_addr_1" [dylan-hls/mine.cpp:489]   --->   Operation 515 'writeresp' 'gmem2_addr_1_resp' <Predicate = true> <Delay = 3.65> <CoreInst = "m_axi">   --->   Core 119 'm_axi' <Latency = 3> <II = 1> <Delay = 1.00> <Adapter> <Opcode : 'readrequnaligned' 'writerequnaligned' 'read' 'write' 'readreq' 'writereq' 'writeresp'>

State 129 <SV = 128> <Delay = 0.00>
ST_129 : Operation 516 [26/68] (3.65ns)   --->   "%gmem2_addr_resp = writeresp i1 @_ssdm_op_WriteResp.m_axi.i32P1A, i64 %gmem2_addr" [dylan-hls/mine.cpp:488]   --->   Operation 516 'writeresp' 'gmem2_addr_resp' <Predicate = true> <Delay = 3.65> <CoreInst = "m_axi">   --->   Core 119 'm_axi' <Latency = 3> <II = 1> <Delay = 1.00> <Adapter> <Opcode : 'readrequnaligned' 'writerequnaligned' 'read' 'write' 'readreq' 'writereq' 'writeresp'>
ST_129 : Operation 517 [27/68] (3.65ns)   --->   "%gmem2_addr_1_resp = writeresp i1 @_ssdm_op_WriteResp.m_axi.i32P1A, i64 %gmem2_addr_1" [dylan-hls/mine.cpp:489]   --->   Operation 517 'writeresp' 'gmem2_addr_1_resp' <Predicate = true> <Delay = 3.65> <CoreInst = "m_axi">   --->   Core 119 'm_axi' <Latency = 3> <II = 1> <Delay = 1.00> <Adapter> <Opcode : 'readrequnaligned' 'writerequnaligned' 'read' 'write' 'readreq' 'writereq' 'writeresp'>

State 130 <SV = 129> <Delay = 0.00>
ST_130 : Operation 518 [25/68] (3.65ns)   --->   "%gmem2_addr_resp = writeresp i1 @_ssdm_op_WriteResp.m_axi.i32P1A, i64 %gmem2_addr" [dylan-hls/mine.cpp:488]   --->   Operation 518 'writeresp' 'gmem2_addr_resp' <Predicate = true> <Delay = 3.65> <CoreInst = "m_axi">   --->   Core 119 'm_axi' <Latency = 3> <II = 1> <Delay = 1.00> <Adapter> <Opcode : 'readrequnaligned' 'writerequnaligned' 'read' 'write' 'readreq' 'writereq' 'writeresp'>
ST_130 : Operation 519 [26/68] (3.65ns)   --->   "%gmem2_addr_1_resp = writeresp i1 @_ssdm_op_WriteResp.m_axi.i32P1A, i64 %gmem2_addr_1" [dylan-hls/mine.cpp:489]   --->   Operation 519 'writeresp' 'gmem2_addr_1_resp' <Predicate = true> <Delay = 3.65> <CoreInst = "m_axi">   --->   Core 119 'm_axi' <Latency = 3> <II = 1> <Delay = 1.00> <Adapter> <Opcode : 'readrequnaligned' 'writerequnaligned' 'read' 'write' 'readreq' 'writereq' 'writeresp'>

State 131 <SV = 130> <Delay = 0.00>
ST_131 : Operation 520 [24/68] (3.65ns)   --->   "%gmem2_addr_resp = writeresp i1 @_ssdm_op_WriteResp.m_axi.i32P1A, i64 %gmem2_addr" [dylan-hls/mine.cpp:488]   --->   Operation 520 'writeresp' 'gmem2_addr_resp' <Predicate = true> <Delay = 3.65> <CoreInst = "m_axi">   --->   Core 119 'm_axi' <Latency = 3> <II = 1> <Delay = 1.00> <Adapter> <Opcode : 'readrequnaligned' 'writerequnaligned' 'read' 'write' 'readreq' 'writereq' 'writeresp'>
ST_131 : Operation 521 [25/68] (3.65ns)   --->   "%gmem2_addr_1_resp = writeresp i1 @_ssdm_op_WriteResp.m_axi.i32P1A, i64 %gmem2_addr_1" [dylan-hls/mine.cpp:489]   --->   Operation 521 'writeresp' 'gmem2_addr_1_resp' <Predicate = true> <Delay = 3.65> <CoreInst = "m_axi">   --->   Core 119 'm_axi' <Latency = 3> <II = 1> <Delay = 1.00> <Adapter> <Opcode : 'readrequnaligned' 'writerequnaligned' 'read' 'write' 'readreq' 'writereq' 'writeresp'>

State 132 <SV = 131> <Delay = 0.00>
ST_132 : Operation 522 [23/68] (3.65ns)   --->   "%gmem2_addr_resp = writeresp i1 @_ssdm_op_WriteResp.m_axi.i32P1A, i64 %gmem2_addr" [dylan-hls/mine.cpp:488]   --->   Operation 522 'writeresp' 'gmem2_addr_resp' <Predicate = true> <Delay = 3.65> <CoreInst = "m_axi">   --->   Core 119 'm_axi' <Latency = 3> <II = 1> <Delay = 1.00> <Adapter> <Opcode : 'readrequnaligned' 'writerequnaligned' 'read' 'write' 'readreq' 'writereq' 'writeresp'>
ST_132 : Operation 523 [24/68] (3.65ns)   --->   "%gmem2_addr_1_resp = writeresp i1 @_ssdm_op_WriteResp.m_axi.i32P1A, i64 %gmem2_addr_1" [dylan-hls/mine.cpp:489]   --->   Operation 523 'writeresp' 'gmem2_addr_1_resp' <Predicate = true> <Delay = 3.65> <CoreInst = "m_axi">   --->   Core 119 'm_axi' <Latency = 3> <II = 1> <Delay = 1.00> <Adapter> <Opcode : 'readrequnaligned' 'writerequnaligned' 'read' 'write' 'readreq' 'writereq' 'writeresp'>

State 133 <SV = 132> <Delay = 0.00>
ST_133 : Operation 524 [22/68] (3.65ns)   --->   "%gmem2_addr_resp = writeresp i1 @_ssdm_op_WriteResp.m_axi.i32P1A, i64 %gmem2_addr" [dylan-hls/mine.cpp:488]   --->   Operation 524 'writeresp' 'gmem2_addr_resp' <Predicate = true> <Delay = 3.65> <CoreInst = "m_axi">   --->   Core 119 'm_axi' <Latency = 3> <II = 1> <Delay = 1.00> <Adapter> <Opcode : 'readrequnaligned' 'writerequnaligned' 'read' 'write' 'readreq' 'writereq' 'writeresp'>
ST_133 : Operation 525 [23/68] (3.65ns)   --->   "%gmem2_addr_1_resp = writeresp i1 @_ssdm_op_WriteResp.m_axi.i32P1A, i64 %gmem2_addr_1" [dylan-hls/mine.cpp:489]   --->   Operation 525 'writeresp' 'gmem2_addr_1_resp' <Predicate = true> <Delay = 3.65> <CoreInst = "m_axi">   --->   Core 119 'm_axi' <Latency = 3> <II = 1> <Delay = 1.00> <Adapter> <Opcode : 'readrequnaligned' 'writerequnaligned' 'read' 'write' 'readreq' 'writereq' 'writeresp'>

State 134 <SV = 133> <Delay = 0.00>
ST_134 : Operation 526 [21/68] (3.65ns)   --->   "%gmem2_addr_resp = writeresp i1 @_ssdm_op_WriteResp.m_axi.i32P1A, i64 %gmem2_addr" [dylan-hls/mine.cpp:488]   --->   Operation 526 'writeresp' 'gmem2_addr_resp' <Predicate = true> <Delay = 3.65> <CoreInst = "m_axi">   --->   Core 119 'm_axi' <Latency = 3> <II = 1> <Delay = 1.00> <Adapter> <Opcode : 'readrequnaligned' 'writerequnaligned' 'read' 'write' 'readreq' 'writereq' 'writeresp'>
ST_134 : Operation 527 [22/68] (3.65ns)   --->   "%gmem2_addr_1_resp = writeresp i1 @_ssdm_op_WriteResp.m_axi.i32P1A, i64 %gmem2_addr_1" [dylan-hls/mine.cpp:489]   --->   Operation 527 'writeresp' 'gmem2_addr_1_resp' <Predicate = true> <Delay = 3.65> <CoreInst = "m_axi">   --->   Core 119 'm_axi' <Latency = 3> <II = 1> <Delay = 1.00> <Adapter> <Opcode : 'readrequnaligned' 'writerequnaligned' 'read' 'write' 'readreq' 'writereq' 'writeresp'>

State 135 <SV = 134> <Delay = 0.00>
ST_135 : Operation 528 [20/68] (3.65ns)   --->   "%gmem2_addr_resp = writeresp i1 @_ssdm_op_WriteResp.m_axi.i32P1A, i64 %gmem2_addr" [dylan-hls/mine.cpp:488]   --->   Operation 528 'writeresp' 'gmem2_addr_resp' <Predicate = true> <Delay = 3.65> <CoreInst = "m_axi">   --->   Core 119 'm_axi' <Latency = 3> <II = 1> <Delay = 1.00> <Adapter> <Opcode : 'readrequnaligned' 'writerequnaligned' 'read' 'write' 'readreq' 'writereq' 'writeresp'>
ST_135 : Operation 529 [21/68] (3.65ns)   --->   "%gmem2_addr_1_resp = writeresp i1 @_ssdm_op_WriteResp.m_axi.i32P1A, i64 %gmem2_addr_1" [dylan-hls/mine.cpp:489]   --->   Operation 529 'writeresp' 'gmem2_addr_1_resp' <Predicate = true> <Delay = 3.65> <CoreInst = "m_axi">   --->   Core 119 'm_axi' <Latency = 3> <II = 1> <Delay = 1.00> <Adapter> <Opcode : 'readrequnaligned' 'writerequnaligned' 'read' 'write' 'readreq' 'writereq' 'writeresp'>

State 136 <SV = 135> <Delay = 0.00>
ST_136 : Operation 530 [19/68] (3.65ns)   --->   "%gmem2_addr_resp = writeresp i1 @_ssdm_op_WriteResp.m_axi.i32P1A, i64 %gmem2_addr" [dylan-hls/mine.cpp:488]   --->   Operation 530 'writeresp' 'gmem2_addr_resp' <Predicate = true> <Delay = 3.65> <CoreInst = "m_axi">   --->   Core 119 'm_axi' <Latency = 3> <II = 1> <Delay = 1.00> <Adapter> <Opcode : 'readrequnaligned' 'writerequnaligned' 'read' 'write' 'readreq' 'writereq' 'writeresp'>
ST_136 : Operation 531 [20/68] (3.65ns)   --->   "%gmem2_addr_1_resp = writeresp i1 @_ssdm_op_WriteResp.m_axi.i32P1A, i64 %gmem2_addr_1" [dylan-hls/mine.cpp:489]   --->   Operation 531 'writeresp' 'gmem2_addr_1_resp' <Predicate = true> <Delay = 3.65> <CoreInst = "m_axi">   --->   Core 119 'm_axi' <Latency = 3> <II = 1> <Delay = 1.00> <Adapter> <Opcode : 'readrequnaligned' 'writerequnaligned' 'read' 'write' 'readreq' 'writereq' 'writeresp'>

State 137 <SV = 136> <Delay = 0.00>
ST_137 : Operation 532 [18/68] (3.65ns)   --->   "%gmem2_addr_resp = writeresp i1 @_ssdm_op_WriteResp.m_axi.i32P1A, i64 %gmem2_addr" [dylan-hls/mine.cpp:488]   --->   Operation 532 'writeresp' 'gmem2_addr_resp' <Predicate = true> <Delay = 3.65> <CoreInst = "m_axi">   --->   Core 119 'm_axi' <Latency = 3> <II = 1> <Delay = 1.00> <Adapter> <Opcode : 'readrequnaligned' 'writerequnaligned' 'read' 'write' 'readreq' 'writereq' 'writeresp'>
ST_137 : Operation 533 [19/68] (3.65ns)   --->   "%gmem2_addr_1_resp = writeresp i1 @_ssdm_op_WriteResp.m_axi.i32P1A, i64 %gmem2_addr_1" [dylan-hls/mine.cpp:489]   --->   Operation 533 'writeresp' 'gmem2_addr_1_resp' <Predicate = true> <Delay = 3.65> <CoreInst = "m_axi">   --->   Core 119 'm_axi' <Latency = 3> <II = 1> <Delay = 1.00> <Adapter> <Opcode : 'readrequnaligned' 'writerequnaligned' 'read' 'write' 'readreq' 'writereq' 'writeresp'>

State 138 <SV = 137> <Delay = 0.00>
ST_138 : Operation 534 [17/68] (3.65ns)   --->   "%gmem2_addr_resp = writeresp i1 @_ssdm_op_WriteResp.m_axi.i32P1A, i64 %gmem2_addr" [dylan-hls/mine.cpp:488]   --->   Operation 534 'writeresp' 'gmem2_addr_resp' <Predicate = true> <Delay = 3.65> <CoreInst = "m_axi">   --->   Core 119 'm_axi' <Latency = 3> <II = 1> <Delay = 1.00> <Adapter> <Opcode : 'readrequnaligned' 'writerequnaligned' 'read' 'write' 'readreq' 'writereq' 'writeresp'>
ST_138 : Operation 535 [18/68] (3.65ns)   --->   "%gmem2_addr_1_resp = writeresp i1 @_ssdm_op_WriteResp.m_axi.i32P1A, i64 %gmem2_addr_1" [dylan-hls/mine.cpp:489]   --->   Operation 535 'writeresp' 'gmem2_addr_1_resp' <Predicate = true> <Delay = 3.65> <CoreInst = "m_axi">   --->   Core 119 'm_axi' <Latency = 3> <II = 1> <Delay = 1.00> <Adapter> <Opcode : 'readrequnaligned' 'writerequnaligned' 'read' 'write' 'readreq' 'writereq' 'writeresp'>

State 139 <SV = 138> <Delay = 0.00>
ST_139 : Operation 536 [16/68] (3.65ns)   --->   "%gmem2_addr_resp = writeresp i1 @_ssdm_op_WriteResp.m_axi.i32P1A, i64 %gmem2_addr" [dylan-hls/mine.cpp:488]   --->   Operation 536 'writeresp' 'gmem2_addr_resp' <Predicate = true> <Delay = 3.65> <CoreInst = "m_axi">   --->   Core 119 'm_axi' <Latency = 3> <II = 1> <Delay = 1.00> <Adapter> <Opcode : 'readrequnaligned' 'writerequnaligned' 'read' 'write' 'readreq' 'writereq' 'writeresp'>
ST_139 : Operation 537 [17/68] (3.65ns)   --->   "%gmem2_addr_1_resp = writeresp i1 @_ssdm_op_WriteResp.m_axi.i32P1A, i64 %gmem2_addr_1" [dylan-hls/mine.cpp:489]   --->   Operation 537 'writeresp' 'gmem2_addr_1_resp' <Predicate = true> <Delay = 3.65> <CoreInst = "m_axi">   --->   Core 119 'm_axi' <Latency = 3> <II = 1> <Delay = 1.00> <Adapter> <Opcode : 'readrequnaligned' 'writerequnaligned' 'read' 'write' 'readreq' 'writereq' 'writeresp'>

State 140 <SV = 139> <Delay = 0.00>
ST_140 : Operation 538 [15/68] (3.65ns)   --->   "%gmem2_addr_resp = writeresp i1 @_ssdm_op_WriteResp.m_axi.i32P1A, i64 %gmem2_addr" [dylan-hls/mine.cpp:488]   --->   Operation 538 'writeresp' 'gmem2_addr_resp' <Predicate = true> <Delay = 3.65> <CoreInst = "m_axi">   --->   Core 119 'm_axi' <Latency = 3> <II = 1> <Delay = 1.00> <Adapter> <Opcode : 'readrequnaligned' 'writerequnaligned' 'read' 'write' 'readreq' 'writereq' 'writeresp'>
ST_140 : Operation 539 [16/68] (3.65ns)   --->   "%gmem2_addr_1_resp = writeresp i1 @_ssdm_op_WriteResp.m_axi.i32P1A, i64 %gmem2_addr_1" [dylan-hls/mine.cpp:489]   --->   Operation 539 'writeresp' 'gmem2_addr_1_resp' <Predicate = true> <Delay = 3.65> <CoreInst = "m_axi">   --->   Core 119 'm_axi' <Latency = 3> <II = 1> <Delay = 1.00> <Adapter> <Opcode : 'readrequnaligned' 'writerequnaligned' 'read' 'write' 'readreq' 'writereq' 'writeresp'>

State 141 <SV = 140> <Delay = 0.00>
ST_141 : Operation 540 [14/68] (3.65ns)   --->   "%gmem2_addr_resp = writeresp i1 @_ssdm_op_WriteResp.m_axi.i32P1A, i64 %gmem2_addr" [dylan-hls/mine.cpp:488]   --->   Operation 540 'writeresp' 'gmem2_addr_resp' <Predicate = true> <Delay = 3.65> <CoreInst = "m_axi">   --->   Core 119 'm_axi' <Latency = 3> <II = 1> <Delay = 1.00> <Adapter> <Opcode : 'readrequnaligned' 'writerequnaligned' 'read' 'write' 'readreq' 'writereq' 'writeresp'>
ST_141 : Operation 541 [15/68] (3.65ns)   --->   "%gmem2_addr_1_resp = writeresp i1 @_ssdm_op_WriteResp.m_axi.i32P1A, i64 %gmem2_addr_1" [dylan-hls/mine.cpp:489]   --->   Operation 541 'writeresp' 'gmem2_addr_1_resp' <Predicate = true> <Delay = 3.65> <CoreInst = "m_axi">   --->   Core 119 'm_axi' <Latency = 3> <II = 1> <Delay = 1.00> <Adapter> <Opcode : 'readrequnaligned' 'writerequnaligned' 'read' 'write' 'readreq' 'writereq' 'writeresp'>

State 142 <SV = 141> <Delay = 0.00>
ST_142 : Operation 542 [13/68] (3.65ns)   --->   "%gmem2_addr_resp = writeresp i1 @_ssdm_op_WriteResp.m_axi.i32P1A, i64 %gmem2_addr" [dylan-hls/mine.cpp:488]   --->   Operation 542 'writeresp' 'gmem2_addr_resp' <Predicate = true> <Delay = 3.65> <CoreInst = "m_axi">   --->   Core 119 'm_axi' <Latency = 3> <II = 1> <Delay = 1.00> <Adapter> <Opcode : 'readrequnaligned' 'writerequnaligned' 'read' 'write' 'readreq' 'writereq' 'writeresp'>
ST_142 : Operation 543 [14/68] (3.65ns)   --->   "%gmem2_addr_1_resp = writeresp i1 @_ssdm_op_WriteResp.m_axi.i32P1A, i64 %gmem2_addr_1" [dylan-hls/mine.cpp:489]   --->   Operation 543 'writeresp' 'gmem2_addr_1_resp' <Predicate = true> <Delay = 3.65> <CoreInst = "m_axi">   --->   Core 119 'm_axi' <Latency = 3> <II = 1> <Delay = 1.00> <Adapter> <Opcode : 'readrequnaligned' 'writerequnaligned' 'read' 'write' 'readreq' 'writereq' 'writeresp'>

State 143 <SV = 142> <Delay = 0.00>
ST_143 : Operation 544 [12/68] (3.65ns)   --->   "%gmem2_addr_resp = writeresp i1 @_ssdm_op_WriteResp.m_axi.i32P1A, i64 %gmem2_addr" [dylan-hls/mine.cpp:488]   --->   Operation 544 'writeresp' 'gmem2_addr_resp' <Predicate = true> <Delay = 3.65> <CoreInst = "m_axi">   --->   Core 119 'm_axi' <Latency = 3> <II = 1> <Delay = 1.00> <Adapter> <Opcode : 'readrequnaligned' 'writerequnaligned' 'read' 'write' 'readreq' 'writereq' 'writeresp'>
ST_143 : Operation 545 [13/68] (3.65ns)   --->   "%gmem2_addr_1_resp = writeresp i1 @_ssdm_op_WriteResp.m_axi.i32P1A, i64 %gmem2_addr_1" [dylan-hls/mine.cpp:489]   --->   Operation 545 'writeresp' 'gmem2_addr_1_resp' <Predicate = true> <Delay = 3.65> <CoreInst = "m_axi">   --->   Core 119 'm_axi' <Latency = 3> <II = 1> <Delay = 1.00> <Adapter> <Opcode : 'readrequnaligned' 'writerequnaligned' 'read' 'write' 'readreq' 'writereq' 'writeresp'>

State 144 <SV = 143> <Delay = 0.00>
ST_144 : Operation 546 [11/68] (3.65ns)   --->   "%gmem2_addr_resp = writeresp i1 @_ssdm_op_WriteResp.m_axi.i32P1A, i64 %gmem2_addr" [dylan-hls/mine.cpp:488]   --->   Operation 546 'writeresp' 'gmem2_addr_resp' <Predicate = true> <Delay = 3.65> <CoreInst = "m_axi">   --->   Core 119 'm_axi' <Latency = 3> <II = 1> <Delay = 1.00> <Adapter> <Opcode : 'readrequnaligned' 'writerequnaligned' 'read' 'write' 'readreq' 'writereq' 'writeresp'>
ST_144 : Operation 547 [12/68] (3.65ns)   --->   "%gmem2_addr_1_resp = writeresp i1 @_ssdm_op_WriteResp.m_axi.i32P1A, i64 %gmem2_addr_1" [dylan-hls/mine.cpp:489]   --->   Operation 547 'writeresp' 'gmem2_addr_1_resp' <Predicate = true> <Delay = 3.65> <CoreInst = "m_axi">   --->   Core 119 'm_axi' <Latency = 3> <II = 1> <Delay = 1.00> <Adapter> <Opcode : 'readrequnaligned' 'writerequnaligned' 'read' 'write' 'readreq' 'writereq' 'writeresp'>

State 145 <SV = 144> <Delay = 0.00>
ST_145 : Operation 548 [10/68] (3.65ns)   --->   "%gmem2_addr_resp = writeresp i1 @_ssdm_op_WriteResp.m_axi.i32P1A, i64 %gmem2_addr" [dylan-hls/mine.cpp:488]   --->   Operation 548 'writeresp' 'gmem2_addr_resp' <Predicate = true> <Delay = 3.65> <CoreInst = "m_axi">   --->   Core 119 'm_axi' <Latency = 3> <II = 1> <Delay = 1.00> <Adapter> <Opcode : 'readrequnaligned' 'writerequnaligned' 'read' 'write' 'readreq' 'writereq' 'writeresp'>
ST_145 : Operation 549 [11/68] (3.65ns)   --->   "%gmem2_addr_1_resp = writeresp i1 @_ssdm_op_WriteResp.m_axi.i32P1A, i64 %gmem2_addr_1" [dylan-hls/mine.cpp:489]   --->   Operation 549 'writeresp' 'gmem2_addr_1_resp' <Predicate = true> <Delay = 3.65> <CoreInst = "m_axi">   --->   Core 119 'm_axi' <Latency = 3> <II = 1> <Delay = 1.00> <Adapter> <Opcode : 'readrequnaligned' 'writerequnaligned' 'read' 'write' 'readreq' 'writereq' 'writeresp'>

State 146 <SV = 145> <Delay = 0.00>
ST_146 : Operation 550 [9/68] (3.65ns)   --->   "%gmem2_addr_resp = writeresp i1 @_ssdm_op_WriteResp.m_axi.i32P1A, i64 %gmem2_addr" [dylan-hls/mine.cpp:488]   --->   Operation 550 'writeresp' 'gmem2_addr_resp' <Predicate = true> <Delay = 3.65> <CoreInst = "m_axi">   --->   Core 119 'm_axi' <Latency = 3> <II = 1> <Delay = 1.00> <Adapter> <Opcode : 'readrequnaligned' 'writerequnaligned' 'read' 'write' 'readreq' 'writereq' 'writeresp'>
ST_146 : Operation 551 [10/68] (3.65ns)   --->   "%gmem2_addr_1_resp = writeresp i1 @_ssdm_op_WriteResp.m_axi.i32P1A, i64 %gmem2_addr_1" [dylan-hls/mine.cpp:489]   --->   Operation 551 'writeresp' 'gmem2_addr_1_resp' <Predicate = true> <Delay = 3.65> <CoreInst = "m_axi">   --->   Core 119 'm_axi' <Latency = 3> <II = 1> <Delay = 1.00> <Adapter> <Opcode : 'readrequnaligned' 'writerequnaligned' 'read' 'write' 'readreq' 'writereq' 'writeresp'>

State 147 <SV = 146> <Delay = 0.00>
ST_147 : Operation 552 [8/68] (3.65ns)   --->   "%gmem2_addr_resp = writeresp i1 @_ssdm_op_WriteResp.m_axi.i32P1A, i64 %gmem2_addr" [dylan-hls/mine.cpp:488]   --->   Operation 552 'writeresp' 'gmem2_addr_resp' <Predicate = true> <Delay = 3.65> <CoreInst = "m_axi">   --->   Core 119 'm_axi' <Latency = 3> <II = 1> <Delay = 1.00> <Adapter> <Opcode : 'readrequnaligned' 'writerequnaligned' 'read' 'write' 'readreq' 'writereq' 'writeresp'>
ST_147 : Operation 553 [9/68] (3.65ns)   --->   "%gmem2_addr_1_resp = writeresp i1 @_ssdm_op_WriteResp.m_axi.i32P1A, i64 %gmem2_addr_1" [dylan-hls/mine.cpp:489]   --->   Operation 553 'writeresp' 'gmem2_addr_1_resp' <Predicate = true> <Delay = 3.65> <CoreInst = "m_axi">   --->   Core 119 'm_axi' <Latency = 3> <II = 1> <Delay = 1.00> <Adapter> <Opcode : 'readrequnaligned' 'writerequnaligned' 'read' 'write' 'readreq' 'writereq' 'writeresp'>

State 148 <SV = 147> <Delay = 0.00>
ST_148 : Operation 554 [7/68] (3.65ns)   --->   "%gmem2_addr_resp = writeresp i1 @_ssdm_op_WriteResp.m_axi.i32P1A, i64 %gmem2_addr" [dylan-hls/mine.cpp:488]   --->   Operation 554 'writeresp' 'gmem2_addr_resp' <Predicate = true> <Delay = 3.65> <CoreInst = "m_axi">   --->   Core 119 'm_axi' <Latency = 3> <II = 1> <Delay = 1.00> <Adapter> <Opcode : 'readrequnaligned' 'writerequnaligned' 'read' 'write' 'readreq' 'writereq' 'writeresp'>
ST_148 : Operation 555 [8/68] (3.65ns)   --->   "%gmem2_addr_1_resp = writeresp i1 @_ssdm_op_WriteResp.m_axi.i32P1A, i64 %gmem2_addr_1" [dylan-hls/mine.cpp:489]   --->   Operation 555 'writeresp' 'gmem2_addr_1_resp' <Predicate = true> <Delay = 3.65> <CoreInst = "m_axi">   --->   Core 119 'm_axi' <Latency = 3> <II = 1> <Delay = 1.00> <Adapter> <Opcode : 'readrequnaligned' 'writerequnaligned' 'read' 'write' 'readreq' 'writereq' 'writeresp'>

State 149 <SV = 148> <Delay = 0.00>
ST_149 : Operation 556 [6/68] (3.65ns)   --->   "%gmem2_addr_resp = writeresp i1 @_ssdm_op_WriteResp.m_axi.i32P1A, i64 %gmem2_addr" [dylan-hls/mine.cpp:488]   --->   Operation 556 'writeresp' 'gmem2_addr_resp' <Predicate = true> <Delay = 3.65> <CoreInst = "m_axi">   --->   Core 119 'm_axi' <Latency = 3> <II = 1> <Delay = 1.00> <Adapter> <Opcode : 'readrequnaligned' 'writerequnaligned' 'read' 'write' 'readreq' 'writereq' 'writeresp'>
ST_149 : Operation 557 [7/68] (3.65ns)   --->   "%gmem2_addr_1_resp = writeresp i1 @_ssdm_op_WriteResp.m_axi.i32P1A, i64 %gmem2_addr_1" [dylan-hls/mine.cpp:489]   --->   Operation 557 'writeresp' 'gmem2_addr_1_resp' <Predicate = true> <Delay = 3.65> <CoreInst = "m_axi">   --->   Core 119 'm_axi' <Latency = 3> <II = 1> <Delay = 1.00> <Adapter> <Opcode : 'readrequnaligned' 'writerequnaligned' 'read' 'write' 'readreq' 'writereq' 'writeresp'>

State 150 <SV = 149> <Delay = 0.00>
ST_150 : Operation 558 [5/68] (3.65ns)   --->   "%gmem2_addr_resp = writeresp i1 @_ssdm_op_WriteResp.m_axi.i32P1A, i64 %gmem2_addr" [dylan-hls/mine.cpp:488]   --->   Operation 558 'writeresp' 'gmem2_addr_resp' <Predicate = true> <Delay = 3.65> <CoreInst = "m_axi">   --->   Core 119 'm_axi' <Latency = 3> <II = 1> <Delay = 1.00> <Adapter> <Opcode : 'readrequnaligned' 'writerequnaligned' 'read' 'write' 'readreq' 'writereq' 'writeresp'>
ST_150 : Operation 559 [6/68] (3.65ns)   --->   "%gmem2_addr_1_resp = writeresp i1 @_ssdm_op_WriteResp.m_axi.i32P1A, i64 %gmem2_addr_1" [dylan-hls/mine.cpp:489]   --->   Operation 559 'writeresp' 'gmem2_addr_1_resp' <Predicate = true> <Delay = 3.65> <CoreInst = "m_axi">   --->   Core 119 'm_axi' <Latency = 3> <II = 1> <Delay = 1.00> <Adapter> <Opcode : 'readrequnaligned' 'writerequnaligned' 'read' 'write' 'readreq' 'writereq' 'writeresp'>

State 151 <SV = 150> <Delay = 0.00>
ST_151 : Operation 560 [4/68] (3.65ns)   --->   "%gmem2_addr_resp = writeresp i1 @_ssdm_op_WriteResp.m_axi.i32P1A, i64 %gmem2_addr" [dylan-hls/mine.cpp:488]   --->   Operation 560 'writeresp' 'gmem2_addr_resp' <Predicate = true> <Delay = 3.65> <CoreInst = "m_axi">   --->   Core 119 'm_axi' <Latency = 3> <II = 1> <Delay = 1.00> <Adapter> <Opcode : 'readrequnaligned' 'writerequnaligned' 'read' 'write' 'readreq' 'writereq' 'writeresp'>
ST_151 : Operation 561 [5/68] (3.65ns)   --->   "%gmem2_addr_1_resp = writeresp i1 @_ssdm_op_WriteResp.m_axi.i32P1A, i64 %gmem2_addr_1" [dylan-hls/mine.cpp:489]   --->   Operation 561 'writeresp' 'gmem2_addr_1_resp' <Predicate = true> <Delay = 3.65> <CoreInst = "m_axi">   --->   Core 119 'm_axi' <Latency = 3> <II = 1> <Delay = 1.00> <Adapter> <Opcode : 'readrequnaligned' 'writerequnaligned' 'read' 'write' 'readreq' 'writereq' 'writeresp'>

State 152 <SV = 151> <Delay = 0.00>
ST_152 : Operation 562 [3/68] (3.65ns)   --->   "%gmem2_addr_resp = writeresp i1 @_ssdm_op_WriteResp.m_axi.i32P1A, i64 %gmem2_addr" [dylan-hls/mine.cpp:488]   --->   Operation 562 'writeresp' 'gmem2_addr_resp' <Predicate = true> <Delay = 3.65> <CoreInst = "m_axi">   --->   Core 119 'm_axi' <Latency = 3> <II = 1> <Delay = 1.00> <Adapter> <Opcode : 'readrequnaligned' 'writerequnaligned' 'read' 'write' 'readreq' 'writereq' 'writeresp'>
ST_152 : Operation 563 [4/68] (3.65ns)   --->   "%gmem2_addr_1_resp = writeresp i1 @_ssdm_op_WriteResp.m_axi.i32P1A, i64 %gmem2_addr_1" [dylan-hls/mine.cpp:489]   --->   Operation 563 'writeresp' 'gmem2_addr_1_resp' <Predicate = true> <Delay = 3.65> <CoreInst = "m_axi">   --->   Core 119 'm_axi' <Latency = 3> <II = 1> <Delay = 1.00> <Adapter> <Opcode : 'readrequnaligned' 'writerequnaligned' 'read' 'write' 'readreq' 'writereq' 'writeresp'>

State 153 <SV = 152> <Delay = 0.00>
ST_153 : Operation 564 [2/68] (3.65ns)   --->   "%gmem2_addr_resp = writeresp i1 @_ssdm_op_WriteResp.m_axi.i32P1A, i64 %gmem2_addr" [dylan-hls/mine.cpp:488]   --->   Operation 564 'writeresp' 'gmem2_addr_resp' <Predicate = true> <Delay = 3.65> <CoreInst = "m_axi">   --->   Core 119 'm_axi' <Latency = 3> <II = 1> <Delay = 1.00> <Adapter> <Opcode : 'readrequnaligned' 'writerequnaligned' 'read' 'write' 'readreq' 'writereq' 'writeresp'>
ST_153 : Operation 565 [3/68] (3.65ns)   --->   "%gmem2_addr_1_resp = writeresp i1 @_ssdm_op_WriteResp.m_axi.i32P1A, i64 %gmem2_addr_1" [dylan-hls/mine.cpp:489]   --->   Operation 565 'writeresp' 'gmem2_addr_1_resp' <Predicate = true> <Delay = 3.65> <CoreInst = "m_axi">   --->   Core 119 'm_axi' <Latency = 3> <II = 1> <Delay = 1.00> <Adapter> <Opcode : 'readrequnaligned' 'writerequnaligned' 'read' 'write' 'readreq' 'writereq' 'writeresp'>

State 154 <SV = 153> <Delay = 3.65>
ST_154 : Operation 566 [1/68] ( I:3.65ns O:3.65ns )   --->   "%gmem2_addr_resp = writeresp i1 @_ssdm_op_WriteResp.m_axi.i32P1A, i64 %gmem2_addr" [dylan-hls/mine.cpp:488]   --->   Operation 566 'writeresp' 'gmem2_addr_resp' <Predicate = true> <Delay = 3.65> <CoreInst = "m_axi">   --->   Core 119 'm_axi' <Latency = 3> <II = 1> <Delay = 1.00> <Adapter> <Opcode : 'readrequnaligned' 'writerequnaligned' 'read' 'write' 'readreq' 'writereq' 'writeresp'>
ST_154 : Operation 567 [2/68] (3.65ns)   --->   "%gmem2_addr_1_resp = writeresp i1 @_ssdm_op_WriteResp.m_axi.i32P1A, i64 %gmem2_addr_1" [dylan-hls/mine.cpp:489]   --->   Operation 567 'writeresp' 'gmem2_addr_1_resp' <Predicate = true> <Delay = 3.65> <CoreInst = "m_axi">   --->   Core 119 'm_axi' <Latency = 3> <II = 1> <Delay = 1.00> <Adapter> <Opcode : 'readrequnaligned' 'writerequnaligned' 'read' 'write' 'readreq' 'writereq' 'writeresp'>

State 155 <SV = 154> <Delay = 3.65>
ST_155 : Operation 568 [1/68] ( I:3.65ns O:3.65ns )   --->   "%gmem2_addr_1_resp = writeresp i1 @_ssdm_op_WriteResp.m_axi.i32P1A, i64 %gmem2_addr_1" [dylan-hls/mine.cpp:489]   --->   Operation 568 'writeresp' 'gmem2_addr_1_resp' <Predicate = true> <Delay = 3.65> <CoreInst = "m_axi">   --->   Core 119 'm_axi' <Latency = 3> <II = 1> <Delay = 1.00> <Adapter> <Opcode : 'readrequnaligned' 'writerequnaligned' 'read' 'write' 'readreq' 'writereq' 'writeresp'>
ST_155 : Operation 569 [1/1] (0.00ns)   --->   "%ret_ln490 = ret" [dylan-hls/mine.cpp:490]   --->   Operation 569 'ret' 'ret_ln490' <Predicate = true> <Delay = 0.00>


============================================================
+ Verbose Summary: Binding
============================================================
STG Binding: 
---------------- STG Properties BEGIN ----------------
- Is combinational: 0
- Is one-state seq: 0
- Is datapath-only: 0
- Is pipelined: 0
- Is top level: 1
Port [ Return ] is wired: 1; IO mode=ap_ctrl_chain:ce=0
Port [ gmem0]:  wired=1; compound=1; hidden=0; nouse=0; global=0; static=0; extern=0; dir=0; type=4; pingpong=0; private_global=0; IO mode=m_axi:ce=0
Port [ gmem1]:  wired=1; compound=1; hidden=0; nouse=0; global=0; static=0; extern=0; dir=0; type=4; pingpong=0; private_global=0; IO mode=m_axi:ce=0
Port [ gmem2]:  wired=1; compound=1; hidden=0; nouse=0; global=0; static=0; extern=0; dir=1; type=4; pingpong=0; private_global=0; IO mode=m_axi:ce=0
Port [ header]:  wired=1; compound=0; hidden=0; nouse=0; global=0; static=0; extern=0; dir=0; type=0; pingpong=0; private_global=0; IO mode=ap_none:ce=0
Port [ target]:  wired=1; compound=0; hidden=0; nouse=0; global=0; static=0; extern=0; dir=0; type=0; pingpong=0; private_global=0; IO mode=ap_none:ce=0
Port [ nonce_start]:  wired=1; compound=0; hidden=0; nouse=0; global=0; static=0; extern=0; dir=0; type=0; pingpong=0; private_global=0; IO mode=ap_none:ce=0
Port [ nonce_count]:  wired=1; compound=0; hidden=0; nouse=0; global=0; static=0; extern=0; dir=0; type=0; pingpong=0; private_global=0; IO mode=ap_none:ce=0
Port [ found_nonce]:  wired=1; compound=0; hidden=0; nouse=0; global=0; static=0; extern=0; dir=0; type=0; pingpong=0; private_global=0; IO mode=ap_none:ce=0
Port [ found]:  wired=1; compound=0; hidden=0; nouse=0; global=0; static=0; extern=0; dir=0; type=0; pingpong=0; private_global=0; IO mode=ap_none:ce=0
Port [ K]:  wired=0; compound=1; hidden=1; nouse=1; global=1; static=1; extern=0; dir=0; type=1; pingpong=0; private_global=1; MemPort=[1]; IO mode=ap_memory:ce=0
---------------- STG Properties END ------------------

---------------- Datapath Model BEGIN ----------------

<LifeTime>
<method=bitvector/>
found_read                        (read         ) [ 001111111111111111111111111111111111111111111111111111111111111111111111111111111111110000000000000000000000000000000000000000000000000000000000000000000000]
found_nonce_read                  (read         ) [ 001111111111111111111111111111111111111111111111111111111111111111111111111111111111110000000000000000000000000000000000000000000000000000000000000000000000]
target_read                       (read         ) [ 000000000000000000000000000000000000000000000000000000000000000000000000000000000000000000000000000000000000000000000000000000000000000000000000000000000000]
header_read                       (read         ) [ 000000000000000000000000000000000000000000000000000000000000000000000000000000000000000000000000000000000000000000000000000000000000000000000000000000000000]
cleanup_dest_slot_1_i_ce_loc      (alloca       ) [ 001111111111111111111111111111111111111111111111111111111111111111111111111111111111110000000000000000000000000000000000000000000000000000000000000000000000]
retval_1_i35_ce_loc               (alloca       ) [ 001111111111111111111111111111111111111111111111111111111111111111111111111111111111110000000000000000000000000000000000000000000000000000000000000000000000]
or7_i_i7_loc                      (alloca       ) [ 001111111111111111111111111111111111111111111111111111111111111111111111111111100000000000000000000000000000000000000000000000000000000000000000000000000000]
or7_i_i9_loc                      (alloca       ) [ 001111111111111111111111111111111111111111111111111111111111111111111111111111100000000000000000000000000000000000000000000000000000000000000000000000000000]
or7_i_i11_loc                     (alloca       ) [ 001111111111111111111111111111111111111111111111111111111111111111111111111111100000000000000000000000000000000000000000000000000000000000000000000000000000]
or7_i_i13_loc                     (alloca       ) [ 001111111111111111111111111111111111111111111111111111111111111111111111111111100000000000000000000000000000000000000000000000000000000000000000000000000000]
or7_i_i15_loc                     (alloca       ) [ 001111111111111111111111111111111111111111111111111111111111111111111111111111100000000000000000000000000000000000000000000000000000000000000000000000000000]
or7_i_i17_loc                     (alloca       ) [ 001111111111111111111111111111111111111111111111111111111111111111111111111111100000000000000000000000000000000000000000000000000000000000000000000000000000]
or7_i_i19_loc                     (alloca       ) [ 001111111111111111111111111111111111111111111111111111111111111111111111111111100000000000000000000000000000000000000000000000000000000000000000000000000000]
or7_i_i21_loc                     (alloca       ) [ 001111111111111111111111111111111111111111111111111111111111111111111111111111100000000000000000000000000000000000000000000000000000000000000000000000000000]
or7_i_i23_loc                     (alloca       ) [ 001111111111111111111111111111111111111111111111111111111111111111111111111111100000000000000000000000000000000000000000000000000000000000000000000000000000]
or7_i_i25_loc                     (alloca       ) [ 001111111111111111111111111111111111111111111111111111111111111111111111111111100000000000000000000000000000000000000000000000000000000000000000000000000000]
or7_i_i27_loc                     (alloca       ) [ 001111111111111111111111111111111111111111111111111111111111111111111111111111100000000000000000000000000000000000000000000000000000000000000000000000000000]
or7_i_i29_loc                     (alloca       ) [ 001111111111111111111111111111111111111111111111111111111111111111111111111111100000000000000000000000000000000000000000000000000000000000000000000000000000]
or7_i_i31_loc                     (alloca       ) [ 001111111111111111111111111111111111111111111111111111111111111111111111111111100000000000000000000000000000000000000000000000000000000000000000000000000000]
or7_i_i33_loc                     (alloca       ) [ 001111111111111111111111111111111111111111111111111111111111111111111111111111100000000000000000000000000000000000000000000000000000000000000000000000000000]
or7_i_i35_loc                     (alloca       ) [ 001111111111111111111111111111111111111111111111111111111111111111111111111111100000000000000000000000000000000000000000000000000000000000000000000000000000]
or7_i_i37_loc                     (alloca       ) [ 001111111111111111111111111111111111111111111111111111111111111111111111111111100000000000000000000000000000000000000000000000000000000000000000000000000000]
hdr                               (alloca       ) [ 001111111111111111111111111111111111111111111111111111111111111111111111111111111111110000000000000000000000000000000000000000000000000000000000000000000000]
tgt                               (alloca       ) [ 001111111111111111111111111111111111111111111111111111111111111111111111111111111111110000000000000000000000000000000000000000000000000000000000000000000000]
h                                 (alloca       ) [ 001111111111111111111111111111111111111111111111111111111111111111111111111111111111110000000000000000000000000000000000000000000000000000000000000000000000]
trunc_ln                          (partselect   ) [ 001111111111111111111111111111111111111111111111111111111111111111111111111100000000000000000000000000000000000000000000000000000000000000000000000000000000]
trunc_ln7                         (partselect   ) [ 001000000000000000000000000000000000000000000000000000000000000000000000000000000000000000000000000000000000000000000000000000000000000000000000000000000000]
sext_ln448                        (sext         ) [ 000000000000000000000000000000000000000000000000000000000000000000000000000000000000000000000000000000000000000000000000000000000000000000000000000000000000]
gmem0_addr                        (getelementptr) [ 000111111111111111111111111111111111111111111111111111111111111111111111100000000000000000000000000000000000000000000000000000000000000000000000000000000000]
sext_ln453                        (sext         ) [ 000000000000000000000000000000000000000000000000000000000000000000000000000000000000000000000000000000000000000000000000000000000000000000000000000000000000]
gmem1_addr                        (getelementptr) [ 000111111111111111111111111111111111111111111111111111111111111111111111110000000000000000000000000000000000000000000000000000000000000000000000000000000000]
empty                             (readreq      ) [ 000000000000000000000000000000000000000000000000000000000000000000000000000000000000000000000000000000000000000000000000000000000000000000000000000000000000]
gmem1_load_req                    (readreq      ) [ 000000000000000000000000000000000000000000000000000000000000000000000000000000000000000000000000000000000000000000000000000000000000000000000000000000000000]
gmem1_addr_read                   (read         ) [ 000000000000000000000000000000000000000000000000000000000000000000000000001100000000000000000000000000000000000000000000000000000000000000000000000000000000]
call_ln448                        (call         ) [ 000000000000000000000000000000000000000000000000000000000000000000000000000000000000000000000000000000000000000000000000000000000000000000000000000000000000]
call_ln453                        (call         ) [ 000000000000000000000000000000000000000000000000000000000000000000000000000000000000000000000000000000000000000000000000000000000000000000000000000000000000]
call_ln0                          (call         ) [ 000000000000000000000000000000000000000000000000000000000000000000000000000000000000000000000000000000000000000000000000000000000000000000000000000000000000]
or7_i_i37_loc_load                (load         ) [ 000000000000000000000000000000000000000000000000000000000000000000000000000000010000000000000000000000000000000000000000000000000000000000000000000000000000]
or7_i_i35_loc_load                (load         ) [ 000000000000000000000000000000000000000000000000000000000000000000000000000000010000000000000000000000000000000000000000000000000000000000000000000000000000]
or7_i_i33_loc_load                (load         ) [ 000000000000000000000000000000000000000000000000000000000000000000000000000000010000000000000000000000000000000000000000000000000000000000000000000000000000]
or7_i_i31_loc_load                (load         ) [ 000000000000000000000000000000000000000000000000000000000000000000000000000000010000000000000000000000000000000000000000000000000000000000000000000000000000]
or7_i_i29_loc_load                (load         ) [ 000000000000000000000000000000000000000000000000000000000000000000000000000000010000000000000000000000000000000000000000000000000000000000000000000000000000]
or7_i_i27_loc_load                (load         ) [ 000000000000000000000000000000000000000000000000000000000000000000000000000000010000000000000000000000000000000000000000000000000000000000000000000000000000]
or7_i_i25_loc_load                (load         ) [ 000000000000000000000000000000000000000000000000000000000000000000000000000000010000000000000000000000000000000000000000000000000000000000000000000000000000]
or7_i_i23_loc_load                (load         ) [ 000000000000000000000000000000000000000000000000000000000000000000000000000000010000000000000000000000000000000000000000000000000000000000000000000000000000]
or7_i_i21_loc_load                (load         ) [ 000000000000000000000000000000000000000000000000000000000000000000000000000000010000000000000000000000000000000000000000000000000000000000000000000000000000]
or7_i_i19_loc_load                (load         ) [ 000000000000000000000000000000000000000000000000000000000000000000000000000000010000000000000000000000000000000000000000000000000000000000000000000000000000]
or7_i_i17_loc_load                (load         ) [ 000000000000000000000000000000000000000000000000000000000000000000000000000000010000000000000000000000000000000000000000000000000000000000000000000000000000]
or7_i_i15_loc_load                (load         ) [ 000000000000000000000000000000000000000000000000000000000000000000000000000000010000000000000000000000000000000000000000000000000000000000000000000000000000]
or7_i_i13_loc_load                (load         ) [ 000000000000000000000000000000000000000000000000000000000000000000000000000000010000000000000000000000000000000000000000000000000000000000000000000000000000]
or7_i_i11_loc_load                (load         ) [ 000000000000000000000000000000000000000000000000000000000000000000000000000000010000000000000000000000000000000000000000000000000000000000000000000000000000]
or7_i_i9_loc_load                 (load         ) [ 000000000000000000000000000000000000000000000000000000000000000000000000000000010000000000000000000000000000000000000000000000000000000000000000000000000000]
or7_i_i7_loc_load                 (load         ) [ 000000000000000000000000000000000000000000000000000000000000000000000000000000010000000000000000000000000000000000000000000000000000000000000000000000000000]
nonce_count_read                  (read         ) [ 000000000000000000000000000000000000000000000000000000000000000000000000000000001111110000000000000000000000000000000000000000000000000000000000000000000000]
nonce_start_read                  (read         ) [ 000000000000000000000000000000000000000000000000000000000000000000000000000000001111110000000000000000000000000000000000000000000000000000000000000000000000]
spectopmodule_ln435               (spectopmodule) [ 000000000000000000000000000000000000000000000000000000000000000000000000000000000000000000000000000000000000000000000000000000000000000000000000000000000000]
specinterface_ln435               (specinterface) [ 000000000000000000000000000000000000000000000000000000000000000000000000000000000000000000000000000000000000000000000000000000000000000000000000000000000000]
specinterface_ln0                 (specinterface) [ 000000000000000000000000000000000000000000000000000000000000000000000000000000000000000000000000000000000000000000000000000000000000000000000000000000000000]
specbitsmap_ln0                   (specbitsmap  ) [ 000000000000000000000000000000000000000000000000000000000000000000000000000000000000000000000000000000000000000000000000000000000000000000000000000000000000]
specinterface_ln0                 (specinterface) [ 000000000000000000000000000000000000000000000000000000000000000000000000000000000000000000000000000000000000000000000000000000000000000000000000000000000000]
specbitsmap_ln0                   (specbitsmap  ) [ 000000000000000000000000000000000000000000000000000000000000000000000000000000000000000000000000000000000000000000000000000000000000000000000000000000000000]
specinterface_ln0                 (specinterface) [ 000000000000000000000000000000000000000000000000000000000000000000000000000000000000000000000000000000000000000000000000000000000000000000000000000000000000]
specbitsmap_ln0                   (specbitsmap  ) [ 000000000000000000000000000000000000000000000000000000000000000000000000000000000000000000000000000000000000000000000000000000000000000000000000000000000000]
specinterface_ln0                 (specinterface) [ 000000000000000000000000000000000000000000000000000000000000000000000000000000000000000000000000000000000000000000000000000000000000000000000000000000000000]
specinterface_ln0                 (specinterface) [ 000000000000000000000000000000000000000000000000000000000000000000000000000000000000000000000000000000000000000000000000000000000000000000000000000000000000]
specinterface_ln0                 (specinterface) [ 000000000000000000000000000000000000000000000000000000000000000000000000000000000000000000000000000000000000000000000000000000000000000000000000000000000000]
specinterface_ln0                 (specinterface) [ 000000000000000000000000000000000000000000000000000000000000000000000000000000000000000000000000000000000000000000000000000000000000000000000000000000000000]
specbitsmap_ln0                   (specbitsmap  ) [ 000000000000000000000000000000000000000000000000000000000000000000000000000000000000000000000000000000000000000000000000000000000000000000000000000000000000]
specinterface_ln0                 (specinterface) [ 000000000000000000000000000000000000000000000000000000000000000000000000000000000000000000000000000000000000000000000000000000000000000000000000000000000000]
specinterface_ln0                 (specinterface) [ 000000000000000000000000000000000000000000000000000000000000000000000000000000000000000000000000000000000000000000000000000000000000000000000000000000000000]
specbitsmap_ln0                   (specbitsmap  ) [ 000000000000000000000000000000000000000000000000000000000000000000000000000000000000000000000000000000000000000000000000000000000000000000000000000000000000]
specinterface_ln0                 (specinterface) [ 000000000000000000000000000000000000000000000000000000000000000000000000000000000000000000000000000000000000000000000000000000000000000000000000000000000000]
specinterface_ln0                 (specinterface) [ 000000000000000000000000000000000000000000000000000000000000000000000000000000000000000000000000000000000000000000000000000000000000000000000000000000000000]
specinterface_ln0                 (specinterface) [ 000000000000000000000000000000000000000000000000000000000000000000000000000000000000000000000000000000000000000000000000000000000000000000000000000000000000]
specinterface_ln0                 (specinterface) [ 000000000000000000000000000000000000000000000000000000000000000000000000000000000000000000000000000000000000000000000000000000000000000000000000000000000000]
specinterface_ln0                 (specinterface) [ 000000000000000000000000000000000000000000000000000000000000000000000000000000000000000000000000000000000000000000000000000000000000000000000000000000000000]
specinterface_ln0                 (specinterface) [ 000000000000000000000000000000000000000000000000000000000000000000000000000000000000000000000000000000000000000000000000000000000000000000000000000000000000]
specinterface_ln0                 (specinterface) [ 000000000000000000000000000000000000000000000000000000000000000000000000000000000000000000000000000000000000000000000000000000000000000000000000000000000000]
call_ret                          (call         ) [ 000000000000000000000000000000000000000000000000000000000000000000000000000000000000000000000000000000000000000000000000000000000000000000000000000000000000]
midstate                          (extractvalue ) [ 000000000000000000000000000000000000000000000000000000000000000000000000000000001111110000000000000000000000000000000000000000000000000000000000000000000000]
midstate_1                        (extractvalue ) [ 000000000000000000000000000000000000000000000000000000000000000000000000000000001111110000000000000000000000000000000000000000000000000000000000000000000000]
midstate_2                        (extractvalue ) [ 000000000000000000000000000000000000000000000000000000000000000000000000000000001111110000000000000000000000000000000000000000000000000000000000000000000000]
midstate_3                        (extractvalue ) [ 000000000000000000000000000000000000000000000000000000000000000000000000000000001111110000000000000000000000000000000000000000000000000000000000000000000000]
midstate_4                        (extractvalue ) [ 000000000000000000000000000000000000000000000000000000000000000000000000000000001111110000000000000000000000000000000000000000000000000000000000000000000000]
midstate_5                        (extractvalue ) [ 000000000000000000000000000000000000000000000000000000000000000000000000000000001111110000000000000000000000000000000000000000000000000000000000000000000000]
midstate_6                        (extractvalue ) [ 000000000000000000000000000000000000000000000000000000000000000000000000000000001111110000000000000000000000000000000000000000000000000000000000000000000000]
midstate_7                        (extractvalue ) [ 000000000000000000000000000000000000000000000000000000000000000000000000000000001111110000000000000000000000000000000000000000000000000000000000000000000000]
hdr_addr                          (getelementptr) [ 000000000000000000000000000000000000000000000000000000000000000000000000000000001111110000000000000000000000000000000000000000000000000000000000000000000000]
icmp_ln468                        (icmp         ) [ 000000000000000000000000000000000000000000000000000000000000000000000000000000011111110000000000000000000000000000000000000000000000000000000000000000000000]
br_ln468                          (br           ) [ 000000000000000000000000000000000000000000000000000000000000000000000000000000011111111100000000000000000000000000000000000000000000000000000000000000000000]
result_found                      (alloca       ) [ 000000000000000000000000000000000000000000000000000000000000000000000000000000011111110000000000000000000000000000000000000000000000000000000000000000000000]
result_nonce                      (alloca       ) [ 000000000000000000000000000000000000000000000000000000000000000000000000000000011111110000000000000000000000000000000000000000000000000000000000000000000000]
k                                 (alloca       ) [ 000000000000000000000000000000000000000000000000000000000000000000000000000000011111110000000000000000000000000000000000000000000000000000000000000000000000]
store_ln468                       (store        ) [ 000000000000000000000000000000000000000000000000000000000000000000000000000000000000000000000000000000000000000000000000000000000000000000000000000000000000]
store_ln466                       (store        ) [ 000000000000000000000000000000000000000000000000000000000000000000000000000000000000000000000000000000000000000000000000000000000000000000000000000000000000]
store_ln465                       (store        ) [ 000000000000000000000000000000000000000000000000000000000000000000000000000000000000000000000000000000000000000000000000000000000000000000000000000000000000]
br_ln468                          (br           ) [ 000000000000000000000000000000000000000000000000000000000000000000000000000000000000000000000000000000000000000000000000000000000000000000000000000000000000]
k_2                               (load         ) [ 000000000000000000000000000000000000000000000000000000000000000000000000000000000000000000000000000000000000000000000000000000000000000000000000000000000000]
n                                 (add          ) [ 000000000000000000000000000000000000000000000000000000000000000000000000000000000111110000000000000000000000000000000000000000000000000000000000000000000000]
store_ln476                       (store        ) [ 000000000000000000000000000000000000000000000000000000000000000000000000000000000000000000000000000000000000000000000000000000000000000000000000000000000000]
k_3                               (add          ) [ 000000000000000000000000000000000000000000000000000000000000000000000000000000000111110000000000000000000000000000000000000000000000000000000000000000000000]
icmp_ln468_1                      (icmp         ) [ 000000000000000000000000000000000000000000000000000000000000000000000000000000000111110000000000000000000000000000000000000000000000000000000000000000000000]
call_ln480                        (call         ) [ 000000000000000000000000000000000000000000000000000000000000000000000000000000000000000000000000000000000000000000000000000000000000000000000000000000000000]
call_ln0                          (call         ) [ 000000000000000000000000000000000000000000000000000000000000000000000000000000000000000000000000000000000000000000000000000000000000000000000000000000000000]
result_found_3                    (load         ) [ 000000000000000000000000000000000000000000000000000000000000000000000000000000000000000000000000000000000000000000000000000000000000000000000000000000000000]
result_nonce_1                    (load         ) [ 000000000000000000000000000000000000000000000000000000000000000000000000000000000000000000000000000000000000000000000000000000000000000000000000000000000000]
specloopname_ln468                (specloopname ) [ 000000000000000000000000000000000000000000000000000000000000000000000000000000000000000000000000000000000000000000000000000000000000000000000000000000000000]
retval_1_i35_ce_loc_load          (load         ) [ 000000000000000000000000000000000000000000000000000000000000000000000000000000000000000000000000000000000000000000000000000000000000000000000000000000000000]
cleanup_dest_slot_1_i_ce_loc_load (load         ) [ 000000000000000000000000000000000000000000000000000000000000000000000000000000000000000000000000000000000000000000000000000000000000000000000000000000000000]
spec_select                       (and          ) [ 000000000000000000000000000000000000000000000000000000000000000000000000000000000000000000000000000000000000000000000000000000000000000000000000000000000000]
result_found_4                    (select       ) [ 000000000000000000000000000000000000000000000000000000000000000000000000000000011111111000000000000000000000000000000000000000000000000000000000000000000000]
result_nonce_5                    (select       ) [ 000000000000000000000000000000000000000000000000000000000000000000000000000000011111111100000000000000000000000000000000000000000000000000000000000000000000]
xor_ln481                         (xor          ) [ 000000000000000000000000000000000000000000000000000000000000000000000000000000000000000000000000000000000000000000000000000000000000000000000000000000000000]
or_cond                           (and          ) [ 000000000000000000000000000000000000000000000000000000000000000000000000000000001111110000000000000000000000000000000000000000000000000000000000000000000000]
store_ln468                       (store        ) [ 000000000000000000000000000000000000000000000000000000000000000000000000000000000000000000000000000000000000000000000000000000000000000000000000000000000000]
store_ln466                       (store        ) [ 000000000000000000000000000000000000000000000000000000000000000000000000000000000000000000000000000000000000000000000000000000000000000000000000000000000000]
store_ln465                       (store        ) [ 000000000000000000000000000000000000000000000000000000000000000000000000000000000000000000000000000000000000000000000000000000000000000000000000000000000000]
br_ln468                          (br           ) [ 000000000000000000000000000000000000000000000000000000000000000000000000000000000000000000000000000000000000000000000000000000000000000000000000000000000000]
br_ln0                            (br           ) [ 000000000000000000000000000000000000000000000000000000000000000000000000000000011111111100000000000000000000000000000000000000000000000000000000000000000000]
trunc_ln1                         (partselect   ) [ 000000000000000000000000000000000000000000000000000000000000000000000000000000000000000000000000000000000000000000000000000000000000000000000000000000000000]
sext_ln488                        (sext         ) [ 000000000000000000000000000000000000000000000000000000000000000000000000000000000000000000000000000000000000000000000000000000000000000000000000000000000000]
gmem2_addr                        (getelementptr) [ 000000000000000000000000000000000000000000000000000000000000000000000000000000000000001111111111111111111111111111111111111111111111111111111111111111111110]
gmem2_addr_req                    (writereq     ) [ 000000000000000000000000000000000000000000000000000000000000000000000000000000000000000000000000000000000000000000000000000000000000000000000000000000000000]
trunc_ln2                         (partselect   ) [ 000000000000000000000000000000000000000000000000000000000000000000000000000000000000000000000000000000000000000000000000000000000000000000000000000000000000]
sext_ln489                        (sext         ) [ 000000000000000000000000000000000000000000000000000000000000000000000000000000000000000000000000000000000000000000000000000000000000000000000000000000000000]
gmem2_addr_1                      (getelementptr) [ 000000000000000000000000000000000000000000000000000000000000000000000000000000000000001111111111111111111111111111111111111111111111111111111111111111111111]
result_found_2                    (phi          ) [ 000000000000000000000000000000000000000000000000000000000000000000000000000000000000001000000000000000000000000000000000000000000000000000000000000000000000]
write_ln488                       (write        ) [ 000000000000000000000000000000000000000000000000000000000000000000000000000000000000000000000000000000000000000000000000000000000000000000000000000000000000]
gmem2_addr_1_req                  (writereq     ) [ 000000000000000000000000000000000000000000000000000000000000000000000000000000000000000000000000000000000000000000000000000000000000000000000000000000000000]
result_nonce_2                    (phi          ) [ 000000000000000000000000000000000000000000000000000000000000000000000000000000000000000100000000000000000000000000000000000000000000000000000000000000000000]
write_ln489                       (write        ) [ 000000000000000000000000000000000000000000000000000000000000000000000000000000000000000000000000000000000000000000000000000000000000000000000000000000000000]
gmem2_addr_resp                   (writeresp    ) [ 000000000000000000000000000000000000000000000000000000000000000000000000000000000000000000000000000000000000000000000000000000000000000000000000000000000000]
gmem2_addr_1_resp                 (writeresp    ) [ 000000000000000000000000000000000000000000000000000000000000000000000000000000000000000000000000000000000000000000000000000000000000000000000000000000000000]
ret_ln490                         (ret          ) [ 000000000000000000000000000000000000000000000000000000000000000000000000000000000000000000000000000000000000000000000000000000000000000000000000000000000000]
</LifeTime>

<model>

<comp_list>
<comp id="0" class="1000" name="gmem0">
<pin_list>
<pin id="1" dir="1" index="0" bw="1" slack="0"/>
</pin_list>
<bind>
<StgValue><ssdm name="gmem0"/><MemPortTyVec>0 </MemPortTyVec>
</StgValue>
</bind>
</comp>

<comp id="2" class="1000" name="gmem1">
<pin_list>
<pin id="3" dir="1" index="0" bw="1" slack="0"/>
</pin_list>
<bind>
<StgValue><ssdm name="gmem1"/><MemPortTyVec>0 </MemPortTyVec>
</StgValue>
</bind>
</comp>

<comp id="4" class="1000" name="gmem2">
<pin_list>
<pin id="5" dir="1" index="0" bw="1" slack="0"/>
</pin_list>
<bind>
<StgValue><ssdm name="gmem2"/><MemPortTyVec>1 </MemPortTyVec>
</StgValue>
</bind>
</comp>

<comp id="6" class="1000" name="header">
<pin_list>
<pin id="7" dir="1" index="0" bw="1" slack="0"/>
</pin_list>
<bind>
<StgValue><ssdm name="header"/></StgValue>
</bind>
</comp>

<comp id="8" class="1000" name="target">
<pin_list>
<pin id="9" dir="1" index="0" bw="1" slack="0"/>
</pin_list>
<bind>
<StgValue><ssdm name="target"/></StgValue>
</bind>
</comp>

<comp id="10" class="1000" name="nonce_start">
<pin_list>
<pin id="11" dir="1" index="0" bw="1" slack="0"/>
</pin_list>
<bind>
<StgValue><ssdm name="nonce_start"/></StgValue>
</bind>
</comp>

<comp id="12" class="1000" name="nonce_count">
<pin_list>
<pin id="13" dir="1" index="0" bw="1" slack="0"/>
</pin_list>
<bind>
<StgValue><ssdm name="nonce_count"/></StgValue>
</bind>
</comp>

<comp id="14" class="1000" name="found_nonce">
<pin_list>
<pin id="15" dir="1" index="0" bw="1" slack="0"/>
</pin_list>
<bind>
<StgValue><ssdm name="found_nonce"/></StgValue>
</bind>
</comp>

<comp id="16" class="1000" name="found">
<pin_list>
<pin id="17" dir="1" index="0" bw="1" slack="0"/>
</pin_list>
<bind>
<StgValue><ssdm name="found"/></StgValue>
</bind>
</comp>

<comp id="18" class="1000" name="K">
<pin_list>
<pin id="19" dir="1" index="0" bw="1" slack="0"/>
</pin_list>
<bind>
<StgValue><ssdm name="K"/><MemPortTyVec>1 </MemPortTyVec>
</StgValue>
</bind>
</comp>

<comp id="20" class="1001" name="const_20">
<pin_list>
<pin id="21" dir="1" index="0" bw="1" slack="0"/>
</pin_list>
<bind>
<StgValue><ssdm name="_ssdm_op_Read.s_axilite.i64"/></StgValue>
</bind>
</comp>

<comp id="22" class="1001" name="const_22">
<pin_list>
<pin id="23" dir="1" index="0" bw="1" slack="0"/>
</pin_list>
<bind>
<StgValue><ssdm name=""/></StgValue>
</bind>
</comp>

<comp id="24" class="1001" name="const_24">
<pin_list>
<pin id="25" dir="1" index="0" bw="1" slack="0"/>
</pin_list>
<bind>
<StgValue><ssdm name="_ssdm_op_PartSelect.i60.i64.i32.i32"/></StgValue>
</bind>
</comp>

<comp id="26" class="1001" name="const_26">
<pin_list>
<pin id="27" dir="1" index="0" bw="1" slack="0"/>
</pin_list>
<bind>
<StgValue><ssdm name=""/></StgValue>
</bind>
</comp>

<comp id="28" class="1001" name="const_28">
<pin_list>
<pin id="29" dir="1" index="0" bw="1" slack="0"/>
</pin_list>
<bind>
<StgValue><ssdm name=""/></StgValue>
</bind>
</comp>

<comp id="30" class="1001" name="const_30">
<pin_list>
<pin id="31" dir="1" index="0" bw="1" slack="0"/>
</pin_list>
<bind>
<StgValue><ssdm name="_ssdm_op_PartSelect.i59.i64.i32.i32"/></StgValue>
</bind>
</comp>

<comp id="32" class="1001" name="const_32">
<pin_list>
<pin id="33" dir="1" index="0" bw="1" slack="0"/>
</pin_list>
<bind>
<StgValue><ssdm name=""/></StgValue>
</bind>
</comp>

<comp id="34" class="1001" name="const_34">
<pin_list>
<pin id="35" dir="1" index="0" bw="1" slack="0"/>
</pin_list>
<bind>
<StgValue><ssdm name="_ssdm_op_ReadReq.m_axi.p1i128"/></StgValue>
</bind>
</comp>

<comp id="36" class="1001" name="const_36">
<pin_list>
<pin id="37" dir="1" index="0" bw="1" slack="0"/>
</pin_list>
<bind>
<StgValue><ssdm name=""/></StgValue>
</bind>
</comp>

<comp id="38" class="1001" name="const_38">
<pin_list>
<pin id="39" dir="1" index="0" bw="1" slack="0"/>
</pin_list>
<bind>
<StgValue><ssdm name="_ssdm_op_ReadReq.m_axi.i256P1A"/></StgValue>
</bind>
</comp>

<comp id="40" class="1001" name="const_40">
<pin_list>
<pin id="41" dir="1" index="0" bw="1" slack="0"/>
</pin_list>
<bind>
<StgValue><ssdm name="_ssdm_op_Read.m_axi.i256P1A"/></StgValue>
</bind>
</comp>

<comp id="42" class="1001" name="const_42">
<pin_list>
<pin id="43" dir="1" index="0" bw="1" slack="0"/>
</pin_list>
<bind>
<StgValue><ssdm name="mine_Pipeline_VITIS_LOOP_448_1"/></StgValue>
</bind>
</comp>

<comp id="44" class="1001" name="const_44">
<pin_list>
<pin id="45" dir="1" index="0" bw="1" slack="0"/>
</pin_list>
<bind>
<StgValue><ssdm name="mine_Pipeline_VITIS_LOOP_453_2"/></StgValue>
</bind>
</comp>

<comp id="46" class="1001" name="const_46">
<pin_list>
<pin id="47" dir="1" index="0" bw="1" slack="0"/>
</pin_list>
<bind>
<StgValue><ssdm name="mine_Pipeline_BUILD_FIRST_BLOCK"/></StgValue>
</bind>
</comp>

<comp id="48" class="1001" name="const_48">
<pin_list>
<pin id="49" dir="1" index="0" bw="1" slack="0"/>
</pin_list>
<bind>
<StgValue><ssdm name="sha256_compress_words.1"/></StgValue>
</bind>
</comp>

<comp id="50" class="1001" name="const_50">
<pin_list>
<pin id="51" dir="1" index="0" bw="1" slack="0"/>
</pin_list>
<bind>
<StgValue><ssdm name="_ssdm_op_Read.ap_none.i32"/></StgValue>
</bind>
</comp>

<comp id="52" class="1001" name="const_52">
<pin_list>
<pin id="53" dir="1" index="0" bw="1" slack="2147483647"/>
</pin_list>
<bind>
<StgValue><ssdm name="_ssdm_op_SpecTopModule"/></StgValue>
</bind>
</comp>

<comp id="54" class="1001" name="const_54">
<pin_list>
<pin id="55" dir="1" index="0" bw="1" slack="2147483647"/>
</pin_list>
<bind>
<StgValue><ssdm name="empty_16"/></StgValue>
</bind>
</comp>

<comp id="56" class="1001" name="const_56">
<pin_list>
<pin id="57" dir="1" index="0" bw="1" slack="2147483647"/>
</pin_list>
<bind>
<StgValue><ssdm name="_ssdm_op_SpecInterface"/></StgValue>
</bind>
</comp>

<comp id="58" class="1001" name="const_58">
<pin_list>
<pin id="59" dir="1" index="0" bw="1" slack="0"/>
</pin_list>
<bind>
<StgValue><ssdm name=""/></StgValue>
</bind>
</comp>

<comp id="60" class="1001" name="const_60">
<pin_list>
<pin id="61" dir="1" index="0" bw="1" slack="2147483647"/>
</pin_list>
<bind>
<StgValue><ssdm name="empty_18"/></StgValue>
</bind>
</comp>

<comp id="62" class="1001" name="const_62">
<pin_list>
<pin id="63" dir="1" index="0" bw="1" slack="2147483647"/>
</pin_list>
<bind>
<StgValue><ssdm name="empty"/></StgValue>
</bind>
</comp>

<comp id="64" class="1001" name="const_64">
<pin_list>
<pin id="65" dir="1" index="0" bw="1" slack="2147483647"/>
</pin_list>
<bind>
<StgValue><ssdm name=""/></StgValue>
</bind>
</comp>

<comp id="66" class="1001" name="const_66">
<pin_list>
<pin id="67" dir="1" index="0" bw="1" slack="2147483647"/>
</pin_list>
<bind>
<StgValue><ssdm name="empty_17"/></StgValue>
</bind>
</comp>

<comp id="68" class="1001" name="const_68">
<pin_list>
<pin id="69" dir="1" index="0" bw="1" slack="2147483647"/>
</pin_list>
<bind>
<StgValue><ssdm name=""/></StgValue>
</bind>
</comp>

<comp id="70" class="1001" name="const_70">
<pin_list>
<pin id="71" dir="1" index="0" bw="1" slack="2147483647"/>
</pin_list>
<bind>
<StgValue><ssdm name="empty_0"/></StgValue>
</bind>
</comp>

<comp id="72" class="1001" name="const_72">
<pin_list>
<pin id="73" dir="1" index="0" bw="1" slack="2147483647"/>
</pin_list>
<bind>
<StgValue><ssdm name="empty_1"/></StgValue>
</bind>
</comp>

<comp id="74" class="1001" name="const_74">
<pin_list>
<pin id="75" dir="1" index="0" bw="1" slack="2147483647"/>
</pin_list>
<bind>
<StgValue><ssdm name=""/></StgValue>
</bind>
</comp>

<comp id="76" class="1001" name="const_76">
<pin_list>
<pin id="77" dir="1" index="0" bw="1" slack="2147483647"/>
</pin_list>
<bind>
<StgValue><ssdm name="_ssdm_op_SpecBitsMap"/></StgValue>
</bind>
</comp>

<comp id="78" class="1001" name="const_78">
<pin_list>
<pin id="79" dir="1" index="0" bw="1" slack="0"/>
</pin_list>
<bind>
<StgValue><ssdm name=""/></StgValue>
</bind>
</comp>

<comp id="80" class="1001" name="const_80">
<pin_list>
<pin id="81" dir="1" index="0" bw="1" slack="2147483647"/>
</pin_list>
<bind>
<StgValue><ssdm name="empty_2"/></StgValue>
</bind>
</comp>

<comp id="82" class="1001" name="const_82">
<pin_list>
<pin id="83" dir="1" index="0" bw="1" slack="2147483647"/>
</pin_list>
<bind>
<StgValue><ssdm name=""/></StgValue>
</bind>
</comp>

<comp id="84" class="1001" name="const_84">
<pin_list>
<pin id="85" dir="1" index="0" bw="1" slack="2147483647"/>
</pin_list>
<bind>
<StgValue><ssdm name="empty_3"/></StgValue>
</bind>
</comp>

<comp id="86" class="1001" name="const_86">
<pin_list>
<pin id="87" dir="1" index="0" bw="1" slack="2147483647"/>
</pin_list>
<bind>
<StgValue><ssdm name="empty_4"/></StgValue>
</bind>
</comp>

<comp id="88" class="1001" name="const_88">
<pin_list>
<pin id="89" dir="1" index="0" bw="1" slack="2147483647"/>
</pin_list>
<bind>
<StgValue><ssdm name="empty_5"/></StgValue>
</bind>
</comp>

<comp id="90" class="1001" name="const_90">
<pin_list>
<pin id="91" dir="1" index="0" bw="1" slack="2147483647"/>
</pin_list>
<bind>
<StgValue><ssdm name="empty_6"/></StgValue>
</bind>
</comp>

<comp id="92" class="1001" name="const_92">
<pin_list>
<pin id="93" dir="1" index="0" bw="1" slack="2147483647"/>
</pin_list>
<bind>
<StgValue><ssdm name="empty_7"/></StgValue>
</bind>
</comp>

<comp id="94" class="1001" name="const_94">
<pin_list>
<pin id="95" dir="1" index="0" bw="1" slack="2147483647"/>
</pin_list>
<bind>
<StgValue><ssdm name="empty_8"/></StgValue>
</bind>
</comp>

<comp id="96" class="1001" name="const_96">
<pin_list>
<pin id="97" dir="1" index="0" bw="1" slack="2147483647"/>
</pin_list>
<bind>
<StgValue><ssdm name="empty_9"/></StgValue>
</bind>
</comp>

<comp id="98" class="1001" name="const_98">
<pin_list>
<pin id="99" dir="1" index="0" bw="1" slack="2147483647"/>
</pin_list>
<bind>
<StgValue><ssdm name="empty_11"/></StgValue>
</bind>
</comp>

<comp id="100" class="1001" name="const_100">
<pin_list>
<pin id="101" dir="1" index="0" bw="1" slack="2147483647"/>
</pin_list>
<bind>
<StgValue><ssdm name="empty_12"/></StgValue>
</bind>
</comp>

<comp id="102" class="1001" name="const_102">
<pin_list>
<pin id="103" dir="1" index="0" bw="1" slack="2147483647"/>
</pin_list>
<bind>
<StgValue><ssdm name="empty_13"/></StgValue>
</bind>
</comp>

<comp id="104" class="1001" name="const_104">
<pin_list>
<pin id="105" dir="1" index="0" bw="1" slack="2147483647"/>
</pin_list>
<bind>
<StgValue><ssdm name="empty_14"/></StgValue>
</bind>
</comp>

<comp id="106" class="1001" name="const_106">
<pin_list>
<pin id="107" dir="1" index="0" bw="1" slack="2147483647"/>
</pin_list>
<bind>
<StgValue><ssdm name="empty_15"/></StgValue>
</bind>
</comp>

<comp id="108" class="1001" name="const_108">
<pin_list>
<pin id="109" dir="1" index="0" bw="1" slack="0"/>
</pin_list>
<bind>
<StgValue><ssdm name=""/></StgValue>
</bind>
</comp>

<comp id="110" class="1001" name="const_110">
<pin_list>
<pin id="111" dir="1" index="0" bw="1" slack="0"/>
</pin_list>
<bind>
<StgValue><ssdm name=""/></StgValue>
</bind>
</comp>

<comp id="112" class="1001" name="const_112">
<pin_list>
<pin id="113" dir="1" index="0" bw="1" slack="0"/>
</pin_list>
<bind>
<StgValue><ssdm name="sha256d_from_midstate"/></StgValue>
</bind>
</comp>

<comp id="114" class="1001" name="const_114">
<pin_list>
<pin id="115" dir="1" index="0" bw="1" slack="0"/>
</pin_list>
<bind>
<StgValue><ssdm name="mine_Pipeline_COMPARE_HASH"/></StgValue>
</bind>
</comp>

<comp id="116" class="1001" name="const_116">
<pin_list>
<pin id="117" dir="1" index="0" bw="1" slack="2147483647"/>
</pin_list>
<bind>
<StgValue><ssdm name="_ssdm_op_SpecLoopName"/></StgValue>
</bind>
</comp>

<comp id="118" class="1001" name="const_118">
<pin_list>
<pin id="119" dir="1" index="0" bw="1" slack="2147483647"/>
</pin_list>
<bind>
<StgValue><ssdm name="empty_19"/></StgValue>
</bind>
</comp>

<comp id="120" class="1001" name="const_120">
<pin_list>
<pin id="121" dir="1" index="0" bw="1" slack="0"/>
</pin_list>
<bind>
<StgValue><ssdm name=""/></StgValue>
</bind>
</comp>

<comp id="122" class="1001" name="const_122">
<pin_list>
<pin id="123" dir="1" index="0" bw="1" slack="0"/>
</pin_list>
<bind>
<StgValue><ssdm name="_ssdm_op_PartSelect.i62.i64.i32.i32"/></StgValue>
</bind>
</comp>

<comp id="124" class="1001" name="const_124">
<pin_list>
<pin id="125" dir="1" index="0" bw="1" slack="0"/>
</pin_list>
<bind>
<StgValue><ssdm name=""/></StgValue>
</bind>
</comp>

<comp id="126" class="1001" name="const_126">
<pin_list>
<pin id="127" dir="1" index="0" bw="1" slack="0"/>
</pin_list>
<bind>
<StgValue><ssdm name="_ssdm_op_WriteReq.m_axi.i32P1A"/></StgValue>
</bind>
</comp>

<comp id="128" class="1001" name="const_128">
<pin_list>
<pin id="129" dir="1" index="0" bw="1" slack="0"/>
</pin_list>
<bind>
<StgValue><ssdm name="_ssdm_op_Write.m_axi.i32P1A"/></StgValue>
</bind>
</comp>

<comp id="130" class="1001" name="const_130">
<pin_list>
<pin id="131" dir="1" index="0" bw="1" slack="0"/>
</pin_list>
<bind>
<StgValue><ssdm name=""/></StgValue>
</bind>
</comp>

<comp id="132" class="1001" name="const_132">
<pin_list>
<pin id="133" dir="1" index="0" bw="1" slack="0"/>
</pin_list>
<bind>
<StgValue><ssdm name="_ssdm_op_WriteResp.m_axi.i32P1A"/></StgValue>
</bind>
</comp>

<comp id="134" class="1004" name="cleanup_dest_slot_1_i_ce_loc_fu_134">
<pin_list>
<pin id="135" dir="0" index="0" bw="1" slack="0"/>
<pin id="136" dir="1" index="1" bw="1" slack="82"/>
</pin_list>
<bind>
<opcode="alloca(26) " fcode="alloca"/>
<opset="cleanup_dest_slot_1_i_ce_loc/1 "/>
</bind>
</comp>

<comp id="138" class="1004" name="retval_1_i35_ce_loc_fu_138">
<pin_list>
<pin id="139" dir="0" index="0" bw="1" slack="0"/>
<pin id="140" dir="1" index="1" bw="1" slack="82"/>
</pin_list>
<bind>
<opcode="alloca(26) " fcode="alloca"/>
<opset="retval_1_i35_ce_loc/1 "/>
</bind>
</comp>

<comp id="142" class="1004" name="or7_i_i7_loc_fu_142">
<pin_list>
<pin id="143" dir="0" index="0" bw="1" slack="0"/>
<pin id="144" dir="1" index="1" bw="32" slack="75"/>
</pin_list>
<bind>
<opcode="alloca(26) " fcode="alloca"/>
<opset="or7_i_i7_loc/1 "/>
</bind>
</comp>

<comp id="146" class="1004" name="or7_i_i9_loc_fu_146">
<pin_list>
<pin id="147" dir="0" index="0" bw="1" slack="0"/>
<pin id="148" dir="1" index="1" bw="32" slack="75"/>
</pin_list>
<bind>
<opcode="alloca(26) " fcode="alloca"/>
<opset="or7_i_i9_loc/1 "/>
</bind>
</comp>

<comp id="150" class="1004" name="or7_i_i11_loc_fu_150">
<pin_list>
<pin id="151" dir="0" index="0" bw="1" slack="0"/>
<pin id="152" dir="1" index="1" bw="32" slack="75"/>
</pin_list>
<bind>
<opcode="alloca(26) " fcode="alloca"/>
<opset="or7_i_i11_loc/1 "/>
</bind>
</comp>

<comp id="154" class="1004" name="or7_i_i13_loc_fu_154">
<pin_list>
<pin id="155" dir="0" index="0" bw="1" slack="0"/>
<pin id="156" dir="1" index="1" bw="32" slack="75"/>
</pin_list>
<bind>
<opcode="alloca(26) " fcode="alloca"/>
<opset="or7_i_i13_loc/1 "/>
</bind>
</comp>

<comp id="158" class="1004" name="or7_i_i15_loc_fu_158">
<pin_list>
<pin id="159" dir="0" index="0" bw="1" slack="0"/>
<pin id="160" dir="1" index="1" bw="32" slack="75"/>
</pin_list>
<bind>
<opcode="alloca(26) " fcode="alloca"/>
<opset="or7_i_i15_loc/1 "/>
</bind>
</comp>

<comp id="162" class="1004" name="or7_i_i17_loc_fu_162">
<pin_list>
<pin id="163" dir="0" index="0" bw="1" slack="0"/>
<pin id="164" dir="1" index="1" bw="32" slack="75"/>
</pin_list>
<bind>
<opcode="alloca(26) " fcode="alloca"/>
<opset="or7_i_i17_loc/1 "/>
</bind>
</comp>

<comp id="166" class="1004" name="or7_i_i19_loc_fu_166">
<pin_list>
<pin id="167" dir="0" index="0" bw="1" slack="0"/>
<pin id="168" dir="1" index="1" bw="32" slack="75"/>
</pin_list>
<bind>
<opcode="alloca(26) " fcode="alloca"/>
<opset="or7_i_i19_loc/1 "/>
</bind>
</comp>

<comp id="170" class="1004" name="or7_i_i21_loc_fu_170">
<pin_list>
<pin id="171" dir="0" index="0" bw="1" slack="0"/>
<pin id="172" dir="1" index="1" bw="32" slack="75"/>
</pin_list>
<bind>
<opcode="alloca(26) " fcode="alloca"/>
<opset="or7_i_i21_loc/1 "/>
</bind>
</comp>

<comp id="174" class="1004" name="or7_i_i23_loc_fu_174">
<pin_list>
<pin id="175" dir="0" index="0" bw="1" slack="0"/>
<pin id="176" dir="1" index="1" bw="32" slack="75"/>
</pin_list>
<bind>
<opcode="alloca(26) " fcode="alloca"/>
<opset="or7_i_i23_loc/1 "/>
</bind>
</comp>

<comp id="178" class="1004" name="or7_i_i25_loc_fu_178">
<pin_list>
<pin id="179" dir="0" index="0" bw="1" slack="0"/>
<pin id="180" dir="1" index="1" bw="32" slack="75"/>
</pin_list>
<bind>
<opcode="alloca(26) " fcode="alloca"/>
<opset="or7_i_i25_loc/1 "/>
</bind>
</comp>

<comp id="182" class="1004" name="or7_i_i27_loc_fu_182">
<pin_list>
<pin id="183" dir="0" index="0" bw="1" slack="0"/>
<pin id="184" dir="1" index="1" bw="32" slack="75"/>
</pin_list>
<bind>
<opcode="alloca(26) " fcode="alloca"/>
<opset="or7_i_i27_loc/1 "/>
</bind>
</comp>

<comp id="186" class="1004" name="or7_i_i29_loc_fu_186">
<pin_list>
<pin id="187" dir="0" index="0" bw="1" slack="0"/>
<pin id="188" dir="1" index="1" bw="32" slack="75"/>
</pin_list>
<bind>
<opcode="alloca(26) " fcode="alloca"/>
<opset="or7_i_i29_loc/1 "/>
</bind>
</comp>

<comp id="190" class="1004" name="or7_i_i31_loc_fu_190">
<pin_list>
<pin id="191" dir="0" index="0" bw="1" slack="0"/>
<pin id="192" dir="1" index="1" bw="32" slack="75"/>
</pin_list>
<bind>
<opcode="alloca(26) " fcode="alloca"/>
<opset="or7_i_i31_loc/1 "/>
</bind>
</comp>

<comp id="194" class="1004" name="or7_i_i33_loc_fu_194">
<pin_list>
<pin id="195" dir="0" index="0" bw="1" slack="0"/>
<pin id="196" dir="1" index="1" bw="32" slack="75"/>
</pin_list>
<bind>
<opcode="alloca(26) " fcode="alloca"/>
<opset="or7_i_i33_loc/1 "/>
</bind>
</comp>

<comp id="198" class="1004" name="or7_i_i35_loc_fu_198">
<pin_list>
<pin id="199" dir="0" index="0" bw="1" slack="0"/>
<pin id="200" dir="1" index="1" bw="32" slack="75"/>
</pin_list>
<bind>
<opcode="alloca(26) " fcode="alloca"/>
<opset="or7_i_i35_loc/1 "/>
</bind>
</comp>

<comp id="202" class="1004" name="or7_i_i37_loc_fu_202">
<pin_list>
<pin id="203" dir="0" index="0" bw="1" slack="0"/>
<pin id="204" dir="1" index="1" bw="32" slack="75"/>
</pin_list>
<bind>
<opcode="alloca(26) " fcode="alloca"/>
<opset="or7_i_i37_loc/1 "/>
</bind>
</comp>

<comp id="206" class="1004" name="hdr_alloca_fu_206">
<pin_list>
<pin id="207" dir="0" index="0" bw="1" slack="0"/>
<pin id="208" dir="1" index="1" bw="32" slack="2147483647"/>
</pin_list>
<bind>
<opcode="alloca(26) " fcode="alloca"/>
<opset="hdr/1 "/>
</bind>
</comp>

<comp id="210" class="1004" name="tgt_alloca_fu_210">
<pin_list>
<pin id="211" dir="0" index="0" bw="1" slack="0"/>
<pin id="212" dir="1" index="1" bw="32" slack="2147483647"/>
</pin_list>
<bind>
<opcode="alloca(26) " fcode="alloca"/>
<opset="tgt/1 "/>
</bind>
</comp>

<comp id="214" class="1004" name="h_alloca_fu_214">
<pin_list>
<pin id="215" dir="0" index="0" bw="1" slack="0"/>
<pin id="216" dir="1" index="1" bw="8" slack="2147483647"/>
</pin_list>
<bind>
<opcode="alloca(26) " fcode="alloca"/>
<opset="h/1 "/>
</bind>
</comp>

<comp id="218" class="1004" name="result_found_fu_218">
<pin_list>
<pin id="219" dir="0" index="0" bw="1" slack="0"/>
<pin id="220" dir="1" index="1" bw="32" slack="0"/>
</pin_list>
<bind>
<opcode="alloca(26) " fcode="alloca"/>
<opset="result_found/79 "/>
</bind>
</comp>

<comp id="222" class="1004" name="result_nonce_fu_222">
<pin_list>
<pin id="223" dir="0" index="0" bw="1" slack="0"/>
<pin id="224" dir="1" index="1" bw="32" slack="0"/>
</pin_list>
<bind>
<opcode="alloca(26) " fcode="alloca"/>
<opset="result_nonce/79 "/>
</bind>
</comp>

<comp id="226" class="1004" name="k_fu_226">
<pin_list>
<pin id="227" dir="0" index="0" bw="1" slack="0"/>
<pin id="228" dir="1" index="1" bw="32" slack="0"/>
</pin_list>
<bind>
<opcode="alloca(26) " fcode="alloca"/>
<opset="k/79 "/>
</bind>
</comp>

<comp id="230" class="1004" name="found_read_read_fu_230">
<pin_list>
<pin id="231" dir="0" index="0" bw="64" slack="0"/>
<pin id="232" dir="0" index="1" bw="64" slack="0"/>
<pin id="233" dir="1" index="2" bw="64" slack="84"/>
</pin_list>
<bind>
<opcode="read(1150) " fcode="read"/>
<opset="found_read/1 "/>
</bind>
</comp>

<comp id="236" class="1004" name="found_nonce_read_read_fu_236">
<pin_list>
<pin id="237" dir="0" index="0" bw="64" slack="0"/>
<pin id="238" dir="0" index="1" bw="64" slack="0"/>
<pin id="239" dir="1" index="2" bw="64" slack="84"/>
</pin_list>
<bind>
<opcode="read(1150) " fcode="read"/>
<opset="found_nonce_read/1 "/>
</bind>
</comp>

<comp id="242" class="1004" name="target_read_read_fu_242">
<pin_list>
<pin id="243" dir="0" index="0" bw="64" slack="0"/>
<pin id="244" dir="0" index="1" bw="64" slack="0"/>
<pin id="245" dir="1" index="2" bw="64" slack="0"/>
</pin_list>
<bind>
<opcode="read(1150) " fcode="read"/>
<opset="target_read/1 "/>
</bind>
</comp>

<comp id="248" class="1004" name="header_read_read_fu_248">
<pin_list>
<pin id="249" dir="0" index="0" bw="64" slack="0"/>
<pin id="250" dir="0" index="1" bw="64" slack="0"/>
<pin id="251" dir="1" index="2" bw="64" slack="0"/>
</pin_list>
<bind>
<opcode="read(1150) " fcode="read"/>
<opset="header_read/1 "/>
</bind>
</comp>

<comp id="254" class="1004" name="nonce_count_read_read_fu_254">
<pin_list>
<pin id="255" dir="0" index="0" bw="32" slack="0"/>
<pin id="256" dir="0" index="1" bw="32" slack="0"/>
<pin id="257" dir="1" index="2" bw="32" slack="0"/>
</pin_list>
<bind>
<opcode="read(1150) " fcode="read"/>
<opset="nonce_count_read/79 "/>
</bind>
</comp>

<comp id="260" class="1004" name="nonce_start_read_read_fu_260">
<pin_list>
<pin id="261" dir="0" index="0" bw="32" slack="0"/>
<pin id="262" dir="0" index="1" bw="32" slack="0"/>
<pin id="263" dir="1" index="2" bw="32" slack="1"/>
</pin_list>
<bind>
<opcode="read(1150) " fcode="read"/>
<opset="nonce_start_read/79 "/>
</bind>
</comp>

<comp id="266" class="1004" name="hdr_addr_gep_fu_266">
<pin_list>
<pin id="267" dir="0" index="0" bw="32" slack="2147483647"/>
<pin id="268" dir="0" index="1" bw="1" slack="0"/>
<pin id="269" dir="0" index="2" bw="6" slack="0"/>
<pin id="270" dir="1" index="3" bw="5" slack="1"/>
</pin_list>
<bind>
<opcode="getelementptr(29) " fcode="getelementptr"/>
<opset="hdr_addr/79 "/>
</bind>
</comp>

<comp id="273" class="1004" name="store_ln476_access_fu_273">
<pin_list>
<pin id="274" dir="0" index="0" bw="5" slack="1"/>
<pin id="275" dir="0" index="1" bw="32" slack="0"/>
<pin id="276" dir="0" index="2" bw="0" slack="2147483647"/>
<pin id="277" dir="1" index="3" bw="32" slack="2147483647"/>
</pin_list>
<bind>
<opcode="store(28) " fcode="store"/>
<opset="store_ln476/80 "/>
</bind>
</comp>

<comp id="278" class="1004" name="grp_readreq_fu_278">
<pin_list>
<pin id="279" dir="0" index="0" bw="1" slack="0"/>
<pin id="280" dir="0" index="1" bw="128" slack="0"/>
<pin id="281" dir="0" index="2" bw="4" slack="0"/>
<pin id="282" dir="1" index="3" bw="1" slack="2147483647"/>
</pin_list>
<bind>
<opcode="readreq(1154) " fcode="readreq"/>
<opset="empty/2 "/>
</bind>
</comp>

<comp id="285" class="1004" name="grp_readreq_fu_285">
<pin_list>
<pin id="286" dir="0" index="0" bw="1" slack="0"/>
<pin id="287" dir="0" index="1" bw="256" slack="0"/>
<pin id="288" dir="0" index="2" bw="1" slack="0"/>
<pin id="289" dir="1" index="3" bw="1" slack="2147483647"/>
</pin_list>
<bind>
<opcode="readreq(1154) " fcode="readreq"/>
<opset="gmem1_load_req/2 "/>
</bind>
</comp>

<comp id="292" class="1004" name="gmem1_addr_read_read_fu_292">
<pin_list>
<pin id="293" dir="0" index="0" bw="256" slack="0"/>
<pin id="294" dir="0" index="1" bw="256" slack="71"/>
<pin id="295" dir="1" index="2" bw="256" slack="1"/>
</pin_list>
<bind>
<opcode="read(1150) " fcode="read"/>
<opset="gmem1_addr_read/73 "/>
</bind>
</comp>

<comp id="297" class="1004" name="grp_writereq_fu_297">
<pin_list>
<pin id="298" dir="0" index="0" bw="1" slack="0"/>
<pin id="299" dir="0" index="1" bw="32" slack="0"/>
<pin id="300" dir="0" index="2" bw="1" slack="0"/>
<pin id="301" dir="1" index="3" bw="1" slack="2147483647"/>
</pin_list>
<bind>
<opcode="writereq(1155) " fcode="writereq"/>
<opset="gmem2_addr_req/85 gmem2_addr_1_req/86 "/>
</bind>
</comp>

<comp id="304" class="1004" name="grp_write_fu_304">
<pin_list>
<pin id="305" dir="0" index="0" bw="0" slack="0"/>
<pin id="306" dir="0" index="1" bw="32" slack="1"/>
<pin id="307" dir="0" index="2" bw="32" slack="0"/>
<pin id="308" dir="0" index="3" bw="1" slack="0"/>
<pin id="309" dir="1" index="4" bw="0" slack="2147483647"/>
</pin_list>
<bind>
<opcode="write(1151) " fcode="write"/>
<opset="write_ln488/86 write_ln489/87 "/>
</bind>
</comp>

<comp id="312" class="1004" name="grp_writeresp_fu_312">
<pin_list>
<pin id="313" dir="0" index="0" bw="1" slack="0"/>
<pin id="314" dir="0" index="1" bw="32" slack="2"/>
<pin id="315" dir="1" index="2" bw="1" slack="2147483647"/>
</pin_list>
<bind>
<opcode="writeresp(1158) " fcode="writeresp"/>
<opset="gmem2_addr_resp/87 gmem2_addr_1_resp/88 "/>
</bind>
</comp>

<comp id="317" class="1005" name="result_found_2_reg_317">
<pin_list>
<pin id="318" dir="0" index="0" bw="32" slack="7"/>
<pin id="319" dir="1" index="1" bw="32" slack="7"/>
</pin_list>
<bind>
<opset="result_found_2 (phireg) "/>
</bind>
</comp>

<comp id="321" class="1004" name="result_found_2_phi_fu_321">
<pin_list>
<pin id="322" dir="0" index="0" bw="1" slack="7"/>
<pin id="323" dir="0" index="1" bw="0" slack="2147483647"/>
<pin id="324" dir="0" index="2" bw="32" slack="1"/>
<pin id="325" dir="0" index="3" bw="0" slack="2147483647"/>
<pin id="326" dir="1" index="4" bw="32" slack="0"/>
</pin_list>
<bind>
<opcode="phi(47) " fcode="phi"/>
<opset="result_found_2/86 "/>
</bind>
</comp>

<comp id="329" class="1005" name="result_nonce_2_reg_329">
<pin_list>
<pin id="330" dir="0" index="0" bw="32" slack="8"/>
<pin id="331" dir="1" index="1" bw="32" slack="8"/>
</pin_list>
<bind>
<opset="result_nonce_2 (phireg) "/>
</bind>
</comp>

<comp id="333" class="1004" name="result_nonce_2_phi_fu_333">
<pin_list>
<pin id="334" dir="0" index="0" bw="1" slack="8"/>
<pin id="335" dir="0" index="1" bw="0" slack="2147483647"/>
<pin id="336" dir="0" index="2" bw="32" slack="2"/>
<pin id="337" dir="0" index="3" bw="0" slack="2147483647"/>
<pin id="338" dir="1" index="4" bw="32" slack="0"/>
</pin_list>
<bind>
<opcode="phi(47) " fcode="phi"/>
<opset="result_nonce_2/87 "/>
</bind>
</comp>

<comp id="341" class="1004" name="grp_mine_Pipeline_VITIS_LOOP_448_1_fu_341">
<pin_list>
<pin id="342" dir="0" index="0" bw="0" slack="0"/>
<pin id="343" dir="0" index="1" bw="128" slack="0"/>
<pin id="344" dir="0" index="2" bw="32" slack="2147483647"/>
<pin id="345" dir="0" index="3" bw="60" slack="73"/>
<pin id="346" dir="1" index="4" bw="0" slack="2147483647"/>
</pin_list>
<bind>
<opcode="call(48) " fcode="call"/>
<opset="call_ln448/74 "/>
</bind>
</comp>

<comp id="349" class="1004" name="grp_mine_Pipeline_VITIS_LOOP_453_2_fu_349">
<pin_list>
<pin id="350" dir="0" index="0" bw="0" slack="0"/>
<pin id="351" dir="0" index="1" bw="256" slack="1"/>
<pin id="352" dir="0" index="2" bw="32" slack="2147483647"/>
<pin id="353" dir="1" index="3" bw="0" slack="2147483647"/>
</pin_list>
<bind>
<opcode="call(48) " fcode="call"/>
<opset="call_ln453/74 "/>
</bind>
</comp>

<comp id="355" class="1004" name="grp_mine_Pipeline_BUILD_FIRST_BLOCK_fu_355">
<pin_list>
<pin id="356" dir="0" index="0" bw="0" slack="0"/>
<pin id="357" dir="0" index="1" bw="32" slack="2147483647"/>
<pin id="358" dir="0" index="2" bw="32" slack="75"/>
<pin id="359" dir="0" index="3" bw="32" slack="75"/>
<pin id="360" dir="0" index="4" bw="32" slack="75"/>
<pin id="361" dir="0" index="5" bw="32" slack="75"/>
<pin id="362" dir="0" index="6" bw="32" slack="75"/>
<pin id="363" dir="0" index="7" bw="32" slack="75"/>
<pin id="364" dir="0" index="8" bw="32" slack="75"/>
<pin id="365" dir="0" index="9" bw="32" slack="75"/>
<pin id="366" dir="0" index="10" bw="32" slack="75"/>
<pin id="367" dir="0" index="11" bw="32" slack="75"/>
<pin id="368" dir="0" index="12" bw="32" slack="75"/>
<pin id="369" dir="0" index="13" bw="32" slack="75"/>
<pin id="370" dir="0" index="14" bw="32" slack="75"/>
<pin id="371" dir="0" index="15" bw="32" slack="75"/>
<pin id="372" dir="0" index="16" bw="32" slack="75"/>
<pin id="373" dir="0" index="17" bw="32" slack="75"/>
<pin id="374" dir="1" index="18" bw="0" slack="2147483647"/>
</pin_list>
<bind>
<opcode="call(48) " fcode="call"/>
<opset="call_ln0/76 "/>
</bind>
</comp>

<comp id="376" class="1004" name="grp_sha256_compress_words_1_fu_376">
<pin_list>
<pin id="377" dir="0" index="0" bw="256" slack="0"/>
<pin id="378" dir="0" index="1" bw="32" slack="0"/>
<pin id="379" dir="0" index="2" bw="32" slack="0"/>
<pin id="380" dir="0" index="3" bw="32" slack="0"/>
<pin id="381" dir="0" index="4" bw="32" slack="0"/>
<pin id="382" dir="0" index="5" bw="32" slack="0"/>
<pin id="383" dir="0" index="6" bw="32" slack="0"/>
<pin id="384" dir="0" index="7" bw="32" slack="0"/>
<pin id="385" dir="0" index="8" bw="32" slack="0"/>
<pin id="386" dir="0" index="9" bw="32" slack="0"/>
<pin id="387" dir="0" index="10" bw="32" slack="0"/>
<pin id="388" dir="0" index="11" bw="32" slack="0"/>
<pin id="389" dir="0" index="12" bw="32" slack="0"/>
<pin id="390" dir="0" index="13" bw="32" slack="0"/>
<pin id="391" dir="0" index="14" bw="32" slack="0"/>
<pin id="392" dir="0" index="15" bw="32" slack="0"/>
<pin id="393" dir="0" index="16" bw="32" slack="0"/>
<pin id="394" dir="0" index="17" bw="32" slack="0"/>
<pin id="395" dir="1" index="18" bw="256" slack="0"/>
</pin_list>
<bind>
<opcode="call(48) " fcode="call"/>
<opset="call_ret/78 "/>
</bind>
</comp>

<comp id="398" class="1004" name="grp_sha256d_from_midstate_fu_398">
<pin_list>
<pin id="399" dir="0" index="0" bw="0" slack="0"/>
<pin id="400" dir="0" index="1" bw="32" slack="2"/>
<pin id="401" dir="0" index="2" bw="32" slack="2"/>
<pin id="402" dir="0" index="3" bw="32" slack="2"/>
<pin id="403" dir="0" index="4" bw="32" slack="2"/>
<pin id="404" dir="0" index="5" bw="32" slack="2"/>
<pin id="405" dir="0" index="6" bw="32" slack="2"/>
<pin id="406" dir="0" index="7" bw="32" slack="2"/>
<pin id="407" dir="0" index="8" bw="32" slack="2"/>
<pin id="408" dir="0" index="9" bw="32" slack="2147483647"/>
<pin id="409" dir="0" index="10" bw="8" slack="2147483647"/>
<pin id="410" dir="0" index="11" bw="32" slack="0"/>
<pin id="411" dir="1" index="12" bw="0" slack="2147483647"/>
</pin_list>
<bind>
<opcode="call(48) " fcode="call"/>
<opset="call_ln480/81 "/>
</bind>
</comp>

<comp id="414" class="1004" name="grp_mine_Pipeline_COMPARE_HASH_fu_414">
<pin_list>
<pin id="415" dir="0" index="0" bw="0" slack="0"/>
<pin id="416" dir="0" index="1" bw="8" slack="2147483647"/>
<pin id="417" dir="0" index="2" bw="32" slack="2147483647"/>
<pin id="418" dir="0" index="3" bw="1" slack="82"/>
<pin id="419" dir="0" index="4" bw="1" slack="82"/>
<pin id="420" dir="1" index="5" bw="0" slack="2147483647"/>
</pin_list>
<bind>
<opcode="call(48) " fcode="call"/>
<opset="call_ln0/83 "/>
</bind>
</comp>

<comp id="422" class="1004" name="trunc_ln_fu_422">
<pin_list>
<pin id="423" dir="0" index="0" bw="60" slack="0"/>
<pin id="424" dir="0" index="1" bw="64" slack="0"/>
<pin id="425" dir="0" index="2" bw="4" slack="0"/>
<pin id="426" dir="0" index="3" bw="7" slack="0"/>
<pin id="427" dir="1" index="4" bw="60" slack="1"/>
</pin_list>
<bind>
<opcode="partselect(1002) " fcode="partselect"/>
<opset="trunc_ln/1 "/>
</bind>
</comp>

<comp id="432" class="1004" name="trunc_ln7_fu_432">
<pin_list>
<pin id="433" dir="0" index="0" bw="59" slack="0"/>
<pin id="434" dir="0" index="1" bw="64" slack="0"/>
<pin id="435" dir="0" index="2" bw="4" slack="0"/>
<pin id="436" dir="0" index="3" bw="7" slack="0"/>
<pin id="437" dir="1" index="4" bw="59" slack="1"/>
</pin_list>
<bind>
<opcode="partselect(1002) " fcode="partselect"/>
<opset="trunc_ln7/1 "/>
</bind>
</comp>

<comp id="442" class="1004" name="sext_ln448_fu_442">
<pin_list>
<pin id="443" dir="0" index="0" bw="60" slack="1"/>
<pin id="444" dir="1" index="1" bw="64" slack="0"/>
</pin_list>
<bind>
<opcode="sext(35) " fcode="sext"/>
<opset="sext_ln448/2 "/>
</bind>
</comp>

<comp id="445" class="1004" name="gmem0_addr_fu_445">
<pin_list>
<pin id="446" dir="0" index="0" bw="64" slack="0"/>
<pin id="447" dir="0" index="1" bw="64" slack="0"/>
<pin id="448" dir="1" index="2" bw="64" slack="0"/>
</pin_list>
<bind>
<opcode="getelementptr(29) " fcode="getelementptr"/>
<opset="gmem0_addr/2 "/>
</bind>
</comp>

<comp id="452" class="1004" name="sext_ln453_fu_452">
<pin_list>
<pin id="453" dir="0" index="0" bw="59" slack="1"/>
<pin id="454" dir="1" index="1" bw="64" slack="0"/>
</pin_list>
<bind>
<opcode="sext(35) " fcode="sext"/>
<opset="sext_ln453/2 "/>
</bind>
</comp>

<comp id="455" class="1004" name="gmem1_addr_fu_455">
<pin_list>
<pin id="456" dir="0" index="0" bw="64" slack="0"/>
<pin id="457" dir="0" index="1" bw="64" slack="0"/>
<pin id="458" dir="1" index="2" bw="64" slack="0"/>
</pin_list>
<bind>
<opcode="getelementptr(29) " fcode="getelementptr"/>
<opset="gmem1_addr/2 "/>
</bind>
</comp>

<comp id="462" class="1004" name="or7_i_i37_loc_load_load_fu_462">
<pin_list>
<pin id="463" dir="0" index="0" bw="32" slack="77"/>
<pin id="464" dir="1" index="1" bw="32" slack="0"/>
</pin_list>
<bind>
<opcode="load(27) " fcode="load"/>
<opset="or7_i_i37_loc_load/78 "/>
</bind>
</comp>

<comp id="466" class="1004" name="or7_i_i35_loc_load_load_fu_466">
<pin_list>
<pin id="467" dir="0" index="0" bw="32" slack="77"/>
<pin id="468" dir="1" index="1" bw="32" slack="0"/>
</pin_list>
<bind>
<opcode="load(27) " fcode="load"/>
<opset="or7_i_i35_loc_load/78 "/>
</bind>
</comp>

<comp id="470" class="1004" name="or7_i_i33_loc_load_load_fu_470">
<pin_list>
<pin id="471" dir="0" index="0" bw="32" slack="77"/>
<pin id="472" dir="1" index="1" bw="32" slack="0"/>
</pin_list>
<bind>
<opcode="load(27) " fcode="load"/>
<opset="or7_i_i33_loc_load/78 "/>
</bind>
</comp>

<comp id="474" class="1004" name="or7_i_i31_loc_load_load_fu_474">
<pin_list>
<pin id="475" dir="0" index="0" bw="32" slack="77"/>
<pin id="476" dir="1" index="1" bw="32" slack="0"/>
</pin_list>
<bind>
<opcode="load(27) " fcode="load"/>
<opset="or7_i_i31_loc_load/78 "/>
</bind>
</comp>

<comp id="478" class="1004" name="or7_i_i29_loc_load_load_fu_478">
<pin_list>
<pin id="479" dir="0" index="0" bw="32" slack="77"/>
<pin id="480" dir="1" index="1" bw="32" slack="0"/>
</pin_list>
<bind>
<opcode="load(27) " fcode="load"/>
<opset="or7_i_i29_loc_load/78 "/>
</bind>
</comp>

<comp id="482" class="1004" name="or7_i_i27_loc_load_load_fu_482">
<pin_list>
<pin id="483" dir="0" index="0" bw="32" slack="77"/>
<pin id="484" dir="1" index="1" bw="32" slack="0"/>
</pin_list>
<bind>
<opcode="load(27) " fcode="load"/>
<opset="or7_i_i27_loc_load/78 "/>
</bind>
</comp>

<comp id="486" class="1004" name="or7_i_i25_loc_load_load_fu_486">
<pin_list>
<pin id="487" dir="0" index="0" bw="32" slack="77"/>
<pin id="488" dir="1" index="1" bw="32" slack="0"/>
</pin_list>
<bind>
<opcode="load(27) " fcode="load"/>
<opset="or7_i_i25_loc_load/78 "/>
</bind>
</comp>

<comp id="490" class="1004" name="or7_i_i23_loc_load_load_fu_490">
<pin_list>
<pin id="491" dir="0" index="0" bw="32" slack="77"/>
<pin id="492" dir="1" index="1" bw="32" slack="0"/>
</pin_list>
<bind>
<opcode="load(27) " fcode="load"/>
<opset="or7_i_i23_loc_load/78 "/>
</bind>
</comp>

<comp id="494" class="1004" name="or7_i_i21_loc_load_load_fu_494">
<pin_list>
<pin id="495" dir="0" index="0" bw="32" slack="77"/>
<pin id="496" dir="1" index="1" bw="32" slack="0"/>
</pin_list>
<bind>
<opcode="load(27) " fcode="load"/>
<opset="or7_i_i21_loc_load/78 "/>
</bind>
</comp>

<comp id="498" class="1004" name="or7_i_i19_loc_load_load_fu_498">
<pin_list>
<pin id="499" dir="0" index="0" bw="32" slack="77"/>
<pin id="500" dir="1" index="1" bw="32" slack="0"/>
</pin_list>
<bind>
<opcode="load(27) " fcode="load"/>
<opset="or7_i_i19_loc_load/78 "/>
</bind>
</comp>

<comp id="502" class="1004" name="or7_i_i17_loc_load_load_fu_502">
<pin_list>
<pin id="503" dir="0" index="0" bw="32" slack="77"/>
<pin id="504" dir="1" index="1" bw="32" slack="0"/>
</pin_list>
<bind>
<opcode="load(27) " fcode="load"/>
<opset="or7_i_i17_loc_load/78 "/>
</bind>
</comp>

<comp id="506" class="1004" name="or7_i_i15_loc_load_load_fu_506">
<pin_list>
<pin id="507" dir="0" index="0" bw="32" slack="77"/>
<pin id="508" dir="1" index="1" bw="32" slack="0"/>
</pin_list>
<bind>
<opcode="load(27) " fcode="load"/>
<opset="or7_i_i15_loc_load/78 "/>
</bind>
</comp>

<comp id="510" class="1004" name="or7_i_i13_loc_load_load_fu_510">
<pin_list>
<pin id="511" dir="0" index="0" bw="32" slack="77"/>
<pin id="512" dir="1" index="1" bw="32" slack="0"/>
</pin_list>
<bind>
<opcode="load(27) " fcode="load"/>
<opset="or7_i_i13_loc_load/78 "/>
</bind>
</comp>

<comp id="514" class="1004" name="or7_i_i11_loc_load_load_fu_514">
<pin_list>
<pin id="515" dir="0" index="0" bw="32" slack="77"/>
<pin id="516" dir="1" index="1" bw="32" slack="0"/>
</pin_list>
<bind>
<opcode="load(27) " fcode="load"/>
<opset="or7_i_i11_loc_load/78 "/>
</bind>
</comp>

<comp id="518" class="1004" name="or7_i_i9_loc_load_load_fu_518">
<pin_list>
<pin id="519" dir="0" index="0" bw="32" slack="77"/>
<pin id="520" dir="1" index="1" bw="32" slack="0"/>
</pin_list>
<bind>
<opcode="load(27) " fcode="load"/>
<opset="or7_i_i9_loc_load/78 "/>
</bind>
</comp>

<comp id="522" class="1004" name="or7_i_i7_loc_load_load_fu_522">
<pin_list>
<pin id="523" dir="0" index="0" bw="32" slack="77"/>
<pin id="524" dir="1" index="1" bw="32" slack="0"/>
</pin_list>
<bind>
<opcode="load(27) " fcode="load"/>
<opset="or7_i_i7_loc_load/78 "/>
</bind>
</comp>

<comp id="526" class="1004" name="midstate_fu_526">
<pin_list>
<pin id="527" dir="0" index="0" bw="256" slack="0"/>
<pin id="528" dir="1" index="1" bw="32" slack="2"/>
</pin_list>
<bind>
<opcode="extractvalue(56) " fcode="extractvalue"/>
<opset="midstate/79 "/>
</bind>
</comp>

<comp id="530" class="1004" name="midstate_1_fu_530">
<pin_list>
<pin id="531" dir="0" index="0" bw="256" slack="0"/>
<pin id="532" dir="1" index="1" bw="32" slack="2"/>
</pin_list>
<bind>
<opcode="extractvalue(56) " fcode="extractvalue"/>
<opset="midstate_1/79 "/>
</bind>
</comp>

<comp id="534" class="1004" name="midstate_2_fu_534">
<pin_list>
<pin id="535" dir="0" index="0" bw="256" slack="0"/>
<pin id="536" dir="1" index="1" bw="32" slack="2"/>
</pin_list>
<bind>
<opcode="extractvalue(56) " fcode="extractvalue"/>
<opset="midstate_2/79 "/>
</bind>
</comp>

<comp id="538" class="1004" name="midstate_3_fu_538">
<pin_list>
<pin id="539" dir="0" index="0" bw="256" slack="0"/>
<pin id="540" dir="1" index="1" bw="32" slack="2"/>
</pin_list>
<bind>
<opcode="extractvalue(56) " fcode="extractvalue"/>
<opset="midstate_3/79 "/>
</bind>
</comp>

<comp id="542" class="1004" name="midstate_4_fu_542">
<pin_list>
<pin id="543" dir="0" index="0" bw="256" slack="0"/>
<pin id="544" dir="1" index="1" bw="32" slack="2"/>
</pin_list>
<bind>
<opcode="extractvalue(56) " fcode="extractvalue"/>
<opset="midstate_4/79 "/>
</bind>
</comp>

<comp id="546" class="1004" name="midstate_5_fu_546">
<pin_list>
<pin id="547" dir="0" index="0" bw="256" slack="0"/>
<pin id="548" dir="1" index="1" bw="32" slack="2"/>
</pin_list>
<bind>
<opcode="extractvalue(56) " fcode="extractvalue"/>
<opset="midstate_5/79 "/>
</bind>
</comp>

<comp id="550" class="1004" name="midstate_6_fu_550">
<pin_list>
<pin id="551" dir="0" index="0" bw="256" slack="0"/>
<pin id="552" dir="1" index="1" bw="32" slack="2"/>
</pin_list>
<bind>
<opcode="extractvalue(56) " fcode="extractvalue"/>
<opset="midstate_6/79 "/>
</bind>
</comp>

<comp id="554" class="1004" name="midstate_7_fu_554">
<pin_list>
<pin id="555" dir="0" index="0" bw="256" slack="0"/>
<pin id="556" dir="1" index="1" bw="32" slack="2"/>
</pin_list>
<bind>
<opcode="extractvalue(56) " fcode="extractvalue"/>
<opset="midstate_7/79 "/>
</bind>
</comp>

<comp id="558" class="1004" name="icmp_ln468_fu_558">
<pin_list>
<pin id="559" dir="0" index="0" bw="32" slack="0"/>
<pin id="560" dir="0" index="1" bw="32" slack="0"/>
<pin id="561" dir="1" index="2" bw="1" slack="6"/>
</pin_list>
<bind>
<opcode="icmp(45) " fcode="icmp"/>
<opset="icmp_ln468/79 "/>
</bind>
</comp>

<comp id="564" class="1004" name="store_ln468_store_fu_564">
<pin_list>
<pin id="565" dir="0" index="0" bw="1" slack="0"/>
<pin id="566" dir="0" index="1" bw="32" slack="0"/>
<pin id="567" dir="1" index="2" bw="0" slack="2147483647"/>
</pin_list>
<bind>
<opcode="store(28) " fcode="store"/>
<opset="store_ln468/79 "/>
</bind>
</comp>

<comp id="569" class="1004" name="store_ln466_store_fu_569">
<pin_list>
<pin id="570" dir="0" index="0" bw="1" slack="0"/>
<pin id="571" dir="0" index="1" bw="32" slack="0"/>
<pin id="572" dir="1" index="2" bw="0" slack="2147483647"/>
</pin_list>
<bind>
<opcode="store(28) " fcode="store"/>
<opset="store_ln466/79 "/>
</bind>
</comp>

<comp id="574" class="1004" name="store_ln465_store_fu_574">
<pin_list>
<pin id="575" dir="0" index="0" bw="1" slack="0"/>
<pin id="576" dir="0" index="1" bw="32" slack="0"/>
<pin id="577" dir="1" index="2" bw="0" slack="2147483647"/>
</pin_list>
<bind>
<opcode="store(28) " fcode="store"/>
<opset="store_ln465/79 "/>
</bind>
</comp>

<comp id="579" class="1004" name="k_2_load_fu_579">
<pin_list>
<pin id="580" dir="0" index="0" bw="32" slack="1"/>
<pin id="581" dir="1" index="1" bw="32" slack="0"/>
</pin_list>
<bind>
<opcode="load(27) " fcode="load"/>
<opset="k_2/80 "/>
</bind>
</comp>

<comp id="582" class="1004" name="n_fu_582">
<pin_list>
<pin id="583" dir="0" index="0" bw="32" slack="0"/>
<pin id="584" dir="0" index="1" bw="32" slack="1"/>
<pin id="585" dir="1" index="2" bw="32" slack="0"/>
</pin_list>
<bind>
<opcode="add(8) " fcode="add"/>
<opset="n/80 "/>
</bind>
</comp>

<comp id="588" class="1004" name="k_3_fu_588">
<pin_list>
<pin id="589" dir="0" index="0" bw="32" slack="0"/>
<pin id="590" dir="0" index="1" bw="1" slack="0"/>
<pin id="591" dir="1" index="2" bw="32" slack="0"/>
</pin_list>
<bind>
<opcode="add(8) " fcode="add"/>
<opset="k_3/80 "/>
</bind>
</comp>

<comp id="594" class="1004" name="icmp_ln468_1_fu_594">
<pin_list>
<pin id="595" dir="0" index="0" bw="32" slack="0"/>
<pin id="596" dir="0" index="1" bw="32" slack="1"/>
<pin id="597" dir="1" index="2" bw="1" slack="5"/>
</pin_list>
<bind>
<opcode="icmp(45) " fcode="icmp"/>
<opset="icmp_ln468_1/80 "/>
</bind>
</comp>

<comp id="599" class="1004" name="result_found_3_load_fu_599">
<pin_list>
<pin id="600" dir="0" index="0" bw="32" slack="6"/>
<pin id="601" dir="1" index="1" bw="32" slack="0"/>
</pin_list>
<bind>
<opcode="load(27) " fcode="load"/>
<opset="result_found_3/85 "/>
</bind>
</comp>

<comp id="602" class="1004" name="result_nonce_1_load_fu_602">
<pin_list>
<pin id="603" dir="0" index="0" bw="32" slack="6"/>
<pin id="604" dir="1" index="1" bw="32" slack="0"/>
</pin_list>
<bind>
<opcode="load(27) " fcode="load"/>
<opset="result_nonce_1/85 "/>
</bind>
</comp>

<comp id="605" class="1004" name="retval_1_i35_ce_loc_load_load_fu_605">
<pin_list>
<pin id="606" dir="0" index="0" bw="1" slack="84"/>
<pin id="607" dir="1" index="1" bw="1" slack="0"/>
</pin_list>
<bind>
<opcode="load(27) " fcode="load"/>
<opset="retval_1_i35_ce_loc_load/85 "/>
</bind>
</comp>

<comp id="608" class="1004" name="cleanup_dest_slot_1_i_ce_loc_load_load_fu_608">
<pin_list>
<pin id="609" dir="0" index="0" bw="1" slack="84"/>
<pin id="610" dir="1" index="1" bw="1" slack="0"/>
</pin_list>
<bind>
<opcode="load(27) " fcode="load"/>
<opset="cleanup_dest_slot_1_i_ce_loc_load/85 "/>
</bind>
</comp>

<comp id="611" class="1004" name="spec_select_fu_611">
<pin_list>
<pin id="612" dir="0" index="0" bw="1" slack="0"/>
<pin id="613" dir="0" index="1" bw="1" slack="0"/>
<pin id="614" dir="1" index="2" bw="1" slack="0"/>
</pin_list>
<bind>
<opcode="and(23) " fcode="and"/>
<opset="spec_select/85 "/>
</bind>
</comp>

<comp id="617" class="1004" name="result_found_4_fu_617">
<pin_list>
<pin id="618" dir="0" index="0" bw="1" slack="0"/>
<pin id="619" dir="0" index="1" bw="32" slack="0"/>
<pin id="620" dir="0" index="2" bw="32" slack="0"/>
<pin id="621" dir="1" index="3" bw="32" slack="0"/>
</pin_list>
<bind>
<opcode="select(49) " fcode="select"/>
<opset="result_found_4/85 "/>
</bind>
</comp>

<comp id="625" class="1004" name="result_nonce_5_fu_625">
<pin_list>
<pin id="626" dir="0" index="0" bw="1" slack="0"/>
<pin id="627" dir="0" index="1" bw="32" slack="5"/>
<pin id="628" dir="0" index="2" bw="32" slack="0"/>
<pin id="629" dir="1" index="3" bw="32" slack="0"/>
</pin_list>
<bind>
<opcode="select(49) " fcode="select"/>
<opset="result_nonce_5/85 "/>
</bind>
</comp>

<comp id="632" class="1004" name="xor_ln481_fu_632">
<pin_list>
<pin id="633" dir="0" index="0" bw="1" slack="0"/>
<pin id="634" dir="0" index="1" bw="1" slack="0"/>
<pin id="635" dir="1" index="2" bw="1" slack="0"/>
</pin_list>
<bind>
<opcode="xor(25) " fcode="xor"/>
<opset="xor_ln481/85 "/>
</bind>
</comp>

<comp id="638" class="1004" name="or_cond_fu_638">
<pin_list>
<pin id="639" dir="0" index="0" bw="1" slack="5"/>
<pin id="640" dir="0" index="1" bw="1" slack="0"/>
<pin id="641" dir="1" index="2" bw="1" slack="2147483647"/>
</pin_list>
<bind>
<opcode="and(23) " fcode="and"/>
<opset="or_cond/85 "/>
</bind>
</comp>

<comp id="643" class="1004" name="store_ln468_store_fu_643">
<pin_list>
<pin id="644" dir="0" index="0" bw="32" slack="5"/>
<pin id="645" dir="0" index="1" bw="32" slack="6"/>
<pin id="646" dir="1" index="2" bw="0" slack="2147483647"/>
</pin_list>
<bind>
<opcode="store(28) " fcode="store"/>
<opset="store_ln468/85 "/>
</bind>
</comp>

<comp id="647" class="1004" name="store_ln466_store_fu_647">
<pin_list>
<pin id="648" dir="0" index="0" bw="32" slack="0"/>
<pin id="649" dir="0" index="1" bw="32" slack="6"/>
<pin id="650" dir="1" index="2" bw="0" slack="2147483647"/>
</pin_list>
<bind>
<opcode="store(28) " fcode="store"/>
<opset="store_ln466/85 "/>
</bind>
</comp>

<comp id="652" class="1004" name="store_ln465_store_fu_652">
<pin_list>
<pin id="653" dir="0" index="0" bw="32" slack="0"/>
<pin id="654" dir="0" index="1" bw="32" slack="6"/>
<pin id="655" dir="1" index="2" bw="0" slack="2147483647"/>
</pin_list>
<bind>
<opcode="store(28) " fcode="store"/>
<opset="store_ln465/85 "/>
</bind>
</comp>

<comp id="657" class="1004" name="trunc_ln1_fu_657">
<pin_list>
<pin id="658" dir="0" index="0" bw="62" slack="0"/>
<pin id="659" dir="0" index="1" bw="64" slack="84"/>
<pin id="660" dir="0" index="2" bw="3" slack="0"/>
<pin id="661" dir="0" index="3" bw="7" slack="0"/>
<pin id="662" dir="1" index="4" bw="62" slack="0"/>
</pin_list>
<bind>
<opcode="partselect(1002) " fcode="partselect"/>
<opset="trunc_ln1/85 "/>
</bind>
</comp>

<comp id="666" class="1004" name="sext_ln488_fu_666">
<pin_list>
<pin id="667" dir="0" index="0" bw="62" slack="0"/>
<pin id="668" dir="1" index="1" bw="64" slack="0"/>
</pin_list>
<bind>
<opcode="sext(35) " fcode="sext"/>
<opset="sext_ln488/85 "/>
</bind>
</comp>

<comp id="670" class="1004" name="gmem2_addr_fu_670">
<pin_list>
<pin id="671" dir="0" index="0" bw="64" slack="0"/>
<pin id="672" dir="0" index="1" bw="64" slack="0"/>
<pin id="673" dir="1" index="2" bw="64" slack="0"/>
</pin_list>
<bind>
<opcode="getelementptr(29) " fcode="getelementptr"/>
<opset="gmem2_addr/85 "/>
</bind>
</comp>

<comp id="677" class="1004" name="trunc_ln2_fu_677">
<pin_list>
<pin id="678" dir="0" index="0" bw="62" slack="0"/>
<pin id="679" dir="0" index="1" bw="64" slack="84"/>
<pin id="680" dir="0" index="2" bw="3" slack="0"/>
<pin id="681" dir="0" index="3" bw="7" slack="0"/>
<pin id="682" dir="1" index="4" bw="62" slack="0"/>
</pin_list>
<bind>
<opcode="partselect(1002) " fcode="partselect"/>
<opset="trunc_ln2/85 "/>
</bind>
</comp>

<comp id="686" class="1004" name="sext_ln489_fu_686">
<pin_list>
<pin id="687" dir="0" index="0" bw="62" slack="0"/>
<pin id="688" dir="1" index="1" bw="64" slack="0"/>
</pin_list>
<bind>
<opcode="sext(35) " fcode="sext"/>
<opset="sext_ln489/85 "/>
</bind>
</comp>

<comp id="690" class="1004" name="gmem2_addr_1_fu_690">
<pin_list>
<pin id="691" dir="0" index="0" bw="64" slack="0"/>
<pin id="692" dir="0" index="1" bw="64" slack="0"/>
<pin id="693" dir="1" index="2" bw="64" slack="1"/>
</pin_list>
<bind>
<opcode="getelementptr(29) " fcode="getelementptr"/>
<opset="gmem2_addr_1/85 "/>
</bind>
</comp>

<comp id="696" class="1005" name="found_read_reg_696">
<pin_list>
<pin id="697" dir="0" index="0" bw="64" slack="84"/>
<pin id="698" dir="1" index="1" bw="64" slack="84"/>
</pin_list>
<bind>
<opset="found_read "/>
</bind>
</comp>

<comp id="701" class="1005" name="found_nonce_read_reg_701">
<pin_list>
<pin id="702" dir="0" index="0" bw="64" slack="84"/>
<pin id="703" dir="1" index="1" bw="64" slack="84"/>
</pin_list>
<bind>
<opset="found_nonce_read "/>
</bind>
</comp>

<comp id="706" class="1005" name="cleanup_dest_slot_1_i_ce_loc_reg_706">
<pin_list>
<pin id="707" dir="0" index="0" bw="1" slack="82"/>
<pin id="708" dir="1" index="1" bw="1" slack="82"/>
</pin_list>
<bind>
<opset="cleanup_dest_slot_1_i_ce_loc "/>
</bind>
</comp>

<comp id="712" class="1005" name="retval_1_i35_ce_loc_reg_712">
<pin_list>
<pin id="713" dir="0" index="0" bw="1" slack="82"/>
<pin id="714" dir="1" index="1" bw="1" slack="82"/>
</pin_list>
<bind>
<opset="retval_1_i35_ce_loc "/>
</bind>
</comp>

<comp id="718" class="1005" name="or7_i_i7_loc_reg_718">
<pin_list>
<pin id="719" dir="0" index="0" bw="32" slack="75"/>
<pin id="720" dir="1" index="1" bw="32" slack="75"/>
</pin_list>
<bind>
<opset="or7_i_i7_loc "/>
</bind>
</comp>

<comp id="724" class="1005" name="or7_i_i9_loc_reg_724">
<pin_list>
<pin id="725" dir="0" index="0" bw="32" slack="75"/>
<pin id="726" dir="1" index="1" bw="32" slack="75"/>
</pin_list>
<bind>
<opset="or7_i_i9_loc "/>
</bind>
</comp>

<comp id="730" class="1005" name="or7_i_i11_loc_reg_730">
<pin_list>
<pin id="731" dir="0" index="0" bw="32" slack="75"/>
<pin id="732" dir="1" index="1" bw="32" slack="75"/>
</pin_list>
<bind>
<opset="or7_i_i11_loc "/>
</bind>
</comp>

<comp id="736" class="1005" name="or7_i_i13_loc_reg_736">
<pin_list>
<pin id="737" dir="0" index="0" bw="32" slack="75"/>
<pin id="738" dir="1" index="1" bw="32" slack="75"/>
</pin_list>
<bind>
<opset="or7_i_i13_loc "/>
</bind>
</comp>

<comp id="742" class="1005" name="or7_i_i15_loc_reg_742">
<pin_list>
<pin id="743" dir="0" index="0" bw="32" slack="75"/>
<pin id="744" dir="1" index="1" bw="32" slack="75"/>
</pin_list>
<bind>
<opset="or7_i_i15_loc "/>
</bind>
</comp>

<comp id="748" class="1005" name="or7_i_i17_loc_reg_748">
<pin_list>
<pin id="749" dir="0" index="0" bw="32" slack="75"/>
<pin id="750" dir="1" index="1" bw="32" slack="75"/>
</pin_list>
<bind>
<opset="or7_i_i17_loc "/>
</bind>
</comp>

<comp id="754" class="1005" name="or7_i_i19_loc_reg_754">
<pin_list>
<pin id="755" dir="0" index="0" bw="32" slack="75"/>
<pin id="756" dir="1" index="1" bw="32" slack="75"/>
</pin_list>
<bind>
<opset="or7_i_i19_loc "/>
</bind>
</comp>

<comp id="760" class="1005" name="or7_i_i21_loc_reg_760">
<pin_list>
<pin id="761" dir="0" index="0" bw="32" slack="75"/>
<pin id="762" dir="1" index="1" bw="32" slack="75"/>
</pin_list>
<bind>
<opset="or7_i_i21_loc "/>
</bind>
</comp>

<comp id="766" class="1005" name="or7_i_i23_loc_reg_766">
<pin_list>
<pin id="767" dir="0" index="0" bw="32" slack="75"/>
<pin id="768" dir="1" index="1" bw="32" slack="75"/>
</pin_list>
<bind>
<opset="or7_i_i23_loc "/>
</bind>
</comp>

<comp id="772" class="1005" name="or7_i_i25_loc_reg_772">
<pin_list>
<pin id="773" dir="0" index="0" bw="32" slack="75"/>
<pin id="774" dir="1" index="1" bw="32" slack="75"/>
</pin_list>
<bind>
<opset="or7_i_i25_loc "/>
</bind>
</comp>

<comp id="778" class="1005" name="or7_i_i27_loc_reg_778">
<pin_list>
<pin id="779" dir="0" index="0" bw="32" slack="75"/>
<pin id="780" dir="1" index="1" bw="32" slack="75"/>
</pin_list>
<bind>
<opset="or7_i_i27_loc "/>
</bind>
</comp>

<comp id="784" class="1005" name="or7_i_i29_loc_reg_784">
<pin_list>
<pin id="785" dir="0" index="0" bw="32" slack="75"/>
<pin id="786" dir="1" index="1" bw="32" slack="75"/>
</pin_list>
<bind>
<opset="or7_i_i29_loc "/>
</bind>
</comp>

<comp id="790" class="1005" name="or7_i_i31_loc_reg_790">
<pin_list>
<pin id="791" dir="0" index="0" bw="32" slack="75"/>
<pin id="792" dir="1" index="1" bw="32" slack="75"/>
</pin_list>
<bind>
<opset="or7_i_i31_loc "/>
</bind>
</comp>

<comp id="796" class="1005" name="or7_i_i33_loc_reg_796">
<pin_list>
<pin id="797" dir="0" index="0" bw="32" slack="75"/>
<pin id="798" dir="1" index="1" bw="32" slack="75"/>
</pin_list>
<bind>
<opset="or7_i_i33_loc "/>
</bind>
</comp>

<comp id="802" class="1005" name="or7_i_i35_loc_reg_802">
<pin_list>
<pin id="803" dir="0" index="0" bw="32" slack="75"/>
<pin id="804" dir="1" index="1" bw="32" slack="75"/>
</pin_list>
<bind>
<opset="or7_i_i35_loc "/>
</bind>
</comp>

<comp id="808" class="1005" name="or7_i_i37_loc_reg_808">
<pin_list>
<pin id="809" dir="0" index="0" bw="32" slack="75"/>
<pin id="810" dir="1" index="1" bw="32" slack="75"/>
</pin_list>
<bind>
<opset="or7_i_i37_loc "/>
</bind>
</comp>

<comp id="814" class="1005" name="trunc_ln_reg_814">
<pin_list>
<pin id="815" dir="0" index="0" bw="60" slack="1"/>
<pin id="816" dir="1" index="1" bw="60" slack="1"/>
</pin_list>
<bind>
<opset="trunc_ln "/>
</bind>
</comp>

<comp id="820" class="1005" name="trunc_ln7_reg_820">
<pin_list>
<pin id="821" dir="0" index="0" bw="59" slack="1"/>
<pin id="822" dir="1" index="1" bw="59" slack="1"/>
</pin_list>
<bind>
<opset="trunc_ln7 "/>
</bind>
</comp>

<comp id="825" class="1005" name="gmem0_addr_reg_825">
<pin_list>
<pin id="826" dir="0" index="0" bw="128" slack="1"/>
<pin id="827" dir="1" index="1" bw="128" slack="1"/>
</pin_list>
<bind>
<opset="gmem0_addr "/>
</bind>
</comp>

<comp id="830" class="1005" name="gmem1_addr_reg_830">
<pin_list>
<pin id="831" dir="0" index="0" bw="256" slack="1"/>
<pin id="832" dir="1" index="1" bw="256" slack="1"/>
</pin_list>
<bind>
<opset="gmem1_addr "/>
</bind>
</comp>

<comp id="836" class="1005" name="gmem1_addr_read_reg_836">
<pin_list>
<pin id="837" dir="0" index="0" bw="256" slack="1"/>
<pin id="838" dir="1" index="1" bw="256" slack="1"/>
</pin_list>
<bind>
<opset="gmem1_addr_read "/>
</bind>
</comp>

<comp id="889" class="1005" name="nonce_count_read_reg_889">
<pin_list>
<pin id="890" dir="0" index="0" bw="32" slack="1"/>
<pin id="891" dir="1" index="1" bw="32" slack="1"/>
</pin_list>
<bind>
<opset="nonce_count_read "/>
</bind>
</comp>

<comp id="894" class="1005" name="nonce_start_read_reg_894">
<pin_list>
<pin id="895" dir="0" index="0" bw="32" slack="1"/>
<pin id="896" dir="1" index="1" bw="32" slack="1"/>
</pin_list>
<bind>
<opset="nonce_start_read "/>
</bind>
</comp>

<comp id="899" class="1005" name="midstate_reg_899">
<pin_list>
<pin id="900" dir="0" index="0" bw="32" slack="2"/>
<pin id="901" dir="1" index="1" bw="32" slack="2"/>
</pin_list>
<bind>
<opset="midstate "/>
</bind>
</comp>

<comp id="904" class="1005" name="midstate_1_reg_904">
<pin_list>
<pin id="905" dir="0" index="0" bw="32" slack="2"/>
<pin id="906" dir="1" index="1" bw="32" slack="2"/>
</pin_list>
<bind>
<opset="midstate_1 "/>
</bind>
</comp>

<comp id="909" class="1005" name="midstate_2_reg_909">
<pin_list>
<pin id="910" dir="0" index="0" bw="32" slack="2"/>
<pin id="911" dir="1" index="1" bw="32" slack="2"/>
</pin_list>
<bind>
<opset="midstate_2 "/>
</bind>
</comp>

<comp id="914" class="1005" name="midstate_3_reg_914">
<pin_list>
<pin id="915" dir="0" index="0" bw="32" slack="2"/>
<pin id="916" dir="1" index="1" bw="32" slack="2"/>
</pin_list>
<bind>
<opset="midstate_3 "/>
</bind>
</comp>

<comp id="919" class="1005" name="midstate_4_reg_919">
<pin_list>
<pin id="920" dir="0" index="0" bw="32" slack="2"/>
<pin id="921" dir="1" index="1" bw="32" slack="2"/>
</pin_list>
<bind>
<opset="midstate_4 "/>
</bind>
</comp>

<comp id="924" class="1005" name="midstate_5_reg_924">
<pin_list>
<pin id="925" dir="0" index="0" bw="32" slack="2"/>
<pin id="926" dir="1" index="1" bw="32" slack="2"/>
</pin_list>
<bind>
<opset="midstate_5 "/>
</bind>
</comp>

<comp id="929" class="1005" name="midstate_6_reg_929">
<pin_list>
<pin id="930" dir="0" index="0" bw="32" slack="2"/>
<pin id="931" dir="1" index="1" bw="32" slack="2"/>
</pin_list>
<bind>
<opset="midstate_6 "/>
</bind>
</comp>

<comp id="934" class="1005" name="midstate_7_reg_934">
<pin_list>
<pin id="935" dir="0" index="0" bw="32" slack="2"/>
<pin id="936" dir="1" index="1" bw="32" slack="2"/>
</pin_list>
<bind>
<opset="midstate_7 "/>
</bind>
</comp>

<comp id="939" class="1005" name="hdr_addr_reg_939">
<pin_list>
<pin id="940" dir="0" index="0" bw="5" slack="1"/>
<pin id="941" dir="1" index="1" bw="5" slack="1"/>
</pin_list>
<bind>
<opset="hdr_addr "/>
</bind>
</comp>

<comp id="944" class="1005" name="icmp_ln468_reg_944">
<pin_list>
<pin id="945" dir="0" index="0" bw="1" slack="6"/>
<pin id="946" dir="1" index="1" bw="1" slack="2147483647"/>
</pin_list>
<bind>
<opset="icmp_ln468 "/>
</bind>
</comp>

<comp id="948" class="1005" name="result_found_reg_948">
<pin_list>
<pin id="949" dir="0" index="0" bw="32" slack="0"/>
<pin id="950" dir="1" index="1" bw="32" slack="0"/>
</pin_list>
<bind>
<opset="result_found "/>
</bind>
</comp>

<comp id="955" class="1005" name="result_nonce_reg_955">
<pin_list>
<pin id="956" dir="0" index="0" bw="32" slack="0"/>
<pin id="957" dir="1" index="1" bw="32" slack="0"/>
</pin_list>
<bind>
<opset="result_nonce "/>
</bind>
</comp>

<comp id="962" class="1005" name="k_reg_962">
<pin_list>
<pin id="963" dir="0" index="0" bw="32" slack="0"/>
<pin id="964" dir="1" index="1" bw="32" slack="0"/>
</pin_list>
<bind>
<opset="k "/>
</bind>
</comp>

<comp id="969" class="1005" name="n_reg_969">
<pin_list>
<pin id="970" dir="0" index="0" bw="32" slack="5"/>
<pin id="971" dir="1" index="1" bw="32" slack="5"/>
</pin_list>
<bind>
<opset="n "/>
</bind>
</comp>

<comp id="974" class="1005" name="k_3_reg_974">
<pin_list>
<pin id="975" dir="0" index="0" bw="32" slack="5"/>
<pin id="976" dir="1" index="1" bw="32" slack="5"/>
</pin_list>
<bind>
<opset="k_3 "/>
</bind>
</comp>

<comp id="979" class="1005" name="icmp_ln468_1_reg_979">
<pin_list>
<pin id="980" dir="0" index="0" bw="1" slack="5"/>
<pin id="981" dir="1" index="1" bw="1" slack="5"/>
</pin_list>
<bind>
<opset="icmp_ln468_1 "/>
</bind>
</comp>

<comp id="984" class="1005" name="result_found_4_reg_984">
<pin_list>
<pin id="985" dir="0" index="0" bw="32" slack="1"/>
<pin id="986" dir="1" index="1" bw="32" slack="1"/>
</pin_list>
<bind>
<opset="result_found_4 "/>
</bind>
</comp>

<comp id="989" class="1005" name="result_nonce_5_reg_989">
<pin_list>
<pin id="990" dir="0" index="0" bw="32" slack="2"/>
<pin id="991" dir="1" index="1" bw="32" slack="2"/>
</pin_list>
<bind>
<opset="result_nonce_5 "/>
</bind>
</comp>

<comp id="997" class="1005" name="gmem2_addr_reg_997">
<pin_list>
<pin id="998" dir="0" index="0" bw="32" slack="1"/>
<pin id="999" dir="1" index="1" bw="32" slack="1"/>
</pin_list>
<bind>
<opset="gmem2_addr "/>
</bind>
</comp>

<comp id="1003" class="1005" name="gmem2_addr_1_reg_1003">
<pin_list>
<pin id="1004" dir="0" index="0" bw="32" slack="1"/>
<pin id="1005" dir="1" index="1" bw="32" slack="1"/>
</pin_list>
<bind>
<opset="gmem2_addr_1 "/>
</bind>
</comp>

</comp_list>

<net_list>
<net id="137"><net_src comp="22" pin="0"/><net_sink comp="134" pin=0"/></net>

<net id="141"><net_src comp="22" pin="0"/><net_sink comp="138" pin=0"/></net>

<net id="145"><net_src comp="22" pin="0"/><net_sink comp="142" pin=0"/></net>

<net id="149"><net_src comp="22" pin="0"/><net_sink comp="146" pin=0"/></net>

<net id="153"><net_src comp="22" pin="0"/><net_sink comp="150" pin=0"/></net>

<net id="157"><net_src comp="22" pin="0"/><net_sink comp="154" pin=0"/></net>

<net id="161"><net_src comp="22" pin="0"/><net_sink comp="158" pin=0"/></net>

<net id="165"><net_src comp="22" pin="0"/><net_sink comp="162" pin=0"/></net>

<net id="169"><net_src comp="22" pin="0"/><net_sink comp="166" pin=0"/></net>

<net id="173"><net_src comp="22" pin="0"/><net_sink comp="170" pin=0"/></net>

<net id="177"><net_src comp="22" pin="0"/><net_sink comp="174" pin=0"/></net>

<net id="181"><net_src comp="22" pin="0"/><net_sink comp="178" pin=0"/></net>

<net id="185"><net_src comp="22" pin="0"/><net_sink comp="182" pin=0"/></net>

<net id="189"><net_src comp="22" pin="0"/><net_sink comp="186" pin=0"/></net>

<net id="193"><net_src comp="22" pin="0"/><net_sink comp="190" pin=0"/></net>

<net id="197"><net_src comp="22" pin="0"/><net_sink comp="194" pin=0"/></net>

<net id="201"><net_src comp="22" pin="0"/><net_sink comp="198" pin=0"/></net>

<net id="205"><net_src comp="22" pin="0"/><net_sink comp="202" pin=0"/></net>

<net id="209"><net_src comp="22" pin="0"/><net_sink comp="206" pin=0"/></net>

<net id="213"><net_src comp="22" pin="0"/><net_sink comp="210" pin=0"/></net>

<net id="217"><net_src comp="22" pin="0"/><net_sink comp="214" pin=0"/></net>

<net id="221"><net_src comp="78" pin="0"/><net_sink comp="218" pin=0"/></net>

<net id="225"><net_src comp="78" pin="0"/><net_sink comp="222" pin=0"/></net>

<net id="229"><net_src comp="78" pin="0"/><net_sink comp="226" pin=0"/></net>

<net id="234"><net_src comp="20" pin="0"/><net_sink comp="230" pin=0"/></net>

<net id="235"><net_src comp="16" pin="0"/><net_sink comp="230" pin=1"/></net>

<net id="240"><net_src comp="20" pin="0"/><net_sink comp="236" pin=0"/></net>

<net id="241"><net_src comp="14" pin="0"/><net_sink comp="236" pin=1"/></net>

<net id="246"><net_src comp="20" pin="0"/><net_sink comp="242" pin=0"/></net>

<net id="247"><net_src comp="8" pin="0"/><net_sink comp="242" pin=1"/></net>

<net id="252"><net_src comp="20" pin="0"/><net_sink comp="248" pin=0"/></net>

<net id="253"><net_src comp="6" pin="0"/><net_sink comp="248" pin=1"/></net>

<net id="258"><net_src comp="50" pin="0"/><net_sink comp="254" pin=0"/></net>

<net id="259"><net_src comp="12" pin="0"/><net_sink comp="254" pin=1"/></net>

<net id="264"><net_src comp="50" pin="0"/><net_sink comp="260" pin=0"/></net>

<net id="265"><net_src comp="10" pin="0"/><net_sink comp="260" pin=1"/></net>

<net id="271"><net_src comp="108" pin="0"/><net_sink comp="266" pin=1"/></net>

<net id="272"><net_src comp="110" pin="0"/><net_sink comp="266" pin=2"/></net>

<net id="283"><net_src comp="34" pin="0"/><net_sink comp="278" pin=0"/></net>

<net id="284"><net_src comp="36" pin="0"/><net_sink comp="278" pin=2"/></net>

<net id="290"><net_src comp="38" pin="0"/><net_sink comp="285" pin=0"/></net>

<net id="291"><net_src comp="22" pin="0"/><net_sink comp="285" pin=2"/></net>

<net id="296"><net_src comp="40" pin="0"/><net_sink comp="292" pin=0"/></net>

<net id="302"><net_src comp="126" pin="0"/><net_sink comp="297" pin=0"/></net>

<net id="303"><net_src comp="22" pin="0"/><net_sink comp="297" pin=2"/></net>

<net id="310"><net_src comp="128" pin="0"/><net_sink comp="304" pin=0"/></net>

<net id="311"><net_src comp="130" pin="0"/><net_sink comp="304" pin=3"/></net>

<net id="316"><net_src comp="132" pin="0"/><net_sink comp="312" pin=0"/></net>

<net id="320"><net_src comp="58" pin="0"/><net_sink comp="317" pin=0"/></net>

<net id="327"><net_src comp="317" pin="1"/><net_sink comp="321" pin=0"/></net>

<net id="328"><net_src comp="321" pin="4"/><net_sink comp="304" pin=2"/></net>

<net id="332"><net_src comp="58" pin="0"/><net_sink comp="329" pin=0"/></net>

<net id="339"><net_src comp="329" pin="1"/><net_sink comp="333" pin=0"/></net>

<net id="340"><net_src comp="333" pin="4"/><net_sink comp="304" pin=2"/></net>

<net id="347"><net_src comp="42" pin="0"/><net_sink comp="341" pin=0"/></net>

<net id="348"><net_src comp="0" pin="0"/><net_sink comp="341" pin=1"/></net>

<net id="354"><net_src comp="44" pin="0"/><net_sink comp="349" pin=0"/></net>

<net id="375"><net_src comp="46" pin="0"/><net_sink comp="355" pin=0"/></net>

<net id="396"><net_src comp="48" pin="0"/><net_sink comp="376" pin=0"/></net>

<net id="397"><net_src comp="18" pin="0"/><net_sink comp="376" pin=17"/></net>

<net id="412"><net_src comp="112" pin="0"/><net_sink comp="398" pin=0"/></net>

<net id="413"><net_src comp="18" pin="0"/><net_sink comp="398" pin=11"/></net>

<net id="421"><net_src comp="114" pin="0"/><net_sink comp="414" pin=0"/></net>

<net id="428"><net_src comp="24" pin="0"/><net_sink comp="422" pin=0"/></net>

<net id="429"><net_src comp="248" pin="2"/><net_sink comp="422" pin=1"/></net>

<net id="430"><net_src comp="26" pin="0"/><net_sink comp="422" pin=2"/></net>

<net id="431"><net_src comp="28" pin="0"/><net_sink comp="422" pin=3"/></net>

<net id="438"><net_src comp="30" pin="0"/><net_sink comp="432" pin=0"/></net>

<net id="439"><net_src comp="242" pin="2"/><net_sink comp="432" pin=1"/></net>

<net id="440"><net_src comp="32" pin="0"/><net_sink comp="432" pin=2"/></net>

<net id="441"><net_src comp="28" pin="0"/><net_sink comp="432" pin=3"/></net>

<net id="449"><net_src comp="0" pin="0"/><net_sink comp="445" pin=0"/></net>

<net id="450"><net_src comp="442" pin="1"/><net_sink comp="445" pin=1"/></net>

<net id="451"><net_src comp="445" pin="2"/><net_sink comp="278" pin=1"/></net>

<net id="459"><net_src comp="2" pin="0"/><net_sink comp="455" pin=0"/></net>

<net id="460"><net_src comp="452" pin="1"/><net_sink comp="455" pin=1"/></net>

<net id="461"><net_src comp="455" pin="2"/><net_sink comp="285" pin=1"/></net>

<net id="465"><net_src comp="462" pin="1"/><net_sink comp="376" pin=16"/></net>

<net id="469"><net_src comp="466" pin="1"/><net_sink comp="376" pin=1"/></net>

<net id="473"><net_src comp="470" pin="1"/><net_sink comp="376" pin=2"/></net>

<net id="477"><net_src comp="474" pin="1"/><net_sink comp="376" pin=3"/></net>

<net id="481"><net_src comp="478" pin="1"/><net_sink comp="376" pin=4"/></net>

<net id="485"><net_src comp="482" pin="1"/><net_sink comp="376" pin=5"/></net>

<net id="489"><net_src comp="486" pin="1"/><net_sink comp="376" pin=6"/></net>

<net id="493"><net_src comp="490" pin="1"/><net_sink comp="376" pin=7"/></net>

<net id="497"><net_src comp="494" pin="1"/><net_sink comp="376" pin=8"/></net>

<net id="501"><net_src comp="498" pin="1"/><net_sink comp="376" pin=9"/></net>

<net id="505"><net_src comp="502" pin="1"/><net_sink comp="376" pin=10"/></net>

<net id="509"><net_src comp="506" pin="1"/><net_sink comp="376" pin=11"/></net>

<net id="513"><net_src comp="510" pin="1"/><net_sink comp="376" pin=12"/></net>

<net id="517"><net_src comp="514" pin="1"/><net_sink comp="376" pin=13"/></net>

<net id="521"><net_src comp="518" pin="1"/><net_sink comp="376" pin=14"/></net>

<net id="525"><net_src comp="522" pin="1"/><net_sink comp="376" pin=15"/></net>

<net id="529"><net_src comp="376" pin="18"/><net_sink comp="526" pin=0"/></net>

<net id="533"><net_src comp="376" pin="18"/><net_sink comp="530" pin=0"/></net>

<net id="537"><net_src comp="376" pin="18"/><net_sink comp="534" pin=0"/></net>

<net id="541"><net_src comp="376" pin="18"/><net_sink comp="538" pin=0"/></net>

<net id="545"><net_src comp="376" pin="18"/><net_sink comp="542" pin=0"/></net>

<net id="549"><net_src comp="376" pin="18"/><net_sink comp="546" pin=0"/></net>

<net id="553"><net_src comp="376" pin="18"/><net_sink comp="550" pin=0"/></net>

<net id="557"><net_src comp="376" pin="18"/><net_sink comp="554" pin=0"/></net>

<net id="562"><net_src comp="254" pin="2"/><net_sink comp="558" pin=0"/></net>

<net id="563"><net_src comp="58" pin="0"/><net_sink comp="558" pin=1"/></net>

<net id="568"><net_src comp="58" pin="0"/><net_sink comp="564" pin=0"/></net>

<net id="573"><net_src comp="58" pin="0"/><net_sink comp="569" pin=0"/></net>

<net id="578"><net_src comp="58" pin="0"/><net_sink comp="574" pin=0"/></net>

<net id="586"><net_src comp="579" pin="1"/><net_sink comp="582" pin=0"/></net>

<net id="587"><net_src comp="582" pin="2"/><net_sink comp="273" pin=1"/></net>

<net id="592"><net_src comp="579" pin="1"/><net_sink comp="588" pin=0"/></net>

<net id="593"><net_src comp="78" pin="0"/><net_sink comp="588" pin=1"/></net>

<net id="598"><net_src comp="588" pin="2"/><net_sink comp="594" pin=0"/></net>

<net id="615"><net_src comp="605" pin="1"/><net_sink comp="611" pin=0"/></net>

<net id="616"><net_src comp="608" pin="1"/><net_sink comp="611" pin=1"/></net>

<net id="622"><net_src comp="611" pin="2"/><net_sink comp="617" pin=0"/></net>

<net id="623"><net_src comp="78" pin="0"/><net_sink comp="617" pin=1"/></net>

<net id="624"><net_src comp="599" pin="1"/><net_sink comp="617" pin=2"/></net>

<net id="630"><net_src comp="611" pin="2"/><net_sink comp="625" pin=0"/></net>

<net id="631"><net_src comp="602" pin="1"/><net_sink comp="625" pin=2"/></net>

<net id="636"><net_src comp="611" pin="2"/><net_sink comp="632" pin=0"/></net>

<net id="637"><net_src comp="120" pin="0"/><net_sink comp="632" pin=1"/></net>

<net id="642"><net_src comp="632" pin="2"/><net_sink comp="638" pin=1"/></net>

<net id="651"><net_src comp="625" pin="3"/><net_sink comp="647" pin=0"/></net>

<net id="656"><net_src comp="617" pin="3"/><net_sink comp="652" pin=0"/></net>

<net id="663"><net_src comp="122" pin="0"/><net_sink comp="657" pin=0"/></net>

<net id="664"><net_src comp="124" pin="0"/><net_sink comp="657" pin=2"/></net>

<net id="665"><net_src comp="28" pin="0"/><net_sink comp="657" pin=3"/></net>

<net id="669"><net_src comp="657" pin="4"/><net_sink comp="666" pin=0"/></net>

<net id="674"><net_src comp="4" pin="0"/><net_sink comp="670" pin=0"/></net>

<net id="675"><net_src comp="666" pin="1"/><net_sink comp="670" pin=1"/></net>

<net id="676"><net_src comp="670" pin="2"/><net_sink comp="297" pin=1"/></net>

<net id="683"><net_src comp="122" pin="0"/><net_sink comp="677" pin=0"/></net>

<net id="684"><net_src comp="124" pin="0"/><net_sink comp="677" pin=2"/></net>

<net id="685"><net_src comp="28" pin="0"/><net_sink comp="677" pin=3"/></net>

<net id="689"><net_src comp="677" pin="4"/><net_sink comp="686" pin=0"/></net>

<net id="694"><net_src comp="4" pin="0"/><net_sink comp="690" pin=0"/></net>

<net id="695"><net_src comp="686" pin="1"/><net_sink comp="690" pin=1"/></net>

<net id="699"><net_src comp="230" pin="2"/><net_sink comp="696" pin=0"/></net>

<net id="700"><net_src comp="696" pin="1"/><net_sink comp="657" pin=1"/></net>

<net id="704"><net_src comp="236" pin="2"/><net_sink comp="701" pin=0"/></net>

<net id="705"><net_src comp="701" pin="1"/><net_sink comp="677" pin=1"/></net>

<net id="709"><net_src comp="134" pin="1"/><net_sink comp="706" pin=0"/></net>

<net id="710"><net_src comp="706" pin="1"/><net_sink comp="414" pin=4"/></net>

<net id="711"><net_src comp="706" pin="1"/><net_sink comp="608" pin=0"/></net>

<net id="715"><net_src comp="138" pin="1"/><net_sink comp="712" pin=0"/></net>

<net id="716"><net_src comp="712" pin="1"/><net_sink comp="414" pin=3"/></net>

<net id="717"><net_src comp="712" pin="1"/><net_sink comp="605" pin=0"/></net>

<net id="721"><net_src comp="142" pin="1"/><net_sink comp="718" pin=0"/></net>

<net id="722"><net_src comp="718" pin="1"/><net_sink comp="355" pin=17"/></net>

<net id="723"><net_src comp="718" pin="1"/><net_sink comp="522" pin=0"/></net>

<net id="727"><net_src comp="146" pin="1"/><net_sink comp="724" pin=0"/></net>

<net id="728"><net_src comp="724" pin="1"/><net_sink comp="355" pin=16"/></net>

<net id="729"><net_src comp="724" pin="1"/><net_sink comp="518" pin=0"/></net>

<net id="733"><net_src comp="150" pin="1"/><net_sink comp="730" pin=0"/></net>

<net id="734"><net_src comp="730" pin="1"/><net_sink comp="355" pin=15"/></net>

<net id="735"><net_src comp="730" pin="1"/><net_sink comp="514" pin=0"/></net>

<net id="739"><net_src comp="154" pin="1"/><net_sink comp="736" pin=0"/></net>

<net id="740"><net_src comp="736" pin="1"/><net_sink comp="355" pin=14"/></net>

<net id="741"><net_src comp="736" pin="1"/><net_sink comp="510" pin=0"/></net>

<net id="745"><net_src comp="158" pin="1"/><net_sink comp="742" pin=0"/></net>

<net id="746"><net_src comp="742" pin="1"/><net_sink comp="355" pin=13"/></net>

<net id="747"><net_src comp="742" pin="1"/><net_sink comp="506" pin=0"/></net>

<net id="751"><net_src comp="162" pin="1"/><net_sink comp="748" pin=0"/></net>

<net id="752"><net_src comp="748" pin="1"/><net_sink comp="355" pin=12"/></net>

<net id="753"><net_src comp="748" pin="1"/><net_sink comp="502" pin=0"/></net>

<net id="757"><net_src comp="166" pin="1"/><net_sink comp="754" pin=0"/></net>

<net id="758"><net_src comp="754" pin="1"/><net_sink comp="355" pin=11"/></net>

<net id="759"><net_src comp="754" pin="1"/><net_sink comp="498" pin=0"/></net>

<net id="763"><net_src comp="170" pin="1"/><net_sink comp="760" pin=0"/></net>

<net id="764"><net_src comp="760" pin="1"/><net_sink comp="355" pin=10"/></net>

<net id="765"><net_src comp="760" pin="1"/><net_sink comp="494" pin=0"/></net>

<net id="769"><net_src comp="174" pin="1"/><net_sink comp="766" pin=0"/></net>

<net id="770"><net_src comp="766" pin="1"/><net_sink comp="355" pin=9"/></net>

<net id="771"><net_src comp="766" pin="1"/><net_sink comp="490" pin=0"/></net>

<net id="775"><net_src comp="178" pin="1"/><net_sink comp="772" pin=0"/></net>

<net id="776"><net_src comp="772" pin="1"/><net_sink comp="355" pin=8"/></net>

<net id="777"><net_src comp="772" pin="1"/><net_sink comp="486" pin=0"/></net>

<net id="781"><net_src comp="182" pin="1"/><net_sink comp="778" pin=0"/></net>

<net id="782"><net_src comp="778" pin="1"/><net_sink comp="355" pin=7"/></net>

<net id="783"><net_src comp="778" pin="1"/><net_sink comp="482" pin=0"/></net>

<net id="787"><net_src comp="186" pin="1"/><net_sink comp="784" pin=0"/></net>

<net id="788"><net_src comp="784" pin="1"/><net_sink comp="355" pin=6"/></net>

<net id="789"><net_src comp="784" pin="1"/><net_sink comp="478" pin=0"/></net>

<net id="793"><net_src comp="190" pin="1"/><net_sink comp="790" pin=0"/></net>

<net id="794"><net_src comp="790" pin="1"/><net_sink comp="355" pin=5"/></net>

<net id="795"><net_src comp="790" pin="1"/><net_sink comp="474" pin=0"/></net>

<net id="799"><net_src comp="194" pin="1"/><net_sink comp="796" pin=0"/></net>

<net id="800"><net_src comp="796" pin="1"/><net_sink comp="355" pin=4"/></net>

<net id="801"><net_src comp="796" pin="1"/><net_sink comp="470" pin=0"/></net>

<net id="805"><net_src comp="198" pin="1"/><net_sink comp="802" pin=0"/></net>

<net id="806"><net_src comp="802" pin="1"/><net_sink comp="355" pin=3"/></net>

<net id="807"><net_src comp="802" pin="1"/><net_sink comp="466" pin=0"/></net>

<net id="811"><net_src comp="202" pin="1"/><net_sink comp="808" pin=0"/></net>

<net id="812"><net_src comp="808" pin="1"/><net_sink comp="355" pin=2"/></net>

<net id="813"><net_src comp="808" pin="1"/><net_sink comp="462" pin=0"/></net>

<net id="817"><net_src comp="422" pin="4"/><net_sink comp="814" pin=0"/></net>

<net id="818"><net_src comp="814" pin="1"/><net_sink comp="442" pin=0"/></net>

<net id="819"><net_src comp="814" pin="1"/><net_sink comp="341" pin=3"/></net>

<net id="823"><net_src comp="432" pin="4"/><net_sink comp="820" pin=0"/></net>

<net id="824"><net_src comp="820" pin="1"/><net_sink comp="452" pin=0"/></net>

<net id="828"><net_src comp="445" pin="2"/><net_sink comp="825" pin=0"/></net>

<net id="829"><net_src comp="825" pin="1"/><net_sink comp="278" pin=1"/></net>

<net id="833"><net_src comp="455" pin="2"/><net_sink comp="830" pin=0"/></net>

<net id="834"><net_src comp="830" pin="1"/><net_sink comp="285" pin=1"/></net>

<net id="835"><net_src comp="830" pin="1"/><net_sink comp="292" pin=1"/></net>

<net id="839"><net_src comp="292" pin="2"/><net_sink comp="836" pin=0"/></net>

<net id="840"><net_src comp="836" pin="1"/><net_sink comp="349" pin=1"/></net>

<net id="892"><net_src comp="254" pin="2"/><net_sink comp="889" pin=0"/></net>

<net id="893"><net_src comp="889" pin="1"/><net_sink comp="594" pin=1"/></net>

<net id="897"><net_src comp="260" pin="2"/><net_sink comp="894" pin=0"/></net>

<net id="898"><net_src comp="894" pin="1"/><net_sink comp="582" pin=1"/></net>

<net id="902"><net_src comp="526" pin="1"/><net_sink comp="899" pin=0"/></net>

<net id="903"><net_src comp="899" pin="1"/><net_sink comp="398" pin=1"/></net>

<net id="907"><net_src comp="530" pin="1"/><net_sink comp="904" pin=0"/></net>

<net id="908"><net_src comp="904" pin="1"/><net_sink comp="398" pin=2"/></net>

<net id="912"><net_src comp="534" pin="1"/><net_sink comp="909" pin=0"/></net>

<net id="913"><net_src comp="909" pin="1"/><net_sink comp="398" pin=3"/></net>

<net id="917"><net_src comp="538" pin="1"/><net_sink comp="914" pin=0"/></net>

<net id="918"><net_src comp="914" pin="1"/><net_sink comp="398" pin=4"/></net>

<net id="922"><net_src comp="542" pin="1"/><net_sink comp="919" pin=0"/></net>

<net id="923"><net_src comp="919" pin="1"/><net_sink comp="398" pin=5"/></net>

<net id="927"><net_src comp="546" pin="1"/><net_sink comp="924" pin=0"/></net>

<net id="928"><net_src comp="924" pin="1"/><net_sink comp="398" pin=6"/></net>

<net id="932"><net_src comp="550" pin="1"/><net_sink comp="929" pin=0"/></net>

<net id="933"><net_src comp="929" pin="1"/><net_sink comp="398" pin=7"/></net>

<net id="937"><net_src comp="554" pin="1"/><net_sink comp="934" pin=0"/></net>

<net id="938"><net_src comp="934" pin="1"/><net_sink comp="398" pin=8"/></net>

<net id="942"><net_src comp="266" pin="3"/><net_sink comp="939" pin=0"/></net>

<net id="943"><net_src comp="939" pin="1"/><net_sink comp="273" pin=0"/></net>

<net id="947"><net_src comp="558" pin="2"/><net_sink comp="944" pin=0"/></net>

<net id="951"><net_src comp="218" pin="1"/><net_sink comp="948" pin=0"/></net>

<net id="952"><net_src comp="948" pin="1"/><net_sink comp="574" pin=1"/></net>

<net id="953"><net_src comp="948" pin="1"/><net_sink comp="599" pin=0"/></net>

<net id="954"><net_src comp="948" pin="1"/><net_sink comp="652" pin=1"/></net>

<net id="958"><net_src comp="222" pin="1"/><net_sink comp="955" pin=0"/></net>

<net id="959"><net_src comp="955" pin="1"/><net_sink comp="569" pin=1"/></net>

<net id="960"><net_src comp="955" pin="1"/><net_sink comp="602" pin=0"/></net>

<net id="961"><net_src comp="955" pin="1"/><net_sink comp="647" pin=1"/></net>

<net id="965"><net_src comp="226" pin="1"/><net_sink comp="962" pin=0"/></net>

<net id="966"><net_src comp="962" pin="1"/><net_sink comp="564" pin=1"/></net>

<net id="967"><net_src comp="962" pin="1"/><net_sink comp="579" pin=0"/></net>

<net id="968"><net_src comp="962" pin="1"/><net_sink comp="643" pin=1"/></net>

<net id="972"><net_src comp="582" pin="2"/><net_sink comp="969" pin=0"/></net>

<net id="973"><net_src comp="969" pin="1"/><net_sink comp="625" pin=1"/></net>

<net id="977"><net_src comp="588" pin="2"/><net_sink comp="974" pin=0"/></net>

<net id="978"><net_src comp="974" pin="1"/><net_sink comp="643" pin=0"/></net>

<net id="982"><net_src comp="594" pin="2"/><net_sink comp="979" pin=0"/></net>

<net id="983"><net_src comp="979" pin="1"/><net_sink comp="638" pin=0"/></net>

<net id="987"><net_src comp="617" pin="3"/><net_sink comp="984" pin=0"/></net>

<net id="988"><net_src comp="984" pin="1"/><net_sink comp="321" pin=2"/></net>

<net id="992"><net_src comp="625" pin="3"/><net_sink comp="989" pin=0"/></net>

<net id="993"><net_src comp="989" pin="1"/><net_sink comp="333" pin=2"/></net>

<net id="1000"><net_src comp="670" pin="2"/><net_sink comp="997" pin=0"/></net>

<net id="1001"><net_src comp="997" pin="1"/><net_sink comp="304" pin=1"/></net>

<net id="1002"><net_src comp="997" pin="1"/><net_sink comp="312" pin=1"/></net>

<net id="1006"><net_src comp="690" pin="2"/><net_sink comp="1003" pin=0"/></net>

<net id="1007"><net_src comp="1003" pin="1"/><net_sink comp="297" pin=1"/></net>

<net id="1008"><net_src comp="1003" pin="1"/><net_sink comp="304" pin=1"/></net>

<net id="1009"><net_src comp="1003" pin="1"/><net_sink comp="312" pin=1"/></net>

</net_list>

</model> 
---------------- Datapath Model END ------------------

* FSMD analyzer results:
  - Output states:
	Port: gmem2 | {85 86 87 88 89 90 91 92 93 94 95 96 97 98 99 100 101 102 103 104 105 106 107 108 109 110 111 112 113 114 115 116 117 118 119 120 121 122 123 124 125 126 127 128 129 130 131 132 133 134 135 136 137 138 139 140 141 142 143 144 145 146 147 148 149 150 151 152 153 154 155 }
 - Input state : 
	Port: mine : gmem0 | {2 3 4 5 6 7 8 9 10 11 12 13 14 15 16 17 18 19 20 21 22 23 24 25 26 27 28 29 30 31 32 33 34 35 36 37 38 39 40 41 42 43 44 45 46 47 48 49 50 51 52 53 54 55 56 57 58 59 60 61 62 63 64 65 66 67 68 69 70 71 72 74 75 }
	Port: mine : gmem1 | {2 3 4 5 6 7 8 9 10 11 12 13 14 15 16 17 18 19 20 21 22 23 24 25 26 27 28 29 30 31 32 33 34 35 36 37 38 39 40 41 42 43 44 45 46 47 48 49 50 51 52 53 54 55 56 57 58 59 60 61 62 63 64 65 66 67 68 69 70 71 72 73 }
	Port: mine : header | {1 }
	Port: mine : target | {1 }
	Port: mine : nonce_start | {79 }
	Port: mine : nonce_count | {79 }
	Port: mine : found_nonce | {1 }
	Port: mine : found | {1 }
	Port: mine : K | {78 79 81 82 }
  - Chain level:
	State 1
	State 2
		gmem0_addr : 1
		empty : 2
		gmem1_addr : 1
		gmem1_load_req : 2
	State 3
	State 4
	State 5
	State 6
	State 7
	State 8
	State 9
	State 10
	State 11
	State 12
	State 13
	State 14
	State 15
	State 16
	State 17
	State 18
	State 19
	State 20
	State 21
	State 22
	State 23
	State 24
	State 25
	State 26
	State 27
	State 28
	State 29
	State 30
	State 31
	State 32
	State 33
	State 34
	State 35
	State 36
	State 37
	State 38
	State 39
	State 40
	State 41
	State 42
	State 43
	State 44
	State 45
	State 46
	State 47
	State 48
	State 49
	State 50
	State 51
	State 52
	State 53
	State 54
	State 55
	State 56
	State 57
	State 58
	State 59
	State 60
	State 61
	State 62
	State 63
	State 64
	State 65
	State 66
	State 67
	State 68
	State 69
	State 70
	State 71
	State 72
	State 73
	State 74
	State 75
	State 76
	State 77
	State 78
		call_ret : 1
	State 79
		midstate : 1
		midstate_1 : 1
		midstate_2 : 1
		midstate_3 : 1
		midstate_4 : 1
		midstate_5 : 1
		midstate_6 : 1
		midstate_7 : 1
		br_ln468 : 1
		store_ln468 : 1
		store_ln466 : 1
		store_ln465 : 1
	State 80
		n : 1
		store_ln476 : 2
		k_3 : 1
		icmp_ln468_1 : 2
	State 81
	State 82
	State 83
	State 84
	State 85
		spec_select : 1
		result_found_4 : 1
		result_nonce_5 : 1
		xor_ln481 : 1
		or_cond : 1
		store_ln466 : 2
		store_ln465 : 2
		br_ln468 : 1
		sext_ln488 : 1
		gmem2_addr : 2
		gmem2_addr_req : 3
		sext_ln489 : 1
		gmem2_addr_1 : 2
	State 86
		write_ln488 : 1
	State 87
		write_ln489 : 1
	State 88
	State 89
	State 90
	State 91
	State 92
	State 93
	State 94
	State 95
	State 96
	State 97
	State 98
	State 99
	State 100
	State 101
	State 102
	State 103
	State 104
	State 105
	State 106
	State 107
	State 108
	State 109
	State 110
	State 111
	State 112
	State 113
	State 114
	State 115
	State 116
	State 117
	State 118
	State 119
	State 120
	State 121
	State 122
	State 123
	State 124
	State 125
	State 126
	State 127
	State 128
	State 129
	State 130
	State 131
	State 132
	State 133
	State 134
	State 135
	State 136
	State 137
	State 138
	State 139
	State 140
	State 141
	State 142
	State 143
	State 144
	State 145
	State 146
	State 147
	State 148
	State 149
	State 150
	State 151
	State 152
	State 153
	State 154
	State 155


============================================================
+ Verbose Summary: Datapath Resource usage 
============================================================

* Functional unit list:
|----------|--------------------------------------------|---------|---------|---------|
| Operation|               Functional Unit              |  Delay  |    FF   |   LUT   |
|----------|--------------------------------------------|---------|---------|---------|
|          |  grp_mine_Pipeline_VITIS_LOOP_448_1_fu_341 |    0    |   428   |    33   |
|          |  grp_mine_Pipeline_VITIS_LOOP_453_2_fu_349 |    0    |   260   |    24   |
|   call   | grp_mine_Pipeline_BUILD_FIRST_BLOCK_fu_355 |  0.427  |   526   |    33   |
|          |     grp_sha256_compress_words_1_fu_376     |  7.259  |   2680  |   1698  |
|          |      grp_sha256d_from_midstate_fu_398      |  19.785 |   3686  |   2264  |
|          |    grp_mine_Pipeline_COMPARE_HASH_fu_414   |  0.854  |    25   |   175   |
|----------|--------------------------------------------|---------|---------|---------|
|   icmp   |              icmp_ln468_fu_558             |    0    |    0    |    39   |
|          |             icmp_ln468_1_fu_594            |    0    |    0    |    39   |
|----------|--------------------------------------------|---------|---------|---------|
|    add   |                  n_fu_582                  |    0    |    0    |    39   |
|          |                 k_3_fu_588                 |    0    |    0    |    39   |
|----------|--------------------------------------------|---------|---------|---------|
|  select  |            result_found_4_fu_617           |    0    |    0    |    32   |
|          |            result_nonce_5_fu_625           |    0    |    0    |    32   |
|----------|--------------------------------------------|---------|---------|---------|
|    and   |             spec_select_fu_611             |    0    |    0    |    2    |
|          |               or_cond_fu_638               |    0    |    0    |    2    |
|----------|--------------------------------------------|---------|---------|---------|
|    xor   |              xor_ln481_fu_632              |    0    |    0    |    2    |
|----------|--------------------------------------------|---------|---------|---------|
|          |           found_read_read_fu_230           |    0    |    0    |    0    |
|          |        found_nonce_read_read_fu_236        |    0    |    0    |    0    |
|          |           target_read_read_fu_242          |    0    |    0    |    0    |
|   read   |           header_read_read_fu_248          |    0    |    0    |    0    |
|          |        nonce_count_read_read_fu_254        |    0    |    0    |    0    |
|          |        nonce_start_read_read_fu_260        |    0    |    0    |    0    |
|          |         gmem1_addr_read_read_fu_292        |    0    |    0    |    0    |
|----------|--------------------------------------------|---------|---------|---------|
|  readreq |             grp_readreq_fu_278             |    0    |    0    |    0    |
|          |             grp_readreq_fu_285             |    0    |    0    |    0    |
|----------|--------------------------------------------|---------|---------|---------|
| writereq |             grp_writereq_fu_297            |    0    |    0    |    0    |
|----------|--------------------------------------------|---------|---------|---------|
|   write  |              grp_write_fu_304              |    0    |    0    |    0    |
|----------|--------------------------------------------|---------|---------|---------|
| writeresp|            grp_writeresp_fu_312            |    0    |    0    |    0    |
|----------|--------------------------------------------|---------|---------|---------|
|          |               trunc_ln_fu_422              |    0    |    0    |    0    |
|partselect|              trunc_ln7_fu_432              |    0    |    0    |    0    |
|          |              trunc_ln1_fu_657              |    0    |    0    |    0    |
|          |              trunc_ln2_fu_677              |    0    |    0    |    0    |
|----------|--------------------------------------------|---------|---------|---------|
|          |              sext_ln448_fu_442             |    0    |    0    |    0    |
|   sext   |              sext_ln453_fu_452             |    0    |    0    |    0    |
|          |              sext_ln488_fu_666             |    0    |    0    |    0    |
|          |              sext_ln489_fu_686             |    0    |    0    |    0    |
|----------|--------------------------------------------|---------|---------|---------|
|          |               midstate_fu_526              |    0    |    0    |    0    |
|          |              midstate_1_fu_530             |    0    |    0    |    0    |
|          |              midstate_2_fu_534             |    0    |    0    |    0    |
|extractvalue|              midstate_3_fu_538             |    0    |    0    |    0    |
|          |              midstate_4_fu_542             |    0    |    0    |    0    |
|          |              midstate_5_fu_546             |    0    |    0    |    0    |
|          |              midstate_6_fu_550             |    0    |    0    |    0    |
|          |              midstate_7_fu_554             |    0    |    0    |    0    |
|----------|--------------------------------------------|---------|---------|---------|
|   Total  |                                            |  28.325 |   7605  |   4453  |
|----------|--------------------------------------------|---------|---------|---------|

Memories:
+----+--------+--------+--------+--------+
|    |  BRAM  |   FF   |   LUT  |  URAM  |
+----+--------+--------+--------+--------+
|  K |    1   |    0   |    0   |    -   |
|  h |    0   |   16   |    4   |    0   |
| hdr|    0   |   64   |   10   |    0   |
| tgt|    0   |   32   |    4   |    0   |
+----+--------+--------+--------+--------+
|Total|    1   |   112  |   18   |    0   |
+----+--------+--------+--------+--------+

* Register list:
+------------------------------------+--------+
|                                    |   FF   |
+------------------------------------+--------+
|cleanup_dest_slot_1_i_ce_loc_reg_706|    1   |
|      found_nonce_read_reg_701      |   64   |
|         found_read_reg_696         |   64   |
|         gmem0_addr_reg_825         |   128  |
|       gmem1_addr_read_reg_836      |   256  |
|         gmem1_addr_reg_830         |   256  |
|        gmem2_addr_1_reg_1003       |   32   |
|         gmem2_addr_reg_997         |   32   |
|          hdr_addr_reg_939          |    5   |
|        icmp_ln468_1_reg_979        |    1   |
|         icmp_ln468_reg_944         |    1   |
|             k_3_reg_974            |   32   |
|              k_reg_962             |   32   |
|         midstate_1_reg_904         |   32   |
|         midstate_2_reg_909         |   32   |
|         midstate_3_reg_914         |   32   |
|         midstate_4_reg_919         |   32   |
|         midstate_5_reg_924         |   32   |
|         midstate_6_reg_929         |   32   |
|         midstate_7_reg_934         |   32   |
|          midstate_reg_899          |   32   |
|              n_reg_969             |   32   |
|      nonce_count_read_reg_889      |   32   |
|      nonce_start_read_reg_894      |   32   |
|        or7_i_i11_loc_reg_730       |   32   |
|        or7_i_i13_loc_reg_736       |   32   |
|        or7_i_i15_loc_reg_742       |   32   |
|        or7_i_i17_loc_reg_748       |   32   |
|        or7_i_i19_loc_reg_754       |   32   |
|        or7_i_i21_loc_reg_760       |   32   |
|        or7_i_i23_loc_reg_766       |   32   |
|        or7_i_i25_loc_reg_772       |   32   |
|        or7_i_i27_loc_reg_778       |   32   |
|        or7_i_i29_loc_reg_784       |   32   |
|        or7_i_i31_loc_reg_790       |   32   |
|        or7_i_i33_loc_reg_796       |   32   |
|        or7_i_i35_loc_reg_802       |   32   |
|        or7_i_i37_loc_reg_808       |   32   |
|        or7_i_i7_loc_reg_718        |   32   |
|        or7_i_i9_loc_reg_724        |   32   |
|       result_found_2_reg_317       |   32   |
|       result_found_4_reg_984       |   32   |
|        result_found_reg_948        |   32   |
|       result_nonce_2_reg_329       |   32   |
|       result_nonce_5_reg_989       |   32   |
|        result_nonce_reg_955        |   32   |
|     retval_1_i35_ce_loc_reg_712    |    1   |
|          trunc_ln7_reg_820         |   59   |
|          trunc_ln_reg_814          |   60   |
+------------------------------------+--------+
|                Total               |  2080  |
+------------------------------------+--------+

* Multiplexer (MUX) list: 
|----------------------|------|------|------|--------||---------||---------||---------|
|         Comp         |  Pin | Size |  BW  | S x BW ||  Delay  ||    FF   ||   LUT   |
|----------------------|------|------|------|--------||---------||---------||---------|
|  grp_readreq_fu_278  |  p1  |   2  |  128 |   256  ||    0    ||    9    |
|  grp_readreq_fu_285  |  p1  |   2  |  256 |   512  ||    0    ||    9    |
|  grp_writereq_fu_297 |  p1  |   2  |  32  |   64   ||    0    ||    9    |
|   grp_write_fu_304   |  p1  |   2  |  32  |   64   ||    0    ||    9    |
|   grp_write_fu_304   |  p2  |   2  |  32  |   64   ||    0    ||    9    |
| grp_writeresp_fu_312 |  p1  |   2  |  32  |   64   ||    0    ||    9    |
|----------------------|------|------|------|--------||---------||---------||---------|
|         Total        |      |      |      |  1024  ||  2.562  ||    0    ||    54   |
|----------------------|------|------|------|--------||---------||---------||---------|



* Summary:
+-----------+--------+--------+--------+--------+--------+
|           |  BRAM  |  Delay |   FF   |   LUT  |  URAM  |
+-----------+--------+--------+--------+--------+--------+
|  Function |    -   |   28   |  7605  |  4453  |    -   |
|   Memory  |    1   |    -   |   112  |   18   |    0   |
|Multiplexer|    -   |    2   |    0   |   54   |    -   |
|  Register |    -   |    -   |  2080  |    -   |    -   |
+-----------+--------+--------+--------+--------+--------+
|   Total   |    1   |   30   |  9797  |  4525  |    0   |
+-----------+--------+--------+--------+--------+--------+
