

================================================================
== Vitis HLS Report for 'sha256_compress_words_1_Pipeline_LOAD_INITIAL_WORDS'
================================================================
* Date:           Mon Aug  3 02:09:58 2026

* Version:        2025.2 (Build 6295257 on Nov 14 2025)
* Project:        mine
* Solution:       hls (Vitis Kernel Flow Target)
* Product family: zynquplus
* Target device:  xck26-sfvc784-2LV-c


================================================================
== Performance Estimates
================================================================
+ Timing: 
    * Summary: 
    +--------+---------+----------+------------+
    |  Clock |  Target | Estimated| Uncertainty|
    +--------+---------+----------+------------+
    |ap_clk  |  5.00 ns|  1.643 ns|     1.35 ns|
    +--------+---------+----------+------------+

+ Latency: 
    * Summary: 
    +---------+---------+-----------+-----------+-----+-----+-------------------+
    |  Latency (cycles) |   Latency (absolute)  |  Interval |      Pipeline     |
    |   min   |   max   |    min    |    max    | min | max |        Type       |
    +---------+---------+-----------+-----------+-----+-----+-------------------+
    |       18|       18|  90.000 ns|  90.000 ns|    0|    0|  loop pipeline stp|
    +---------+---------+-----------+-----------+-----+-----+-------------------+

    + Detail: 
        * Instance: 
        N/A

        * Loop: 
        +----------------------+---------+---------+----------+-----------+-----------+------+----------+
        |                      |  Latency (cycles) | Iteration|  Initiation Interval  | Trip |          |
        |       Loop Name      |   min   |   max   |  Latency |  achieved |   target  | Count| Pipelined|
        +----------------------+---------+---------+----------+-----------+-----------+------+----------+
        |- LOAD_INITIAL_WORDS  |       16|       16|         1|          1|          1|    16|       yes|
        +----------------------+---------+---------+----------+-----------+-----------+------+----------+

============================================================
+ Verbose Summary: Synthesis Manager
============================================================
InlineROM: 1
ExposeGlobal: 0
============================================================
+ Verbose Summary: CDFG Model
============================================================
IsTopModel: 0
ResetActiveHigh: 1
IsCombinational: 0
IsDatapathOnly: 0
HasWiredReturn: 1
HasMFsm: 2
HasVarLatency: 1
IsPipeline: 0
IsRtlPipelined: 0
IsInstanceOverlapped: 0
IsDontTouch: 0
HasImplIP: 0
IsGatedGlobalClock: 0

+ Individual pipeline summary: 
  * Pipeline-0: initiation interval (II) = 1, depth = 1


============================================================
+ Verbose Summary: Schedule
============================================================
* Number of FSM states : 1
* Pipeline : 1
  Pipeline-0 : II = 1, D = 1, States = { 1 }
* Dataflow Pipeline: 0

* FSM state transitions: 
1 --> 

* FSM state operations: 

State 1 <SV = 0> <Delay = 1.64>
ST_1 : Operation 4 [1/1] (0.00ns)   --->   "%i = alloca i32 1" [dylan-hls/mine.cpp:118]   --->   Operation 4 'alloca' 'i' <Predicate = true> <Delay = 0.00>
ST_1 : Operation 5 [1/1] (0.00ns)   --->   "%w = alloca i32 1" [dylan-hls/mine.cpp:114]   --->   Operation 5 'alloca' 'w' <Predicate = true> <Delay = 0.00>
ST_1 : Operation 6 [1/1] (0.00ns)   --->   "%w_1 = alloca i32 1" [dylan-hls/mine.cpp:114]   --->   Operation 6 'alloca' 'w_1' <Predicate = true> <Delay = 0.00>
ST_1 : Operation 7 [1/1] (0.00ns)   --->   "%w_2 = alloca i32 1" [dylan-hls/mine.cpp:114]   --->   Operation 7 'alloca' 'w_2' <Predicate = true> <Delay = 0.00>
ST_1 : Operation 8 [1/1] (0.00ns)   --->   "%w_3 = alloca i32 1" [dylan-hls/mine.cpp:114]   --->   Operation 8 'alloca' 'w_3' <Predicate = true> <Delay = 0.00>
ST_1 : Operation 9 [1/1] (0.00ns)   --->   "%w_4 = alloca i32 1" [dylan-hls/mine.cpp:114]   --->   Operation 9 'alloca' 'w_4' <Predicate = true> <Delay = 0.00>
ST_1 : Operation 10 [1/1] (0.00ns)   --->   "%w_5 = alloca i32 1" [dylan-hls/mine.cpp:114]   --->   Operation 10 'alloca' 'w_5' <Predicate = true> <Delay = 0.00>
ST_1 : Operation 11 [1/1] (0.00ns)   --->   "%w_6 = alloca i32 1" [dylan-hls/mine.cpp:114]   --->   Operation 11 'alloca' 'w_6' <Predicate = true> <Delay = 0.00>
ST_1 : Operation 12 [1/1] (0.00ns)   --->   "%w_7 = alloca i32 1" [dylan-hls/mine.cpp:114]   --->   Operation 12 'alloca' 'w_7' <Predicate = true> <Delay = 0.00>
ST_1 : Operation 13 [1/1] (0.00ns)   --->   "%w_8 = alloca i32 1" [dylan-hls/mine.cpp:114]   --->   Operation 13 'alloca' 'w_8' <Predicate = true> <Delay = 0.00>
ST_1 : Operation 14 [1/1] (0.00ns)   --->   "%w_9 = alloca i32 1" [dylan-hls/mine.cpp:114]   --->   Operation 14 'alloca' 'w_9' <Predicate = true> <Delay = 0.00>
ST_1 : Operation 15 [1/1] (0.00ns)   --->   "%w_10 = alloca i32 1" [dylan-hls/mine.cpp:114]   --->   Operation 15 'alloca' 'w_10' <Predicate = true> <Delay = 0.00>
ST_1 : Operation 16 [1/1] (0.00ns)   --->   "%w_11 = alloca i32 1" [dylan-hls/mine.cpp:114]   --->   Operation 16 'alloca' 'w_11' <Predicate = true> <Delay = 0.00>
ST_1 : Operation 17 [1/1] (0.00ns)   --->   "%w_12 = alloca i32 1" [dylan-hls/mine.cpp:114]   --->   Operation 17 'alloca' 'w_12' <Predicate = true> <Delay = 0.00>
ST_1 : Operation 18 [1/1] (0.00ns)   --->   "%w_13 = alloca i32 1" [dylan-hls/mine.cpp:114]   --->   Operation 18 'alloca' 'w_13' <Predicate = true> <Delay = 0.00>
ST_1 : Operation 19 [1/1] (0.00ns)   --->   "%w_14 = alloca i32 1" [dylan-hls/mine.cpp:114]   --->   Operation 19 'alloca' 'w_14' <Predicate = true> <Delay = 0.00>
ST_1 : Operation 20 [1/1] (0.00ns)   --->   "%w_15 = alloca i32 1" [dylan-hls/mine.cpp:114]   --->   Operation 20 'alloca' 'w_15' <Predicate = true> <Delay = 0.00>
ST_1 : Operation 21 [1/1] (0.00ns)   --->   "%block_words_15_val_read = read i32 @_ssdm_op_Read.ap_auto.i32, i32 %block_words_15_val"   --->   Operation 21 'read' 'block_words_15_val_read' <Predicate = true> <Delay = 0.00>
ST_1 : Operation 22 [1/1] (0.00ns)   --->   "%block_words_14_val_read = read i32 @_ssdm_op_Read.ap_auto.i32, i32 %block_words_14_val"   --->   Operation 22 'read' 'block_words_14_val_read' <Predicate = true> <Delay = 0.00>
ST_1 : Operation 23 [1/1] (0.00ns)   --->   "%block_words_13_val_read = read i32 @_ssdm_op_Read.ap_auto.i32, i32 %block_words_13_val"   --->   Operation 23 'read' 'block_words_13_val_read' <Predicate = true> <Delay = 0.00>
ST_1 : Operation 24 [1/1] (0.00ns)   --->   "%block_words_12_val_read = read i32 @_ssdm_op_Read.ap_auto.i32, i32 %block_words_12_val"   --->   Operation 24 'read' 'block_words_12_val_read' <Predicate = true> <Delay = 0.00>
ST_1 : Operation 25 [1/1] (0.00ns)   --->   "%block_words_11_val_read = read i32 @_ssdm_op_Read.ap_auto.i32, i32 %block_words_11_val"   --->   Operation 25 'read' 'block_words_11_val_read' <Predicate = true> <Delay = 0.00>
ST_1 : Operation 26 [1/1] (0.00ns)   --->   "%block_words_10_val_read = read i32 @_ssdm_op_Read.ap_auto.i32, i32 %block_words_10_val"   --->   Operation 26 'read' 'block_words_10_val_read' <Predicate = true> <Delay = 0.00>
ST_1 : Operation 27 [1/1] (0.00ns)   --->   "%block_words_9_val_read = read i32 @_ssdm_op_Read.ap_auto.i32, i32 %block_words_9_val"   --->   Operation 27 'read' 'block_words_9_val_read' <Predicate = true> <Delay = 0.00>
ST_1 : Operation 28 [1/1] (0.00ns)   --->   "%block_words_8_val_read = read i32 @_ssdm_op_Read.ap_auto.i32, i32 %block_words_8_val"   --->   Operation 28 'read' 'block_words_8_val_read' <Predicate = true> <Delay = 0.00>
ST_1 : Operation 29 [1/1] (0.00ns)   --->   "%block_words_7_val_read = read i32 @_ssdm_op_Read.ap_auto.i32, i32 %block_words_7_val"   --->   Operation 29 'read' 'block_words_7_val_read' <Predicate = true> <Delay = 0.00>
ST_1 : Operation 30 [1/1] (0.00ns)   --->   "%block_words_6_val_read = read i32 @_ssdm_op_Read.ap_auto.i32, i32 %block_words_6_val"   --->   Operation 30 'read' 'block_words_6_val_read' <Predicate = true> <Delay = 0.00>
ST_1 : Operation 31 [1/1] (0.00ns)   --->   "%block_words_5_val_read = read i32 @_ssdm_op_Read.ap_auto.i32, i32 %block_words_5_val"   --->   Operation 31 'read' 'block_words_5_val_read' <Predicate = true> <Delay = 0.00>
ST_1 : Operation 32 [1/1] (0.00ns)   --->   "%block_words_4_val_read = read i32 @_ssdm_op_Read.ap_auto.i32, i32 %block_words_4_val"   --->   Operation 32 'read' 'block_words_4_val_read' <Predicate = true> <Delay = 0.00>
ST_1 : Operation 33 [1/1] (0.00ns)   --->   "%block_words_3_val_read = read i32 @_ssdm_op_Read.ap_auto.i32, i32 %block_words_3_val"   --->   Operation 33 'read' 'block_words_3_val_read' <Predicate = true> <Delay = 0.00>
ST_1 : Operation 34 [1/1] (0.00ns)   --->   "%block_words_2_val_read = read i32 @_ssdm_op_Read.ap_auto.i32, i32 %block_words_2_val"   --->   Operation 34 'read' 'block_words_2_val_read' <Predicate = true> <Delay = 0.00>
ST_1 : Operation 35 [1/1] (0.00ns)   --->   "%block_words_1_val_read = read i32 @_ssdm_op_Read.ap_auto.i32, i32 %block_words_1_val"   --->   Operation 35 'read' 'block_words_1_val_read' <Predicate = true> <Delay = 0.00>
ST_1 : Operation 36 [1/1] (0.00ns)   --->   "%block_words_0_val_read = read i32 @_ssdm_op_Read.ap_auto.i32, i32 %block_words_0_val"   --->   Operation 36 'read' 'block_words_0_val_read' <Predicate = true> <Delay = 0.00>
ST_1 : Operation 37 [1/1] (0.42ns)   --->   "%store_ln118 = store i5 0, i5 %i" [dylan-hls/mine.cpp:118]   --->   Operation 37 'store' 'store_ln118' <Predicate = true> <Delay = 0.42>
ST_1 : Operation 38 [1/1] (0.00ns)   --->   "%br_ln0 = br void %for.inc"   --->   Operation 38 'br' 'br_ln0' <Predicate = true> <Delay = 0.00>
ST_1 : Operation 39 [1/1] (0.00ns)   --->   "%i_3 = load i5 %i" [dylan-hls/mine.cpp:118]   --->   Operation 39 'load' 'i_3' <Predicate = true> <Delay = 0.00>
ST_1 : Operation 40 [1/1] (0.78ns)   --->   "%icmp_ln118 = icmp_eq  i5 %i_3, i5 16" [dylan-hls/mine.cpp:118]   --->   Operation 40 'icmp' 'icmp_ln118' <Predicate = true> <Delay = 0.78> <CoreInst = "Cmp">   --->   Core 9 'Cmp' <Latency = 0> <II = 1> <Delay = 0.78> <FuncUnit> <Opcode : 'seteq' 'setne' 'setle' 'setge' 'setlt' 'setgt'> <InPorts = 2> <OutPorts = 1>
ST_1 : Operation 41 [1/1] (0.78ns)   --->   "%add_ln118 = add i5 %i_3, i5 1" [dylan-hls/mine.cpp:118]   --->   Operation 41 'add' 'add_ln118' <Predicate = true> <Delay = 0.78> <CoreInst = "Adder">   --->   Core 1 'Adder' <Latency = 0> <II = 1> <Delay = 0.78> <FuncUnit> <Opcode : 'add' 'sub'> <InPorts = 2> <OutPorts = 1>
ST_1 : Operation 42 [1/1] (0.00ns)   --->   "%br_ln118 = br i1 %icmp_ln118, void %for.inc.split, void %for.body15.preheader.exitStub" [dylan-hls/mine.cpp:118]   --->   Operation 42 'br' 'br_ln118' <Predicate = true> <Delay = 0.00>
ST_1 : Operation 43 [1/1] (0.00ns)   --->   "%trunc_ln118 = trunc i5 %i_3" [dylan-hls/mine.cpp:118]   --->   Operation 43 'trunc' 'trunc_ln118' <Predicate = (!icmp_ln118)> <Delay = 0.00>
ST_1 : Operation 44 [1/1] (0.00ns)   --->   "%specpipeline_ln119 = specpipeline void @_ssdm_op_SpecPipeline, i32 1, i32 0, i32 0, i32 0, i32 4294967295, void @empty" [dylan-hls/mine.cpp:119]   --->   Operation 44 'specpipeline' 'specpipeline_ln119' <Predicate = (!icmp_ln118)> <Delay = 0.00>
ST_1 : Operation 45 [1/1] (0.00ns)   --->   "%speclooptripcount_ln114 = speclooptripcount void @_ssdm_op_SpecLoopTripCount, i64 16, i64 16, i64 16" [dylan-hls/mine.cpp:114]   --->   Operation 45 'speclooptripcount' 'speclooptripcount_ln114' <Predicate = (!icmp_ln118)> <Delay = 0.00>
ST_1 : Operation 46 [1/1] (0.00ns)   --->   "%specloopname_ln118 = specloopname void @_ssdm_op_SpecLoopName, void @empty_24" [dylan-hls/mine.cpp:118]   --->   Operation 46 'specloopname' 'specloopname_ln118' <Predicate = (!icmp_ln118)> <Delay = 0.00>
ST_1 : Operation 47 [1/1] (0.48ns)   --->   "%w_49 = sparsemux i32 @_ssdm_op_SparseMux.ap_auto.16i32.i32.i4, i4 0, i32 %block_words_0_val_read, i4 1, i32 %block_words_1_val_read, i4 2, i32 %block_words_2_val_read, i4 3, i32 %block_words_3_val_read, i4 4, i32 %block_words_4_val_read, i4 5, i32 %block_words_5_val_read, i4 6, i32 %block_words_6_val_read, i4 7, i32 %block_words_7_val_read, i4 8, i32 %block_words_8_val_read, i4 9, i32 %block_words_9_val_read, i4 10, i32 %block_words_10_val_read, i4 11, i32 %block_words_11_val_read, i4 12, i32 %block_words_12_val_read, i4 13, i32 %block_words_13_val_read, i4 14, i32 %block_words_14_val_read, i4 15, i32 %block_words_15_val_read, i32 0, i4 %trunc_ln118" [dylan-hls/mine.cpp:120]   --->   Operation 47 'sparsemux' 'w_49' <Predicate = (!icmp_ln118)> <Delay = 0.48> <CoreInst = "BinarySparseMux_DontCare">   --->   Core 149 'BinarySparseMux_DontCare' <Latency = 0> <II = 1> <Delay = 0.48> <FuncUnit> <Opcode : 'sparsemux'> <InPorts = 2> <OutPorts = 1>
ST_1 : Operation 48 [1/1] (0.79ns)   --->   "%switch_ln120 = switch i4 %trunc_ln118, void %arrayidx2.case.15, i4 0, void %arrayidx2.case.0, i4 1, void %arrayidx2.case.1, i4 2, void %arrayidx2.case.2, i4 3, void %arrayidx2.case.3, i4 4, void %arrayidx2.case.4, i4 5, void %arrayidx2.case.5, i4 6, void %arrayidx2.case.6, i4 7, void %arrayidx2.case.7, i4 8, void %arrayidx2.case.8, i4 9, void %arrayidx2.case.9, i4 10, void %arrayidx2.case.10, i4 11, void %arrayidx2.case.11, i4 12, void %arrayidx2.case.12, i4 13, void %arrayidx2.case.13, i4 14, void %for.inc.split.arrayidx2.exit_crit_edge" [dylan-hls/mine.cpp:120]   --->   Operation 48 'switch' 'switch_ln120' <Predicate = (!icmp_ln118)> <Delay = 0.79>
ST_1 : Operation 49 [1/1] (0.00ns)   --->   "%store_ln114 = store i32 %w_49, i32 %w_14" [dylan-hls/mine.cpp:114]   --->   Operation 49 'store' 'store_ln114' <Predicate = (!icmp_ln118 & trunc_ln118 == 14)> <Delay = 0.00>
ST_1 : Operation 50 [1/1] (0.00ns)   --->   "%br_ln120 = br void %arrayidx2.exit" [dylan-hls/mine.cpp:120]   --->   Operation 50 'br' 'br_ln120' <Predicate = (!icmp_ln118 & trunc_ln118 == 14)> <Delay = 0.00>
ST_1 : Operation 51 [1/1] (0.00ns)   --->   "%store_ln114 = store i32 %w_49, i32 %w_13" [dylan-hls/mine.cpp:114]   --->   Operation 51 'store' 'store_ln114' <Predicate = (!icmp_ln118 & trunc_ln118 == 13)> <Delay = 0.00>
ST_1 : Operation 52 [1/1] (0.00ns)   --->   "%br_ln120 = br void %arrayidx2.exit" [dylan-hls/mine.cpp:120]   --->   Operation 52 'br' 'br_ln120' <Predicate = (!icmp_ln118 & trunc_ln118 == 13)> <Delay = 0.00>
ST_1 : Operation 53 [1/1] (0.00ns)   --->   "%store_ln114 = store i32 %w_49, i32 %w_12" [dylan-hls/mine.cpp:114]   --->   Operation 53 'store' 'store_ln114' <Predicate = (!icmp_ln118 & trunc_ln118 == 12)> <Delay = 0.00>
ST_1 : Operation 54 [1/1] (0.00ns)   --->   "%br_ln120 = br void %arrayidx2.exit" [dylan-hls/mine.cpp:120]   --->   Operation 54 'br' 'br_ln120' <Predicate = (!icmp_ln118 & trunc_ln118 == 12)> <Delay = 0.00>
ST_1 : Operation 55 [1/1] (0.00ns)   --->   "%store_ln114 = store i32 %w_49, i32 %w_11" [dylan-hls/mine.cpp:114]   --->   Operation 55 'store' 'store_ln114' <Predicate = (!icmp_ln118 & trunc_ln118 == 11)> <Delay = 0.00>
ST_1 : Operation 56 [1/1] (0.00ns)   --->   "%br_ln120 = br void %arrayidx2.exit" [dylan-hls/mine.cpp:120]   --->   Operation 56 'br' 'br_ln120' <Predicate = (!icmp_ln118 & trunc_ln118 == 11)> <Delay = 0.00>
ST_1 : Operation 57 [1/1] (0.00ns)   --->   "%store_ln114 = store i32 %w_49, i32 %w_10" [dylan-hls/mine.cpp:114]   --->   Operation 57 'store' 'store_ln114' <Predicate = (!icmp_ln118 & trunc_ln118 == 10)> <Delay = 0.00>
ST_1 : Operation 58 [1/1] (0.00ns)   --->   "%br_ln120 = br void %arrayidx2.exit" [dylan-hls/mine.cpp:120]   --->   Operation 58 'br' 'br_ln120' <Predicate = (!icmp_ln118 & trunc_ln118 == 10)> <Delay = 0.00>
ST_1 : Operation 59 [1/1] (0.00ns)   --->   "%store_ln114 = store i32 %w_49, i32 %w_9" [dylan-hls/mine.cpp:114]   --->   Operation 59 'store' 'store_ln114' <Predicate = (!icmp_ln118 & trunc_ln118 == 9)> <Delay = 0.00>
ST_1 : Operation 60 [1/1] (0.00ns)   --->   "%br_ln120 = br void %arrayidx2.exit" [dylan-hls/mine.cpp:120]   --->   Operation 60 'br' 'br_ln120' <Predicate = (!icmp_ln118 & trunc_ln118 == 9)> <Delay = 0.00>
ST_1 : Operation 61 [1/1] (0.00ns)   --->   "%store_ln114 = store i32 %w_49, i32 %w_8" [dylan-hls/mine.cpp:114]   --->   Operation 61 'store' 'store_ln114' <Predicate = (!icmp_ln118 & trunc_ln118 == 8)> <Delay = 0.00>
ST_1 : Operation 62 [1/1] (0.00ns)   --->   "%br_ln120 = br void %arrayidx2.exit" [dylan-hls/mine.cpp:120]   --->   Operation 62 'br' 'br_ln120' <Predicate = (!icmp_ln118 & trunc_ln118 == 8)> <Delay = 0.00>
ST_1 : Operation 63 [1/1] (0.00ns)   --->   "%store_ln114 = store i32 %w_49, i32 %w_7" [dylan-hls/mine.cpp:114]   --->   Operation 63 'store' 'store_ln114' <Predicate = (!icmp_ln118 & trunc_ln118 == 7)> <Delay = 0.00>
ST_1 : Operation 64 [1/1] (0.00ns)   --->   "%br_ln120 = br void %arrayidx2.exit" [dylan-hls/mine.cpp:120]   --->   Operation 64 'br' 'br_ln120' <Predicate = (!icmp_ln118 & trunc_ln118 == 7)> <Delay = 0.00>
ST_1 : Operation 65 [1/1] (0.00ns)   --->   "%store_ln114 = store i32 %w_49, i32 %w_6" [dylan-hls/mine.cpp:114]   --->   Operation 65 'store' 'store_ln114' <Predicate = (!icmp_ln118 & trunc_ln118 == 6)> <Delay = 0.00>
ST_1 : Operation 66 [1/1] (0.00ns)   --->   "%br_ln120 = br void %arrayidx2.exit" [dylan-hls/mine.cpp:120]   --->   Operation 66 'br' 'br_ln120' <Predicate = (!icmp_ln118 & trunc_ln118 == 6)> <Delay = 0.00>
ST_1 : Operation 67 [1/1] (0.00ns)   --->   "%store_ln114 = store i32 %w_49, i32 %w_5" [dylan-hls/mine.cpp:114]   --->   Operation 67 'store' 'store_ln114' <Predicate = (!icmp_ln118 & trunc_ln118 == 5)> <Delay = 0.00>
ST_1 : Operation 68 [1/1] (0.00ns)   --->   "%br_ln120 = br void %arrayidx2.exit" [dylan-hls/mine.cpp:120]   --->   Operation 68 'br' 'br_ln120' <Predicate = (!icmp_ln118 & trunc_ln118 == 5)> <Delay = 0.00>
ST_1 : Operation 69 [1/1] (0.00ns)   --->   "%store_ln114 = store i32 %w_49, i32 %w_4" [dylan-hls/mine.cpp:114]   --->   Operation 69 'store' 'store_ln114' <Predicate = (!icmp_ln118 & trunc_ln118 == 4)> <Delay = 0.00>
ST_1 : Operation 70 [1/1] (0.00ns)   --->   "%br_ln120 = br void %arrayidx2.exit" [dylan-hls/mine.cpp:120]   --->   Operation 70 'br' 'br_ln120' <Predicate = (!icmp_ln118 & trunc_ln118 == 4)> <Delay = 0.00>
ST_1 : Operation 71 [1/1] (0.00ns)   --->   "%store_ln114 = store i32 %w_49, i32 %w_3" [dylan-hls/mine.cpp:114]   --->   Operation 71 'store' 'store_ln114' <Predicate = (!icmp_ln118 & trunc_ln118 == 3)> <Delay = 0.00>
ST_1 : Operation 72 [1/1] (0.00ns)   --->   "%br_ln120 = br void %arrayidx2.exit" [dylan-hls/mine.cpp:120]   --->   Operation 72 'br' 'br_ln120' <Predicate = (!icmp_ln118 & trunc_ln118 == 3)> <Delay = 0.00>
ST_1 : Operation 73 [1/1] (0.00ns)   --->   "%store_ln114 = store i32 %w_49, i32 %w_2" [dylan-hls/mine.cpp:114]   --->   Operation 73 'store' 'store_ln114' <Predicate = (!icmp_ln118 & trunc_ln118 == 2)> <Delay = 0.00>
ST_1 : Operation 74 [1/1] (0.00ns)   --->   "%br_ln120 = br void %arrayidx2.exit" [dylan-hls/mine.cpp:120]   --->   Operation 74 'br' 'br_ln120' <Predicate = (!icmp_ln118 & trunc_ln118 == 2)> <Delay = 0.00>
ST_1 : Operation 75 [1/1] (0.00ns)   --->   "%store_ln114 = store i32 %w_49, i32 %w_1" [dylan-hls/mine.cpp:114]   --->   Operation 75 'store' 'store_ln114' <Predicate = (!icmp_ln118 & trunc_ln118 == 1)> <Delay = 0.00>
ST_1 : Operation 76 [1/1] (0.00ns)   --->   "%br_ln120 = br void %arrayidx2.exit" [dylan-hls/mine.cpp:120]   --->   Operation 76 'br' 'br_ln120' <Predicate = (!icmp_ln118 & trunc_ln118 == 1)> <Delay = 0.00>
ST_1 : Operation 77 [1/1] (0.00ns)   --->   "%store_ln114 = store i32 %w_49, i32 %w" [dylan-hls/mine.cpp:114]   --->   Operation 77 'store' 'store_ln114' <Predicate = (!icmp_ln118 & trunc_ln118 == 0)> <Delay = 0.00>
ST_1 : Operation 78 [1/1] (0.00ns)   --->   "%br_ln120 = br void %arrayidx2.exit" [dylan-hls/mine.cpp:120]   --->   Operation 78 'br' 'br_ln120' <Predicate = (!icmp_ln118 & trunc_ln118 == 0)> <Delay = 0.00>
ST_1 : Operation 79 [1/1] (0.00ns)   --->   "%store_ln114 = store i32 %w_49, i32 %w_15" [dylan-hls/mine.cpp:114]   --->   Operation 79 'store' 'store_ln114' <Predicate = (!icmp_ln118 & trunc_ln118 == 15)> <Delay = 0.00>
ST_1 : Operation 80 [1/1] (0.00ns)   --->   "%br_ln120 = br void %arrayidx2.exit" [dylan-hls/mine.cpp:120]   --->   Operation 80 'br' 'br_ln120' <Predicate = (!icmp_ln118 & trunc_ln118 == 15)> <Delay = 0.00>
ST_1 : Operation 81 [1/1] (0.42ns)   --->   "%store_ln118 = store i5 %add_ln118, i5 %i" [dylan-hls/mine.cpp:118]   --->   Operation 81 'store' 'store_ln118' <Predicate = (!icmp_ln118)> <Delay = 0.42>
ST_1 : Operation 82 [1/1] (0.00ns)   --->   "%br_ln118 = br void %for.inc" [dylan-hls/mine.cpp:118]   --->   Operation 82 'br' 'br_ln118' <Predicate = (!icmp_ln118)> <Delay = 0.00>
ST_1 : Operation 83 [1/1] (0.00ns)   --->   "%w_load = load i32 %w"   --->   Operation 83 'load' 'w_load' <Predicate = (icmp_ln118)> <Delay = 0.00>
ST_1 : Operation 84 [1/1] (0.00ns)   --->   "%w_1_load = load i32 %w_1"   --->   Operation 84 'load' 'w_1_load' <Predicate = (icmp_ln118)> <Delay = 0.00>
ST_1 : Operation 85 [1/1] (0.00ns)   --->   "%w_2_load = load i32 %w_2"   --->   Operation 85 'load' 'w_2_load' <Predicate = (icmp_ln118)> <Delay = 0.00>
ST_1 : Operation 86 [1/1] (0.00ns)   --->   "%w_3_load = load i32 %w_3"   --->   Operation 86 'load' 'w_3_load' <Predicate = (icmp_ln118)> <Delay = 0.00>
ST_1 : Operation 87 [1/1] (0.00ns)   --->   "%w_4_load = load i32 %w_4"   --->   Operation 87 'load' 'w_4_load' <Predicate = (icmp_ln118)> <Delay = 0.00>
ST_1 : Operation 88 [1/1] (0.00ns)   --->   "%w_5_load = load i32 %w_5"   --->   Operation 88 'load' 'w_5_load' <Predicate = (icmp_ln118)> <Delay = 0.00>
ST_1 : Operation 89 [1/1] (0.00ns)   --->   "%w_6_load = load i32 %w_6"   --->   Operation 89 'load' 'w_6_load' <Predicate = (icmp_ln118)> <Delay = 0.00>
ST_1 : Operation 90 [1/1] (0.00ns)   --->   "%w_7_load = load i32 %w_7"   --->   Operation 90 'load' 'w_7_load' <Predicate = (icmp_ln118)> <Delay = 0.00>
ST_1 : Operation 91 [1/1] (0.00ns)   --->   "%w_8_load = load i32 %w_8"   --->   Operation 91 'load' 'w_8_load' <Predicate = (icmp_ln118)> <Delay = 0.00>
ST_1 : Operation 92 [1/1] (0.00ns)   --->   "%w_9_load = load i32 %w_9"   --->   Operation 92 'load' 'w_9_load' <Predicate = (icmp_ln118)> <Delay = 0.00>
ST_1 : Operation 93 [1/1] (0.00ns)   --->   "%w_10_load = load i32 %w_10"   --->   Operation 93 'load' 'w_10_load' <Predicate = (icmp_ln118)> <Delay = 0.00>
ST_1 : Operation 94 [1/1] (0.00ns)   --->   "%w_11_load = load i32 %w_11"   --->   Operation 94 'load' 'w_11_load' <Predicate = (icmp_ln118)> <Delay = 0.00>
ST_1 : Operation 95 [1/1] (0.00ns)   --->   "%w_12_load = load i32 %w_12"   --->   Operation 95 'load' 'w_12_load' <Predicate = (icmp_ln118)> <Delay = 0.00>
ST_1 : Operation 96 [1/1] (0.00ns)   --->   "%w_13_load = load i32 %w_13"   --->   Operation 96 'load' 'w_13_load' <Predicate = (icmp_ln118)> <Delay = 0.00>
ST_1 : Operation 97 [1/1] (0.00ns)   --->   "%w_14_load = load i32 %w_14"   --->   Operation 97 'load' 'w_14_load' <Predicate = (icmp_ln118)> <Delay = 0.00>
ST_1 : Operation 98 [1/1] (0.00ns)   --->   "%w_15_load = load i32 %w_15"   --->   Operation 98 'load' 'w_15_load' <Predicate = (icmp_ln118)> <Delay = 0.00>
ST_1 : Operation 99 [1/1] (0.00ns)   --->   "%write_ln0 = write void @_ssdm_op_Write.ap_auto.i32P0A, i32 %w_15_out, i32 %w_15_load"   --->   Operation 99 'write' 'write_ln0' <Predicate = (icmp_ln118)> <Delay = 0.00>
ST_1 : Operation 100 [1/1] (0.00ns)   --->   "%write_ln0 = write void @_ssdm_op_Write.ap_auto.i32P0A, i32 %w_14_out, i32 %w_14_load"   --->   Operation 100 'write' 'write_ln0' <Predicate = (icmp_ln118)> <Delay = 0.00>
ST_1 : Operation 101 [1/1] (0.00ns)   --->   "%write_ln0 = write void @_ssdm_op_Write.ap_auto.i32P0A, i32 %w_13_out, i32 %w_13_load"   --->   Operation 101 'write' 'write_ln0' <Predicate = (icmp_ln118)> <Delay = 0.00>
ST_1 : Operation 102 [1/1] (0.00ns)   --->   "%write_ln0 = write void @_ssdm_op_Write.ap_auto.i32P0A, i32 %w_12_out, i32 %w_12_load"   --->   Operation 102 'write' 'write_ln0' <Predicate = (icmp_ln118)> <Delay = 0.00>
ST_1 : Operation 103 [1/1] (0.00ns)   --->   "%write_ln0 = write void @_ssdm_op_Write.ap_auto.i32P0A, i32 %w_11_out, i32 %w_11_load"   --->   Operation 103 'write' 'write_ln0' <Predicate = (icmp_ln118)> <Delay = 0.00>
ST_1 : Operation 104 [1/1] (0.00ns)   --->   "%write_ln0 = write void @_ssdm_op_Write.ap_auto.i32P0A, i32 %w_10_out, i32 %w_10_load"   --->   Operation 104 'write' 'write_ln0' <Predicate = (icmp_ln118)> <Delay = 0.00>
ST_1 : Operation 105 [1/1] (0.00ns)   --->   "%write_ln0 = write void @_ssdm_op_Write.ap_auto.i32P0A, i32 %w_9_out, i32 %w_9_load"   --->   Operation 105 'write' 'write_ln0' <Predicate = (icmp_ln118)> <Delay = 0.00>
ST_1 : Operation 106 [1/1] (0.00ns)   --->   "%write_ln0 = write void @_ssdm_op_Write.ap_auto.i32P0A, i32 %w_8_out, i32 %w_8_load"   --->   Operation 106 'write' 'write_ln0' <Predicate = (icmp_ln118)> <Delay = 0.00>
ST_1 : Operation 107 [1/1] (0.00ns)   --->   "%write_ln0 = write void @_ssdm_op_Write.ap_auto.i32P0A, i32 %w_7_out, i32 %w_7_load"   --->   Operation 107 'write' 'write_ln0' <Predicate = (icmp_ln118)> <Delay = 0.00>
ST_1 : Operation 108 [1/1] (0.00ns)   --->   "%write_ln0 = write void @_ssdm_op_Write.ap_auto.i32P0A, i32 %w_6_out, i32 %w_6_load"   --->   Operation 108 'write' 'write_ln0' <Predicate = (icmp_ln118)> <Delay = 0.00>
ST_1 : Operation 109 [1/1] (0.00ns)   --->   "%write_ln0 = write void @_ssdm_op_Write.ap_auto.i32P0A, i32 %w_5_out, i32 %w_5_load"   --->   Operation 109 'write' 'write_ln0' <Predicate = (icmp_ln118)> <Delay = 0.00>
ST_1 : Operation 110 [1/1] (0.00ns)   --->   "%write_ln0 = write void @_ssdm_op_Write.ap_auto.i32P0A, i32 %w_4_out, i32 %w_4_load"   --->   Operation 110 'write' 'write_ln0' <Predicate = (icmp_ln118)> <Delay = 0.00>
ST_1 : Operation 111 [1/1] (0.00ns)   --->   "%write_ln0 = write void @_ssdm_op_Write.ap_auto.i32P0A, i32 %w_3_out, i32 %w_3_load"   --->   Operation 111 'write' 'write_ln0' <Predicate = (icmp_ln118)> <Delay = 0.00>
ST_1 : Operation 112 [1/1] (0.00ns)   --->   "%write_ln0 = write void @_ssdm_op_Write.ap_auto.i32P0A, i32 %w_2_out, i32 %w_2_load"   --->   Operation 112 'write' 'write_ln0' <Predicate = (icmp_ln118)> <Delay = 0.00>
ST_1 : Operation 113 [1/1] (0.00ns)   --->   "%write_ln0 = write void @_ssdm_op_Write.ap_auto.i32P0A, i32 %w_1_out, i32 %w_1_load"   --->   Operation 113 'write' 'write_ln0' <Predicate = (icmp_ln118)> <Delay = 0.00>
ST_1 : Operation 114 [1/1] (0.00ns)   --->   "%write_ln0 = write void @_ssdm_op_Write.ap_auto.i32P0A, i32 %w_out, i32 %w_load"   --->   Operation 114 'write' 'write_ln0' <Predicate = (icmp_ln118)> <Delay = 0.00>
ST_1 : Operation 115 [1/1] (0.42ns)   --->   "%ret_ln0 = ret"   --->   Operation 115 'ret' 'ret_ln0' <Predicate = (icmp_ln118)> <Delay = 0.42>


============================================================
+ Verbose Summary: Binding
============================================================
STG Binding: 
---------------- STG Properties BEGIN ----------------
- Is combinational: 0
- Is one-state seq: 0
- Is datapath-only: 0
- Is pipelined: 0
- Is top level: 0
Port [ Return ] is wired: 1; IO mode=ap_ctrl_hs:ce=0
Port [ block_words_0_val]:  wired=1; compound=0; hidden=0; nouse=0; global=0; static=0; extern=0; dir=0; type=0; pingpong=0; private_global=0; IO mode=ap_none:ce=0
Port [ block_words_1_val]:  wired=1; compound=0; hidden=0; nouse=0; global=0; static=0; extern=0; dir=0; type=0; pingpong=0; private_global=0; IO mode=ap_none:ce=0
Port [ block_words_2_val]:  wired=1; compound=0; hidden=0; nouse=0; global=0; static=0; extern=0; dir=0; type=0; pingpong=0; private_global=0; IO mode=ap_none:ce=0
Port [ block_words_3_val]:  wired=1; compound=0; hidden=0; nouse=0; global=0; static=0; extern=0; dir=0; type=0; pingpong=0; private_global=0; IO mode=ap_none:ce=0
Port [ block_words_4_val]:  wired=1; compound=0; hidden=0; nouse=0; global=0; static=0; extern=0; dir=0; type=0; pingpong=0; private_global=0; IO mode=ap_none:ce=0
Port [ block_words_5_val]:  wired=1; compound=0; hidden=0; nouse=0; global=0; static=0; extern=0; dir=0; type=0; pingpong=0; private_global=0; IO mode=ap_none:ce=0
Port [ block_words_6_val]:  wired=1; compound=0; hidden=0; nouse=0; global=0; static=0; extern=0; dir=0; type=0; pingpong=0; private_global=0; IO mode=ap_none:ce=0
Port [ block_words_7_val]:  wired=1; compound=0; hidden=0; nouse=0; global=0; static=0; extern=0; dir=0; type=0; pingpong=0; private_global=0; IO mode=ap_none:ce=0
Port [ block_words_8_val]:  wired=1; compound=0; hidden=0; nouse=0; global=0; static=0; extern=0; dir=0; type=0; pingpong=0; private_global=0; IO mode=ap_none:ce=0
Port [ block_words_9_val]:  wired=1; compound=0; hidden=0; nouse=0; global=0; static=0; extern=0; dir=0; type=0; pingpong=0; private_global=0; IO mode=ap_none:ce=0
Port [ block_words_10_val]:  wired=1; compound=0; hidden=0; nouse=0; global=0; static=0; extern=0; dir=0; type=0; pingpong=0; private_global=0; IO mode=ap_none:ce=0
Port [ block_words_11_val]:  wired=1; compound=0; hidden=0; nouse=0; global=0; static=0; extern=0; dir=0; type=0; pingpong=0; private_global=0; IO mode=ap_none:ce=0
Port [ block_words_12_val]:  wired=1; compound=0; hidden=0; nouse=0; global=0; static=0; extern=0; dir=0; type=0; pingpong=0; private_global=0; IO mode=ap_none:ce=0
Port [ block_words_13_val]:  wired=1; compound=0; hidden=0; nouse=0; global=0; static=0; extern=0; dir=0; type=0; pingpong=0; private_global=0; IO mode=ap_none:ce=0
Port [ block_words_14_val]:  wired=1; compound=0; hidden=0; nouse=0; global=0; static=0; extern=0; dir=0; type=0; pingpong=0; private_global=0; IO mode=ap_none:ce=0
Port [ block_words_15_val]:  wired=1; compound=0; hidden=0; nouse=0; global=0; static=0; extern=0; dir=0; type=0; pingpong=0; private_global=0; IO mode=ap_none:ce=0
Port [ w_15_out]:  wired=1; compound=0; hidden=0; nouse=0; global=0; static=0; extern=0; dir=1; type=0; pingpong=0; private_global=0; IO mode=ap_vld:ce=0
Port [ w_14_out]:  wired=1; compound=0; hidden=0; nouse=0; global=0; static=0; extern=0; dir=1; type=0; pingpong=0; private_global=0; IO mode=ap_vld:ce=0
Port [ w_13_out]:  wired=1; compound=0; hidden=0; nouse=0; global=0; static=0; extern=0; dir=1; type=0; pingpong=0; private_global=0; IO mode=ap_vld:ce=0
Port [ w_12_out]:  wired=1; compound=0; hidden=0; nouse=0; global=0; static=0; extern=0; dir=1; type=0; pingpong=0; private_global=0; IO mode=ap_vld:ce=0
Port [ w_11_out]:  wired=1; compound=0; hidden=0; nouse=0; global=0; static=0; extern=0; dir=1; type=0; pingpong=0; private_global=0; IO mode=ap_vld:ce=0
Port [ w_10_out]:  wired=1; compound=0; hidden=0; nouse=0; global=0; static=0; extern=0; dir=1; type=0; pingpong=0; private_global=0; IO mode=ap_vld:ce=0
Port [ w_9_out]:  wired=1; compound=0; hidden=0; nouse=0; global=0; static=0; extern=0; dir=1; type=0; pingpong=0; private_global=0; IO mode=ap_vld:ce=0
Port [ w_8_out]:  wired=1; compound=0; hidden=0; nouse=0; global=0; static=0; extern=0; dir=1; type=0; pingpong=0; private_global=0; IO mode=ap_vld:ce=0
Port [ w_7_out]:  wired=1; compound=0; hidden=0; nouse=0; global=0; static=0; extern=0; dir=1; type=0; pingpong=0; private_global=0; IO mode=ap_vld:ce=0
Port [ w_6_out]:  wired=1; compound=0; hidden=0; nouse=0; global=0; static=0; extern=0; dir=1; type=0; pingpong=0; private_global=0; IO mode=ap_vld:ce=0
Port [ w_5_out]:  wired=1; compound=0; hidden=0; nouse=0; global=0; static=0; extern=0; dir=1; type=0; pingpong=0; private_global=0; IO mode=ap_vld:ce=0
Port [ w_4_out]:  wired=1; compound=0; hidden=0; nouse=0; global=0; static=0; extern=0; dir=1; type=0; pingpong=0; private_global=0; IO mode=ap_vld:ce=0
Port [ w_3_out]:  wired=1; compound=0; hidden=0; nouse=0; global=0; static=0; extern=0; dir=1; type=0; pingpong=0; private_global=0; IO mode=ap_vld:ce=0
Port [ w_2_out]:  wired=1; compound=0; hidden=0; nouse=0; global=0; static=0; extern=0; dir=1; type=0; pingpong=0; private_global=0; IO mode=ap_vld:ce=0
Port [ w_1_out]:  wired=1; compound=0; hidden=0; nouse=0; global=0; static=0; extern=0; dir=1; type=0; pingpong=0; private_global=0; IO mode=ap_vld:ce=0
Port [ w_out]:  wired=1; compound=0; hidden=0; nouse=0; global=0; static=0; extern=0; dir=1; type=0; pingpong=0; private_global=0; IO mode=ap_vld:ce=0
---------------- STG Properties END ------------------

---------------- Datapath Model BEGIN ----------------

<LifeTime>
<method=bitvector/>
i                       (alloca           ) [ 01]
w                       (alloca           ) [ 01]
w_1                     (alloca           ) [ 01]
w_2                     (alloca           ) [ 01]
w_3                     (alloca           ) [ 01]
w_4                     (alloca           ) [ 01]
w_5                     (alloca           ) [ 01]
w_6                     (alloca           ) [ 01]
w_7                     (alloca           ) [ 01]
w_8                     (alloca           ) [ 01]
w_9                     (alloca           ) [ 01]
w_10                    (alloca           ) [ 01]
w_11                    (alloca           ) [ 01]
w_12                    (alloca           ) [ 01]
w_13                    (alloca           ) [ 01]
w_14                    (alloca           ) [ 01]
w_15                    (alloca           ) [ 01]
block_words_15_val_read (read             ) [ 00]
block_words_14_val_read (read             ) [ 00]
block_words_13_val_read (read             ) [ 00]
block_words_12_val_read (read             ) [ 00]
block_words_11_val_read (read             ) [ 00]
block_words_10_val_read (read             ) [ 00]
block_words_9_val_read  (read             ) [ 00]
block_words_8_val_read  (read             ) [ 00]
block_words_7_val_read  (read             ) [ 00]
block_words_6_val_read  (read             ) [ 00]
block_words_5_val_read  (read             ) [ 00]
block_words_4_val_read  (read             ) [ 00]
block_words_3_val_read  (read             ) [ 00]
block_words_2_val_read  (read             ) [ 00]
block_words_1_val_read  (read             ) [ 00]
block_words_0_val_read  (read             ) [ 00]
store_ln118             (store            ) [ 00]
br_ln0                  (br               ) [ 00]
i_3                     (load             ) [ 00]
icmp_ln118              (icmp             ) [ 01]
add_ln118               (add              ) [ 00]
br_ln118                (br               ) [ 00]
trunc_ln118             (trunc            ) [ 01]
specpipeline_ln119      (specpipeline     ) [ 00]
speclooptripcount_ln114 (speclooptripcount) [ 00]
specloopname_ln118      (specloopname     ) [ 00]
w_49                    (sparsemux        ) [ 00]
switch_ln120            (switch           ) [ 00]
store_ln114             (store            ) [ 00]
br_ln120                (br               ) [ 00]
store_ln114             (store            ) [ 00]
br_ln120                (br               ) [ 00]
store_ln114             (store            ) [ 00]
br_ln120                (br               ) [ 00]
store_ln114             (store            ) [ 00]
br_ln120                (br               ) [ 00]
store_ln114             (store            ) [ 00]
br_ln120                (br               ) [ 00]
store_ln114             (store            ) [ 00]
br_ln120                (br               ) [ 00]
store_ln114             (store            ) [ 00]
br_ln120                (br               ) [ 00]
store_ln114             (store            ) [ 00]
br_ln120                (br               ) [ 00]
store_ln114             (store            ) [ 00]
br_ln120                (br               ) [ 00]
store_ln114             (store            ) [ 00]
br_ln120                (br               ) [ 00]
store_ln114             (store            ) [ 00]
br_ln120                (br               ) [ 00]
store_ln114             (store            ) [ 00]
br_ln120                (br               ) [ 00]
store_ln114             (store            ) [ 00]
br_ln120                (br               ) [ 00]
store_ln114             (store            ) [ 00]
br_ln120                (br               ) [ 00]
store_ln114             (store            ) [ 00]
br_ln120                (br               ) [ 00]
store_ln114             (store            ) [ 00]
br_ln120                (br               ) [ 00]
store_ln118             (store            ) [ 00]
br_ln118                (br               ) [ 00]
w_load                  (load             ) [ 00]
w_1_load                (load             ) [ 00]
w_2_load                (load             ) [ 00]
w_3_load                (load             ) [ 00]
w_4_load                (load             ) [ 00]
w_5_load                (load             ) [ 00]
w_6_load                (load             ) [ 00]
w_7_load                (load             ) [ 00]
w_8_load                (load             ) [ 00]
w_9_load                (load             ) [ 00]
w_10_load               (load             ) [ 00]
w_11_load               (load             ) [ 00]
w_12_load               (load             ) [ 00]
w_13_load               (load             ) [ 00]
w_14_load               (load             ) [ 00]
w_15_load               (load             ) [ 00]
write_ln0               (write            ) [ 00]
write_ln0               (write            ) [ 00]
write_ln0               (write            ) [ 00]
write_ln0               (write            ) [ 00]
write_ln0               (write            ) [ 00]
write_ln0               (write            ) [ 00]
write_ln0               (write            ) [ 00]
write_ln0               (write            ) [ 00]
write_ln0               (write            ) [ 00]
write_ln0               (write            ) [ 00]
write_ln0               (write            ) [ 00]
write_ln0               (write            ) [ 00]
write_ln0               (write            ) [ 00]
write_ln0               (write            ) [ 00]
write_ln0               (write            ) [ 00]
write_ln0               (write            ) [ 00]
ret_ln0                 (ret              ) [ 00]
</LifeTime>

<model>

<comp_list>
<comp id="0" class="1000" name="block_words_0_val">
<pin_list>
<pin id="1" dir="1" index="0" bw="1" slack="0"/>
</pin_list>
<bind>
<StgValue><ssdm name="block_words_0_val"/></StgValue>
</bind>
</comp>

<comp id="2" class="1000" name="block_words_1_val">
<pin_list>
<pin id="3" dir="1" index="0" bw="1" slack="0"/>
</pin_list>
<bind>
<StgValue><ssdm name="block_words_1_val"/></StgValue>
</bind>
</comp>

<comp id="4" class="1000" name="block_words_2_val">
<pin_list>
<pin id="5" dir="1" index="0" bw="1" slack="0"/>
</pin_list>
<bind>
<StgValue><ssdm name="block_words_2_val"/></StgValue>
</bind>
</comp>

<comp id="6" class="1000" name="block_words_3_val">
<pin_list>
<pin id="7" dir="1" index="0" bw="1" slack="0"/>
</pin_list>
<bind>
<StgValue><ssdm name="block_words_3_val"/></StgValue>
</bind>
</comp>

<comp id="8" class="1000" name="block_words_4_val">
<pin_list>
<pin id="9" dir="1" index="0" bw="1" slack="0"/>
</pin_list>
<bind>
<StgValue><ssdm name="block_words_4_val"/></StgValue>
</bind>
</comp>

<comp id="10" class="1000" name="block_words_5_val">
<pin_list>
<pin id="11" dir="1" index="0" bw="1" slack="0"/>
</pin_list>
<bind>
<StgValue><ssdm name="block_words_5_val"/></StgValue>
</bind>
</comp>

<comp id="12" class="1000" name="block_words_6_val">
<pin_list>
<pin id="13" dir="1" index="0" bw="1" slack="0"/>
</pin_list>
<bind>
<StgValue><ssdm name="block_words_6_val"/></StgValue>
</bind>
</comp>

<comp id="14" class="1000" name="block_words_7_val">
<pin_list>
<pin id="15" dir="1" index="0" bw="1" slack="0"/>
</pin_list>
<bind>
<StgValue><ssdm name="block_words_7_val"/></StgValue>
</bind>
</comp>

<comp id="16" class="1000" name="block_words_8_val">
<pin_list>
<pin id="17" dir="1" index="0" bw="1" slack="0"/>
</pin_list>
<bind>
<StgValue><ssdm name="block_words_8_val"/></StgValue>
</bind>
</comp>

<comp id="18" class="1000" name="block_words_9_val">
<pin_list>
<pin id="19" dir="1" index="0" bw="1" slack="0"/>
</pin_list>
<bind>
<StgValue><ssdm name="block_words_9_val"/></StgValue>
</bind>
</comp>

<comp id="20" class="1000" name="block_words_10_val">
<pin_list>
<pin id="21" dir="1" index="0" bw="1" slack="0"/>
</pin_list>
<bind>
<StgValue><ssdm name="block_words_10_val"/></StgValue>
</bind>
</comp>

<comp id="22" class="1000" name="block_words_11_val">
<pin_list>
<pin id="23" dir="1" index="0" bw="1" slack="0"/>
</pin_list>
<bind>
<StgValue><ssdm name="block_words_11_val"/></StgValue>
</bind>
</comp>

<comp id="24" class="1000" name="block_words_12_val">
<pin_list>
<pin id="25" dir="1" index="0" bw="1" slack="0"/>
</pin_list>
<bind>
<StgValue><ssdm name="block_words_12_val"/></StgValue>
</bind>
</comp>

<comp id="26" class="1000" name="block_words_13_val">
<pin_list>
<pin id="27" dir="1" index="0" bw="1" slack="0"/>
</pin_list>
<bind>
<StgValue><ssdm name="block_words_13_val"/></StgValue>
</bind>
</comp>

<comp id="28" class="1000" name="block_words_14_val">
<pin_list>
<pin id="29" dir="1" index="0" bw="1" slack="0"/>
</pin_list>
<bind>
<StgValue><ssdm name="block_words_14_val"/></StgValue>
</bind>
</comp>

<comp id="30" class="1000" name="block_words_15_val">
<pin_list>
<pin id="31" dir="1" index="0" bw="1" slack="0"/>
</pin_list>
<bind>
<StgValue><ssdm name="block_words_15_val"/></StgValue>
</bind>
</comp>

<comp id="32" class="1000" name="w_15_out">
<pin_list>
<pin id="33" dir="1" index="0" bw="1" slack="0"/>
</pin_list>
<bind>
<StgValue><ssdm name="w_15_out"/></StgValue>
</bind>
</comp>

<comp id="34" class="1000" name="w_14_out">
<pin_list>
<pin id="35" dir="1" index="0" bw="1" slack="0"/>
</pin_list>
<bind>
<StgValue><ssdm name="w_14_out"/></StgValue>
</bind>
</comp>

<comp id="36" class="1000" name="w_13_out">
<pin_list>
<pin id="37" dir="1" index="0" bw="1" slack="0"/>
</pin_list>
<bind>
<StgValue><ssdm name="w_13_out"/></StgValue>
</bind>
</comp>

<comp id="38" class="1000" name="w_12_out">
<pin_list>
<pin id="39" dir="1" index="0" bw="1" slack="0"/>
</pin_list>
<bind>
<StgValue><ssdm name="w_12_out"/></StgValue>
</bind>
</comp>

<comp id="40" class="1000" name="w_11_out">
<pin_list>
<pin id="41" dir="1" index="0" bw="1" slack="0"/>
</pin_list>
<bind>
<StgValue><ssdm name="w_11_out"/></StgValue>
</bind>
</comp>

<comp id="42" class="1000" name="w_10_out">
<pin_list>
<pin id="43" dir="1" index="0" bw="1" slack="0"/>
</pin_list>
<bind>
<StgValue><ssdm name="w_10_out"/></StgValue>
</bind>
</comp>

<comp id="44" class="1000" name="w_9_out">
<pin_list>
<pin id="45" dir="1" index="0" bw="1" slack="0"/>
</pin_list>
<bind>
<StgValue><ssdm name="w_9_out"/></StgValue>
</bind>
</comp>

<comp id="46" class="1000" name="w_8_out">
<pin_list>
<pin id="47" dir="1" index="0" bw="1" slack="0"/>
</pin_list>
<bind>
<StgValue><ssdm name="w_8_out"/></StgValue>
</bind>
</comp>

<comp id="48" class="1000" name="w_7_out">
<pin_list>
<pin id="49" dir="1" index="0" bw="1" slack="0"/>
</pin_list>
<bind>
<StgValue><ssdm name="w_7_out"/></StgValue>
</bind>
</comp>

<comp id="50" class="1000" name="w_6_out">
<pin_list>
<pin id="51" dir="1" index="0" bw="1" slack="0"/>
</pin_list>
<bind>
<StgValue><ssdm name="w_6_out"/></StgValue>
</bind>
</comp>

<comp id="52" class="1000" name="w_5_out">
<pin_list>
<pin id="53" dir="1" index="0" bw="1" slack="0"/>
</pin_list>
<bind>
<StgValue><ssdm name="w_5_out"/></StgValue>
</bind>
</comp>

<comp id="54" class="1000" name="w_4_out">
<pin_list>
<pin id="55" dir="1" index="0" bw="1" slack="0"/>
</pin_list>
<bind>
<StgValue><ssdm name="w_4_out"/></StgValue>
</bind>
</comp>

<comp id="56" class="1000" name="w_3_out">
<pin_list>
<pin id="57" dir="1" index="0" bw="1" slack="0"/>
</pin_list>
<bind>
<StgValue><ssdm name="w_3_out"/></StgValue>
</bind>
</comp>

<comp id="58" class="1000" name="w_2_out">
<pin_list>
<pin id="59" dir="1" index="0" bw="1" slack="0"/>
</pin_list>
<bind>
<StgValue><ssdm name="w_2_out"/></StgValue>
</bind>
</comp>

<comp id="60" class="1000" name="w_1_out">
<pin_list>
<pin id="61" dir="1" index="0" bw="1" slack="0"/>
</pin_list>
<bind>
<StgValue><ssdm name="w_1_out"/></StgValue>
</bind>
</comp>

<comp id="62" class="1000" name="w_out">
<pin_list>
<pin id="63" dir="1" index="0" bw="1" slack="0"/>
</pin_list>
<bind>
<StgValue><ssdm name="w_out"/></StgValue>
</bind>
</comp>

<comp id="64" class="1001" name="const_64">
<pin_list>
<pin id="65" dir="1" index="0" bw="1" slack="0"/>
</pin_list>
<bind>
<StgValue><ssdm name=""/></StgValue>
</bind>
</comp>

<comp id="66" class="1001" name="const_66">
<pin_list>
<pin id="67" dir="1" index="0" bw="1" slack="0"/>
</pin_list>
<bind>
<StgValue><ssdm name="_ssdm_op_Read.ap_auto.i32"/></StgValue>
</bind>
</comp>

<comp id="68" class="1001" name="const_68">
<pin_list>
<pin id="69" dir="1" index="0" bw="1" slack="0"/>
</pin_list>
<bind>
<StgValue><ssdm name=""/></StgValue>
</bind>
</comp>

<comp id="70" class="1001" name="const_70">
<pin_list>
<pin id="71" dir="1" index="0" bw="1" slack="0"/>
</pin_list>
<bind>
<StgValue><ssdm name=""/></StgValue>
</bind>
</comp>

<comp id="72" class="1001" name="const_72">
<pin_list>
<pin id="73" dir="1" index="0" bw="1" slack="0"/>
</pin_list>
<bind>
<StgValue><ssdm name=""/></StgValue>
</bind>
</comp>

<comp id="74" class="1001" name="const_74">
<pin_list>
<pin id="75" dir="1" index="0" bw="1" slack="2147483647"/>
</pin_list>
<bind>
<StgValue><ssdm name="_ssdm_op_SpecPipeline"/></StgValue>
</bind>
</comp>

<comp id="76" class="1001" name="const_76">
<pin_list>
<pin id="77" dir="1" index="0" bw="1" slack="2147483647"/>
</pin_list>
<bind>
<StgValue><ssdm name=""/></StgValue>
</bind>
</comp>

<comp id="78" class="1001" name="const_78">
<pin_list>
<pin id="79" dir="1" index="0" bw="1" slack="2147483647"/>
</pin_list>
<bind>
<StgValue><ssdm name=""/></StgValue>
</bind>
</comp>

<comp id="80" class="1001" name="const_80">
<pin_list>
<pin id="81" dir="1" index="0" bw="1" slack="2147483647"/>
</pin_list>
<bind>
<StgValue><ssdm name="empty"/></StgValue>
</bind>
</comp>

<comp id="82" class="1001" name="const_82">
<pin_list>
<pin id="83" dir="1" index="0" bw="1" slack="2147483647"/>
</pin_list>
<bind>
<StgValue><ssdm name="_ssdm_op_SpecLoopTripCount"/></StgValue>
</bind>
</comp>

<comp id="84" class="1001" name="const_84">
<pin_list>
<pin id="85" dir="1" index="0" bw="1" slack="2147483647"/>
</pin_list>
<bind>
<StgValue><ssdm name=""/></StgValue>
</bind>
</comp>

<comp id="86" class="1001" name="const_86">
<pin_list>
<pin id="87" dir="1" index="0" bw="1" slack="2147483647"/>
</pin_list>
<bind>
<StgValue><ssdm name="_ssdm_op_SpecLoopName"/></StgValue>
</bind>
</comp>

<comp id="88" class="1001" name="const_88">
<pin_list>
<pin id="89" dir="1" index="0" bw="1" slack="2147483647"/>
</pin_list>
<bind>
<StgValue><ssdm name="empty_24"/></StgValue>
</bind>
</comp>

<comp id="90" class="1001" name="const_90">
<pin_list>
<pin id="91" dir="1" index="0" bw="1" slack="0"/>
</pin_list>
<bind>
<StgValue><ssdm name="_ssdm_op_SparseMux.ap_auto.16i32.i32.i4"/></StgValue>
</bind>
</comp>

<comp id="92" class="1001" name="const_92">
<pin_list>
<pin id="93" dir="1" index="0" bw="1" slack="0"/>
</pin_list>
<bind>
<StgValue><ssdm name=""/></StgValue>
</bind>
</comp>

<comp id="94" class="1001" name="const_94">
<pin_list>
<pin id="95" dir="1" index="0" bw="1" slack="0"/>
</pin_list>
<bind>
<StgValue><ssdm name=""/></StgValue>
</bind>
</comp>

<comp id="96" class="1001" name="const_96">
<pin_list>
<pin id="97" dir="1" index="0" bw="1" slack="0"/>
</pin_list>
<bind>
<StgValue><ssdm name=""/></StgValue>
</bind>
</comp>

<comp id="98" class="1001" name="const_98">
<pin_list>
<pin id="99" dir="1" index="0" bw="1" slack="0"/>
</pin_list>
<bind>
<StgValue><ssdm name=""/></StgValue>
</bind>
</comp>

<comp id="100" class="1001" name="const_100">
<pin_list>
<pin id="101" dir="1" index="0" bw="1" slack="0"/>
</pin_list>
<bind>
<StgValue><ssdm name=""/></StgValue>
</bind>
</comp>

<comp id="102" class="1001" name="const_102">
<pin_list>
<pin id="103" dir="1" index="0" bw="1" slack="0"/>
</pin_list>
<bind>
<StgValue><ssdm name=""/></StgValue>
</bind>
</comp>

<comp id="104" class="1001" name="const_104">
<pin_list>
<pin id="105" dir="1" index="0" bw="1" slack="0"/>
</pin_list>
<bind>
<StgValue><ssdm name=""/></StgValue>
</bind>
</comp>

<comp id="106" class="1001" name="const_106">
<pin_list>
<pin id="107" dir="1" index="0" bw="1" slack="0"/>
</pin_list>
<bind>
<StgValue><ssdm name=""/></StgValue>
</bind>
</comp>

<comp id="108" class="1001" name="const_108">
<pin_list>
<pin id="109" dir="1" index="0" bw="1" slack="0"/>
</pin_list>
<bind>
<StgValue><ssdm name=""/></StgValue>
</bind>
</comp>

<comp id="110" class="1001" name="const_110">
<pin_list>
<pin id="111" dir="1" index="0" bw="1" slack="0"/>
</pin_list>
<bind>
<StgValue><ssdm name=""/></StgValue>
</bind>
</comp>

<comp id="112" class="1001" name="const_112">
<pin_list>
<pin id="113" dir="1" index="0" bw="1" slack="0"/>
</pin_list>
<bind>
<StgValue><ssdm name=""/></StgValue>
</bind>
</comp>

<comp id="114" class="1001" name="const_114">
<pin_list>
<pin id="115" dir="1" index="0" bw="1" slack="0"/>
</pin_list>
<bind>
<StgValue><ssdm name=""/></StgValue>
</bind>
</comp>

<comp id="116" class="1001" name="const_116">
<pin_list>
<pin id="117" dir="1" index="0" bw="1" slack="0"/>
</pin_list>
<bind>
<StgValue><ssdm name=""/></StgValue>
</bind>
</comp>

<comp id="118" class="1001" name="const_118">
<pin_list>
<pin id="119" dir="1" index="0" bw="1" slack="0"/>
</pin_list>
<bind>
<StgValue><ssdm name=""/></StgValue>
</bind>
</comp>

<comp id="120" class="1001" name="const_120">
<pin_list>
<pin id="121" dir="1" index="0" bw="1" slack="0"/>
</pin_list>
<bind>
<StgValue><ssdm name=""/></StgValue>
</bind>
</comp>

<comp id="122" class="1001" name="const_122">
<pin_list>
<pin id="123" dir="1" index="0" bw="1" slack="0"/>
</pin_list>
<bind>
<StgValue><ssdm name=""/></StgValue>
</bind>
</comp>

<comp id="124" class="1001" name="const_124">
<pin_list>
<pin id="125" dir="1" index="0" bw="1" slack="0"/>
</pin_list>
<bind>
<StgValue><ssdm name=""/></StgValue>
</bind>
</comp>

<comp id="126" class="1001" name="const_126">
<pin_list>
<pin id="127" dir="1" index="0" bw="1" slack="0"/>
</pin_list>
<bind>
<StgValue><ssdm name="_ssdm_op_Write.ap_auto.i32P0A"/></StgValue>
</bind>
</comp>

<comp id="128" class="1004" name="i_fu_128">
<pin_list>
<pin id="129" dir="0" index="0" bw="1" slack="0"/>
<pin id="130" dir="1" index="1" bw="5" slack="0"/>
</pin_list>
<bind>
<opcode="alloca(26) " fcode="alloca"/>
<opset="i/1 "/>
</bind>
</comp>

<comp id="132" class="1004" name="w_fu_132">
<pin_list>
<pin id="133" dir="0" index="0" bw="1" slack="0"/>
<pin id="134" dir="1" index="1" bw="32" slack="0"/>
</pin_list>
<bind>
<opcode="alloca(26) " fcode="alloca"/>
<opset="w/1 "/>
</bind>
</comp>

<comp id="136" class="1004" name="w_1_fu_136">
<pin_list>
<pin id="137" dir="0" index="0" bw="1" slack="0"/>
<pin id="138" dir="1" index="1" bw="32" slack="0"/>
</pin_list>
<bind>
<opcode="alloca(26) " fcode="alloca"/>
<opset="w_1/1 "/>
</bind>
</comp>

<comp id="140" class="1004" name="w_2_fu_140">
<pin_list>
<pin id="141" dir="0" index="0" bw="1" slack="0"/>
<pin id="142" dir="1" index="1" bw="32" slack="0"/>
</pin_list>
<bind>
<opcode="alloca(26) " fcode="alloca"/>
<opset="w_2/1 "/>
</bind>
</comp>

<comp id="144" class="1004" name="w_3_fu_144">
<pin_list>
<pin id="145" dir="0" index="0" bw="1" slack="0"/>
<pin id="146" dir="1" index="1" bw="32" slack="0"/>
</pin_list>
<bind>
<opcode="alloca(26) " fcode="alloca"/>
<opset="w_3/1 "/>
</bind>
</comp>

<comp id="148" class="1004" name="w_4_fu_148">
<pin_list>
<pin id="149" dir="0" index="0" bw="1" slack="0"/>
<pin id="150" dir="1" index="1" bw="32" slack="0"/>
</pin_list>
<bind>
<opcode="alloca(26) " fcode="alloca"/>
<opset="w_4/1 "/>
</bind>
</comp>

<comp id="152" class="1004" name="w_5_fu_152">
<pin_list>
<pin id="153" dir="0" index="0" bw="1" slack="0"/>
<pin id="154" dir="1" index="1" bw="32" slack="0"/>
</pin_list>
<bind>
<opcode="alloca(26) " fcode="alloca"/>
<opset="w_5/1 "/>
</bind>
</comp>

<comp id="156" class="1004" name="w_6_fu_156">
<pin_list>
<pin id="157" dir="0" index="0" bw="1" slack="0"/>
<pin id="158" dir="1" index="1" bw="32" slack="0"/>
</pin_list>
<bind>
<opcode="alloca(26) " fcode="alloca"/>
<opset="w_6/1 "/>
</bind>
</comp>

<comp id="160" class="1004" name="w_7_fu_160">
<pin_list>
<pin id="161" dir="0" index="0" bw="1" slack="0"/>
<pin id="162" dir="1" index="1" bw="32" slack="0"/>
</pin_list>
<bind>
<opcode="alloca(26) " fcode="alloca"/>
<opset="w_7/1 "/>
</bind>
</comp>

<comp id="164" class="1004" name="w_8_fu_164">
<pin_list>
<pin id="165" dir="0" index="0" bw="1" slack="0"/>
<pin id="166" dir="1" index="1" bw="32" slack="0"/>
</pin_list>
<bind>
<opcode="alloca(26) " fcode="alloca"/>
<opset="w_8/1 "/>
</bind>
</comp>

<comp id="168" class="1004" name="w_9_fu_168">
<pin_list>
<pin id="169" dir="0" index="0" bw="1" slack="0"/>
<pin id="170" dir="1" index="1" bw="32" slack="0"/>
</pin_list>
<bind>
<opcode="alloca(26) " fcode="alloca"/>
<opset="w_9/1 "/>
</bind>
</comp>

<comp id="172" class="1004" name="w_10_fu_172">
<pin_list>
<pin id="173" dir="0" index="0" bw="1" slack="0"/>
<pin id="174" dir="1" index="1" bw="32" slack="0"/>
</pin_list>
<bind>
<opcode="alloca(26) " fcode="alloca"/>
<opset="w_10/1 "/>
</bind>
</comp>

<comp id="176" class="1004" name="w_11_fu_176">
<pin_list>
<pin id="177" dir="0" index="0" bw="1" slack="0"/>
<pin id="178" dir="1" index="1" bw="32" slack="0"/>
</pin_list>
<bind>
<opcode="alloca(26) " fcode="alloca"/>
<opset="w_11/1 "/>
</bind>
</comp>

<comp id="180" class="1004" name="w_12_fu_180">
<pin_list>
<pin id="181" dir="0" index="0" bw="1" slack="0"/>
<pin id="182" dir="1" index="1" bw="32" slack="0"/>
</pin_list>
<bind>
<opcode="alloca(26) " fcode="alloca"/>
<opset="w_12/1 "/>
</bind>
</comp>

<comp id="184" class="1004" name="w_13_fu_184">
<pin_list>
<pin id="185" dir="0" index="0" bw="1" slack="0"/>
<pin id="186" dir="1" index="1" bw="32" slack="0"/>
</pin_list>
<bind>
<opcode="alloca(26) " fcode="alloca"/>
<opset="w_13/1 "/>
</bind>
</comp>

<comp id="188" class="1004" name="w_14_fu_188">
<pin_list>
<pin id="189" dir="0" index="0" bw="1" slack="0"/>
<pin id="190" dir="1" index="1" bw="32" slack="0"/>
</pin_list>
<bind>
<opcode="alloca(26) " fcode="alloca"/>
<opset="w_14/1 "/>
</bind>
</comp>

<comp id="192" class="1004" name="w_15_fu_192">
<pin_list>
<pin id="193" dir="0" index="0" bw="1" slack="0"/>
<pin id="194" dir="1" index="1" bw="32" slack="0"/>
</pin_list>
<bind>
<opcode="alloca(26) " fcode="alloca"/>
<opset="w_15/1 "/>
</bind>
</comp>

<comp id="196" class="1004" name="block_words_15_val_read_read_fu_196">
<pin_list>
<pin id="197" dir="0" index="0" bw="32" slack="0"/>
<pin id="198" dir="0" index="1" bw="32" slack="0"/>
<pin id="199" dir="1" index="2" bw="32" slack="0"/>
</pin_list>
<bind>
<opcode="read(1150) " fcode="read"/>
<opset="block_words_15_val_read/1 "/>
</bind>
</comp>

<comp id="202" class="1004" name="block_words_14_val_read_read_fu_202">
<pin_list>
<pin id="203" dir="0" index="0" bw="32" slack="0"/>
<pin id="204" dir="0" index="1" bw="32" slack="0"/>
<pin id="205" dir="1" index="2" bw="32" slack="0"/>
</pin_list>
<bind>
<opcode="read(1150) " fcode="read"/>
<opset="block_words_14_val_read/1 "/>
</bind>
</comp>

<comp id="208" class="1004" name="block_words_13_val_read_read_fu_208">
<pin_list>
<pin id="209" dir="0" index="0" bw="32" slack="0"/>
<pin id="210" dir="0" index="1" bw="32" slack="0"/>
<pin id="211" dir="1" index="2" bw="32" slack="0"/>
</pin_list>
<bind>
<opcode="read(1150) " fcode="read"/>
<opset="block_words_13_val_read/1 "/>
</bind>
</comp>

<comp id="214" class="1004" name="block_words_12_val_read_read_fu_214">
<pin_list>
<pin id="215" dir="0" index="0" bw="32" slack="0"/>
<pin id="216" dir="0" index="1" bw="32" slack="0"/>
<pin id="217" dir="1" index="2" bw="32" slack="0"/>
</pin_list>
<bind>
<opcode="read(1150) " fcode="read"/>
<opset="block_words_12_val_read/1 "/>
</bind>
</comp>

<comp id="220" class="1004" name="block_words_11_val_read_read_fu_220">
<pin_list>
<pin id="221" dir="0" index="0" bw="32" slack="0"/>
<pin id="222" dir="0" index="1" bw="32" slack="0"/>
<pin id="223" dir="1" index="2" bw="32" slack="0"/>
</pin_list>
<bind>
<opcode="read(1150) " fcode="read"/>
<opset="block_words_11_val_read/1 "/>
</bind>
</comp>

<comp id="226" class="1004" name="block_words_10_val_read_read_fu_226">
<pin_list>
<pin id="227" dir="0" index="0" bw="32" slack="0"/>
<pin id="228" dir="0" index="1" bw="32" slack="0"/>
<pin id="229" dir="1" index="2" bw="32" slack="0"/>
</pin_list>
<bind>
<opcode="read(1150) " fcode="read"/>
<opset="block_words_10_val_read/1 "/>
</bind>
</comp>

<comp id="232" class="1004" name="block_words_9_val_read_read_fu_232">
<pin_list>
<pin id="233" dir="0" index="0" bw="32" slack="0"/>
<pin id="234" dir="0" index="1" bw="32" slack="0"/>
<pin id="235" dir="1" index="2" bw="32" slack="0"/>
</pin_list>
<bind>
<opcode="read(1150) " fcode="read"/>
<opset="block_words_9_val_read/1 "/>
</bind>
</comp>

<comp id="238" class="1004" name="block_words_8_val_read_read_fu_238">
<pin_list>
<pin id="239" dir="0" index="0" bw="32" slack="0"/>
<pin id="240" dir="0" index="1" bw="32" slack="0"/>
<pin id="241" dir="1" index="2" bw="32" slack="0"/>
</pin_list>
<bind>
<opcode="read(1150) " fcode="read"/>
<opset="block_words_8_val_read/1 "/>
</bind>
</comp>

<comp id="244" class="1004" name="block_words_7_val_read_read_fu_244">
<pin_list>
<pin id="245" dir="0" index="0" bw="32" slack="0"/>
<pin id="246" dir="0" index="1" bw="32" slack="0"/>
<pin id="247" dir="1" index="2" bw="32" slack="0"/>
</pin_list>
<bind>
<opcode="read(1150) " fcode="read"/>
<opset="block_words_7_val_read/1 "/>
</bind>
</comp>

<comp id="250" class="1004" name="block_words_6_val_read_read_fu_250">
<pin_list>
<pin id="251" dir="0" index="0" bw="32" slack="0"/>
<pin id="252" dir="0" index="1" bw="32" slack="0"/>
<pin id="253" dir="1" index="2" bw="32" slack="0"/>
</pin_list>
<bind>
<opcode="read(1150) " fcode="read"/>
<opset="block_words_6_val_read/1 "/>
</bind>
</comp>

<comp id="256" class="1004" name="block_words_5_val_read_read_fu_256">
<pin_list>
<pin id="257" dir="0" index="0" bw="32" slack="0"/>
<pin id="258" dir="0" index="1" bw="32" slack="0"/>
<pin id="259" dir="1" index="2" bw="32" slack="0"/>
</pin_list>
<bind>
<opcode="read(1150) " fcode="read"/>
<opset="block_words_5_val_read/1 "/>
</bind>
</comp>

<comp id="262" class="1004" name="block_words_4_val_read_read_fu_262">
<pin_list>
<pin id="263" dir="0" index="0" bw="32" slack="0"/>
<pin id="264" dir="0" index="1" bw="32" slack="0"/>
<pin id="265" dir="1" index="2" bw="32" slack="0"/>
</pin_list>
<bind>
<opcode="read(1150) " fcode="read"/>
<opset="block_words_4_val_read/1 "/>
</bind>
</comp>

<comp id="268" class="1004" name="block_words_3_val_read_read_fu_268">
<pin_list>
<pin id="269" dir="0" index="0" bw="32" slack="0"/>
<pin id="270" dir="0" index="1" bw="32" slack="0"/>
<pin id="271" dir="1" index="2" bw="32" slack="0"/>
</pin_list>
<bind>
<opcode="read(1150) " fcode="read"/>
<opset="block_words_3_val_read/1 "/>
</bind>
</comp>

<comp id="274" class="1004" name="block_words_2_val_read_read_fu_274">
<pin_list>
<pin id="275" dir="0" index="0" bw="32" slack="0"/>
<pin id="276" dir="0" index="1" bw="32" slack="0"/>
<pin id="277" dir="1" index="2" bw="32" slack="0"/>
</pin_list>
<bind>
<opcode="read(1150) " fcode="read"/>
<opset="block_words_2_val_read/1 "/>
</bind>
</comp>

<comp id="280" class="1004" name="block_words_1_val_read_read_fu_280">
<pin_list>
<pin id="281" dir="0" index="0" bw="32" slack="0"/>
<pin id="282" dir="0" index="1" bw="32" slack="0"/>
<pin id="283" dir="1" index="2" bw="32" slack="0"/>
</pin_list>
<bind>
<opcode="read(1150) " fcode="read"/>
<opset="block_words_1_val_read/1 "/>
</bind>
</comp>

<comp id="286" class="1004" name="block_words_0_val_read_read_fu_286">
<pin_list>
<pin id="287" dir="0" index="0" bw="32" slack="0"/>
<pin id="288" dir="0" index="1" bw="32" slack="0"/>
<pin id="289" dir="1" index="2" bw="32" slack="0"/>
</pin_list>
<bind>
<opcode="read(1150) " fcode="read"/>
<opset="block_words_0_val_read/1 "/>
</bind>
</comp>

<comp id="292" class="1004" name="write_ln0_write_fu_292">
<pin_list>
<pin id="293" dir="0" index="0" bw="0" slack="0"/>
<pin id="294" dir="0" index="1" bw="32" slack="0"/>
<pin id="295" dir="0" index="2" bw="32" slack="0"/>
<pin id="296" dir="1" index="3" bw="0" slack="2147483647"/>
</pin_list>
<bind>
<opcode="write(1151) " fcode="write"/>
<opset="write_ln0/1 "/>
</bind>
</comp>

<comp id="299" class="1004" name="write_ln0_write_fu_299">
<pin_list>
<pin id="300" dir="0" index="0" bw="0" slack="0"/>
<pin id="301" dir="0" index="1" bw="32" slack="0"/>
<pin id="302" dir="0" index="2" bw="32" slack="0"/>
<pin id="303" dir="1" index="3" bw="0" slack="2147483647"/>
</pin_list>
<bind>
<opcode="write(1151) " fcode="write"/>
<opset="write_ln0/1 "/>
</bind>
</comp>

<comp id="306" class="1004" name="write_ln0_write_fu_306">
<pin_list>
<pin id="307" dir="0" index="0" bw="0" slack="0"/>
<pin id="308" dir="0" index="1" bw="32" slack="0"/>
<pin id="309" dir="0" index="2" bw="32" slack="0"/>
<pin id="310" dir="1" index="3" bw="0" slack="2147483647"/>
</pin_list>
<bind>
<opcode="write(1151) " fcode="write"/>
<opset="write_ln0/1 "/>
</bind>
</comp>

<comp id="313" class="1004" name="write_ln0_write_fu_313">
<pin_list>
<pin id="314" dir="0" index="0" bw="0" slack="0"/>
<pin id="315" dir="0" index="1" bw="32" slack="0"/>
<pin id="316" dir="0" index="2" bw="32" slack="0"/>
<pin id="317" dir="1" index="3" bw="0" slack="2147483647"/>
</pin_list>
<bind>
<opcode="write(1151) " fcode="write"/>
<opset="write_ln0/1 "/>
</bind>
</comp>

<comp id="320" class="1004" name="write_ln0_write_fu_320">
<pin_list>
<pin id="321" dir="0" index="0" bw="0" slack="0"/>
<pin id="322" dir="0" index="1" bw="32" slack="0"/>
<pin id="323" dir="0" index="2" bw="32" slack="0"/>
<pin id="324" dir="1" index="3" bw="0" slack="2147483647"/>
</pin_list>
<bind>
<opcode="write(1151) " fcode="write"/>
<opset="write_ln0/1 "/>
</bind>
</comp>

<comp id="327" class="1004" name="write_ln0_write_fu_327">
<pin_list>
<pin id="328" dir="0" index="0" bw="0" slack="0"/>
<pin id="329" dir="0" index="1" bw="32" slack="0"/>
<pin id="330" dir="0" index="2" bw="32" slack="0"/>
<pin id="331" dir="1" index="3" bw="0" slack="2147483647"/>
</pin_list>
<bind>
<opcode="write(1151) " fcode="write"/>
<opset="write_ln0/1 "/>
</bind>
</comp>

<comp id="334" class="1004" name="write_ln0_write_fu_334">
<pin_list>
<pin id="335" dir="0" index="0" bw="0" slack="0"/>
<pin id="336" dir="0" index="1" bw="32" slack="0"/>
<pin id="337" dir="0" index="2" bw="32" slack="0"/>
<pin id="338" dir="1" index="3" bw="0" slack="2147483647"/>
</pin_list>
<bind>
<opcode="write(1151) " fcode="write"/>
<opset="write_ln0/1 "/>
</bind>
</comp>

<comp id="341" class="1004" name="write_ln0_write_fu_341">
<pin_list>
<pin id="342" dir="0" index="0" bw="0" slack="0"/>
<pin id="343" dir="0" index="1" bw="32" slack="0"/>
<pin id="344" dir="0" index="2" bw="32" slack="0"/>
<pin id="345" dir="1" index="3" bw="0" slack="2147483647"/>
</pin_list>
<bind>
<opcode="write(1151) " fcode="write"/>
<opset="write_ln0/1 "/>
</bind>
</comp>

<comp id="348" class="1004" name="write_ln0_write_fu_348">
<pin_list>
<pin id="349" dir="0" index="0" bw="0" slack="0"/>
<pin id="350" dir="0" index="1" bw="32" slack="0"/>
<pin id="351" dir="0" index="2" bw="32" slack="0"/>
<pin id="352" dir="1" index="3" bw="0" slack="2147483647"/>
</pin_list>
<bind>
<opcode="write(1151) " fcode="write"/>
<opset="write_ln0/1 "/>
</bind>
</comp>

<comp id="355" class="1004" name="write_ln0_write_fu_355">
<pin_list>
<pin id="356" dir="0" index="0" bw="0" slack="0"/>
<pin id="357" dir="0" index="1" bw="32" slack="0"/>
<pin id="358" dir="0" index="2" bw="32" slack="0"/>
<pin id="359" dir="1" index="3" bw="0" slack="2147483647"/>
</pin_list>
<bind>
<opcode="write(1151) " fcode="write"/>
<opset="write_ln0/1 "/>
</bind>
</comp>

<comp id="362" class="1004" name="write_ln0_write_fu_362">
<pin_list>
<pin id="363" dir="0" index="0" bw="0" slack="0"/>
<pin id="364" dir="0" index="1" bw="32" slack="0"/>
<pin id="365" dir="0" index="2" bw="32" slack="0"/>
<pin id="366" dir="1" index="3" bw="0" slack="2147483647"/>
</pin_list>
<bind>
<opcode="write(1151) " fcode="write"/>
<opset="write_ln0/1 "/>
</bind>
</comp>

<comp id="369" class="1004" name="write_ln0_write_fu_369">
<pin_list>
<pin id="370" dir="0" index="0" bw="0" slack="0"/>
<pin id="371" dir="0" index="1" bw="32" slack="0"/>
<pin id="372" dir="0" index="2" bw="32" slack="0"/>
<pin id="373" dir="1" index="3" bw="0" slack="2147483647"/>
</pin_list>
<bind>
<opcode="write(1151) " fcode="write"/>
<opset="write_ln0/1 "/>
</bind>
</comp>

<comp id="376" class="1004" name="write_ln0_write_fu_376">
<pin_list>
<pin id="377" dir="0" index="0" bw="0" slack="0"/>
<pin id="378" dir="0" index="1" bw="32" slack="0"/>
<pin id="379" dir="0" index="2" bw="32" slack="0"/>
<pin id="380" dir="1" index="3" bw="0" slack="2147483647"/>
</pin_list>
<bind>
<opcode="write(1151) " fcode="write"/>
<opset="write_ln0/1 "/>
</bind>
</comp>

<comp id="383" class="1004" name="write_ln0_write_fu_383">
<pin_list>
<pin id="384" dir="0" index="0" bw="0" slack="0"/>
<pin id="385" dir="0" index="1" bw="32" slack="0"/>
<pin id="386" dir="0" index="2" bw="32" slack="0"/>
<pin id="387" dir="1" index="3" bw="0" slack="2147483647"/>
</pin_list>
<bind>
<opcode="write(1151) " fcode="write"/>
<opset="write_ln0/1 "/>
</bind>
</comp>

<comp id="390" class="1004" name="write_ln0_write_fu_390">
<pin_list>
<pin id="391" dir="0" index="0" bw="0" slack="0"/>
<pin id="392" dir="0" index="1" bw="32" slack="0"/>
<pin id="393" dir="0" index="2" bw="32" slack="0"/>
<pin id="394" dir="1" index="3" bw="0" slack="2147483647"/>
</pin_list>
<bind>
<opcode="write(1151) " fcode="write"/>
<opset="write_ln0/1 "/>
</bind>
</comp>

<comp id="397" class="1004" name="write_ln0_write_fu_397">
<pin_list>
<pin id="398" dir="0" index="0" bw="0" slack="0"/>
<pin id="399" dir="0" index="1" bw="32" slack="0"/>
<pin id="400" dir="0" index="2" bw="32" slack="0"/>
<pin id="401" dir="1" index="3" bw="0" slack="2147483647"/>
</pin_list>
<bind>
<opcode="write(1151) " fcode="write"/>
<opset="write_ln0/1 "/>
</bind>
</comp>

<comp id="404" class="1004" name="store_ln118_store_fu_404">
<pin_list>
<pin id="405" dir="0" index="0" bw="1" slack="0"/>
<pin id="406" dir="0" index="1" bw="5" slack="0"/>
<pin id="407" dir="1" index="2" bw="0" slack="2147483647"/>
</pin_list>
<bind>
<opcode="store(28) " fcode="store"/>
<opset="store_ln118/1 "/>
</bind>
</comp>

<comp id="409" class="1004" name="i_3_load_fu_409">
<pin_list>
<pin id="410" dir="0" index="0" bw="5" slack="0"/>
<pin id="411" dir="1" index="1" bw="5" slack="0"/>
</pin_list>
<bind>
<opcode="load(27) " fcode="load"/>
<opset="i_3/1 "/>
</bind>
</comp>

<comp id="412" class="1004" name="icmp_ln118_fu_412">
<pin_list>
<pin id="413" dir="0" index="0" bw="5" slack="0"/>
<pin id="414" dir="0" index="1" bw="5" slack="0"/>
<pin id="415" dir="1" index="2" bw="1" slack="2147483647"/>
</pin_list>
<bind>
<opcode="icmp(45) " fcode="icmp"/>
<opset="icmp_ln118/1 "/>
</bind>
</comp>

<comp id="418" class="1004" name="add_ln118_fu_418">
<pin_list>
<pin id="419" dir="0" index="0" bw="5" slack="0"/>
<pin id="420" dir="0" index="1" bw="1" slack="0"/>
<pin id="421" dir="1" index="2" bw="5" slack="0"/>
</pin_list>
<bind>
<opcode="add(8) " fcode="add"/>
<opset="add_ln118/1 "/>
</bind>
</comp>

<comp id="424" class="1004" name="trunc_ln118_fu_424">
<pin_list>
<pin id="425" dir="0" index="0" bw="5" slack="0"/>
<pin id="426" dir="1" index="1" bw="4" slack="0"/>
</pin_list>
<bind>
<opcode="trunc(33) " fcode="trunc"/>
<opset="trunc_ln118/1 "/>
</bind>
</comp>

<comp id="428" class="1004" name="w_49_fu_428">
<pin_list>
<pin id="429" dir="0" index="0" bw="32" slack="0"/>
<pin id="430" dir="0" index="1" bw="4" slack="0"/>
<pin id="431" dir="0" index="2" bw="32" slack="0"/>
<pin id="432" dir="0" index="3" bw="4" slack="0"/>
<pin id="433" dir="0" index="4" bw="32" slack="0"/>
<pin id="434" dir="0" index="5" bw="4" slack="0"/>
<pin id="435" dir="0" index="6" bw="32" slack="0"/>
<pin id="436" dir="0" index="7" bw="4" slack="0"/>
<pin id="437" dir="0" index="8" bw="32" slack="0"/>
<pin id="438" dir="0" index="9" bw="4" slack="0"/>
<pin id="439" dir="0" index="10" bw="32" slack="0"/>
<pin id="440" dir="0" index="11" bw="4" slack="0"/>
<pin id="441" dir="0" index="12" bw="32" slack="0"/>
<pin id="442" dir="0" index="13" bw="4" slack="0"/>
<pin id="443" dir="0" index="14" bw="32" slack="0"/>
<pin id="444" dir="0" index="15" bw="4" slack="0"/>
<pin id="445" dir="0" index="16" bw="32" slack="0"/>
<pin id="446" dir="0" index="17" bw="4" slack="0"/>
<pin id="447" dir="0" index="18" bw="32" slack="0"/>
<pin id="448" dir="0" index="19" bw="4" slack="0"/>
<pin id="449" dir="0" index="20" bw="32" slack="0"/>
<pin id="450" dir="0" index="21" bw="4" slack="0"/>
<pin id="451" dir="0" index="22" bw="32" slack="0"/>
<pin id="452" dir="0" index="23" bw="4" slack="0"/>
<pin id="453" dir="0" index="24" bw="32" slack="0"/>
<pin id="454" dir="0" index="25" bw="4" slack="0"/>
<pin id="455" dir="0" index="26" bw="32" slack="0"/>
<pin id="456" dir="0" index="27" bw="4" slack="0"/>
<pin id="457" dir="0" index="28" bw="32" slack="0"/>
<pin id="458" dir="0" index="29" bw="4" slack="0"/>
<pin id="459" dir="0" index="30" bw="32" slack="0"/>
<pin id="460" dir="0" index="31" bw="4" slack="0"/>
<pin id="461" dir="0" index="32" bw="32" slack="0"/>
<pin id="462" dir="0" index="33" bw="32" slack="0"/>
<pin id="463" dir="0" index="34" bw="4" slack="0"/>
<pin id="464" dir="1" index="35" bw="32" slack="0"/>
</pin_list>
<bind>
<opcode="sparsemux(1197) " fcode="sparsemux"/>
<opset="w_49/1 "/>
</bind>
</comp>

<comp id="500" class="1004" name="switch_ln120_fu_500">
<pin_list>
<pin id="501" dir="0" index="0" bw="4" slack="0"/>
<pin id="502" dir="0" index="1" bw="1" slack="0"/>
<pin id="503" dir="0" index="2" bw="1" slack="0"/>
<pin id="504" dir="0" index="3" bw="3" slack="0"/>
<pin id="505" dir="0" index="4" bw="3" slack="0"/>
<pin id="506" dir="0" index="5" bw="4" slack="0"/>
<pin id="507" dir="0" index="6" bw="4" slack="0"/>
<pin id="508" dir="0" index="7" bw="4" slack="0"/>
<pin id="509" dir="0" index="8" bw="4" slack="0"/>
<pin id="510" dir="0" index="9" bw="4" slack="0"/>
<pin id="511" dir="0" index="10" bw="4" slack="0"/>
<pin id="512" dir="0" index="11" bw="4" slack="0"/>
<pin id="513" dir="0" index="12" bw="4" slack="0"/>
<pin id="514" dir="0" index="13" bw="3" slack="0"/>
<pin id="515" dir="0" index="14" bw="3" slack="0"/>
<pin id="516" dir="0" index="15" bw="2" slack="0"/>
<pin id="517" dir="1" index="16" bw="0" slack="2147483647"/>
</pin_list>
<bind>
<opcode="switch(3) " fcode="switch"/>
<opset="switch_ln120/1 "/>
</bind>
</comp>

<comp id="534" class="1004" name="store_ln114_store_fu_534">
<pin_list>
<pin id="535" dir="0" index="0" bw="32" slack="0"/>
<pin id="536" dir="0" index="1" bw="32" slack="0"/>
<pin id="537" dir="1" index="2" bw="0" slack="2147483647"/>
</pin_list>
<bind>
<opcode="store(28) " fcode="store"/>
<opset="store_ln114/1 "/>
</bind>
</comp>

<comp id="539" class="1004" name="store_ln114_store_fu_539">
<pin_list>
<pin id="540" dir="0" index="0" bw="32" slack="0"/>
<pin id="541" dir="0" index="1" bw="32" slack="0"/>
<pin id="542" dir="1" index="2" bw="0" slack="2147483647"/>
</pin_list>
<bind>
<opcode="store(28) " fcode="store"/>
<opset="store_ln114/1 "/>
</bind>
</comp>

<comp id="544" class="1004" name="store_ln114_store_fu_544">
<pin_list>
<pin id="545" dir="0" index="0" bw="32" slack="0"/>
<pin id="546" dir="0" index="1" bw="32" slack="0"/>
<pin id="547" dir="1" index="2" bw="0" slack="2147483647"/>
</pin_list>
<bind>
<opcode="store(28) " fcode="store"/>
<opset="store_ln114/1 "/>
</bind>
</comp>

<comp id="549" class="1004" name="store_ln114_store_fu_549">
<pin_list>
<pin id="550" dir="0" index="0" bw="32" slack="0"/>
<pin id="551" dir="0" index="1" bw="32" slack="0"/>
<pin id="552" dir="1" index="2" bw="0" slack="2147483647"/>
</pin_list>
<bind>
<opcode="store(28) " fcode="store"/>
<opset="store_ln114/1 "/>
</bind>
</comp>

<comp id="554" class="1004" name="store_ln114_store_fu_554">
<pin_list>
<pin id="555" dir="0" index="0" bw="32" slack="0"/>
<pin id="556" dir="0" index="1" bw="32" slack="0"/>
<pin id="557" dir="1" index="2" bw="0" slack="2147483647"/>
</pin_list>
<bind>
<opcode="store(28) " fcode="store"/>
<opset="store_ln114/1 "/>
</bind>
</comp>

<comp id="559" class="1004" name="store_ln114_store_fu_559">
<pin_list>
<pin id="560" dir="0" index="0" bw="32" slack="0"/>
<pin id="561" dir="0" index="1" bw="32" slack="0"/>
<pin id="562" dir="1" index="2" bw="0" slack="2147483647"/>
</pin_list>
<bind>
<opcode="store(28) " fcode="store"/>
<opset="store_ln114/1 "/>
</bind>
</comp>

<comp id="564" class="1004" name="store_ln114_store_fu_564">
<pin_list>
<pin id="565" dir="0" index="0" bw="32" slack="0"/>
<pin id="566" dir="0" index="1" bw="32" slack="0"/>
<pin id="567" dir="1" index="2" bw="0" slack="2147483647"/>
</pin_list>
<bind>
<opcode="store(28) " fcode="store"/>
<opset="store_ln114/1 "/>
</bind>
</comp>

<comp id="569" class="1004" name="store_ln114_store_fu_569">
<pin_list>
<pin id="570" dir="0" index="0" bw="32" slack="0"/>
<pin id="571" dir="0" index="1" bw="32" slack="0"/>
<pin id="572" dir="1" index="2" bw="0" slack="2147483647"/>
</pin_list>
<bind>
<opcode="store(28) " fcode="store"/>
<opset="store_ln114/1 "/>
</bind>
</comp>

<comp id="574" class="1004" name="store_ln114_store_fu_574">
<pin_list>
<pin id="575" dir="0" index="0" bw="32" slack="0"/>
<pin id="576" dir="0" index="1" bw="32" slack="0"/>
<pin id="577" dir="1" index="2" bw="0" slack="2147483647"/>
</pin_list>
<bind>
<opcode="store(28) " fcode="store"/>
<opset="store_ln114/1 "/>
</bind>
</comp>

<comp id="579" class="1004" name="store_ln114_store_fu_579">
<pin_list>
<pin id="580" dir="0" index="0" bw="32" slack="0"/>
<pin id="581" dir="0" index="1" bw="32" slack="0"/>
<pin id="582" dir="1" index="2" bw="0" slack="2147483647"/>
</pin_list>
<bind>
<opcode="store(28) " fcode="store"/>
<opset="store_ln114/1 "/>
</bind>
</comp>

<comp id="584" class="1004" name="store_ln114_store_fu_584">
<pin_list>
<pin id="585" dir="0" index="0" bw="32" slack="0"/>
<pin id="586" dir="0" index="1" bw="32" slack="0"/>
<pin id="587" dir="1" index="2" bw="0" slack="2147483647"/>
</pin_list>
<bind>
<opcode="store(28) " fcode="store"/>
<opset="store_ln114/1 "/>
</bind>
</comp>

<comp id="589" class="1004" name="store_ln114_store_fu_589">
<pin_list>
<pin id="590" dir="0" index="0" bw="32" slack="0"/>
<pin id="591" dir="0" index="1" bw="32" slack="0"/>
<pin id="592" dir="1" index="2" bw="0" slack="2147483647"/>
</pin_list>
<bind>
<opcode="store(28) " fcode="store"/>
<opset="store_ln114/1 "/>
</bind>
</comp>

<comp id="594" class="1004" name="store_ln114_store_fu_594">
<pin_list>
<pin id="595" dir="0" index="0" bw="32" slack="0"/>
<pin id="596" dir="0" index="1" bw="32" slack="0"/>
<pin id="597" dir="1" index="2" bw="0" slack="2147483647"/>
</pin_list>
<bind>
<opcode="store(28) " fcode="store"/>
<opset="store_ln114/1 "/>
</bind>
</comp>

<comp id="599" class="1004" name="store_ln114_store_fu_599">
<pin_list>
<pin id="600" dir="0" index="0" bw="32" slack="0"/>
<pin id="601" dir="0" index="1" bw="32" slack="0"/>
<pin id="602" dir="1" index="2" bw="0" slack="2147483647"/>
</pin_list>
<bind>
<opcode="store(28) " fcode="store"/>
<opset="store_ln114/1 "/>
</bind>
</comp>

<comp id="604" class="1004" name="store_ln114_store_fu_604">
<pin_list>
<pin id="605" dir="0" index="0" bw="32" slack="0"/>
<pin id="606" dir="0" index="1" bw="32" slack="0"/>
<pin id="607" dir="1" index="2" bw="0" slack="2147483647"/>
</pin_list>
<bind>
<opcode="store(28) " fcode="store"/>
<opset="store_ln114/1 "/>
</bind>
</comp>

<comp id="609" class="1004" name="store_ln114_store_fu_609">
<pin_list>
<pin id="610" dir="0" index="0" bw="32" slack="0"/>
<pin id="611" dir="0" index="1" bw="32" slack="0"/>
<pin id="612" dir="1" index="2" bw="0" slack="2147483647"/>
</pin_list>
<bind>
<opcode="store(28) " fcode="store"/>
<opset="store_ln114/1 "/>
</bind>
</comp>

<comp id="614" class="1004" name="store_ln118_store_fu_614">
<pin_list>
<pin id="615" dir="0" index="0" bw="5" slack="0"/>
<pin id="616" dir="0" index="1" bw="5" slack="0"/>
<pin id="617" dir="1" index="2" bw="0" slack="2147483647"/>
</pin_list>
<bind>
<opcode="store(28) " fcode="store"/>
<opset="store_ln118/1 "/>
</bind>
</comp>

<comp id="619" class="1004" name="w_load_load_fu_619">
<pin_list>
<pin id="620" dir="0" index="0" bw="32" slack="0"/>
<pin id="621" dir="1" index="1" bw="32" slack="0"/>
</pin_list>
<bind>
<opcode="load(27) " fcode="load"/>
<opset="w_load/1 "/>
</bind>
</comp>

<comp id="623" class="1004" name="w_1_load_load_fu_623">
<pin_list>
<pin id="624" dir="0" index="0" bw="32" slack="0"/>
<pin id="625" dir="1" index="1" bw="32" slack="0"/>
</pin_list>
<bind>
<opcode="load(27) " fcode="load"/>
<opset="w_1_load/1 "/>
</bind>
</comp>

<comp id="627" class="1004" name="w_2_load_load_fu_627">
<pin_list>
<pin id="628" dir="0" index="0" bw="32" slack="0"/>
<pin id="629" dir="1" index="1" bw="32" slack="0"/>
</pin_list>
<bind>
<opcode="load(27) " fcode="load"/>
<opset="w_2_load/1 "/>
</bind>
</comp>

<comp id="631" class="1004" name="w_3_load_load_fu_631">
<pin_list>
<pin id="632" dir="0" index="0" bw="32" slack="0"/>
<pin id="633" dir="1" index="1" bw="32" slack="0"/>
</pin_list>
<bind>
<opcode="load(27) " fcode="load"/>
<opset="w_3_load/1 "/>
</bind>
</comp>

<comp id="635" class="1004" name="w_4_load_load_fu_635">
<pin_list>
<pin id="636" dir="0" index="0" bw="32" slack="0"/>
<pin id="637" dir="1" index="1" bw="32" slack="0"/>
</pin_list>
<bind>
<opcode="load(27) " fcode="load"/>
<opset="w_4_load/1 "/>
</bind>
</comp>

<comp id="639" class="1004" name="w_5_load_load_fu_639">
<pin_list>
<pin id="640" dir="0" index="0" bw="32" slack="0"/>
<pin id="641" dir="1" index="1" bw="32" slack="0"/>
</pin_list>
<bind>
<opcode="load(27) " fcode="load"/>
<opset="w_5_load/1 "/>
</bind>
</comp>

<comp id="643" class="1004" name="w_6_load_load_fu_643">
<pin_list>
<pin id="644" dir="0" index="0" bw="32" slack="0"/>
<pin id="645" dir="1" index="1" bw="32" slack="0"/>
</pin_list>
<bind>
<opcode="load(27) " fcode="load"/>
<opset="w_6_load/1 "/>
</bind>
</comp>

<comp id="647" class="1004" name="w_7_load_load_fu_647">
<pin_list>
<pin id="648" dir="0" index="0" bw="32" slack="0"/>
<pin id="649" dir="1" index="1" bw="32" slack="0"/>
</pin_list>
<bind>
<opcode="load(27) " fcode="load"/>
<opset="w_7_load/1 "/>
</bind>
</comp>

<comp id="651" class="1004" name="w_8_load_load_fu_651">
<pin_list>
<pin id="652" dir="0" index="0" bw="32" slack="0"/>
<pin id="653" dir="1" index="1" bw="32" slack="0"/>
</pin_list>
<bind>
<opcode="load(27) " fcode="load"/>
<opset="w_8_load/1 "/>
</bind>
</comp>

<comp id="655" class="1004" name="w_9_load_load_fu_655">
<pin_list>
<pin id="656" dir="0" index="0" bw="32" slack="0"/>
<pin id="657" dir="1" index="1" bw="32" slack="0"/>
</pin_list>
<bind>
<opcode="load(27) " fcode="load"/>
<opset="w_9_load/1 "/>
</bind>
</comp>

<comp id="659" class="1004" name="w_10_load_load_fu_659">
<pin_list>
<pin id="660" dir="0" index="0" bw="32" slack="0"/>
<pin id="661" dir="1" index="1" bw="32" slack="0"/>
</pin_list>
<bind>
<opcode="load(27) " fcode="load"/>
<opset="w_10_load/1 "/>
</bind>
</comp>

<comp id="663" class="1004" name="w_11_load_load_fu_663">
<pin_list>
<pin id="664" dir="0" index="0" bw="32" slack="0"/>
<pin id="665" dir="1" index="1" bw="32" slack="0"/>
</pin_list>
<bind>
<opcode="load(27) " fcode="load"/>
<opset="w_11_load/1 "/>
</bind>
</comp>

<comp id="667" class="1004" name="w_12_load_load_fu_667">
<pin_list>
<pin id="668" dir="0" index="0" bw="32" slack="0"/>
<pin id="669" dir="1" index="1" bw="32" slack="0"/>
</pin_list>
<bind>
<opcode="load(27) " fcode="load"/>
<opset="w_12_load/1 "/>
</bind>
</comp>

<comp id="671" class="1004" name="w_13_load_load_fu_671">
<pin_list>
<pin id="672" dir="0" index="0" bw="32" slack="0"/>
<pin id="673" dir="1" index="1" bw="32" slack="0"/>
</pin_list>
<bind>
<opcode="load(27) " fcode="load"/>
<opset="w_13_load/1 "/>
</bind>
</comp>

<comp id="675" class="1004" name="w_14_load_load_fu_675">
<pin_list>
<pin id="676" dir="0" index="0" bw="32" slack="0"/>
<pin id="677" dir="1" index="1" bw="32" slack="0"/>
</pin_list>
<bind>
<opcode="load(27) " fcode="load"/>
<opset="w_14_load/1 "/>
</bind>
</comp>

<comp id="679" class="1004" name="w_15_load_load_fu_679">
<pin_list>
<pin id="680" dir="0" index="0" bw="32" slack="0"/>
<pin id="681" dir="1" index="1" bw="32" slack="0"/>
</pin_list>
<bind>
<opcode="load(27) " fcode="load"/>
<opset="w_15_load/1 "/>
</bind>
</comp>

<comp id="683" class="1005" name="i_reg_683">
<pin_list>
<pin id="684" dir="0" index="0" bw="5" slack="0"/>
<pin id="685" dir="1" index="1" bw="5" slack="0"/>
</pin_list>
<bind>
<opset="i "/>
</bind>
</comp>

<comp id="690" class="1005" name="w_reg_690">
<pin_list>
<pin id="691" dir="0" index="0" bw="32" slack="0"/>
<pin id="692" dir="1" index="1" bw="32" slack="0"/>
</pin_list>
<bind>
<opset="w "/>
</bind>
</comp>

<comp id="696" class="1005" name="w_1_reg_696">
<pin_list>
<pin id="697" dir="0" index="0" bw="32" slack="0"/>
<pin id="698" dir="1" index="1" bw="32" slack="0"/>
</pin_list>
<bind>
<opset="w_1 "/>
</bind>
</comp>

<comp id="702" class="1005" name="w_2_reg_702">
<pin_list>
<pin id="703" dir="0" index="0" bw="32" slack="0"/>
<pin id="704" dir="1" index="1" bw="32" slack="0"/>
</pin_list>
<bind>
<opset="w_2 "/>
</bind>
</comp>

<comp id="708" class="1005" name="w_3_reg_708">
<pin_list>
<pin id="709" dir="0" index="0" bw="32" slack="0"/>
<pin id="710" dir="1" index="1" bw="32" slack="0"/>
</pin_list>
<bind>
<opset="w_3 "/>
</bind>
</comp>

<comp id="714" class="1005" name="w_4_reg_714">
<pin_list>
<pin id="715" dir="0" index="0" bw="32" slack="0"/>
<pin id="716" dir="1" index="1" bw="32" slack="0"/>
</pin_list>
<bind>
<opset="w_4 "/>
</bind>
</comp>

<comp id="720" class="1005" name="w_5_reg_720">
<pin_list>
<pin id="721" dir="0" index="0" bw="32" slack="0"/>
<pin id="722" dir="1" index="1" bw="32" slack="0"/>
</pin_list>
<bind>
<opset="w_5 "/>
</bind>
</comp>

<comp id="726" class="1005" name="w_6_reg_726">
<pin_list>
<pin id="727" dir="0" index="0" bw="32" slack="0"/>
<pin id="728" dir="1" index="1" bw="32" slack="0"/>
</pin_list>
<bind>
<opset="w_6 "/>
</bind>
</comp>

<comp id="732" class="1005" name="w_7_reg_732">
<pin_list>
<pin id="733" dir="0" index="0" bw="32" slack="0"/>
<pin id="734" dir="1" index="1" bw="32" slack="0"/>
</pin_list>
<bind>
<opset="w_7 "/>
</bind>
</comp>

<comp id="738" class="1005" name="w_8_reg_738">
<pin_list>
<pin id="739" dir="0" index="0" bw="32" slack="0"/>
<pin id="740" dir="1" index="1" bw="32" slack="0"/>
</pin_list>
<bind>
<opset="w_8 "/>
</bind>
</comp>

<comp id="744" class="1005" name="w_9_reg_744">
<pin_list>
<pin id="745" dir="0" index="0" bw="32" slack="0"/>
<pin id="746" dir="1" index="1" bw="32" slack="0"/>
</pin_list>
<bind>
<opset="w_9 "/>
</bind>
</comp>

<comp id="750" class="1005" name="w_10_reg_750">
<pin_list>
<pin id="751" dir="0" index="0" bw="32" slack="0"/>
<pin id="752" dir="1" index="1" bw="32" slack="0"/>
</pin_list>
<bind>
<opset="w_10 "/>
</bind>
</comp>

<comp id="756" class="1005" name="w_11_reg_756">
<pin_list>
<pin id="757" dir="0" index="0" bw="32" slack="0"/>
<pin id="758" dir="1" index="1" bw="32" slack="0"/>
</pin_list>
<bind>
<opset="w_11 "/>
</bind>
</comp>

<comp id="762" class="1005" name="w_12_reg_762">
<pin_list>
<pin id="763" dir="0" index="0" bw="32" slack="0"/>
<pin id="764" dir="1" index="1" bw="32" slack="0"/>
</pin_list>
<bind>
<opset="w_12 "/>
</bind>
</comp>

<comp id="768" class="1005" name="w_13_reg_768">
<pin_list>
<pin id="769" dir="0" index="0" bw="32" slack="0"/>
<pin id="770" dir="1" index="1" bw="32" slack="0"/>
</pin_list>
<bind>
<opset="w_13 "/>
</bind>
</comp>

<comp id="774" class="1005" name="w_14_reg_774">
<pin_list>
<pin id="775" dir="0" index="0" bw="32" slack="0"/>
<pin id="776" dir="1" index="1" bw="32" slack="0"/>
</pin_list>
<bind>
<opset="w_14 "/>
</bind>
</comp>

<comp id="780" class="1005" name="w_15_reg_780">
<pin_list>
<pin id="781" dir="0" index="0" bw="32" slack="0"/>
<pin id="782" dir="1" index="1" bw="32" slack="0"/>
</pin_list>
<bind>
<opset="w_15 "/>
</bind>
</comp>

</comp_list>

<net_list>
<net id="131"><net_src comp="64" pin="0"/><net_sink comp="128" pin=0"/></net>

<net id="135"><net_src comp="64" pin="0"/><net_sink comp="132" pin=0"/></net>

<net id="139"><net_src comp="64" pin="0"/><net_sink comp="136" pin=0"/></net>

<net id="143"><net_src comp="64" pin="0"/><net_sink comp="140" pin=0"/></net>

<net id="147"><net_src comp="64" pin="0"/><net_sink comp="144" pin=0"/></net>

<net id="151"><net_src comp="64" pin="0"/><net_sink comp="148" pin=0"/></net>

<net id="155"><net_src comp="64" pin="0"/><net_sink comp="152" pin=0"/></net>

<net id="159"><net_src comp="64" pin="0"/><net_sink comp="156" pin=0"/></net>

<net id="163"><net_src comp="64" pin="0"/><net_sink comp="160" pin=0"/></net>

<net id="167"><net_src comp="64" pin="0"/><net_sink comp="164" pin=0"/></net>

<net id="171"><net_src comp="64" pin="0"/><net_sink comp="168" pin=0"/></net>

<net id="175"><net_src comp="64" pin="0"/><net_sink comp="172" pin=0"/></net>

<net id="179"><net_src comp="64" pin="0"/><net_sink comp="176" pin=0"/></net>

<net id="183"><net_src comp="64" pin="0"/><net_sink comp="180" pin=0"/></net>

<net id="187"><net_src comp="64" pin="0"/><net_sink comp="184" pin=0"/></net>

<net id="191"><net_src comp="64" pin="0"/><net_sink comp="188" pin=0"/></net>

<net id="195"><net_src comp="64" pin="0"/><net_sink comp="192" pin=0"/></net>

<net id="200"><net_src comp="66" pin="0"/><net_sink comp="196" pin=0"/></net>

<net id="201"><net_src comp="30" pin="0"/><net_sink comp="196" pin=1"/></net>

<net id="206"><net_src comp="66" pin="0"/><net_sink comp="202" pin=0"/></net>

<net id="207"><net_src comp="28" pin="0"/><net_sink comp="202" pin=1"/></net>

<net id="212"><net_src comp="66" pin="0"/><net_sink comp="208" pin=0"/></net>

<net id="213"><net_src comp="26" pin="0"/><net_sink comp="208" pin=1"/></net>

<net id="218"><net_src comp="66" pin="0"/><net_sink comp="214" pin=0"/></net>

<net id="219"><net_src comp="24" pin="0"/><net_sink comp="214" pin=1"/></net>

<net id="224"><net_src comp="66" pin="0"/><net_sink comp="220" pin=0"/></net>

<net id="225"><net_src comp="22" pin="0"/><net_sink comp="220" pin=1"/></net>

<net id="230"><net_src comp="66" pin="0"/><net_sink comp="226" pin=0"/></net>

<net id="231"><net_src comp="20" pin="0"/><net_sink comp="226" pin=1"/></net>

<net id="236"><net_src comp="66" pin="0"/><net_sink comp="232" pin=0"/></net>

<net id="237"><net_src comp="18" pin="0"/><net_sink comp="232" pin=1"/></net>

<net id="242"><net_src comp="66" pin="0"/><net_sink comp="238" pin=0"/></net>

<net id="243"><net_src comp="16" pin="0"/><net_sink comp="238" pin=1"/></net>

<net id="248"><net_src comp="66" pin="0"/><net_sink comp="244" pin=0"/></net>

<net id="249"><net_src comp="14" pin="0"/><net_sink comp="244" pin=1"/></net>

<net id="254"><net_src comp="66" pin="0"/><net_sink comp="250" pin=0"/></net>

<net id="255"><net_src comp="12" pin="0"/><net_sink comp="250" pin=1"/></net>

<net id="260"><net_src comp="66" pin="0"/><net_sink comp="256" pin=0"/></net>

<net id="261"><net_src comp="10" pin="0"/><net_sink comp="256" pin=1"/></net>

<net id="266"><net_src comp="66" pin="0"/><net_sink comp="262" pin=0"/></net>

<net id="267"><net_src comp="8" pin="0"/><net_sink comp="262" pin=1"/></net>

<net id="272"><net_src comp="66" pin="0"/><net_sink comp="268" pin=0"/></net>

<net id="273"><net_src comp="6" pin="0"/><net_sink comp="268" pin=1"/></net>

<net id="278"><net_src comp="66" pin="0"/><net_sink comp="274" pin=0"/></net>

<net id="279"><net_src comp="4" pin="0"/><net_sink comp="274" pin=1"/></net>

<net id="284"><net_src comp="66" pin="0"/><net_sink comp="280" pin=0"/></net>

<net id="285"><net_src comp="2" pin="0"/><net_sink comp="280" pin=1"/></net>

<net id="290"><net_src comp="66" pin="0"/><net_sink comp="286" pin=0"/></net>

<net id="291"><net_src comp="0" pin="0"/><net_sink comp="286" pin=1"/></net>

<net id="297"><net_src comp="126" pin="0"/><net_sink comp="292" pin=0"/></net>

<net id="298"><net_src comp="32" pin="0"/><net_sink comp="292" pin=1"/></net>

<net id="304"><net_src comp="126" pin="0"/><net_sink comp="299" pin=0"/></net>

<net id="305"><net_src comp="34" pin="0"/><net_sink comp="299" pin=1"/></net>

<net id="311"><net_src comp="126" pin="0"/><net_sink comp="306" pin=0"/></net>

<net id="312"><net_src comp="36" pin="0"/><net_sink comp="306" pin=1"/></net>

<net id="318"><net_src comp="126" pin="0"/><net_sink comp="313" pin=0"/></net>

<net id="319"><net_src comp="38" pin="0"/><net_sink comp="313" pin=1"/></net>

<net id="325"><net_src comp="126" pin="0"/><net_sink comp="320" pin=0"/></net>

<net id="326"><net_src comp="40" pin="0"/><net_sink comp="320" pin=1"/></net>

<net id="332"><net_src comp="126" pin="0"/><net_sink comp="327" pin=0"/></net>

<net id="333"><net_src comp="42" pin="0"/><net_sink comp="327" pin=1"/></net>

<net id="339"><net_src comp="126" pin="0"/><net_sink comp="334" pin=0"/></net>

<net id="340"><net_src comp="44" pin="0"/><net_sink comp="334" pin=1"/></net>

<net id="346"><net_src comp="126" pin="0"/><net_sink comp="341" pin=0"/></net>

<net id="347"><net_src comp="46" pin="0"/><net_sink comp="341" pin=1"/></net>

<net id="353"><net_src comp="126" pin="0"/><net_sink comp="348" pin=0"/></net>

<net id="354"><net_src comp="48" pin="0"/><net_sink comp="348" pin=1"/></net>

<net id="360"><net_src comp="126" pin="0"/><net_sink comp="355" pin=0"/></net>

<net id="361"><net_src comp="50" pin="0"/><net_sink comp="355" pin=1"/></net>

<net id="367"><net_src comp="126" pin="0"/><net_sink comp="362" pin=0"/></net>

<net id="368"><net_src comp="52" pin="0"/><net_sink comp="362" pin=1"/></net>

<net id="374"><net_src comp="126" pin="0"/><net_sink comp="369" pin=0"/></net>

<net id="375"><net_src comp="54" pin="0"/><net_sink comp="369" pin=1"/></net>

<net id="381"><net_src comp="126" pin="0"/><net_sink comp="376" pin=0"/></net>

<net id="382"><net_src comp="56" pin="0"/><net_sink comp="376" pin=1"/></net>

<net id="388"><net_src comp="126" pin="0"/><net_sink comp="383" pin=0"/></net>

<net id="389"><net_src comp="58" pin="0"/><net_sink comp="383" pin=1"/></net>

<net id="395"><net_src comp="126" pin="0"/><net_sink comp="390" pin=0"/></net>

<net id="396"><net_src comp="60" pin="0"/><net_sink comp="390" pin=1"/></net>

<net id="402"><net_src comp="126" pin="0"/><net_sink comp="397" pin=0"/></net>

<net id="403"><net_src comp="62" pin="0"/><net_sink comp="397" pin=1"/></net>

<net id="408"><net_src comp="68" pin="0"/><net_sink comp="404" pin=0"/></net>

<net id="416"><net_src comp="409" pin="1"/><net_sink comp="412" pin=0"/></net>

<net id="417"><net_src comp="70" pin="0"/><net_sink comp="412" pin=1"/></net>

<net id="422"><net_src comp="409" pin="1"/><net_sink comp="418" pin=0"/></net>

<net id="423"><net_src comp="72" pin="0"/><net_sink comp="418" pin=1"/></net>

<net id="427"><net_src comp="409" pin="1"/><net_sink comp="424" pin=0"/></net>

<net id="465"><net_src comp="90" pin="0"/><net_sink comp="428" pin=0"/></net>

<net id="466"><net_src comp="92" pin="0"/><net_sink comp="428" pin=1"/></net>

<net id="467"><net_src comp="286" pin="2"/><net_sink comp="428" pin=2"/></net>

<net id="468"><net_src comp="94" pin="0"/><net_sink comp="428" pin=3"/></net>

<net id="469"><net_src comp="280" pin="2"/><net_sink comp="428" pin=4"/></net>

<net id="470"><net_src comp="96" pin="0"/><net_sink comp="428" pin=5"/></net>

<net id="471"><net_src comp="274" pin="2"/><net_sink comp="428" pin=6"/></net>

<net id="472"><net_src comp="98" pin="0"/><net_sink comp="428" pin=7"/></net>

<net id="473"><net_src comp="268" pin="2"/><net_sink comp="428" pin=8"/></net>

<net id="474"><net_src comp="100" pin="0"/><net_sink comp="428" pin=9"/></net>

<net id="475"><net_src comp="262" pin="2"/><net_sink comp="428" pin=10"/></net>

<net id="476"><net_src comp="102" pin="0"/><net_sink comp="428" pin=11"/></net>

<net id="477"><net_src comp="256" pin="2"/><net_sink comp="428" pin=12"/></net>

<net id="478"><net_src comp="104" pin="0"/><net_sink comp="428" pin=13"/></net>

<net id="479"><net_src comp="250" pin="2"/><net_sink comp="428" pin=14"/></net>

<net id="480"><net_src comp="106" pin="0"/><net_sink comp="428" pin=15"/></net>

<net id="481"><net_src comp="244" pin="2"/><net_sink comp="428" pin=16"/></net>

<net id="482"><net_src comp="108" pin="0"/><net_sink comp="428" pin=17"/></net>

<net id="483"><net_src comp="238" pin="2"/><net_sink comp="428" pin=18"/></net>

<net id="484"><net_src comp="110" pin="0"/><net_sink comp="428" pin=19"/></net>

<net id="485"><net_src comp="232" pin="2"/><net_sink comp="428" pin=20"/></net>

<net id="486"><net_src comp="112" pin="0"/><net_sink comp="428" pin=21"/></net>

<net id="487"><net_src comp="226" pin="2"/><net_sink comp="428" pin=22"/></net>

<net id="488"><net_src comp="114" pin="0"/><net_sink comp="428" pin=23"/></net>

<net id="489"><net_src comp="220" pin="2"/><net_sink comp="428" pin=24"/></net>

<net id="490"><net_src comp="116" pin="0"/><net_sink comp="428" pin=25"/></net>

<net id="491"><net_src comp="214" pin="2"/><net_sink comp="428" pin=26"/></net>

<net id="492"><net_src comp="118" pin="0"/><net_sink comp="428" pin=27"/></net>

<net id="493"><net_src comp="208" pin="2"/><net_sink comp="428" pin=28"/></net>

<net id="494"><net_src comp="120" pin="0"/><net_sink comp="428" pin=29"/></net>

<net id="495"><net_src comp="202" pin="2"/><net_sink comp="428" pin=30"/></net>

<net id="496"><net_src comp="122" pin="0"/><net_sink comp="428" pin=31"/></net>

<net id="497"><net_src comp="196" pin="2"/><net_sink comp="428" pin=32"/></net>

<net id="498"><net_src comp="124" pin="0"/><net_sink comp="428" pin=33"/></net>

<net id="499"><net_src comp="424" pin="1"/><net_sink comp="428" pin=34"/></net>

<net id="518"><net_src comp="424" pin="1"/><net_sink comp="500" pin=0"/></net>

<net id="519"><net_src comp="92" pin="0"/><net_sink comp="500" pin=1"/></net>

<net id="520"><net_src comp="94" pin="0"/><net_sink comp="500" pin=2"/></net>

<net id="521"><net_src comp="96" pin="0"/><net_sink comp="500" pin=3"/></net>

<net id="522"><net_src comp="98" pin="0"/><net_sink comp="500" pin=4"/></net>

<net id="523"><net_src comp="100" pin="0"/><net_sink comp="500" pin=5"/></net>

<net id="524"><net_src comp="102" pin="0"/><net_sink comp="500" pin=6"/></net>

<net id="525"><net_src comp="104" pin="0"/><net_sink comp="500" pin=7"/></net>

<net id="526"><net_src comp="106" pin="0"/><net_sink comp="500" pin=8"/></net>

<net id="527"><net_src comp="108" pin="0"/><net_sink comp="500" pin=9"/></net>

<net id="528"><net_src comp="110" pin="0"/><net_sink comp="500" pin=10"/></net>

<net id="529"><net_src comp="112" pin="0"/><net_sink comp="500" pin=11"/></net>

<net id="530"><net_src comp="114" pin="0"/><net_sink comp="500" pin=12"/></net>

<net id="531"><net_src comp="116" pin="0"/><net_sink comp="500" pin=13"/></net>

<net id="532"><net_src comp="118" pin="0"/><net_sink comp="500" pin=14"/></net>

<net id="533"><net_src comp="120" pin="0"/><net_sink comp="500" pin=15"/></net>

<net id="538"><net_src comp="428" pin="35"/><net_sink comp="534" pin=0"/></net>

<net id="543"><net_src comp="428" pin="35"/><net_sink comp="539" pin=0"/></net>

<net id="548"><net_src comp="428" pin="35"/><net_sink comp="544" pin=0"/></net>

<net id="553"><net_src comp="428" pin="35"/><net_sink comp="549" pin=0"/></net>

<net id="558"><net_src comp="428" pin="35"/><net_sink comp="554" pin=0"/></net>

<net id="563"><net_src comp="428" pin="35"/><net_sink comp="559" pin=0"/></net>

<net id="568"><net_src comp="428" pin="35"/><net_sink comp="564" pin=0"/></net>

<net id="573"><net_src comp="428" pin="35"/><net_sink comp="569" pin=0"/></net>

<net id="578"><net_src comp="428" pin="35"/><net_sink comp="574" pin=0"/></net>

<net id="583"><net_src comp="428" pin="35"/><net_sink comp="579" pin=0"/></net>

<net id="588"><net_src comp="428" pin="35"/><net_sink comp="584" pin=0"/></net>

<net id="593"><net_src comp="428" pin="35"/><net_sink comp="589" pin=0"/></net>

<net id="598"><net_src comp="428" pin="35"/><net_sink comp="594" pin=0"/></net>

<net id="603"><net_src comp="428" pin="35"/><net_sink comp="599" pin=0"/></net>

<net id="608"><net_src comp="428" pin="35"/><net_sink comp="604" pin=0"/></net>

<net id="613"><net_src comp="428" pin="35"/><net_sink comp="609" pin=0"/></net>

<net id="618"><net_src comp="418" pin="2"/><net_sink comp="614" pin=0"/></net>

<net id="622"><net_src comp="619" pin="1"/><net_sink comp="397" pin=2"/></net>

<net id="626"><net_src comp="623" pin="1"/><net_sink comp="390" pin=2"/></net>

<net id="630"><net_src comp="627" pin="1"/><net_sink comp="383" pin=2"/></net>

<net id="634"><net_src comp="631" pin="1"/><net_sink comp="376" pin=2"/></net>

<net id="638"><net_src comp="635" pin="1"/><net_sink comp="369" pin=2"/></net>

<net id="642"><net_src comp="639" pin="1"/><net_sink comp="362" pin=2"/></net>

<net id="646"><net_src comp="643" pin="1"/><net_sink comp="355" pin=2"/></net>

<net id="650"><net_src comp="647" pin="1"/><net_sink comp="348" pin=2"/></net>

<net id="654"><net_src comp="651" pin="1"/><net_sink comp="341" pin=2"/></net>

<net id="658"><net_src comp="655" pin="1"/><net_sink comp="334" pin=2"/></net>

<net id="662"><net_src comp="659" pin="1"/><net_sink comp="327" pin=2"/></net>

<net id="666"><net_src comp="663" pin="1"/><net_sink comp="320" pin=2"/></net>

<net id="670"><net_src comp="667" pin="1"/><net_sink comp="313" pin=2"/></net>

<net id="674"><net_src comp="671" pin="1"/><net_sink comp="306" pin=2"/></net>

<net id="678"><net_src comp="675" pin="1"/><net_sink comp="299" pin=2"/></net>

<net id="682"><net_src comp="679" pin="1"/><net_sink comp="292" pin=2"/></net>

<net id="686"><net_src comp="128" pin="1"/><net_sink comp="683" pin=0"/></net>

<net id="687"><net_src comp="683" pin="1"/><net_sink comp="404" pin=1"/></net>

<net id="688"><net_src comp="683" pin="1"/><net_sink comp="409" pin=0"/></net>

<net id="689"><net_src comp="683" pin="1"/><net_sink comp="614" pin=1"/></net>

<net id="693"><net_src comp="132" pin="1"/><net_sink comp="690" pin=0"/></net>

<net id="694"><net_src comp="690" pin="1"/><net_sink comp="604" pin=1"/></net>

<net id="695"><net_src comp="690" pin="1"/><net_sink comp="619" pin=0"/></net>

<net id="699"><net_src comp="136" pin="1"/><net_sink comp="696" pin=0"/></net>

<net id="700"><net_src comp="696" pin="1"/><net_sink comp="599" pin=1"/></net>

<net id="701"><net_src comp="696" pin="1"/><net_sink comp="623" pin=0"/></net>

<net id="705"><net_src comp="140" pin="1"/><net_sink comp="702" pin=0"/></net>

<net id="706"><net_src comp="702" pin="1"/><net_sink comp="594" pin=1"/></net>

<net id="707"><net_src comp="702" pin="1"/><net_sink comp="627" pin=0"/></net>

<net id="711"><net_src comp="144" pin="1"/><net_sink comp="708" pin=0"/></net>

<net id="712"><net_src comp="708" pin="1"/><net_sink comp="589" pin=1"/></net>

<net id="713"><net_src comp="708" pin="1"/><net_sink comp="631" pin=0"/></net>

<net id="717"><net_src comp="148" pin="1"/><net_sink comp="714" pin=0"/></net>

<net id="718"><net_src comp="714" pin="1"/><net_sink comp="584" pin=1"/></net>

<net id="719"><net_src comp="714" pin="1"/><net_sink comp="635" pin=0"/></net>

<net id="723"><net_src comp="152" pin="1"/><net_sink comp="720" pin=0"/></net>

<net id="724"><net_src comp="720" pin="1"/><net_sink comp="579" pin=1"/></net>

<net id="725"><net_src comp="720" pin="1"/><net_sink comp="639" pin=0"/></net>

<net id="729"><net_src comp="156" pin="1"/><net_sink comp="726" pin=0"/></net>

<net id="730"><net_src comp="726" pin="1"/><net_sink comp="574" pin=1"/></net>

<net id="731"><net_src comp="726" pin="1"/><net_sink comp="643" pin=0"/></net>

<net id="735"><net_src comp="160" pin="1"/><net_sink comp="732" pin=0"/></net>

<net id="736"><net_src comp="732" pin="1"/><net_sink comp="569" pin=1"/></net>

<net id="737"><net_src comp="732" pin="1"/><net_sink comp="647" pin=0"/></net>

<net id="741"><net_src comp="164" pin="1"/><net_sink comp="738" pin=0"/></net>

<net id="742"><net_src comp="738" pin="1"/><net_sink comp="564" pin=1"/></net>

<net id="743"><net_src comp="738" pin="1"/><net_sink comp="651" pin=0"/></net>

<net id="747"><net_src comp="168" pin="1"/><net_sink comp="744" pin=0"/></net>

<net id="748"><net_src comp="744" pin="1"/><net_sink comp="559" pin=1"/></net>

<net id="749"><net_src comp="744" pin="1"/><net_sink comp="655" pin=0"/></net>

<net id="753"><net_src comp="172" pin="1"/><net_sink comp="750" pin=0"/></net>

<net id="754"><net_src comp="750" pin="1"/><net_sink comp="554" pin=1"/></net>

<net id="755"><net_src comp="750" pin="1"/><net_sink comp="659" pin=0"/></net>

<net id="759"><net_src comp="176" pin="1"/><net_sink comp="756" pin=0"/></net>

<net id="760"><net_src comp="756" pin="1"/><net_sink comp="549" pin=1"/></net>

<net id="761"><net_src comp="756" pin="1"/><net_sink comp="663" pin=0"/></net>

<net id="765"><net_src comp="180" pin="1"/><net_sink comp="762" pin=0"/></net>

<net id="766"><net_src comp="762" pin="1"/><net_sink comp="544" pin=1"/></net>

<net id="767"><net_src comp="762" pin="1"/><net_sink comp="667" pin=0"/></net>

<net id="771"><net_src comp="184" pin="1"/><net_sink comp="768" pin=0"/></net>

<net id="772"><net_src comp="768" pin="1"/><net_sink comp="539" pin=1"/></net>

<net id="773"><net_src comp="768" pin="1"/><net_sink comp="671" pin=0"/></net>

<net id="777"><net_src comp="188" pin="1"/><net_sink comp="774" pin=0"/></net>

<net id="778"><net_src comp="774" pin="1"/><net_sink comp="534" pin=1"/></net>

<net id="779"><net_src comp="774" pin="1"/><net_sink comp="675" pin=0"/></net>

<net id="783"><net_src comp="192" pin="1"/><net_sink comp="780" pin=0"/></net>

<net id="784"><net_src comp="780" pin="1"/><net_sink comp="609" pin=1"/></net>

<net id="785"><net_src comp="780" pin="1"/><net_sink comp="679" pin=0"/></net>

</net_list>

</model> 
---------------- Datapath Model END ------------------

* FSMD analyzer results:
  - Output states:
	Port: w_15_out | {1 }
	Port: w_14_out | {1 }
	Port: w_13_out | {1 }
	Port: w_12_out | {1 }
	Port: w_11_out | {1 }
	Port: w_10_out | {1 }
	Port: w_9_out | {1 }
	Port: w_8_out | {1 }
	Port: w_7_out | {1 }
	Port: w_6_out | {1 }
	Port: w_5_out | {1 }
	Port: w_4_out | {1 }
	Port: w_3_out | {1 }
	Port: w_2_out | {1 }
	Port: w_1_out | {1 }
	Port: w_out | {1 }
 - Input state : 
	Port: sha256_compress_words.1_Pipeline_LOAD_INITIAL_WORDS : block_words_0_val | {1 }
	Port: sha256_compress_words.1_Pipeline_LOAD_INITIAL_WORDS : block_words_1_val | {1 }
	Port: sha256_compress_words.1_Pipeline_LOAD_INITIAL_WORDS : block_words_2_val | {1 }
	Port: sha256_compress_words.1_Pipeline_LOAD_INITIAL_WORDS : block_words_3_val | {1 }
	Port: sha256_compress_words.1_Pipeline_LOAD_INITIAL_WORDS : block_words_4_val | {1 }
	Port: sha256_compress_words.1_Pipeline_LOAD_INITIAL_WORDS : block_words_5_val | {1 }
	Port: sha256_compress_words.1_Pipeline_LOAD_INITIAL_WORDS : block_words_6_val | {1 }
	Port: sha256_compress_words.1_Pipeline_LOAD_INITIAL_WORDS : block_words_7_val | {1 }
	Port: sha256_compress_words.1_Pipeline_LOAD_INITIAL_WORDS : block_words_8_val | {1 }
	Port: sha256_compress_words.1_Pipeline_LOAD_INITIAL_WORDS : block_words_9_val | {1 }
	Port: sha256_compress_words.1_Pipeline_LOAD_INITIAL_WORDS : block_words_10_val | {1 }
	Port: sha256_compress_words.1_Pipeline_LOAD_INITIAL_WORDS : block_words_11_val | {1 }
	Port: sha256_compress_words.1_Pipeline_LOAD_INITIAL_WORDS : block_words_12_val | {1 }
	Port: sha256_compress_words.1_Pipeline_LOAD_INITIAL_WORDS : block_words_13_val | {1 }
	Port: sha256_compress_words.1_Pipeline_LOAD_INITIAL_WORDS : block_words_14_val | {1 }
	Port: sha256_compress_words.1_Pipeline_LOAD_INITIAL_WORDS : block_words_15_val | {1 }
  - Chain level:
	State 1
		store_ln118 : 1
		i_3 : 1
		icmp_ln118 : 2
		add_ln118 : 2
		br_ln118 : 3
		trunc_ln118 : 2
		w_49 : 3
		switch_ln120 : 3
		store_ln114 : 4
		store_ln114 : 4
		store_ln114 : 4
		store_ln114 : 4
		store_ln114 : 4
		store_ln114 : 4
		store_ln114 : 4
		store_ln114 : 4
		store_ln114 : 4
		store_ln114 : 4
		store_ln114 : 4
		store_ln114 : 4
		store_ln114 : 4
		store_ln114 : 4
		store_ln114 : 4
		store_ln114 : 4
		store_ln118 : 3
		w_load : 1
		w_1_load : 1
		w_2_load : 1
		w_3_load : 1
		w_4_load : 1
		w_5_load : 1
		w_6_load : 1
		w_7_load : 1
		w_8_load : 1
		w_9_load : 1
		w_10_load : 1
		w_11_load : 1
		w_12_load : 1
		w_13_load : 1
		w_14_load : 1
		w_15_load : 1
		write_ln0 : 2
		write_ln0 : 2
		write_ln0 : 2
		write_ln0 : 2
		write_ln0 : 2
		write_ln0 : 2
		write_ln0 : 2
		write_ln0 : 2
		write_ln0 : 2
		write_ln0 : 2
		write_ln0 : 2
		write_ln0 : 2
		write_ln0 : 2
		write_ln0 : 2
		write_ln0 : 2
		write_ln0 : 2


============================================================
+ Verbose Summary: Datapath Resource usage 
============================================================

* Functional unit list:
|----------|-------------------------------------|---------|---------|
| Operation|           Functional Unit           |    FF   |   LUT   |
|----------|-------------------------------------|---------|---------|
| sparsemux|             w_49_fu_428             |    0    |    65   |
|----------|-------------------------------------|---------|---------|
|   icmp   |          icmp_ln118_fu_412          |    0    |    12   |
|----------|-------------------------------------|---------|---------|
|    add   |           add_ln118_fu_418          |    0    |    12   |
|----------|-------------------------------------|---------|---------|
|          | block_words_15_val_read_read_fu_196 |    0    |    0    |
|          | block_words_14_val_read_read_fu_202 |    0    |    0    |
|          | block_words_13_val_read_read_fu_208 |    0    |    0    |
|          | block_words_12_val_read_read_fu_214 |    0    |    0    |
|          | block_words_11_val_read_read_fu_220 |    0    |    0    |
|          | block_words_10_val_read_read_fu_226 |    0    |    0    |
|          |  block_words_9_val_read_read_fu_232 |    0    |    0    |
|   read   |  block_words_8_val_read_read_fu_238 |    0    |    0    |
|          |  block_words_7_val_read_read_fu_244 |    0    |    0    |
|          |  block_words_6_val_read_read_fu_250 |    0    |    0    |
|          |  block_words_5_val_read_read_fu_256 |    0    |    0    |
|          |  block_words_4_val_read_read_fu_262 |    0    |    0    |
|          |  block_words_3_val_read_read_fu_268 |    0    |    0    |
|          |  block_words_2_val_read_read_fu_274 |    0    |    0    |
|          |  block_words_1_val_read_read_fu_280 |    0    |    0    |
|          |  block_words_0_val_read_read_fu_286 |    0    |    0    |
|----------|-------------------------------------|---------|---------|
|          |        write_ln0_write_fu_292       |    0    |    0    |
|          |        write_ln0_write_fu_299       |    0    |    0    |
|          |        write_ln0_write_fu_306       |    0    |    0    |
|          |        write_ln0_write_fu_313       |    0    |    0    |
|          |        write_ln0_write_fu_320       |    0    |    0    |
|          |        write_ln0_write_fu_327       |    0    |    0    |
|          |        write_ln0_write_fu_334       |    0    |    0    |
|   write  |        write_ln0_write_fu_341       |    0    |    0    |
|          |        write_ln0_write_fu_348       |    0    |    0    |
|          |        write_ln0_write_fu_355       |    0    |    0    |
|          |        write_ln0_write_fu_362       |    0    |    0    |
|          |        write_ln0_write_fu_369       |    0    |    0    |
|          |        write_ln0_write_fu_376       |    0    |    0    |
|          |        write_ln0_write_fu_383       |    0    |    0    |
|          |        write_ln0_write_fu_390       |    0    |    0    |
|          |        write_ln0_write_fu_397       |    0    |    0    |
|----------|-------------------------------------|---------|---------|
|   trunc  |          trunc_ln118_fu_424         |    0    |    0    |
|----------|-------------------------------------|---------|---------|
|  switch  |         switch_ln120_fu_500         |    0    |    0    |
|----------|-------------------------------------|---------|---------|
|   Total  |                                     |    0    |    89   |
|----------|-------------------------------------|---------|---------|

Memories:
N/A

* Register list:
+------------+--------+
|            |   FF   |
+------------+--------+
|  i_reg_683 |    5   |
|w_10_reg_750|   32   |
|w_11_reg_756|   32   |
|w_12_reg_762|   32   |
|w_13_reg_768|   32   |
|w_14_reg_774|   32   |
|w_15_reg_780|   32   |
| w_1_reg_696|   32   |
| w_2_reg_702|   32   |
| w_3_reg_708|   32   |
| w_4_reg_714|   32   |
| w_5_reg_720|   32   |
| w_6_reg_726|   32   |
| w_7_reg_732|   32   |
| w_8_reg_738|   32   |
| w_9_reg_744|   32   |
|  w_reg_690 |   32   |
+------------+--------+
|    Total   |   517  |
+------------+--------+

* Multiplexer (MUX) list: 
|--------|------|------|------|--------|
|  Comp  |  Pin | Size |  BW  | S x BW |
|--------|------|------|------|--------|
|  Total |      |      |      |    0   |
|--------|------|------|------|--------|



* Summary:
+-----------+--------+--------+
|           |   FF   |   LUT  |
+-----------+--------+--------+
|  Function |    0   |   89   |
|   Memory  |    -   |    -   |
|Multiplexer|    -   |    -   |
|  Register |   517  |    -   |
+-----------+--------+--------+
|   Total   |   517  |   89   |
+-----------+--------+--------+
