

================================================================
== Vitis HLS Report for 'sha256_compress_words'
================================================================
* Date:           Mon Aug  3 02:09:59 2026

* Version:        2025.2 (Build 6295257 on Nov 14 2025)
* Project:        mine
* Solution:       hls (Vitis Kernel Flow Target)
* Product family: zynquplus
* Target device:  xck26-sfvc784-2LV-c


================================================================
== Performance Estimates
================================================================
+ Timing: 
    * Summary: 
    +--------+---------+----------+------------+
    |  Clock |  Target | Estimated| Uncertainty|
    +--------+---------+----------+------------+
    |ap_clk  |  5.00 ns|  3.411 ns|     1.35 ns|
    +--------+---------+----------+------------+

+ Latency: 
    * Summary: 
    +---------+---------+----------+----------+-----+-----+---------+
    |  Latency (cycles) |  Latency (absolute) |  Interval | Pipeline|
    |   min   |   max   |    min   |    max   | min | max |   Type  |
    +---------+---------+----------+----------+-----+-----+---------+
    |       90|       90|  0.450 us|  0.450 us|   90|   90|       no|
    +---------+---------+----------+----------+-----+-----+---------+

    + Detail: 
        * Instance: 
        +--------------------------------------------------------------+---------------------------------------------------+---------+---------+-----------+-----------+-----+-----+-------------------+
        |                                                              |                                                   |  Latency (cycles) |   Latency (absolute)  |  Interval |      Pipeline     |
        |                           Instance                           |                       Module                      |   min   |   max   |    min    |    max    | min | max |        Type       |
        +--------------------------------------------------------------+---------------------------------------------------+---------+---------+-----------+-----------+-----+-----+-------------------+
        |grp_sha256_compress_words_Pipeline_LOAD_INITIAL_WORDS_fu_252  |sha256_compress_words_Pipeline_LOAD_INITIAL_WORDS  |       18|       18|  90.000 ns|  90.000 ns|    0|    0|  loop pipeline stp|
        |grp_sha256_compress_words_Pipeline_SHA256_ROUNDS_fu_291       |sha256_compress_words_Pipeline_SHA256_ROUNDS       |       67|       67|   0.335 us|   0.335 us|    0|    0|  loop pipeline stp|
        +--------------------------------------------------------------+---------------------------------------------------+---------+---------+-----------+-----------+-----+-----+-------------------+

        * Loop: 
        N/A



================================================================
== Utilization Estimates
================================================================
* Summary: 
+-----------------+---------+------+--------+--------+-----+
|       Name      | BRAM_18K|  DSP |   FF   |   LUT  | URAM|
+-----------------+---------+------+--------+--------+-----+
|DSP              |        -|     -|       -|       -|    -|
|Expression       |        -|     -|       0|     312|    -|
|FIFO             |        -|     -|       -|       -|    -|
|Instance         |        1|     -|    1364|    1562|    -|
|Memory           |        -|     -|       -|       -|    -|
|Multiplexer      |        -|     -|       0|      31|    -|
|Register         |        -|     -|      17|       -|    -|
+-----------------+---------+------+--------+--------+-----+
|Total            |        1|     0|    1381|    1905|    0|
+-----------------+---------+------+--------+--------+-----+
|Available        |      288|  1248|  234240|  117120|   64|
+-----------------+---------+------+--------+--------+-----+
|Utilization (%)  |       ~0|     0|      ~0|       1|    0|
+-----------------+---------+------+--------+--------+-----+

+ Detail: 
    * Instance: 
    +--------------------------------------------------------------+---------------------------------------------------+---------+----+-----+------+-----+
    |                           Instance                           |                       Module                      | BRAM_18K| DSP|  FF |  LUT | URAM|
    +--------------------------------------------------------------+---------------------------------------------------+---------+----+-----+------+-----+
    |grp_sha256_compress_words_Pipeline_LOAD_INITIAL_WORDS_fu_252  |sha256_compress_words_Pipeline_LOAD_INITIAL_WORDS  |        0|   0|  519|   117|    0|
    |grp_sha256_compress_words_Pipeline_SHA256_ROUNDS_fu_291       |sha256_compress_words_Pipeline_SHA256_ROUNDS       |        1|   0|  845|  1445|    0|
    +--------------------------------------------------------------+---------------------------------------------------+---------+----+-----+------+-----+
    |Total                                                         |                                                   |        1|   0| 1364|  1562|    0|
    +--------------------------------------------------------------+---------------------------------------------------+---------+----+-----+------+-----+

    * DSP: 
    N/A

    * Memory: 
    N/A

    * FIFO: 
    N/A

    * Expression: 
    +---------------------+----------+----+---+----+------------+------------+
    |    Variable Name    | Operation| DSP| FF| LUT| Bitwidth P0| Bitwidth P1|
    +---------------------+----------+----+---+----+------------+------------+
    |add_ln198_fu_430_p2  |         +|   0|  0|  39|          32|          32|
    |add_ln199_fu_435_p2  |         +|   0|  0|  39|          32|          32|
    |add_ln200_fu_440_p2  |         +|   0|  0|  39|          32|          32|
    |add_ln201_fu_445_p2  |         +|   0|  0|  39|          32|          32|
    |add_ln202_fu_450_p2  |         +|   0|  0|  39|          32|          32|
    |add_ln203_fu_455_p2  |         +|   0|  0|  39|          32|          32|
    |add_ln204_fu_460_p2  |         +|   0|  0|  39|          32|          32|
    |add_ln205_fu_465_p2  |         +|   0|  0|  39|          32|          32|
    +---------------------+----------+----+---+----+------------+------------+
    |Total                |          |   0|  0| 312|         256|         256|
    +---------------------+----------+----+---+----+------------+------------+

    * Multiplexer: 
    +-----------+----+-----------+-----+-----------+
    |    Name   | LUT| Input Size| Bits| Total Bits|
    +-----------+----+-----------+-----+-----------+
    |ap_NS_fsm  |  31|          6|    1|          6|
    +-----------+----+-----------+-----+-----------+
    |Total      |  31|          6|    1|          6|
    +-----------+----+-----------+-----+-----------+

    * Register: 
    +---------------------------------------------------------------------------+----+----+-----+-----------+
    |                                    Name                                   | FF | LUT| Bits| Const Bits|
    +---------------------------------------------------------------------------+----+----+-----+-----------+
    |ap_CS_fsm                                                                  |   5|   0|    5|          0|
    |empty_reg_563                                                              |  10|   0|   10|          0|
    |grp_sha256_compress_words_Pipeline_LOAD_INITIAL_WORDS_fu_252_ap_start_reg  |   1|   0|    1|          0|
    |grp_sha256_compress_words_Pipeline_SHA256_ROUNDS_fu_291_ap_start_reg       |   1|   0|    1|          0|
    +---------------------------------------------------------------------------+----+----+-----+-----------+
    |Total                                                                      |  17|   0|   17|          0|
    +---------------------------------------------------------------------------+----+----+-----+-----------+



================================================================
== Interface
================================================================
* Summary: 
+---------------------+-----+-----+------------+-----------------------+--------------+
|      RTL Ports      | Dir | Bits|  Protocol  |     Source Object     |    C Type    |
+---------------------+-----+-----+------------+-----------------------+--------------+
|ap_clk               |   in|    1|  ap_ctrl_hs|  sha256_compress_words|  return value|
|ap_rst               |   in|    1|  ap_ctrl_hs|  sha256_compress_words|  return value|
|ap_start             |   in|    1|  ap_ctrl_hs|  sha256_compress_words|  return value|
|ap_done              |  out|    1|  ap_ctrl_hs|  sha256_compress_words|  return value|
|ap_idle              |  out|    1|  ap_ctrl_hs|  sha256_compress_words|  return value|
|ap_ready             |  out|    1|  ap_ctrl_hs|  sha256_compress_words|  return value|
|ap_return_0          |  out|   32|  ap_ctrl_hs|  sha256_compress_words|  return value|
|ap_return_1          |  out|   32|  ap_ctrl_hs|  sha256_compress_words|  return value|
|ap_return_2          |  out|   32|  ap_ctrl_hs|  sha256_compress_words|  return value|
|ap_return_3          |  out|   32|  ap_ctrl_hs|  sha256_compress_words|  return value|
|ap_return_4          |  out|   32|  ap_ctrl_hs|  sha256_compress_words|  return value|
|ap_return_5          |  out|   32|  ap_ctrl_hs|  sha256_compress_words|  return value|
|ap_return_6          |  out|   32|  ap_ctrl_hs|  sha256_compress_words|  return value|
|ap_return_7          |  out|   32|  ap_ctrl_hs|  sha256_compress_words|  return value|
|state_read           |   in|   32|     ap_none|             state_read|        scalar|
|state_read_30        |   in|   32|     ap_none|          state_read_30|        scalar|
|state_read_31        |   in|   32|     ap_none|          state_read_31|        scalar|
|state_read_32        |   in|   32|     ap_none|          state_read_32|        scalar|
|state_read_33        |   in|   32|     ap_none|          state_read_33|        scalar|
|state_read_34        |   in|   32|     ap_none|          state_read_34|        scalar|
|state_read_35        |   in|   32|     ap_none|          state_read_35|        scalar|
|state_read_36        |   in|   32|     ap_none|          state_read_36|        scalar|
|block_words_read     |   in|   32|     ap_none|       block_words_read|        scalar|
|block_words_read_38  |   in|   32|     ap_none|    block_words_read_38|        scalar|
|block_words_read_39  |   in|   32|     ap_none|    block_words_read_39|        scalar|
|block_words_read_40  |   in|   32|     ap_none|    block_words_read_40|        scalar|
|block_words_read_41  |   in|   32|     ap_none|    block_words_read_41|        scalar|
|block_words_read_42  |   in|   32|     ap_none|    block_words_read_42|        scalar|
|block_words_read_43  |   in|   32|     ap_none|    block_words_read_43|        scalar|
|block_words_read_44  |   in|   32|     ap_none|    block_words_read_44|        scalar|
|block_words_read_45  |   in|   32|     ap_none|    block_words_read_45|        scalar|
|block_words_read_46  |   in|   32|     ap_none|    block_words_read_46|        scalar|
+---------------------+-----+-----+------------+-----------------------+--------------+

============================================================
+ Verbose Summary: Synthesis Manager
============================================================
InlineROM: 1
ExposeGlobal: 0
============================================================
+ Verbose Summary: CDFG Model
============================================================
IsTopModel: 0
ResetActiveHigh: 1
IsCombinational: 2
IsDatapathOnly: 2
HasWiredReturn: 1
HasMFsm: 0
HasVarLatency: 1
IsPipeline: 0
IsRtlPipelined: 0
IsInstanceOverlapped: 1
IsDontTouch: 0
HasImplIP: 0
IsGatedGlobalClock: 0


============================================================
+ Verbose Summary: Schedule
============================================================
* Number of FSM states : 5
* Pipeline : 0
* Dataflow Pipeline: 0

* FSM state transitions: 
1 --> 2 
2 --> 3 
3 --> 4 
4 --> 5 
5 --> 

* FSM state operations: 

State 1 <SV = 0> <Delay = 0.48>
ST_1 : Operation 6 [1/1] (0.00ns)   --->   "%block_words_read_20 = read i32 @_ssdm_op_Read.ap_auto.i32, i32 %block_words_read_46"   --->   Operation 6 'read' 'block_words_read_20' <Predicate = true> <Delay = 0.00>
ST_1 : Operation 7 [1/1] (0.00ns)   --->   "%block_words_read_21 = read i32 @_ssdm_op_Read.ap_auto.i32, i32 %block_words_read_45"   --->   Operation 7 'read' 'block_words_read_21' <Predicate = true> <Delay = 0.00>
ST_1 : Operation 8 [1/1] (0.00ns)   --->   "%block_words_read_22 = read i32 @_ssdm_op_Read.ap_auto.i32, i32 %block_words_read_44"   --->   Operation 8 'read' 'block_words_read_22' <Predicate = true> <Delay = 0.00>
ST_1 : Operation 9 [1/1] (0.00ns)   --->   "%block_words_read_23 = read i32 @_ssdm_op_Read.ap_auto.i32, i32 %block_words_read_43"   --->   Operation 9 'read' 'block_words_read_23' <Predicate = true> <Delay = 0.00>
ST_1 : Operation 10 [1/1] (0.00ns)   --->   "%block_words_read_24 = read i32 @_ssdm_op_Read.ap_auto.i32, i32 %block_words_read_42"   --->   Operation 10 'read' 'block_words_read_24' <Predicate = true> <Delay = 0.00>
ST_1 : Operation 11 [1/1] (0.00ns)   --->   "%block_words_read_25 = read i32 @_ssdm_op_Read.ap_auto.i32, i32 %block_words_read_41"   --->   Operation 11 'read' 'block_words_read_25' <Predicate = true> <Delay = 0.00>
ST_1 : Operation 12 [1/1] (0.00ns)   --->   "%block_words_read_26 = read i32 @_ssdm_op_Read.ap_auto.i32, i32 %block_words_read_40"   --->   Operation 12 'read' 'block_words_read_26' <Predicate = true> <Delay = 0.00>
ST_1 : Operation 13 [1/1] (0.00ns)   --->   "%block_words_read_27 = read i32 @_ssdm_op_Read.ap_auto.i32, i32 %block_words_read_39"   --->   Operation 13 'read' 'block_words_read_27' <Predicate = true> <Delay = 0.00>
ST_1 : Operation 14 [1/1] (0.00ns)   --->   "%block_words_read_28 = read i32 @_ssdm_op_Read.ap_auto.i32, i32 %block_words_read_38"   --->   Operation 14 'read' 'block_words_read_28' <Predicate = true> <Delay = 0.00>
ST_1 : Operation 15 [1/1] (0.00ns)   --->   "%block_words_read16 = read i32 @_ssdm_op_Read.ap_auto.i32, i32 %block_words_read"   --->   Operation 15 'read' 'block_words_read16' <Predicate = true> <Delay = 0.00>
ST_1 : Operation 16 [1/1] (0.00ns)   --->   "%empty = trunc i32 %block_words_read_20"   --->   Operation 16 'trunc' 'empty' <Predicate = true> <Delay = 0.00>
ST_1 : Operation 17 [1/1] (0.00ns)   --->   "%h_01_loc = alloca i64 1"   --->   Operation 17 'alloca' 'h_01_loc' <Predicate = true> <Delay = 0.00>
ST_1 : Operation 18 [1/1] (0.00ns)   --->   "%g_loc = alloca i64 1"   --->   Operation 18 'alloca' 'g_loc' <Predicate = true> <Delay = 0.00>
ST_1 : Operation 19 [1/1] (0.00ns)   --->   "%f_loc = alloca i64 1"   --->   Operation 19 'alloca' 'f_loc' <Predicate = true> <Delay = 0.00>
ST_1 : Operation 20 [1/1] (0.00ns)   --->   "%e_4_loc = alloca i64 1"   --->   Operation 20 'alloca' 'e_4_loc' <Predicate = true> <Delay = 0.00>
ST_1 : Operation 21 [1/1] (0.00ns)   --->   "%d_loc = alloca i64 1"   --->   Operation 21 'alloca' 'd_loc' <Predicate = true> <Delay = 0.00>
ST_1 : Operation 22 [1/1] (0.00ns)   --->   "%c_loc = alloca i64 1"   --->   Operation 22 'alloca' 'c_loc' <Predicate = true> <Delay = 0.00>
ST_1 : Operation 23 [1/1] (0.00ns)   --->   "%b_loc = alloca i64 1"   --->   Operation 23 'alloca' 'b_loc' <Predicate = true> <Delay = 0.00>
ST_1 : Operation 24 [1/1] (0.00ns)   --->   "%a_4_loc = alloca i64 1"   --->   Operation 24 'alloca' 'a_4_loc' <Predicate = true> <Delay = 0.00>
ST_1 : Operation 25 [1/1] (0.00ns)   --->   "%w_loc = alloca i64 1"   --->   Operation 25 'alloca' 'w_loc' <Predicate = true> <Delay = 0.00>
ST_1 : Operation 26 [1/1] (0.00ns)   --->   "%w_66_loc = alloca i64 1"   --->   Operation 26 'alloca' 'w_66_loc' <Predicate = true> <Delay = 0.00>
ST_1 : Operation 27 [1/1] (0.00ns)   --->   "%w_67_loc = alloca i64 1"   --->   Operation 27 'alloca' 'w_67_loc' <Predicate = true> <Delay = 0.00>
ST_1 : Operation 28 [1/1] (0.00ns)   --->   "%w_68_loc = alloca i64 1"   --->   Operation 28 'alloca' 'w_68_loc' <Predicate = true> <Delay = 0.00>
ST_1 : Operation 29 [1/1] (0.00ns)   --->   "%w_69_loc = alloca i64 1"   --->   Operation 29 'alloca' 'w_69_loc' <Predicate = true> <Delay = 0.00>
ST_1 : Operation 30 [1/1] (0.00ns)   --->   "%w_70_loc = alloca i64 1"   --->   Operation 30 'alloca' 'w_70_loc' <Predicate = true> <Delay = 0.00>
ST_1 : Operation 31 [1/1] (0.00ns)   --->   "%w_71_loc = alloca i64 1"   --->   Operation 31 'alloca' 'w_71_loc' <Predicate = true> <Delay = 0.00>
ST_1 : Operation 32 [1/1] (0.00ns)   --->   "%w_72_loc = alloca i64 1"   --->   Operation 32 'alloca' 'w_72_loc' <Predicate = true> <Delay = 0.00>
ST_1 : Operation 33 [1/1] (0.00ns)   --->   "%w_73_loc = alloca i64 1"   --->   Operation 33 'alloca' 'w_73_loc' <Predicate = true> <Delay = 0.00>
ST_1 : Operation 34 [1/1] (0.00ns)   --->   "%w_74_loc = alloca i64 1"   --->   Operation 34 'alloca' 'w_74_loc' <Predicate = true> <Delay = 0.00>
ST_1 : Operation 35 [1/1] (0.00ns)   --->   "%w_75_loc = alloca i64 1"   --->   Operation 35 'alloca' 'w_75_loc' <Predicate = true> <Delay = 0.00>
ST_1 : Operation 36 [1/1] (0.00ns)   --->   "%w_76_loc = alloca i64 1"   --->   Operation 36 'alloca' 'w_76_loc' <Predicate = true> <Delay = 0.00>
ST_1 : Operation 37 [1/1] (0.00ns)   --->   "%w_77_loc = alloca i64 1"   --->   Operation 37 'alloca' 'w_77_loc' <Predicate = true> <Delay = 0.00>
ST_1 : Operation 38 [1/1] (0.00ns)   --->   "%w_78_loc = alloca i64 1"   --->   Operation 38 'alloca' 'w_78_loc' <Predicate = true> <Delay = 0.00>
ST_1 : Operation 39 [1/1] (0.00ns)   --->   "%w_79_loc = alloca i64 1"   --->   Operation 39 'alloca' 'w_79_loc' <Predicate = true> <Delay = 0.00>
ST_1 : Operation 40 [1/1] (0.00ns)   --->   "%w_80_loc = alloca i64 1"   --->   Operation 40 'alloca' 'w_80_loc' <Predicate = true> <Delay = 0.00>
ST_1 : Operation 41 [2/2] (0.48ns)   --->   "%call_ln0 = call void @sha256_compress_words_Pipeline_LOAD_INITIAL_WORDS, i32 %block_words_read16, i32 %block_words_read_28, i32 %block_words_read_27, i32 %block_words_read_26, i32 %block_words_read_25, i32 %block_words_read_24, i32 %block_words_read_23, i32 %block_words_read_22, i32 %block_words_read_21, i10 %empty, i32 %w_80_loc, i32 %w_79_loc, i32 %w_78_loc, i32 %w_77_loc, i32 %w_76_loc, i32 %w_75_loc, i32 %w_74_loc, i32 %w_73_loc, i32 %w_72_loc, i32 %w_71_loc, i32 %w_70_loc, i32 %w_69_loc, i32 %w_68_loc, i32 %w_67_loc, i32 %w_66_loc, i32 %w_loc"   --->   Operation 41 'call' 'call_ln0' <Predicate = true> <Delay = 0.48> <CoreType = "Generic">   --->   Generic Core

State 2 <SV = 1> <Delay = 1.64>
ST_2 : Operation 42 [1/2] (1.64ns)   --->   "%call_ln0 = call void @sha256_compress_words_Pipeline_LOAD_INITIAL_WORDS, i32 %block_words_read16, i32 %block_words_read_28, i32 %block_words_read_27, i32 %block_words_read_26, i32 %block_words_read_25, i32 %block_words_read_24, i32 %block_words_read_23, i32 %block_words_read_22, i32 %block_words_read_21, i10 %empty, i32 %w_80_loc, i32 %w_79_loc, i32 %w_78_loc, i32 %w_77_loc, i32 %w_76_loc, i32 %w_75_loc, i32 %w_74_loc, i32 %w_73_loc, i32 %w_72_loc, i32 %w_71_loc, i32 %w_70_loc, i32 %w_69_loc, i32 %w_68_loc, i32 %w_67_loc, i32 %w_66_loc, i32 %w_loc"   --->   Operation 42 'call' 'call_ln0' <Predicate = true> <Delay = 1.64> <CoreType = "Generic">   --->   Generic Core

State 3 <SV = 2> <Delay = 0.42>
ST_3 : Operation 43 [1/1] (0.00ns)   --->   "%state_read_15 = read i32 @_ssdm_op_Read.ap_auto.i32, i32 %state_read_36"   --->   Operation 43 'read' 'state_read_15' <Predicate = true> <Delay = 0.00>
ST_3 : Operation 44 [1/1] (0.00ns)   --->   "%state_read_16 = read i32 @_ssdm_op_Read.ap_auto.i32, i32 %state_read_35"   --->   Operation 44 'read' 'state_read_16' <Predicate = true> <Delay = 0.00>
ST_3 : Operation 45 [1/1] (0.00ns)   --->   "%state_read_17 = read i32 @_ssdm_op_Read.ap_auto.i32, i32 %state_read_34"   --->   Operation 45 'read' 'state_read_17' <Predicate = true> <Delay = 0.00>
ST_3 : Operation 46 [1/1] (0.00ns)   --->   "%state_read_18 = read i32 @_ssdm_op_Read.ap_auto.i32, i32 %state_read_33"   --->   Operation 46 'read' 'state_read_18' <Predicate = true> <Delay = 0.00>
ST_3 : Operation 47 [1/1] (0.00ns)   --->   "%state_read_19 = read i32 @_ssdm_op_Read.ap_auto.i32, i32 %state_read_32"   --->   Operation 47 'read' 'state_read_19' <Predicate = true> <Delay = 0.00>
ST_3 : Operation 48 [1/1] (0.00ns)   --->   "%state_read_20 = read i32 @_ssdm_op_Read.ap_auto.i32, i32 %state_read_31"   --->   Operation 48 'read' 'state_read_20' <Predicate = true> <Delay = 0.00>
ST_3 : Operation 49 [1/1] (0.00ns)   --->   "%state_read_21 = read i32 @_ssdm_op_Read.ap_auto.i32, i32 %state_read_30"   --->   Operation 49 'read' 'state_read_21' <Predicate = true> <Delay = 0.00>
ST_3 : Operation 50 [1/1] (0.00ns)   --->   "%state_read_22 = read i32 @_ssdm_op_Read.ap_auto.i32, i32 %state_read"   --->   Operation 50 'read' 'state_read_22' <Predicate = true> <Delay = 0.00>
ST_3 : Operation 51 [1/1] (0.00ns)   --->   "%w_80_loc_load = load i32 %w_80_loc"   --->   Operation 51 'load' 'w_80_loc_load' <Predicate = true> <Delay = 0.00>
ST_3 : Operation 52 [1/1] (0.00ns)   --->   "%w_79_loc_load = load i32 %w_79_loc"   --->   Operation 52 'load' 'w_79_loc_load' <Predicate = true> <Delay = 0.00>
ST_3 : Operation 53 [1/1] (0.00ns)   --->   "%w_78_loc_load = load i32 %w_78_loc"   --->   Operation 53 'load' 'w_78_loc_load' <Predicate = true> <Delay = 0.00>
ST_3 : Operation 54 [1/1] (0.00ns)   --->   "%w_77_loc_load = load i32 %w_77_loc"   --->   Operation 54 'load' 'w_77_loc_load' <Predicate = true> <Delay = 0.00>
ST_3 : Operation 55 [1/1] (0.00ns)   --->   "%w_76_loc_load = load i32 %w_76_loc"   --->   Operation 55 'load' 'w_76_loc_load' <Predicate = true> <Delay = 0.00>
ST_3 : Operation 56 [1/1] (0.00ns)   --->   "%w_75_loc_load = load i32 %w_75_loc"   --->   Operation 56 'load' 'w_75_loc_load' <Predicate = true> <Delay = 0.00>
ST_3 : Operation 57 [1/1] (0.00ns)   --->   "%w_74_loc_load = load i32 %w_74_loc"   --->   Operation 57 'load' 'w_74_loc_load' <Predicate = true> <Delay = 0.00>
ST_3 : Operation 58 [1/1] (0.00ns)   --->   "%w_73_loc_load = load i32 %w_73_loc"   --->   Operation 58 'load' 'w_73_loc_load' <Predicate = true> <Delay = 0.00>
ST_3 : Operation 59 [1/1] (0.00ns)   --->   "%w_72_loc_load = load i32 %w_72_loc"   --->   Operation 59 'load' 'w_72_loc_load' <Predicate = true> <Delay = 0.00>
ST_3 : Operation 60 [1/1] (0.00ns)   --->   "%w_71_loc_load = load i32 %w_71_loc"   --->   Operation 60 'load' 'w_71_loc_load' <Predicate = true> <Delay = 0.00>
ST_3 : Operation 61 [1/1] (0.00ns)   --->   "%w_70_loc_load = load i32 %w_70_loc"   --->   Operation 61 'load' 'w_70_loc_load' <Predicate = true> <Delay = 0.00>
ST_3 : Operation 62 [1/1] (0.00ns)   --->   "%w_69_loc_load = load i32 %w_69_loc"   --->   Operation 62 'load' 'w_69_loc_load' <Predicate = true> <Delay = 0.00>
ST_3 : Operation 63 [1/1] (0.00ns)   --->   "%w_68_loc_load = load i32 %w_68_loc"   --->   Operation 63 'load' 'w_68_loc_load' <Predicate = true> <Delay = 0.00>
ST_3 : Operation 64 [1/1] (0.00ns)   --->   "%w_67_loc_load = load i32 %w_67_loc"   --->   Operation 64 'load' 'w_67_loc_load' <Predicate = true> <Delay = 0.00>
ST_3 : Operation 65 [1/1] (0.00ns)   --->   "%w_66_loc_load = load i32 %w_66_loc"   --->   Operation 65 'load' 'w_66_loc_load' <Predicate = true> <Delay = 0.00>
ST_3 : Operation 66 [1/1] (0.00ns)   --->   "%w_loc_load = load i32 %w_loc"   --->   Operation 66 'load' 'w_loc_load' <Predicate = true> <Delay = 0.00>
ST_3 : Operation 67 [2/2] (0.42ns)   --->   "%call_ln0 = call void @sha256_compress_words_Pipeline_SHA256_ROUNDS, i32 %w_80_loc_load, i32 %w_79_loc_load, i32 %w_78_loc_load, i32 %w_77_loc_load, i32 %w_76_loc_load, i32 %w_75_loc_load, i32 %w_74_loc_load, i32 %w_73_loc_load, i32 %w_72_loc_load, i32 %w_71_loc_load, i32 %w_70_loc_load, i32 %w_69_loc_load, i32 %w_68_loc_load, i32 %w_67_loc_load, i32 %w_66_loc_load, i32 %w_loc_load, i32 %state_read_22, i32 %state_read_21, i32 %state_read_20, i32 %state_read_19, i32 %state_read_18, i32 %state_read_17, i32 %state_read_16, i32 %state_read_15, i32 %a_4_loc, i32 %b_loc, i32 %c_loc, i32 %d_loc, i32 %e_4_loc, i32 %f_loc, i32 %g_loc, i32 %h_01_loc, i32 %K"   --->   Operation 67 'call' 'call_ln0' <Predicate = true> <Delay = 0.42> <CoreType = "Generic">   --->   Generic Core

State 4 <SV = 3> <Delay = 0.00>
ST_4 : Operation 68 [1/2] (0.00ns)   --->   "%call_ln0 = call void @sha256_compress_words_Pipeline_SHA256_ROUNDS, i32 %w_80_loc_load, i32 %w_79_loc_load, i32 %w_78_loc_load, i32 %w_77_loc_load, i32 %w_76_loc_load, i32 %w_75_loc_load, i32 %w_74_loc_load, i32 %w_73_loc_load, i32 %w_72_loc_load, i32 %w_71_loc_load, i32 %w_70_loc_load, i32 %w_69_loc_load, i32 %w_68_loc_load, i32 %w_67_loc_load, i32 %w_66_loc_load, i32 %w_loc_load, i32 %state_read_22, i32 %state_read_21, i32 %state_read_20, i32 %state_read_19, i32 %state_read_18, i32 %state_read_17, i32 %state_read_16, i32 %state_read_15, i32 %a_4_loc, i32 %b_loc, i32 %c_loc, i32 %d_loc, i32 %e_4_loc, i32 %f_loc, i32 %g_loc, i32 %h_01_loc, i32 %K"   --->   Operation 68 'call' 'call_ln0' <Predicate = true> <Delay = 0.00> <CoreType = "Generic">   --->   Generic Core

State 5 <SV = 4> <Delay = 1.01>
ST_5 : Operation 69 [1/1] (0.00ns)   --->   "%a_4_loc_load = load i32 %a_4_loc"   --->   Operation 69 'load' 'a_4_loc_load' <Predicate = true> <Delay = 0.00>
ST_5 : Operation 70 [1/1] (0.00ns)   --->   "%b_loc_load = load i32 %b_loc"   --->   Operation 70 'load' 'b_loc_load' <Predicate = true> <Delay = 0.00>
ST_5 : Operation 71 [1/1] (0.00ns)   --->   "%c_loc_load = load i32 %c_loc"   --->   Operation 71 'load' 'c_loc_load' <Predicate = true> <Delay = 0.00>
ST_5 : Operation 72 [1/1] (0.00ns)   --->   "%d_loc_load = load i32 %d_loc"   --->   Operation 72 'load' 'd_loc_load' <Predicate = true> <Delay = 0.00>
ST_5 : Operation 73 [1/1] (0.00ns)   --->   "%e_4_loc_load = load i32 %e_4_loc"   --->   Operation 73 'load' 'e_4_loc_load' <Predicate = true> <Delay = 0.00>
ST_5 : Operation 74 [1/1] (0.00ns)   --->   "%f_loc_load = load i32 %f_loc"   --->   Operation 74 'load' 'f_loc_load' <Predicate = true> <Delay = 0.00>
ST_5 : Operation 75 [1/1] (0.00ns)   --->   "%g_loc_load = load i32 %g_loc"   --->   Operation 75 'load' 'g_loc_load' <Predicate = true> <Delay = 0.00>
ST_5 : Operation 76 [1/1] (0.00ns)   --->   "%h_01_loc_load = load i32 %h_01_loc"   --->   Operation 76 'load' 'h_01_loc_load' <Predicate = true> <Delay = 0.00>
ST_5 : Operation 77 [1/1] (1.01ns)   --->   "%add_ln198 = add i32 %a_4_loc_load, i32 %state_read_22" [dylan-hls/mine.cpp:198]   --->   Operation 77 'add' 'add_ln198' <Predicate = true> <Delay = 1.01> <CoreInst = "Adder">   --->   Core 1 'Adder' <Latency = 0> <II = 1> <Delay = 1.01> <FuncUnit> <Opcode : 'add' 'sub'> <InPorts = 2> <OutPorts = 1>
ST_5 : Operation 78 [1/1] (1.01ns)   --->   "%add_ln199 = add i32 %b_loc_load, i32 %state_read_21" [dylan-hls/mine.cpp:199]   --->   Operation 78 'add' 'add_ln199' <Predicate = true> <Delay = 1.01> <CoreInst = "Adder">   --->   Core 1 'Adder' <Latency = 0> <II = 1> <Delay = 1.01> <FuncUnit> <Opcode : 'add' 'sub'> <InPorts = 2> <OutPorts = 1>
ST_5 : Operation 79 [1/1] (1.01ns)   --->   "%add_ln200 = add i32 %c_loc_load, i32 %state_read_20" [dylan-hls/mine.cpp:200]   --->   Operation 79 'add' 'add_ln200' <Predicate = true> <Delay = 1.01> <CoreInst = "Adder">   --->   Core 1 'Adder' <Latency = 0> <II = 1> <Delay = 1.01> <FuncUnit> <Opcode : 'add' 'sub'> <InPorts = 2> <OutPorts = 1>
ST_5 : Operation 80 [1/1] (1.01ns)   --->   "%add_ln201 = add i32 %d_loc_load, i32 %state_read_19" [dylan-hls/mine.cpp:201]   --->   Operation 80 'add' 'add_ln201' <Predicate = true> <Delay = 1.01> <CoreInst = "Adder">   --->   Core 1 'Adder' <Latency = 0> <II = 1> <Delay = 1.01> <FuncUnit> <Opcode : 'add' 'sub'> <InPorts = 2> <OutPorts = 1>
ST_5 : Operation 81 [1/1] (1.01ns)   --->   "%add_ln202 = add i32 %e_4_loc_load, i32 %state_read_18" [dylan-hls/mine.cpp:202]   --->   Operation 81 'add' 'add_ln202' <Predicate = true> <Delay = 1.01> <CoreInst = "Adder">   --->   Core 1 'Adder' <Latency = 0> <II = 1> <Delay = 1.01> <FuncUnit> <Opcode : 'add' 'sub'> <InPorts = 2> <OutPorts = 1>
ST_5 : Operation 82 [1/1] (1.01ns)   --->   "%add_ln203 = add i32 %f_loc_load, i32 %state_read_17" [dylan-hls/mine.cpp:203]   --->   Operation 82 'add' 'add_ln203' <Predicate = true> <Delay = 1.01> <CoreInst = "Adder">   --->   Core 1 'Adder' <Latency = 0> <II = 1> <Delay = 1.01> <FuncUnit> <Opcode : 'add' 'sub'> <InPorts = 2> <OutPorts = 1>
ST_5 : Operation 83 [1/1] (1.01ns)   --->   "%add_ln204 = add i32 %g_loc_load, i32 %state_read_16" [dylan-hls/mine.cpp:204]   --->   Operation 83 'add' 'add_ln204' <Predicate = true> <Delay = 1.01> <CoreInst = "Adder">   --->   Core 1 'Adder' <Latency = 0> <II = 1> <Delay = 1.01> <FuncUnit> <Opcode : 'add' 'sub'> <InPorts = 2> <OutPorts = 1>
ST_5 : Operation 84 [1/1] (1.01ns)   --->   "%add_ln205 = add i32 %h_01_loc_load, i32 %state_read_15" [dylan-hls/mine.cpp:205]   --->   Operation 84 'add' 'add_ln205' <Predicate = true> <Delay = 1.01> <CoreInst = "Adder">   --->   Core 1 'Adder' <Latency = 0> <II = 1> <Delay = 1.01> <FuncUnit> <Opcode : 'add' 'sub'> <InPorts = 2> <OutPorts = 1>
ST_5 : Operation 85 [1/1] (0.00ns)   --->   "%mrv = insertvalue i256 <undef>, i32 %add_ln198" [dylan-hls/mine.cpp:206]   --->   Operation 85 'insertvalue' 'mrv' <Predicate = true> <Delay = 0.00>
ST_5 : Operation 86 [1/1] (0.00ns)   --->   "%mrv_1 = insertvalue i256 %mrv, i32 %add_ln199" [dylan-hls/mine.cpp:206]   --->   Operation 86 'insertvalue' 'mrv_1' <Predicate = true> <Delay = 0.00>
ST_5 : Operation 87 [1/1] (0.00ns)   --->   "%mrv_2 = insertvalue i256 %mrv_1, i32 %add_ln200" [dylan-hls/mine.cpp:206]   --->   Operation 87 'insertvalue' 'mrv_2' <Predicate = true> <Delay = 0.00>
ST_5 : Operation 88 [1/1] (0.00ns)   --->   "%mrv_3 = insertvalue i256 %mrv_2, i32 %add_ln201" [dylan-hls/mine.cpp:206]   --->   Operation 88 'insertvalue' 'mrv_3' <Predicate = true> <Delay = 0.00>
ST_5 : Operation 89 [1/1] (0.00ns)   --->   "%mrv_4 = insertvalue i256 %mrv_3, i32 %add_ln202" [dylan-hls/mine.cpp:206]   --->   Operation 89 'insertvalue' 'mrv_4' <Predicate = true> <Delay = 0.00>
ST_5 : Operation 90 [1/1] (0.00ns)   --->   "%mrv_5 = insertvalue i256 %mrv_4, i32 %add_ln203" [dylan-hls/mine.cpp:206]   --->   Operation 90 'insertvalue' 'mrv_5' <Predicate = true> <Delay = 0.00>
ST_5 : Operation 91 [1/1] (0.00ns)   --->   "%mrv_6 = insertvalue i256 %mrv_5, i32 %add_ln204" [dylan-hls/mine.cpp:206]   --->   Operation 91 'insertvalue' 'mrv_6' <Predicate = true> <Delay = 0.00>
ST_5 : Operation 92 [1/1] (0.00ns)   --->   "%mrv_7 = insertvalue i256 %mrv_6, i32 %add_ln205" [dylan-hls/mine.cpp:206]   --->   Operation 92 'insertvalue' 'mrv_7' <Predicate = true> <Delay = 0.00>
ST_5 : Operation 93 [1/1] (0.00ns)   --->   "%ret_ln206 = ret i256 %mrv_7" [dylan-hls/mine.cpp:206]   --->   Operation 93 'ret' 'ret_ln206' <Predicate = true> <Delay = 0.00>


============================================================
+ Verbose Summary: Binding
============================================================
STG Binding: 
---------------- STG Properties BEGIN ----------------
- Is combinational: 0
- Is one-state seq: 0
- Is datapath-only: 0
- Is pipelined: 0
- Is top level: 0
Port [ Return ] is wired: 1; IO mode=ap_ctrl_hs:ce=0
Port [ state_read]:  wired=1; compound=0; hidden=0; nouse=0; global=0; static=0; extern=0; dir=0; type=0; pingpong=0; private_global=0; IO mode=ap_none:ce=0
Port [ state_read_30]:  wired=1; compound=0; hidden=0; nouse=0; global=0; static=0; extern=0; dir=0; type=0; pingpong=0; private_global=0; IO mode=ap_none:ce=0
Port [ state_read_31]:  wired=1; compound=0; hidden=0; nouse=0; global=0; static=0; extern=0; dir=0; type=0; pingpong=0; private_global=0; IO mode=ap_none:ce=0
Port [ state_read_32]:  wired=1; compound=0; hidden=0; nouse=0; global=0; static=0; extern=0; dir=0; type=0; pingpong=0; private_global=0; IO mode=ap_none:ce=0
Port [ state_read_33]:  wired=1; compound=0; hidden=0; nouse=0; global=0; static=0; extern=0; dir=0; type=0; pingpong=0; private_global=0; IO mode=ap_none:ce=0
Port [ state_read_34]:  wired=1; compound=0; hidden=0; nouse=0; global=0; static=0; extern=0; dir=0; type=0; pingpong=0; private_global=0; IO mode=ap_none:ce=0
Port [ state_read_35]:  wired=1; compound=0; hidden=0; nouse=0; global=0; static=0; extern=0; dir=0; type=0; pingpong=0; private_global=0; IO mode=ap_none:ce=0
Port [ state_read_36]:  wired=1; compound=0; hidden=0; nouse=0; global=0; static=0; extern=0; dir=0; type=0; pingpong=0; private_global=0; IO mode=ap_none:ce=0
Port [ block_words_read]:  wired=1; compound=0; hidden=0; nouse=0; global=0; static=0; extern=0; dir=0; type=0; pingpong=0; private_global=0; IO mode=ap_none:ce=0
Port [ block_words_read_38]:  wired=1; compound=0; hidden=0; nouse=0; global=0; static=0; extern=0; dir=0; type=0; pingpong=0; private_global=0; IO mode=ap_none:ce=0
Port [ block_words_read_39]:  wired=1; compound=0; hidden=0; nouse=0; global=0; static=0; extern=0; dir=0; type=0; pingpong=0; private_global=0; IO mode=ap_none:ce=0
Port [ block_words_read_40]:  wired=1; compound=0; hidden=0; nouse=0; global=0; static=0; extern=0; dir=0; type=0; pingpong=0; private_global=0; IO mode=ap_none:ce=0
Port [ block_words_read_41]:  wired=1; compound=0; hidden=0; nouse=0; global=0; static=0; extern=0; dir=0; type=0; pingpong=0; private_global=0; IO mode=ap_none:ce=0
Port [ block_words_read_42]:  wired=1; compound=0; hidden=0; nouse=0; global=0; static=0; extern=0; dir=0; type=0; pingpong=0; private_global=0; IO mode=ap_none:ce=0
Port [ block_words_read_43]:  wired=1; compound=0; hidden=0; nouse=0; global=0; static=0; extern=0; dir=0; type=0; pingpong=0; private_global=0; IO mode=ap_none:ce=0
Port [ block_words_read_44]:  wired=1; compound=0; hidden=0; nouse=0; global=0; static=0; extern=0; dir=0; type=0; pingpong=0; private_global=0; IO mode=ap_none:ce=0
Port [ block_words_read_45]:  wired=1; compound=0; hidden=0; nouse=0; global=0; static=0; extern=0; dir=0; type=0; pingpong=0; private_global=0; IO mode=ap_none:ce=0
Port [ block_words_read_46]:  wired=1; compound=0; hidden=0; nouse=0; global=0; static=0; extern=0; dir=0; type=0; pingpong=0; private_global=0; IO mode=ap_none:ce=0
Port [ K]:  wired=0; compound=1; hidden=1; nouse=1; global=1; static=1; extern=0; dir=0; type=1; pingpong=0; private_global=0; MemPort=[1]; IO mode=ap_memory:ce=0
---------------- STG Properties END ------------------

---------------- Datapath Model BEGIN ----------------

<LifeTime>
<method=bitvector/>
block_words_read_20 (read       ) [ 000000]
block_words_read_21 (read       ) [ 001000]
block_words_read_22 (read       ) [ 001000]
block_words_read_23 (read       ) [ 001000]
block_words_read_24 (read       ) [ 001000]
block_words_read_25 (read       ) [ 001000]
block_words_read_26 (read       ) [ 001000]
block_words_read_27 (read       ) [ 001000]
block_words_read_28 (read       ) [ 001000]
block_words_read16  (read       ) [ 001000]
empty               (trunc      ) [ 001000]
h_01_loc            (alloca     ) [ 001111]
g_loc               (alloca     ) [ 001111]
f_loc               (alloca     ) [ 001111]
e_4_loc             (alloca     ) [ 001111]
d_loc               (alloca     ) [ 001111]
c_loc               (alloca     ) [ 001111]
b_loc               (alloca     ) [ 001111]
a_4_loc             (alloca     ) [ 001111]
w_loc               (alloca     ) [ 011100]
w_66_loc            (alloca     ) [ 011100]
w_67_loc            (alloca     ) [ 011100]
w_68_loc            (alloca     ) [ 011100]
w_69_loc            (alloca     ) [ 011100]
w_70_loc            (alloca     ) [ 011100]
w_71_loc            (alloca     ) [ 011100]
w_72_loc            (alloca     ) [ 011100]
w_73_loc            (alloca     ) [ 011100]
w_74_loc            (alloca     ) [ 011100]
w_75_loc            (alloca     ) [ 011100]
w_76_loc            (alloca     ) [ 011100]
w_77_loc            (alloca     ) [ 011100]
w_78_loc            (alloca     ) [ 011100]
w_79_loc            (alloca     ) [ 011100]
w_80_loc            (alloca     ) [ 011100]
call_ln0            (call       ) [ 000000]
state_read_15       (read       ) [ 000011]
state_read_16       (read       ) [ 000011]
state_read_17       (read       ) [ 000011]
state_read_18       (read       ) [ 000011]
state_read_19       (read       ) [ 000011]
state_read_20       (read       ) [ 000011]
state_read_21       (read       ) [ 000011]
state_read_22       (read       ) [ 000011]
w_80_loc_load       (load       ) [ 000010]
w_79_loc_load       (load       ) [ 000010]
w_78_loc_load       (load       ) [ 000010]
w_77_loc_load       (load       ) [ 000010]
w_76_loc_load       (load       ) [ 000010]
w_75_loc_load       (load       ) [ 000010]
w_74_loc_load       (load       ) [ 000010]
w_73_loc_load       (load       ) [ 000010]
w_72_loc_load       (load       ) [ 000010]
w_71_loc_load       (load       ) [ 000010]
w_70_loc_load       (load       ) [ 000010]
w_69_loc_load       (load       ) [ 000010]
w_68_loc_load       (load       ) [ 000010]
w_67_loc_load       (load       ) [ 000010]
w_66_loc_load       (load       ) [ 000010]
w_loc_load          (load       ) [ 000010]
call_ln0            (call       ) [ 000000]
a_4_loc_load        (load       ) [ 000000]
b_loc_load          (load       ) [ 000000]
c_loc_load          (load       ) [ 000000]
d_loc_load          (load       ) [ 000000]
e_4_loc_load        (load       ) [ 000000]
f_loc_load          (load       ) [ 000000]
g_loc_load          (load       ) [ 000000]
h_01_loc_load       (load       ) [ 000000]
add_ln198           (add        ) [ 000000]
add_ln199           (add        ) [ 000000]
add_ln200           (add        ) [ 000000]
add_ln201           (add        ) [ 000000]
add_ln202           (add        ) [ 000000]
add_ln203           (add        ) [ 000000]
add_ln204           (add        ) [ 000000]
add_ln205           (add        ) [ 000000]
mrv                 (insertvalue) [ 000000]
mrv_1               (insertvalue) [ 000000]
mrv_2               (insertvalue) [ 000000]
mrv_3               (insertvalue) [ 000000]
mrv_4               (insertvalue) [ 000000]
mrv_5               (insertvalue) [ 000000]
mrv_6               (insertvalue) [ 000000]
mrv_7               (insertvalue) [ 000000]
ret_ln206           (ret        ) [ 000000]
</LifeTime>

<model>

<comp_list>
<comp id="0" class="1000" name="state_read">
<pin_list>
<pin id="1" dir="1" index="0" bw="1" slack="0"/>
</pin_list>
<bind>
<StgValue><ssdm name="state_read"/></StgValue>
</bind>
</comp>

<comp id="2" class="1000" name="state_read_30">
<pin_list>
<pin id="3" dir="1" index="0" bw="1" slack="0"/>
</pin_list>
<bind>
<StgValue><ssdm name="state_read_30"/></StgValue>
</bind>
</comp>

<comp id="4" class="1000" name="state_read_31">
<pin_list>
<pin id="5" dir="1" index="0" bw="1" slack="0"/>
</pin_list>
<bind>
<StgValue><ssdm name="state_read_31"/></StgValue>
</bind>
</comp>

<comp id="6" class="1000" name="state_read_32">
<pin_list>
<pin id="7" dir="1" index="0" bw="1" slack="0"/>
</pin_list>
<bind>
<StgValue><ssdm name="state_read_32"/></StgValue>
</bind>
</comp>

<comp id="8" class="1000" name="state_read_33">
<pin_list>
<pin id="9" dir="1" index="0" bw="1" slack="0"/>
</pin_list>
<bind>
<StgValue><ssdm name="state_read_33"/></StgValue>
</bind>
</comp>

<comp id="10" class="1000" name="state_read_34">
<pin_list>
<pin id="11" dir="1" index="0" bw="1" slack="0"/>
</pin_list>
<bind>
<StgValue><ssdm name="state_read_34"/></StgValue>
</bind>
</comp>

<comp id="12" class="1000" name="state_read_35">
<pin_list>
<pin id="13" dir="1" index="0" bw="1" slack="0"/>
</pin_list>
<bind>
<StgValue><ssdm name="state_read_35"/></StgValue>
</bind>
</comp>

<comp id="14" class="1000" name="state_read_36">
<pin_list>
<pin id="15" dir="1" index="0" bw="1" slack="0"/>
</pin_list>
<bind>
<StgValue><ssdm name="state_read_36"/></StgValue>
</bind>
</comp>

<comp id="16" class="1000" name="block_words_read">
<pin_list>
<pin id="17" dir="1" index="0" bw="1" slack="0"/>
</pin_list>
<bind>
<StgValue><ssdm name="block_words_read"/></StgValue>
</bind>
</comp>

<comp id="18" class="1000" name="block_words_read_38">
<pin_list>
<pin id="19" dir="1" index="0" bw="1" slack="0"/>
</pin_list>
<bind>
<StgValue><ssdm name="block_words_read_38"/></StgValue>
</bind>
</comp>

<comp id="20" class="1000" name="block_words_read_39">
<pin_list>
<pin id="21" dir="1" index="0" bw="1" slack="0"/>
</pin_list>
<bind>
<StgValue><ssdm name="block_words_read_39"/></StgValue>
</bind>
</comp>

<comp id="22" class="1000" name="block_words_read_40">
<pin_list>
<pin id="23" dir="1" index="0" bw="1" slack="0"/>
</pin_list>
<bind>
<StgValue><ssdm name="block_words_read_40"/></StgValue>
</bind>
</comp>

<comp id="24" class="1000" name="block_words_read_41">
<pin_list>
<pin id="25" dir="1" index="0" bw="1" slack="0"/>
</pin_list>
<bind>
<StgValue><ssdm name="block_words_read_41"/></StgValue>
</bind>
</comp>

<comp id="26" class="1000" name="block_words_read_42">
<pin_list>
<pin id="27" dir="1" index="0" bw="1" slack="0"/>
</pin_list>
<bind>
<StgValue><ssdm name="block_words_read_42"/></StgValue>
</bind>
</comp>

<comp id="28" class="1000" name="block_words_read_43">
<pin_list>
<pin id="29" dir="1" index="0" bw="1" slack="0"/>
</pin_list>
<bind>
<StgValue><ssdm name="block_words_read_43"/></StgValue>
</bind>
</comp>

<comp id="30" class="1000" name="block_words_read_44">
<pin_list>
<pin id="31" dir="1" index="0" bw="1" slack="0"/>
</pin_list>
<bind>
<StgValue><ssdm name="block_words_read_44"/></StgValue>
</bind>
</comp>

<comp id="32" class="1000" name="block_words_read_45">
<pin_list>
<pin id="33" dir="1" index="0" bw="1" slack="0"/>
</pin_list>
<bind>
<StgValue><ssdm name="block_words_read_45"/></StgValue>
</bind>
</comp>

<comp id="34" class="1000" name="block_words_read_46">
<pin_list>
<pin id="35" dir="1" index="0" bw="1" slack="0"/>
</pin_list>
<bind>
<StgValue><ssdm name="block_words_read_46"/></StgValue>
</bind>
</comp>

<comp id="36" class="1000" name="K">
<pin_list>
<pin id="37" dir="1" index="0" bw="1" slack="0"/>
</pin_list>
<bind>
<StgValue><ssdm name="K"/><MemPortTyVec>1 </MemPortTyVec>
</StgValue>
</bind>
</comp>

<comp id="38" class="1001" name="const_38">
<pin_list>
<pin id="39" dir="1" index="0" bw="1" slack="0"/>
</pin_list>
<bind>
<StgValue><ssdm name="_ssdm_op_Read.ap_auto.i32"/></StgValue>
</bind>
</comp>

<comp id="40" class="1001" name="const_40">
<pin_list>
<pin id="41" dir="1" index="0" bw="1" slack="0"/>
</pin_list>
<bind>
<StgValue><ssdm name=""/></StgValue>
</bind>
</comp>

<comp id="42" class="1001" name="const_42">
<pin_list>
<pin id="43" dir="1" index="0" bw="1" slack="0"/>
</pin_list>
<bind>
<StgValue><ssdm name="sha256_compress_words_Pipeline_LOAD_INITIAL_WORDS"/></StgValue>
</bind>
</comp>

<comp id="44" class="1001" name="const_44">
<pin_list>
<pin id="45" dir="1" index="0" bw="1" slack="0"/>
</pin_list>
<bind>
<StgValue><ssdm name="sha256_compress_words_Pipeline_SHA256_ROUNDS"/></StgValue>
</bind>
</comp>

<comp id="46" class="1001" name="const_46">
<pin_list>
<pin id="47" dir="1" index="0" bw="1" slack="0"/>
</pin_list>
<bind>
<StgValue><ssdm name=""/></StgValue>
</bind>
</comp>

<comp id="48" class="1004" name="h_01_loc_fu_48">
<pin_list>
<pin id="49" dir="0" index="0" bw="1" slack="0"/>
<pin id="50" dir="1" index="1" bw="32" slack="2"/>
</pin_list>
<bind>
<opcode="alloca(26) " fcode="alloca"/>
<opset="h_01_loc/1 "/>
</bind>
</comp>

<comp id="52" class="1004" name="g_loc_fu_52">
<pin_list>
<pin id="53" dir="0" index="0" bw="1" slack="0"/>
<pin id="54" dir="1" index="1" bw="32" slack="2"/>
</pin_list>
<bind>
<opcode="alloca(26) " fcode="alloca"/>
<opset="g_loc/1 "/>
</bind>
</comp>

<comp id="56" class="1004" name="f_loc_fu_56">
<pin_list>
<pin id="57" dir="0" index="0" bw="1" slack="0"/>
<pin id="58" dir="1" index="1" bw="32" slack="2"/>
</pin_list>
<bind>
<opcode="alloca(26) " fcode="alloca"/>
<opset="f_loc/1 "/>
</bind>
</comp>

<comp id="60" class="1004" name="e_4_loc_fu_60">
<pin_list>
<pin id="61" dir="0" index="0" bw="1" slack="0"/>
<pin id="62" dir="1" index="1" bw="32" slack="2"/>
</pin_list>
<bind>
<opcode="alloca(26) " fcode="alloca"/>
<opset="e_4_loc/1 "/>
</bind>
</comp>

<comp id="64" class="1004" name="d_loc_fu_64">
<pin_list>
<pin id="65" dir="0" index="0" bw="1" slack="0"/>
<pin id="66" dir="1" index="1" bw="32" slack="2"/>
</pin_list>
<bind>
<opcode="alloca(26) " fcode="alloca"/>
<opset="d_loc/1 "/>
</bind>
</comp>

<comp id="68" class="1004" name="c_loc_fu_68">
<pin_list>
<pin id="69" dir="0" index="0" bw="1" slack="0"/>
<pin id="70" dir="1" index="1" bw="32" slack="2"/>
</pin_list>
<bind>
<opcode="alloca(26) " fcode="alloca"/>
<opset="c_loc/1 "/>
</bind>
</comp>

<comp id="72" class="1004" name="b_loc_fu_72">
<pin_list>
<pin id="73" dir="0" index="0" bw="1" slack="0"/>
<pin id="74" dir="1" index="1" bw="32" slack="2"/>
</pin_list>
<bind>
<opcode="alloca(26) " fcode="alloca"/>
<opset="b_loc/1 "/>
</bind>
</comp>

<comp id="76" class="1004" name="a_4_loc_fu_76">
<pin_list>
<pin id="77" dir="0" index="0" bw="1" slack="0"/>
<pin id="78" dir="1" index="1" bw="32" slack="2"/>
</pin_list>
<bind>
<opcode="alloca(26) " fcode="alloca"/>
<opset="a_4_loc/1 "/>
</bind>
</comp>

<comp id="80" class="1004" name="w_loc_fu_80">
<pin_list>
<pin id="81" dir="0" index="0" bw="1" slack="0"/>
<pin id="82" dir="1" index="1" bw="32" slack="0"/>
</pin_list>
<bind>
<opcode="alloca(26) " fcode="alloca"/>
<opset="w_loc/1 "/>
</bind>
</comp>

<comp id="84" class="1004" name="w_66_loc_fu_84">
<pin_list>
<pin id="85" dir="0" index="0" bw="1" slack="0"/>
<pin id="86" dir="1" index="1" bw="32" slack="0"/>
</pin_list>
<bind>
<opcode="alloca(26) " fcode="alloca"/>
<opset="w_66_loc/1 "/>
</bind>
</comp>

<comp id="88" class="1004" name="w_67_loc_fu_88">
<pin_list>
<pin id="89" dir="0" index="0" bw="1" slack="0"/>
<pin id="90" dir="1" index="1" bw="32" slack="0"/>
</pin_list>
<bind>
<opcode="alloca(26) " fcode="alloca"/>
<opset="w_67_loc/1 "/>
</bind>
</comp>

<comp id="92" class="1004" name="w_68_loc_fu_92">
<pin_list>
<pin id="93" dir="0" index="0" bw="1" slack="0"/>
<pin id="94" dir="1" index="1" bw="32" slack="0"/>
</pin_list>
<bind>
<opcode="alloca(26) " fcode="alloca"/>
<opset="w_68_loc/1 "/>
</bind>
</comp>

<comp id="96" class="1004" name="w_69_loc_fu_96">
<pin_list>
<pin id="97" dir="0" index="0" bw="1" slack="0"/>
<pin id="98" dir="1" index="1" bw="32" slack="0"/>
</pin_list>
<bind>
<opcode="alloca(26) " fcode="alloca"/>
<opset="w_69_loc/1 "/>
</bind>
</comp>

<comp id="100" class="1004" name="w_70_loc_fu_100">
<pin_list>
<pin id="101" dir="0" index="0" bw="1" slack="0"/>
<pin id="102" dir="1" index="1" bw="32" slack="0"/>
</pin_list>
<bind>
<opcode="alloca(26) " fcode="alloca"/>
<opset="w_70_loc/1 "/>
</bind>
</comp>

<comp id="104" class="1004" name="w_71_loc_fu_104">
<pin_list>
<pin id="105" dir="0" index="0" bw="1" slack="0"/>
<pin id="106" dir="1" index="1" bw="32" slack="0"/>
</pin_list>
<bind>
<opcode="alloca(26) " fcode="alloca"/>
<opset="w_71_loc/1 "/>
</bind>
</comp>

<comp id="108" class="1004" name="w_72_loc_fu_108">
<pin_list>
<pin id="109" dir="0" index="0" bw="1" slack="0"/>
<pin id="110" dir="1" index="1" bw="32" slack="0"/>
</pin_list>
<bind>
<opcode="alloca(26) " fcode="alloca"/>
<opset="w_72_loc/1 "/>
</bind>
</comp>

<comp id="112" class="1004" name="w_73_loc_fu_112">
<pin_list>
<pin id="113" dir="0" index="0" bw="1" slack="0"/>
<pin id="114" dir="1" index="1" bw="32" slack="0"/>
</pin_list>
<bind>
<opcode="alloca(26) " fcode="alloca"/>
<opset="w_73_loc/1 "/>
</bind>
</comp>

<comp id="116" class="1004" name="w_74_loc_fu_116">
<pin_list>
<pin id="117" dir="0" index="0" bw="1" slack="0"/>
<pin id="118" dir="1" index="1" bw="32" slack="0"/>
</pin_list>
<bind>
<opcode="alloca(26) " fcode="alloca"/>
<opset="w_74_loc/1 "/>
</bind>
</comp>

<comp id="120" class="1004" name="w_75_loc_fu_120">
<pin_list>
<pin id="121" dir="0" index="0" bw="1" slack="0"/>
<pin id="122" dir="1" index="1" bw="32" slack="0"/>
</pin_list>
<bind>
<opcode="alloca(26) " fcode="alloca"/>
<opset="w_75_loc/1 "/>
</bind>
</comp>

<comp id="124" class="1004" name="w_76_loc_fu_124">
<pin_list>
<pin id="125" dir="0" index="0" bw="1" slack="0"/>
<pin id="126" dir="1" index="1" bw="32" slack="0"/>
</pin_list>
<bind>
<opcode="alloca(26) " fcode="alloca"/>
<opset="w_76_loc/1 "/>
</bind>
</comp>

<comp id="128" class="1004" name="w_77_loc_fu_128">
<pin_list>
<pin id="129" dir="0" index="0" bw="1" slack="0"/>
<pin id="130" dir="1" index="1" bw="32" slack="0"/>
</pin_list>
<bind>
<opcode="alloca(26) " fcode="alloca"/>
<opset="w_77_loc/1 "/>
</bind>
</comp>

<comp id="132" class="1004" name="w_78_loc_fu_132">
<pin_list>
<pin id="133" dir="0" index="0" bw="1" slack="0"/>
<pin id="134" dir="1" index="1" bw="32" slack="0"/>
</pin_list>
<bind>
<opcode="alloca(26) " fcode="alloca"/>
<opset="w_78_loc/1 "/>
</bind>
</comp>

<comp id="136" class="1004" name="w_79_loc_fu_136">
<pin_list>
<pin id="137" dir="0" index="0" bw="1" slack="0"/>
<pin id="138" dir="1" index="1" bw="32" slack="0"/>
</pin_list>
<bind>
<opcode="alloca(26) " fcode="alloca"/>
<opset="w_79_loc/1 "/>
</bind>
</comp>

<comp id="140" class="1004" name="w_80_loc_fu_140">
<pin_list>
<pin id="141" dir="0" index="0" bw="1" slack="0"/>
<pin id="142" dir="1" index="1" bw="32" slack="0"/>
</pin_list>
<bind>
<opcode="alloca(26) " fcode="alloca"/>
<opset="w_80_loc/1 "/>
</bind>
</comp>

<comp id="144" class="1004" name="block_words_read_20_read_fu_144">
<pin_list>
<pin id="145" dir="0" index="0" bw="32" slack="0"/>
<pin id="146" dir="0" index="1" bw="32" slack="0"/>
<pin id="147" dir="1" index="2" bw="32" slack="0"/>
</pin_list>
<bind>
<opcode="read(1150) " fcode="read"/>
<opset="block_words_read_20/1 "/>
</bind>
</comp>

<comp id="150" class="1004" name="block_words_read_21_read_fu_150">
<pin_list>
<pin id="151" dir="0" index="0" bw="32" slack="0"/>
<pin id="152" dir="0" index="1" bw="32" slack="0"/>
<pin id="153" dir="1" index="2" bw="32" slack="0"/>
</pin_list>
<bind>
<opcode="read(1150) " fcode="read"/>
<opset="block_words_read_21/1 "/>
</bind>
</comp>

<comp id="156" class="1004" name="block_words_read_22_read_fu_156">
<pin_list>
<pin id="157" dir="0" index="0" bw="32" slack="0"/>
<pin id="158" dir="0" index="1" bw="32" slack="0"/>
<pin id="159" dir="1" index="2" bw="32" slack="0"/>
</pin_list>
<bind>
<opcode="read(1150) " fcode="read"/>
<opset="block_words_read_22/1 "/>
</bind>
</comp>

<comp id="162" class="1004" name="block_words_read_23_read_fu_162">
<pin_list>
<pin id="163" dir="0" index="0" bw="32" slack="0"/>
<pin id="164" dir="0" index="1" bw="32" slack="0"/>
<pin id="165" dir="1" index="2" bw="32" slack="0"/>
</pin_list>
<bind>
<opcode="read(1150) " fcode="read"/>
<opset="block_words_read_23/1 "/>
</bind>
</comp>

<comp id="168" class="1004" name="block_words_read_24_read_fu_168">
<pin_list>
<pin id="169" dir="0" index="0" bw="32" slack="0"/>
<pin id="170" dir="0" index="1" bw="32" slack="0"/>
<pin id="171" dir="1" index="2" bw="32" slack="0"/>
</pin_list>
<bind>
<opcode="read(1150) " fcode="read"/>
<opset="block_words_read_24/1 "/>
</bind>
</comp>

<comp id="174" class="1004" name="block_words_read_25_read_fu_174">
<pin_list>
<pin id="175" dir="0" index="0" bw="32" slack="0"/>
<pin id="176" dir="0" index="1" bw="32" slack="0"/>
<pin id="177" dir="1" index="2" bw="32" slack="0"/>
</pin_list>
<bind>
<opcode="read(1150) " fcode="read"/>
<opset="block_words_read_25/1 "/>
</bind>
</comp>

<comp id="180" class="1004" name="block_words_read_26_read_fu_180">
<pin_list>
<pin id="181" dir="0" index="0" bw="32" slack="0"/>
<pin id="182" dir="0" index="1" bw="32" slack="0"/>
<pin id="183" dir="1" index="2" bw="32" slack="0"/>
</pin_list>
<bind>
<opcode="read(1150) " fcode="read"/>
<opset="block_words_read_26/1 "/>
</bind>
</comp>

<comp id="186" class="1004" name="block_words_read_27_read_fu_186">
<pin_list>
<pin id="187" dir="0" index="0" bw="32" slack="0"/>
<pin id="188" dir="0" index="1" bw="32" slack="0"/>
<pin id="189" dir="1" index="2" bw="32" slack="0"/>
</pin_list>
<bind>
<opcode="read(1150) " fcode="read"/>
<opset="block_words_read_27/1 "/>
</bind>
</comp>

<comp id="192" class="1004" name="block_words_read_28_read_fu_192">
<pin_list>
<pin id="193" dir="0" index="0" bw="32" slack="0"/>
<pin id="194" dir="0" index="1" bw="32" slack="0"/>
<pin id="195" dir="1" index="2" bw="32" slack="0"/>
</pin_list>
<bind>
<opcode="read(1150) " fcode="read"/>
<opset="block_words_read_28/1 "/>
</bind>
</comp>

<comp id="198" class="1004" name="block_words_read16_read_fu_198">
<pin_list>
<pin id="199" dir="0" index="0" bw="32" slack="0"/>
<pin id="200" dir="0" index="1" bw="32" slack="0"/>
<pin id="201" dir="1" index="2" bw="32" slack="0"/>
</pin_list>
<bind>
<opcode="read(1150) " fcode="read"/>
<opset="block_words_read16/1 "/>
</bind>
</comp>

<comp id="204" class="1004" name="state_read_15_read_fu_204">
<pin_list>
<pin id="205" dir="0" index="0" bw="32" slack="0"/>
<pin id="206" dir="0" index="1" bw="32" slack="0"/>
<pin id="207" dir="1" index="2" bw="32" slack="0"/>
</pin_list>
<bind>
<opcode="read(1150) " fcode="read"/>
<opset="state_read_15/3 "/>
</bind>
</comp>

<comp id="210" class="1004" name="state_read_16_read_fu_210">
<pin_list>
<pin id="211" dir="0" index="0" bw="32" slack="0"/>
<pin id="212" dir="0" index="1" bw="32" slack="0"/>
<pin id="213" dir="1" index="2" bw="32" slack="0"/>
</pin_list>
<bind>
<opcode="read(1150) " fcode="read"/>
<opset="state_read_16/3 "/>
</bind>
</comp>

<comp id="216" class="1004" name="state_read_17_read_fu_216">
<pin_list>
<pin id="217" dir="0" index="0" bw="32" slack="0"/>
<pin id="218" dir="0" index="1" bw="32" slack="0"/>
<pin id="219" dir="1" index="2" bw="32" slack="0"/>
</pin_list>
<bind>
<opcode="read(1150) " fcode="read"/>
<opset="state_read_17/3 "/>
</bind>
</comp>

<comp id="222" class="1004" name="state_read_18_read_fu_222">
<pin_list>
<pin id="223" dir="0" index="0" bw="32" slack="0"/>
<pin id="224" dir="0" index="1" bw="32" slack="0"/>
<pin id="225" dir="1" index="2" bw="32" slack="0"/>
</pin_list>
<bind>
<opcode="read(1150) " fcode="read"/>
<opset="state_read_18/3 "/>
</bind>
</comp>

<comp id="228" class="1004" name="state_read_19_read_fu_228">
<pin_list>
<pin id="229" dir="0" index="0" bw="32" slack="0"/>
<pin id="230" dir="0" index="1" bw="32" slack="0"/>
<pin id="231" dir="1" index="2" bw="32" slack="0"/>
</pin_list>
<bind>
<opcode="read(1150) " fcode="read"/>
<opset="state_read_19/3 "/>
</bind>
</comp>

<comp id="234" class="1004" name="state_read_20_read_fu_234">
<pin_list>
<pin id="235" dir="0" index="0" bw="32" slack="0"/>
<pin id="236" dir="0" index="1" bw="32" slack="0"/>
<pin id="237" dir="1" index="2" bw="32" slack="0"/>
</pin_list>
<bind>
<opcode="read(1150) " fcode="read"/>
<opset="state_read_20/3 "/>
</bind>
</comp>

<comp id="240" class="1004" name="state_read_21_read_fu_240">
<pin_list>
<pin id="241" dir="0" index="0" bw="32" slack="0"/>
<pin id="242" dir="0" index="1" bw="32" slack="0"/>
<pin id="243" dir="1" index="2" bw="32" slack="0"/>
</pin_list>
<bind>
<opcode="read(1150) " fcode="read"/>
<opset="state_read_21/3 "/>
</bind>
</comp>

<comp id="246" class="1004" name="state_read_22_read_fu_246">
<pin_list>
<pin id="247" dir="0" index="0" bw="32" slack="0"/>
<pin id="248" dir="0" index="1" bw="32" slack="0"/>
<pin id="249" dir="1" index="2" bw="32" slack="0"/>
</pin_list>
<bind>
<opcode="read(1150) " fcode="read"/>
<opset="state_read_22/3 "/>
</bind>
</comp>

<comp id="252" class="1004" name="grp_sha256_compress_words_Pipeline_LOAD_INITIAL_WORDS_fu_252">
<pin_list>
<pin id="253" dir="0" index="0" bw="0" slack="0"/>
<pin id="254" dir="0" index="1" bw="32" slack="0"/>
<pin id="255" dir="0" index="2" bw="32" slack="0"/>
<pin id="256" dir="0" index="3" bw="32" slack="0"/>
<pin id="257" dir="0" index="4" bw="32" slack="0"/>
<pin id="258" dir="0" index="5" bw="32" slack="0"/>
<pin id="259" dir="0" index="6" bw="32" slack="0"/>
<pin id="260" dir="0" index="7" bw="32" slack="0"/>
<pin id="261" dir="0" index="8" bw="32" slack="0"/>
<pin id="262" dir="0" index="9" bw="32" slack="0"/>
<pin id="263" dir="0" index="10" bw="10" slack="0"/>
<pin id="264" dir="0" index="11" bw="32" slack="0"/>
<pin id="265" dir="0" index="12" bw="32" slack="0"/>
<pin id="266" dir="0" index="13" bw="32" slack="0"/>
<pin id="267" dir="0" index="14" bw="32" slack="0"/>
<pin id="268" dir="0" index="15" bw="32" slack="0"/>
<pin id="269" dir="0" index="16" bw="32" slack="0"/>
<pin id="270" dir="0" index="17" bw="32" slack="0"/>
<pin id="271" dir="0" index="18" bw="32" slack="0"/>
<pin id="272" dir="0" index="19" bw="32" slack="0"/>
<pin id="273" dir="0" index="20" bw="32" slack="0"/>
<pin id="274" dir="0" index="21" bw="32" slack="0"/>
<pin id="275" dir="0" index="22" bw="32" slack="0"/>
<pin id="276" dir="0" index="23" bw="32" slack="0"/>
<pin id="277" dir="0" index="24" bw="32" slack="0"/>
<pin id="278" dir="0" index="25" bw="32" slack="0"/>
<pin id="279" dir="0" index="26" bw="32" slack="0"/>
<pin id="280" dir="1" index="27" bw="0" slack="2147483647"/>
</pin_list>
<bind>
<opcode="call(48) " fcode="call"/>
<opset="call_ln0/1 "/>
</bind>
</comp>

<comp id="291" class="1004" name="grp_sha256_compress_words_Pipeline_SHA256_ROUNDS_fu_291">
<pin_list>
<pin id="292" dir="0" index="0" bw="0" slack="0"/>
<pin id="293" dir="0" index="1" bw="32" slack="0"/>
<pin id="294" dir="0" index="2" bw="32" slack="0"/>
<pin id="295" dir="0" index="3" bw="32" slack="0"/>
<pin id="296" dir="0" index="4" bw="32" slack="0"/>
<pin id="297" dir="0" index="5" bw="32" slack="0"/>
<pin id="298" dir="0" index="6" bw="32" slack="0"/>
<pin id="299" dir="0" index="7" bw="32" slack="0"/>
<pin id="300" dir="0" index="8" bw="32" slack="0"/>
<pin id="301" dir="0" index="9" bw="32" slack="0"/>
<pin id="302" dir="0" index="10" bw="32" slack="0"/>
<pin id="303" dir="0" index="11" bw="32" slack="0"/>
<pin id="304" dir="0" index="12" bw="32" slack="0"/>
<pin id="305" dir="0" index="13" bw="32" slack="0"/>
<pin id="306" dir="0" index="14" bw="32" slack="0"/>
<pin id="307" dir="0" index="15" bw="32" slack="0"/>
<pin id="308" dir="0" index="16" bw="32" slack="0"/>
<pin id="309" dir="0" index="17" bw="32" slack="0"/>
<pin id="310" dir="0" index="18" bw="32" slack="0"/>
<pin id="311" dir="0" index="19" bw="32" slack="0"/>
<pin id="312" dir="0" index="20" bw="32" slack="0"/>
<pin id="313" dir="0" index="21" bw="32" slack="0"/>
<pin id="314" dir="0" index="22" bw="32" slack="0"/>
<pin id="315" dir="0" index="23" bw="32" slack="0"/>
<pin id="316" dir="0" index="24" bw="32" slack="0"/>
<pin id="317" dir="0" index="25" bw="32" slack="2"/>
<pin id="318" dir="0" index="26" bw="32" slack="2"/>
<pin id="319" dir="0" index="27" bw="32" slack="2"/>
<pin id="320" dir="0" index="28" bw="32" slack="2"/>
<pin id="321" dir="0" index="29" bw="32" slack="2"/>
<pin id="322" dir="0" index="30" bw="32" slack="2"/>
<pin id="323" dir="0" index="31" bw="32" slack="2"/>
<pin id="324" dir="0" index="32" bw="32" slack="2"/>
<pin id="325" dir="0" index="33" bw="32" slack="0"/>
<pin id="326" dir="1" index="34" bw="0" slack="2147483647"/>
</pin_list>
<bind>
<opcode="call(48) " fcode="call"/>
<opset="call_ln0/3 "/>
</bind>
</comp>

<comp id="337" class="1004" name="empty_fu_337">
<pin_list>
<pin id="338" dir="0" index="0" bw="32" slack="0"/>
<pin id="339" dir="1" index="1" bw="10" slack="0"/>
</pin_list>
<bind>
<opcode="trunc(33) " fcode="trunc"/>
<opset="empty/1 "/>
</bind>
</comp>

<comp id="342" class="1004" name="w_80_loc_load_load_fu_342">
<pin_list>
<pin id="343" dir="0" index="0" bw="32" slack="2"/>
<pin id="344" dir="1" index="1" bw="32" slack="0"/>
</pin_list>
<bind>
<opcode="load(27) " fcode="load"/>
<opset="w_80_loc_load/3 "/>
</bind>
</comp>

<comp id="346" class="1004" name="w_79_loc_load_load_fu_346">
<pin_list>
<pin id="347" dir="0" index="0" bw="32" slack="2"/>
<pin id="348" dir="1" index="1" bw="32" slack="0"/>
</pin_list>
<bind>
<opcode="load(27) " fcode="load"/>
<opset="w_79_loc_load/3 "/>
</bind>
</comp>

<comp id="350" class="1004" name="w_78_loc_load_load_fu_350">
<pin_list>
<pin id="351" dir="0" index="0" bw="32" slack="2"/>
<pin id="352" dir="1" index="1" bw="32" slack="0"/>
</pin_list>
<bind>
<opcode="load(27) " fcode="load"/>
<opset="w_78_loc_load/3 "/>
</bind>
</comp>

<comp id="354" class="1004" name="w_77_loc_load_load_fu_354">
<pin_list>
<pin id="355" dir="0" index="0" bw="32" slack="2"/>
<pin id="356" dir="1" index="1" bw="32" slack="0"/>
</pin_list>
<bind>
<opcode="load(27) " fcode="load"/>
<opset="w_77_loc_load/3 "/>
</bind>
</comp>

<comp id="358" class="1004" name="w_76_loc_load_load_fu_358">
<pin_list>
<pin id="359" dir="0" index="0" bw="32" slack="2"/>
<pin id="360" dir="1" index="1" bw="32" slack="0"/>
</pin_list>
<bind>
<opcode="load(27) " fcode="load"/>
<opset="w_76_loc_load/3 "/>
</bind>
</comp>

<comp id="362" class="1004" name="w_75_loc_load_load_fu_362">
<pin_list>
<pin id="363" dir="0" index="0" bw="32" slack="2"/>
<pin id="364" dir="1" index="1" bw="32" slack="0"/>
</pin_list>
<bind>
<opcode="load(27) " fcode="load"/>
<opset="w_75_loc_load/3 "/>
</bind>
</comp>

<comp id="366" class="1004" name="w_74_loc_load_load_fu_366">
<pin_list>
<pin id="367" dir="0" index="0" bw="32" slack="2"/>
<pin id="368" dir="1" index="1" bw="32" slack="0"/>
</pin_list>
<bind>
<opcode="load(27) " fcode="load"/>
<opset="w_74_loc_load/3 "/>
</bind>
</comp>

<comp id="370" class="1004" name="w_73_loc_load_load_fu_370">
<pin_list>
<pin id="371" dir="0" index="0" bw="32" slack="2"/>
<pin id="372" dir="1" index="1" bw="32" slack="0"/>
</pin_list>
<bind>
<opcode="load(27) " fcode="load"/>
<opset="w_73_loc_load/3 "/>
</bind>
</comp>

<comp id="374" class="1004" name="w_72_loc_load_load_fu_374">
<pin_list>
<pin id="375" dir="0" index="0" bw="32" slack="2"/>
<pin id="376" dir="1" index="1" bw="32" slack="0"/>
</pin_list>
<bind>
<opcode="load(27) " fcode="load"/>
<opset="w_72_loc_load/3 "/>
</bind>
</comp>

<comp id="378" class="1004" name="w_71_loc_load_load_fu_378">
<pin_list>
<pin id="379" dir="0" index="0" bw="32" slack="2"/>
<pin id="380" dir="1" index="1" bw="32" slack="0"/>
</pin_list>
<bind>
<opcode="load(27) " fcode="load"/>
<opset="w_71_loc_load/3 "/>
</bind>
</comp>

<comp id="382" class="1004" name="w_70_loc_load_load_fu_382">
<pin_list>
<pin id="383" dir="0" index="0" bw="32" slack="2"/>
<pin id="384" dir="1" index="1" bw="32" slack="0"/>
</pin_list>
<bind>
<opcode="load(27) " fcode="load"/>
<opset="w_70_loc_load/3 "/>
</bind>
</comp>

<comp id="386" class="1004" name="w_69_loc_load_load_fu_386">
<pin_list>
<pin id="387" dir="0" index="0" bw="32" slack="2"/>
<pin id="388" dir="1" index="1" bw="32" slack="0"/>
</pin_list>
<bind>
<opcode="load(27) " fcode="load"/>
<opset="w_69_loc_load/3 "/>
</bind>
</comp>

<comp id="390" class="1004" name="w_68_loc_load_load_fu_390">
<pin_list>
<pin id="391" dir="0" index="0" bw="32" slack="2"/>
<pin id="392" dir="1" index="1" bw="32" slack="0"/>
</pin_list>
<bind>
<opcode="load(27) " fcode="load"/>
<opset="w_68_loc_load/3 "/>
</bind>
</comp>

<comp id="394" class="1004" name="w_67_loc_load_load_fu_394">
<pin_list>
<pin id="395" dir="0" index="0" bw="32" slack="2"/>
<pin id="396" dir="1" index="1" bw="32" slack="0"/>
</pin_list>
<bind>
<opcode="load(27) " fcode="load"/>
<opset="w_67_loc_load/3 "/>
</bind>
</comp>

<comp id="398" class="1004" name="w_66_loc_load_load_fu_398">
<pin_list>
<pin id="399" dir="0" index="0" bw="32" slack="2"/>
<pin id="400" dir="1" index="1" bw="32" slack="0"/>
</pin_list>
<bind>
<opcode="load(27) " fcode="load"/>
<opset="w_66_loc_load/3 "/>
</bind>
</comp>

<comp id="402" class="1004" name="w_loc_load_load_fu_402">
<pin_list>
<pin id="403" dir="0" index="0" bw="32" slack="2"/>
<pin id="404" dir="1" index="1" bw="32" slack="0"/>
</pin_list>
<bind>
<opcode="load(27) " fcode="load"/>
<opset="w_loc_load/3 "/>
</bind>
</comp>

<comp id="406" class="1004" name="a_4_loc_load_load_fu_406">
<pin_list>
<pin id="407" dir="0" index="0" bw="32" slack="4"/>
<pin id="408" dir="1" index="1" bw="32" slack="0"/>
</pin_list>
<bind>
<opcode="load(27) " fcode="load"/>
<opset="a_4_loc_load/5 "/>
</bind>
</comp>

<comp id="409" class="1004" name="b_loc_load_load_fu_409">
<pin_list>
<pin id="410" dir="0" index="0" bw="32" slack="4"/>
<pin id="411" dir="1" index="1" bw="32" slack="0"/>
</pin_list>
<bind>
<opcode="load(27) " fcode="load"/>
<opset="b_loc_load/5 "/>
</bind>
</comp>

<comp id="412" class="1004" name="c_loc_load_load_fu_412">
<pin_list>
<pin id="413" dir="0" index="0" bw="32" slack="4"/>
<pin id="414" dir="1" index="1" bw="32" slack="0"/>
</pin_list>
<bind>
<opcode="load(27) " fcode="load"/>
<opset="c_loc_load/5 "/>
</bind>
</comp>

<comp id="415" class="1004" name="d_loc_load_load_fu_415">
<pin_list>
<pin id="416" dir="0" index="0" bw="32" slack="4"/>
<pin id="417" dir="1" index="1" bw="32" slack="0"/>
</pin_list>
<bind>
<opcode="load(27) " fcode="load"/>
<opset="d_loc_load/5 "/>
</bind>
</comp>

<comp id="418" class="1004" name="e_4_loc_load_load_fu_418">
<pin_list>
<pin id="419" dir="0" index="0" bw="32" slack="4"/>
<pin id="420" dir="1" index="1" bw="32" slack="0"/>
</pin_list>
<bind>
<opcode="load(27) " fcode="load"/>
<opset="e_4_loc_load/5 "/>
</bind>
</comp>

<comp id="421" class="1004" name="f_loc_load_load_fu_421">
<pin_list>
<pin id="422" dir="0" index="0" bw="32" slack="4"/>
<pin id="423" dir="1" index="1" bw="32" slack="0"/>
</pin_list>
<bind>
<opcode="load(27) " fcode="load"/>
<opset="f_loc_load/5 "/>
</bind>
</comp>

<comp id="424" class="1004" name="g_loc_load_load_fu_424">
<pin_list>
<pin id="425" dir="0" index="0" bw="32" slack="4"/>
<pin id="426" dir="1" index="1" bw="32" slack="0"/>
</pin_list>
<bind>
<opcode="load(27) " fcode="load"/>
<opset="g_loc_load/5 "/>
</bind>
</comp>

<comp id="427" class="1004" name="h_01_loc_load_load_fu_427">
<pin_list>
<pin id="428" dir="0" index="0" bw="32" slack="4"/>
<pin id="429" dir="1" index="1" bw="32" slack="0"/>
</pin_list>
<bind>
<opcode="load(27) " fcode="load"/>
<opset="h_01_loc_load/5 "/>
</bind>
</comp>

<comp id="430" class="1004" name="add_ln198_fu_430">
<pin_list>
<pin id="431" dir="0" index="0" bw="32" slack="0"/>
<pin id="432" dir="0" index="1" bw="32" slack="2"/>
<pin id="433" dir="1" index="2" bw="32" slack="0"/>
</pin_list>
<bind>
<opcode="add(8) " fcode="add"/>
<opset="add_ln198/5 "/>
</bind>
</comp>

<comp id="435" class="1004" name="add_ln199_fu_435">
<pin_list>
<pin id="436" dir="0" index="0" bw="32" slack="0"/>
<pin id="437" dir="0" index="1" bw="32" slack="2"/>
<pin id="438" dir="1" index="2" bw="32" slack="0"/>
</pin_list>
<bind>
<opcode="add(8) " fcode="add"/>
<opset="add_ln199/5 "/>
</bind>
</comp>

<comp id="440" class="1004" name="add_ln200_fu_440">
<pin_list>
<pin id="441" dir="0" index="0" bw="32" slack="0"/>
<pin id="442" dir="0" index="1" bw="32" slack="2"/>
<pin id="443" dir="1" index="2" bw="32" slack="0"/>
</pin_list>
<bind>
<opcode="add(8) " fcode="add"/>
<opset="add_ln200/5 "/>
</bind>
</comp>

<comp id="445" class="1004" name="add_ln201_fu_445">
<pin_list>
<pin id="446" dir="0" index="0" bw="32" slack="0"/>
<pin id="447" dir="0" index="1" bw="32" slack="2"/>
<pin id="448" dir="1" index="2" bw="32" slack="0"/>
</pin_list>
<bind>
<opcode="add(8) " fcode="add"/>
<opset="add_ln201/5 "/>
</bind>
</comp>

<comp id="450" class="1004" name="add_ln202_fu_450">
<pin_list>
<pin id="451" dir="0" index="0" bw="32" slack="0"/>
<pin id="452" dir="0" index="1" bw="32" slack="2"/>
<pin id="453" dir="1" index="2" bw="32" slack="0"/>
</pin_list>
<bind>
<opcode="add(8) " fcode="add"/>
<opset="add_ln202/5 "/>
</bind>
</comp>

<comp id="455" class="1004" name="add_ln203_fu_455">
<pin_list>
<pin id="456" dir="0" index="0" bw="32" slack="0"/>
<pin id="457" dir="0" index="1" bw="32" slack="2"/>
<pin id="458" dir="1" index="2" bw="32" slack="0"/>
</pin_list>
<bind>
<opcode="add(8) " fcode="add"/>
<opset="add_ln203/5 "/>
</bind>
</comp>

<comp id="460" class="1004" name="add_ln204_fu_460">
<pin_list>
<pin id="461" dir="0" index="0" bw="32" slack="0"/>
<pin id="462" dir="0" index="1" bw="32" slack="2"/>
<pin id="463" dir="1" index="2" bw="32" slack="0"/>
</pin_list>
<bind>
<opcode="add(8) " fcode="add"/>
<opset="add_ln204/5 "/>
</bind>
</comp>

<comp id="465" class="1004" name="add_ln205_fu_465">
<pin_list>
<pin id="466" dir="0" index="0" bw="32" slack="0"/>
<pin id="467" dir="0" index="1" bw="32" slack="2"/>
<pin id="468" dir="1" index="2" bw="32" slack="0"/>
</pin_list>
<bind>
<opcode="add(8) " fcode="add"/>
<opset="add_ln205/5 "/>
</bind>
</comp>

<comp id="470" class="1004" name="mrv_fu_470">
<pin_list>
<pin id="471" dir="0" index="0" bw="256" slack="0"/>
<pin id="472" dir="0" index="1" bw="32" slack="0"/>
<pin id="473" dir="1" index="2" bw="256" slack="0"/>
</pin_list>
<bind>
<opcode="insertvalue(57) " fcode="insertvalue"/>
<opset="mrv/5 "/>
</bind>
</comp>

<comp id="476" class="1004" name="mrv_1_fu_476">
<pin_list>
<pin id="477" dir="0" index="0" bw="256" slack="0"/>
<pin id="478" dir="0" index="1" bw="32" slack="0"/>
<pin id="479" dir="1" index="2" bw="256" slack="0"/>
</pin_list>
<bind>
<opcode="insertvalue(57) " fcode="insertvalue"/>
<opset="mrv_1/5 "/>
</bind>
</comp>

<comp id="482" class="1004" name="mrv_2_fu_482">
<pin_list>
<pin id="483" dir="0" index="0" bw="256" slack="0"/>
<pin id="484" dir="0" index="1" bw="32" slack="0"/>
<pin id="485" dir="1" index="2" bw="256" slack="0"/>
</pin_list>
<bind>
<opcode="insertvalue(57) " fcode="insertvalue"/>
<opset="mrv_2/5 "/>
</bind>
</comp>

<comp id="488" class="1004" name="mrv_3_fu_488">
<pin_list>
<pin id="489" dir="0" index="0" bw="256" slack="0"/>
<pin id="490" dir="0" index="1" bw="32" slack="0"/>
<pin id="491" dir="1" index="2" bw="256" slack="0"/>
</pin_list>
<bind>
<opcode="insertvalue(57) " fcode="insertvalue"/>
<opset="mrv_3/5 "/>
</bind>
</comp>

<comp id="494" class="1004" name="mrv_4_fu_494">
<pin_list>
<pin id="495" dir="0" index="0" bw="256" slack="0"/>
<pin id="496" dir="0" index="1" bw="32" slack="0"/>
<pin id="497" dir="1" index="2" bw="256" slack="0"/>
</pin_list>
<bind>
<opcode="insertvalue(57) " fcode="insertvalue"/>
<opset="mrv_4/5 "/>
</bind>
</comp>

<comp id="500" class="1004" name="mrv_5_fu_500">
<pin_list>
<pin id="501" dir="0" index="0" bw="256" slack="0"/>
<pin id="502" dir="0" index="1" bw="32" slack="0"/>
<pin id="503" dir="1" index="2" bw="256" slack="0"/>
</pin_list>
<bind>
<opcode="insertvalue(57) " fcode="insertvalue"/>
<opset="mrv_5/5 "/>
</bind>
</comp>

<comp id="506" class="1004" name="mrv_6_fu_506">
<pin_list>
<pin id="507" dir="0" index="0" bw="256" slack="0"/>
<pin id="508" dir="0" index="1" bw="32" slack="0"/>
<pin id="509" dir="1" index="2" bw="256" slack="0"/>
</pin_list>
<bind>
<opcode="insertvalue(57) " fcode="insertvalue"/>
<opset="mrv_6/5 "/>
</bind>
</comp>

<comp id="512" class="1004" name="mrv_7_fu_512">
<pin_list>
<pin id="513" dir="0" index="0" bw="256" slack="0"/>
<pin id="514" dir="0" index="1" bw="32" slack="0"/>
<pin id="515" dir="1" index="2" bw="256" slack="2147483647"/>
</pin_list>
<bind>
<opcode="insertvalue(57) " fcode="insertvalue"/>
<opset="mrv_7/5 "/>
</bind>
</comp>

<comp id="518" class="1005" name="block_words_read_21_reg_518">
<pin_list>
<pin id="519" dir="0" index="0" bw="32" slack="1"/>
<pin id="520" dir="1" index="1" bw="32" slack="1"/>
</pin_list>
<bind>
<opset="block_words_read_21 "/>
</bind>
</comp>

<comp id="523" class="1005" name="block_words_read_22_reg_523">
<pin_list>
<pin id="524" dir="0" index="0" bw="32" slack="1"/>
<pin id="525" dir="1" index="1" bw="32" slack="1"/>
</pin_list>
<bind>
<opset="block_words_read_22 "/>
</bind>
</comp>

<comp id="528" class="1005" name="block_words_read_23_reg_528">
<pin_list>
<pin id="529" dir="0" index="0" bw="32" slack="1"/>
<pin id="530" dir="1" index="1" bw="32" slack="1"/>
</pin_list>
<bind>
<opset="block_words_read_23 "/>
</bind>
</comp>

<comp id="533" class="1005" name="block_words_read_24_reg_533">
<pin_list>
<pin id="534" dir="0" index="0" bw="32" slack="1"/>
<pin id="535" dir="1" index="1" bw="32" slack="1"/>
</pin_list>
<bind>
<opset="block_words_read_24 "/>
</bind>
</comp>

<comp id="538" class="1005" name="block_words_read_25_reg_538">
<pin_list>
<pin id="539" dir="0" index="0" bw="32" slack="1"/>
<pin id="540" dir="1" index="1" bw="32" slack="1"/>
</pin_list>
<bind>
<opset="block_words_read_25 "/>
</bind>
</comp>

<comp id="543" class="1005" name="block_words_read_26_reg_543">
<pin_list>
<pin id="544" dir="0" index="0" bw="32" slack="1"/>
<pin id="545" dir="1" index="1" bw="32" slack="1"/>
</pin_list>
<bind>
<opset="block_words_read_26 "/>
</bind>
</comp>

<comp id="548" class="1005" name="block_words_read_27_reg_548">
<pin_list>
<pin id="549" dir="0" index="0" bw="32" slack="1"/>
<pin id="550" dir="1" index="1" bw="32" slack="1"/>
</pin_list>
<bind>
<opset="block_words_read_27 "/>
</bind>
</comp>

<comp id="553" class="1005" name="block_words_read_28_reg_553">
<pin_list>
<pin id="554" dir="0" index="0" bw="32" slack="1"/>
<pin id="555" dir="1" index="1" bw="32" slack="1"/>
</pin_list>
<bind>
<opset="block_words_read_28 "/>
</bind>
</comp>

<comp id="558" class="1005" name="block_words_read16_reg_558">
<pin_list>
<pin id="559" dir="0" index="0" bw="32" slack="1"/>
<pin id="560" dir="1" index="1" bw="32" slack="1"/>
</pin_list>
<bind>
<opset="block_words_read16 "/>
</bind>
</comp>

<comp id="563" class="1005" name="empty_reg_563">
<pin_list>
<pin id="564" dir="0" index="0" bw="10" slack="1"/>
<pin id="565" dir="1" index="1" bw="10" slack="1"/>
</pin_list>
<bind>
<opset="empty "/>
</bind>
</comp>

<comp id="568" class="1005" name="h_01_loc_reg_568">
<pin_list>
<pin id="569" dir="0" index="0" bw="32" slack="2"/>
<pin id="570" dir="1" index="1" bw="32" slack="2"/>
</pin_list>
<bind>
<opset="h_01_loc "/>
</bind>
</comp>

<comp id="574" class="1005" name="g_loc_reg_574">
<pin_list>
<pin id="575" dir="0" index="0" bw="32" slack="2"/>
<pin id="576" dir="1" index="1" bw="32" slack="2"/>
</pin_list>
<bind>
<opset="g_loc "/>
</bind>
</comp>

<comp id="580" class="1005" name="f_loc_reg_580">
<pin_list>
<pin id="581" dir="0" index="0" bw="32" slack="2"/>
<pin id="582" dir="1" index="1" bw="32" slack="2"/>
</pin_list>
<bind>
<opset="f_loc "/>
</bind>
</comp>

<comp id="586" class="1005" name="e_4_loc_reg_586">
<pin_list>
<pin id="587" dir="0" index="0" bw="32" slack="2"/>
<pin id="588" dir="1" index="1" bw="32" slack="2"/>
</pin_list>
<bind>
<opset="e_4_loc "/>
</bind>
</comp>

<comp id="592" class="1005" name="d_loc_reg_592">
<pin_list>
<pin id="593" dir="0" index="0" bw="32" slack="2"/>
<pin id="594" dir="1" index="1" bw="32" slack="2"/>
</pin_list>
<bind>
<opset="d_loc "/>
</bind>
</comp>

<comp id="598" class="1005" name="c_loc_reg_598">
<pin_list>
<pin id="599" dir="0" index="0" bw="32" slack="2"/>
<pin id="600" dir="1" index="1" bw="32" slack="2"/>
</pin_list>
<bind>
<opset="c_loc "/>
</bind>
</comp>

<comp id="604" class="1005" name="b_loc_reg_604">
<pin_list>
<pin id="605" dir="0" index="0" bw="32" slack="2"/>
<pin id="606" dir="1" index="1" bw="32" slack="2"/>
</pin_list>
<bind>
<opset="b_loc "/>
</bind>
</comp>

<comp id="610" class="1005" name="a_4_loc_reg_610">
<pin_list>
<pin id="611" dir="0" index="0" bw="32" slack="2"/>
<pin id="612" dir="1" index="1" bw="32" slack="2"/>
</pin_list>
<bind>
<opset="a_4_loc "/>
</bind>
</comp>

<comp id="616" class="1005" name="w_loc_reg_616">
<pin_list>
<pin id="617" dir="0" index="0" bw="32" slack="0"/>
<pin id="618" dir="1" index="1" bw="32" slack="0"/>
</pin_list>
<bind>
<opset="w_loc "/>
</bind>
</comp>

<comp id="622" class="1005" name="w_66_loc_reg_622">
<pin_list>
<pin id="623" dir="0" index="0" bw="32" slack="0"/>
<pin id="624" dir="1" index="1" bw="32" slack="0"/>
</pin_list>
<bind>
<opset="w_66_loc "/>
</bind>
</comp>

<comp id="628" class="1005" name="w_67_loc_reg_628">
<pin_list>
<pin id="629" dir="0" index="0" bw="32" slack="0"/>
<pin id="630" dir="1" index="1" bw="32" slack="0"/>
</pin_list>
<bind>
<opset="w_67_loc "/>
</bind>
</comp>

<comp id="634" class="1005" name="w_68_loc_reg_634">
<pin_list>
<pin id="635" dir="0" index="0" bw="32" slack="0"/>
<pin id="636" dir="1" index="1" bw="32" slack="0"/>
</pin_list>
<bind>
<opset="w_68_loc "/>
</bind>
</comp>

<comp id="640" class="1005" name="w_69_loc_reg_640">
<pin_list>
<pin id="641" dir="0" index="0" bw="32" slack="0"/>
<pin id="642" dir="1" index="1" bw="32" slack="0"/>
</pin_list>
<bind>
<opset="w_69_loc "/>
</bind>
</comp>

<comp id="646" class="1005" name="w_70_loc_reg_646">
<pin_list>
<pin id="647" dir="0" index="0" bw="32" slack="0"/>
<pin id="648" dir="1" index="1" bw="32" slack="0"/>
</pin_list>
<bind>
<opset="w_70_loc "/>
</bind>
</comp>

<comp id="652" class="1005" name="w_71_loc_reg_652">
<pin_list>
<pin id="653" dir="0" index="0" bw="32" slack="0"/>
<pin id="654" dir="1" index="1" bw="32" slack="0"/>
</pin_list>
<bind>
<opset="w_71_loc "/>
</bind>
</comp>

<comp id="658" class="1005" name="w_72_loc_reg_658">
<pin_list>
<pin id="659" dir="0" index="0" bw="32" slack="0"/>
<pin id="660" dir="1" index="1" bw="32" slack="0"/>
</pin_list>
<bind>
<opset="w_72_loc "/>
</bind>
</comp>

<comp id="664" class="1005" name="w_73_loc_reg_664">
<pin_list>
<pin id="665" dir="0" index="0" bw="32" slack="0"/>
<pin id="666" dir="1" index="1" bw="32" slack="0"/>
</pin_list>
<bind>
<opset="w_73_loc "/>
</bind>
</comp>

<comp id="670" class="1005" name="w_74_loc_reg_670">
<pin_list>
<pin id="671" dir="0" index="0" bw="32" slack="0"/>
<pin id="672" dir="1" index="1" bw="32" slack="0"/>
</pin_list>
<bind>
<opset="w_74_loc "/>
</bind>
</comp>

<comp id="676" class="1005" name="w_75_loc_reg_676">
<pin_list>
<pin id="677" dir="0" index="0" bw="32" slack="0"/>
<pin id="678" dir="1" index="1" bw="32" slack="0"/>
</pin_list>
<bind>
<opset="w_75_loc "/>
</bind>
</comp>

<comp id="682" class="1005" name="w_76_loc_reg_682">
<pin_list>
<pin id="683" dir="0" index="0" bw="32" slack="0"/>
<pin id="684" dir="1" index="1" bw="32" slack="0"/>
</pin_list>
<bind>
<opset="w_76_loc "/>
</bind>
</comp>

<comp id="688" class="1005" name="w_77_loc_reg_688">
<pin_list>
<pin id="689" dir="0" index="0" bw="32" slack="0"/>
<pin id="690" dir="1" index="1" bw="32" slack="0"/>
</pin_list>
<bind>
<opset="w_77_loc "/>
</bind>
</comp>

<comp id="694" class="1005" name="w_78_loc_reg_694">
<pin_list>
<pin id="695" dir="0" index="0" bw="32" slack="0"/>
<pin id="696" dir="1" index="1" bw="32" slack="0"/>
</pin_list>
<bind>
<opset="w_78_loc "/>
</bind>
</comp>

<comp id="700" class="1005" name="w_79_loc_reg_700">
<pin_list>
<pin id="701" dir="0" index="0" bw="32" slack="0"/>
<pin id="702" dir="1" index="1" bw="32" slack="0"/>
</pin_list>
<bind>
<opset="w_79_loc "/>
</bind>
</comp>

<comp id="706" class="1005" name="w_80_loc_reg_706">
<pin_list>
<pin id="707" dir="0" index="0" bw="32" slack="0"/>
<pin id="708" dir="1" index="1" bw="32" slack="0"/>
</pin_list>
<bind>
<opset="w_80_loc "/>
</bind>
</comp>

<comp id="712" class="1005" name="state_read_15_reg_712">
<pin_list>
<pin id="713" dir="0" index="0" bw="32" slack="1"/>
<pin id="714" dir="1" index="1" bw="32" slack="1"/>
</pin_list>
<bind>
<opset="state_read_15 "/>
</bind>
</comp>

<comp id="718" class="1005" name="state_read_16_reg_718">
<pin_list>
<pin id="719" dir="0" index="0" bw="32" slack="1"/>
<pin id="720" dir="1" index="1" bw="32" slack="1"/>
</pin_list>
<bind>
<opset="state_read_16 "/>
</bind>
</comp>

<comp id="724" class="1005" name="state_read_17_reg_724">
<pin_list>
<pin id="725" dir="0" index="0" bw="32" slack="1"/>
<pin id="726" dir="1" index="1" bw="32" slack="1"/>
</pin_list>
<bind>
<opset="state_read_17 "/>
</bind>
</comp>

<comp id="730" class="1005" name="state_read_18_reg_730">
<pin_list>
<pin id="731" dir="0" index="0" bw="32" slack="1"/>
<pin id="732" dir="1" index="1" bw="32" slack="1"/>
</pin_list>
<bind>
<opset="state_read_18 "/>
</bind>
</comp>

<comp id="736" class="1005" name="state_read_19_reg_736">
<pin_list>
<pin id="737" dir="0" index="0" bw="32" slack="1"/>
<pin id="738" dir="1" index="1" bw="32" slack="1"/>
</pin_list>
<bind>
<opset="state_read_19 "/>
</bind>
</comp>

<comp id="742" class="1005" name="state_read_20_reg_742">
<pin_list>
<pin id="743" dir="0" index="0" bw="32" slack="1"/>
<pin id="744" dir="1" index="1" bw="32" slack="1"/>
</pin_list>
<bind>
<opset="state_read_20 "/>
</bind>
</comp>

<comp id="748" class="1005" name="state_read_21_reg_748">
<pin_list>
<pin id="749" dir="0" index="0" bw="32" slack="1"/>
<pin id="750" dir="1" index="1" bw="32" slack="1"/>
</pin_list>
<bind>
<opset="state_read_21 "/>
</bind>
</comp>

<comp id="754" class="1005" name="state_read_22_reg_754">
<pin_list>
<pin id="755" dir="0" index="0" bw="32" slack="1"/>
<pin id="756" dir="1" index="1" bw="32" slack="1"/>
</pin_list>
<bind>
<opset="state_read_22 "/>
</bind>
</comp>

</comp_list>

<net_list>
<net id="51"><net_src comp="40" pin="0"/><net_sink comp="48" pin=0"/></net>

<net id="55"><net_src comp="40" pin="0"/><net_sink comp="52" pin=0"/></net>

<net id="59"><net_src comp="40" pin="0"/><net_sink comp="56" pin=0"/></net>

<net id="63"><net_src comp="40" pin="0"/><net_sink comp="60" pin=0"/></net>

<net id="67"><net_src comp="40" pin="0"/><net_sink comp="64" pin=0"/></net>

<net id="71"><net_src comp="40" pin="0"/><net_sink comp="68" pin=0"/></net>

<net id="75"><net_src comp="40" pin="0"/><net_sink comp="72" pin=0"/></net>

<net id="79"><net_src comp="40" pin="0"/><net_sink comp="76" pin=0"/></net>

<net id="83"><net_src comp="40" pin="0"/><net_sink comp="80" pin=0"/></net>

<net id="87"><net_src comp="40" pin="0"/><net_sink comp="84" pin=0"/></net>

<net id="91"><net_src comp="40" pin="0"/><net_sink comp="88" pin=0"/></net>

<net id="95"><net_src comp="40" pin="0"/><net_sink comp="92" pin=0"/></net>

<net id="99"><net_src comp="40" pin="0"/><net_sink comp="96" pin=0"/></net>

<net id="103"><net_src comp="40" pin="0"/><net_sink comp="100" pin=0"/></net>

<net id="107"><net_src comp="40" pin="0"/><net_sink comp="104" pin=0"/></net>

<net id="111"><net_src comp="40" pin="0"/><net_sink comp="108" pin=0"/></net>

<net id="115"><net_src comp="40" pin="0"/><net_sink comp="112" pin=0"/></net>

<net id="119"><net_src comp="40" pin="0"/><net_sink comp="116" pin=0"/></net>

<net id="123"><net_src comp="40" pin="0"/><net_sink comp="120" pin=0"/></net>

<net id="127"><net_src comp="40" pin="0"/><net_sink comp="124" pin=0"/></net>

<net id="131"><net_src comp="40" pin="0"/><net_sink comp="128" pin=0"/></net>

<net id="135"><net_src comp="40" pin="0"/><net_sink comp="132" pin=0"/></net>

<net id="139"><net_src comp="40" pin="0"/><net_sink comp="136" pin=0"/></net>

<net id="143"><net_src comp="40" pin="0"/><net_sink comp="140" pin=0"/></net>

<net id="148"><net_src comp="38" pin="0"/><net_sink comp="144" pin=0"/></net>

<net id="149"><net_src comp="34" pin="0"/><net_sink comp="144" pin=1"/></net>

<net id="154"><net_src comp="38" pin="0"/><net_sink comp="150" pin=0"/></net>

<net id="155"><net_src comp="32" pin="0"/><net_sink comp="150" pin=1"/></net>

<net id="160"><net_src comp="38" pin="0"/><net_sink comp="156" pin=0"/></net>

<net id="161"><net_src comp="30" pin="0"/><net_sink comp="156" pin=1"/></net>

<net id="166"><net_src comp="38" pin="0"/><net_sink comp="162" pin=0"/></net>

<net id="167"><net_src comp="28" pin="0"/><net_sink comp="162" pin=1"/></net>

<net id="172"><net_src comp="38" pin="0"/><net_sink comp="168" pin=0"/></net>

<net id="173"><net_src comp="26" pin="0"/><net_sink comp="168" pin=1"/></net>

<net id="178"><net_src comp="38" pin="0"/><net_sink comp="174" pin=0"/></net>

<net id="179"><net_src comp="24" pin="0"/><net_sink comp="174" pin=1"/></net>

<net id="184"><net_src comp="38" pin="0"/><net_sink comp="180" pin=0"/></net>

<net id="185"><net_src comp="22" pin="0"/><net_sink comp="180" pin=1"/></net>

<net id="190"><net_src comp="38" pin="0"/><net_sink comp="186" pin=0"/></net>

<net id="191"><net_src comp="20" pin="0"/><net_sink comp="186" pin=1"/></net>

<net id="196"><net_src comp="38" pin="0"/><net_sink comp="192" pin=0"/></net>

<net id="197"><net_src comp="18" pin="0"/><net_sink comp="192" pin=1"/></net>

<net id="202"><net_src comp="38" pin="0"/><net_sink comp="198" pin=0"/></net>

<net id="203"><net_src comp="16" pin="0"/><net_sink comp="198" pin=1"/></net>

<net id="208"><net_src comp="38" pin="0"/><net_sink comp="204" pin=0"/></net>

<net id="209"><net_src comp="14" pin="0"/><net_sink comp="204" pin=1"/></net>

<net id="214"><net_src comp="38" pin="0"/><net_sink comp="210" pin=0"/></net>

<net id="215"><net_src comp="12" pin="0"/><net_sink comp="210" pin=1"/></net>

<net id="220"><net_src comp="38" pin="0"/><net_sink comp="216" pin=0"/></net>

<net id="221"><net_src comp="10" pin="0"/><net_sink comp="216" pin=1"/></net>

<net id="226"><net_src comp="38" pin="0"/><net_sink comp="222" pin=0"/></net>

<net id="227"><net_src comp="8" pin="0"/><net_sink comp="222" pin=1"/></net>

<net id="232"><net_src comp="38" pin="0"/><net_sink comp="228" pin=0"/></net>

<net id="233"><net_src comp="6" pin="0"/><net_sink comp="228" pin=1"/></net>

<net id="238"><net_src comp="38" pin="0"/><net_sink comp="234" pin=0"/></net>

<net id="239"><net_src comp="4" pin="0"/><net_sink comp="234" pin=1"/></net>

<net id="244"><net_src comp="38" pin="0"/><net_sink comp="240" pin=0"/></net>

<net id="245"><net_src comp="2" pin="0"/><net_sink comp="240" pin=1"/></net>

<net id="250"><net_src comp="38" pin="0"/><net_sink comp="246" pin=0"/></net>

<net id="251"><net_src comp="0" pin="0"/><net_sink comp="246" pin=1"/></net>

<net id="281"><net_src comp="42" pin="0"/><net_sink comp="252" pin=0"/></net>

<net id="282"><net_src comp="198" pin="2"/><net_sink comp="252" pin=1"/></net>

<net id="283"><net_src comp="192" pin="2"/><net_sink comp="252" pin=2"/></net>

<net id="284"><net_src comp="186" pin="2"/><net_sink comp="252" pin=3"/></net>

<net id="285"><net_src comp="180" pin="2"/><net_sink comp="252" pin=4"/></net>

<net id="286"><net_src comp="174" pin="2"/><net_sink comp="252" pin=5"/></net>

<net id="287"><net_src comp="168" pin="2"/><net_sink comp="252" pin=6"/></net>

<net id="288"><net_src comp="162" pin="2"/><net_sink comp="252" pin=7"/></net>

<net id="289"><net_src comp="156" pin="2"/><net_sink comp="252" pin=8"/></net>

<net id="290"><net_src comp="150" pin="2"/><net_sink comp="252" pin=9"/></net>

<net id="327"><net_src comp="44" pin="0"/><net_sink comp="291" pin=0"/></net>

<net id="328"><net_src comp="246" pin="2"/><net_sink comp="291" pin=17"/></net>

<net id="329"><net_src comp="240" pin="2"/><net_sink comp="291" pin=18"/></net>

<net id="330"><net_src comp="234" pin="2"/><net_sink comp="291" pin=19"/></net>

<net id="331"><net_src comp="228" pin="2"/><net_sink comp="291" pin=20"/></net>

<net id="332"><net_src comp="222" pin="2"/><net_sink comp="291" pin=21"/></net>

<net id="333"><net_src comp="216" pin="2"/><net_sink comp="291" pin=22"/></net>

<net id="334"><net_src comp="210" pin="2"/><net_sink comp="291" pin=23"/></net>

<net id="335"><net_src comp="204" pin="2"/><net_sink comp="291" pin=24"/></net>

<net id="336"><net_src comp="36" pin="0"/><net_sink comp="291" pin=33"/></net>

<net id="340"><net_src comp="144" pin="2"/><net_sink comp="337" pin=0"/></net>

<net id="341"><net_src comp="337" pin="1"/><net_sink comp="252" pin=10"/></net>

<net id="345"><net_src comp="342" pin="1"/><net_sink comp="291" pin=1"/></net>

<net id="349"><net_src comp="346" pin="1"/><net_sink comp="291" pin=2"/></net>

<net id="353"><net_src comp="350" pin="1"/><net_sink comp="291" pin=3"/></net>

<net id="357"><net_src comp="354" pin="1"/><net_sink comp="291" pin=4"/></net>

<net id="361"><net_src comp="358" pin="1"/><net_sink comp="291" pin=5"/></net>

<net id="365"><net_src comp="362" pin="1"/><net_sink comp="291" pin=6"/></net>

<net id="369"><net_src comp="366" pin="1"/><net_sink comp="291" pin=7"/></net>

<net id="373"><net_src comp="370" pin="1"/><net_sink comp="291" pin=8"/></net>

<net id="377"><net_src comp="374" pin="1"/><net_sink comp="291" pin=9"/></net>

<net id="381"><net_src comp="378" pin="1"/><net_sink comp="291" pin=10"/></net>

<net id="385"><net_src comp="382" pin="1"/><net_sink comp="291" pin=11"/></net>

<net id="389"><net_src comp="386" pin="1"/><net_sink comp="291" pin=12"/></net>

<net id="393"><net_src comp="390" pin="1"/><net_sink comp="291" pin=13"/></net>

<net id="397"><net_src comp="394" pin="1"/><net_sink comp="291" pin=14"/></net>

<net id="401"><net_src comp="398" pin="1"/><net_sink comp="291" pin=15"/></net>

<net id="405"><net_src comp="402" pin="1"/><net_sink comp="291" pin=16"/></net>

<net id="434"><net_src comp="406" pin="1"/><net_sink comp="430" pin=0"/></net>

<net id="439"><net_src comp="409" pin="1"/><net_sink comp="435" pin=0"/></net>

<net id="444"><net_src comp="412" pin="1"/><net_sink comp="440" pin=0"/></net>

<net id="449"><net_src comp="415" pin="1"/><net_sink comp="445" pin=0"/></net>

<net id="454"><net_src comp="418" pin="1"/><net_sink comp="450" pin=0"/></net>

<net id="459"><net_src comp="421" pin="1"/><net_sink comp="455" pin=0"/></net>

<net id="464"><net_src comp="424" pin="1"/><net_sink comp="460" pin=0"/></net>

<net id="469"><net_src comp="427" pin="1"/><net_sink comp="465" pin=0"/></net>

<net id="474"><net_src comp="46" pin="0"/><net_sink comp="470" pin=0"/></net>

<net id="475"><net_src comp="430" pin="2"/><net_sink comp="470" pin=1"/></net>

<net id="480"><net_src comp="470" pin="2"/><net_sink comp="476" pin=0"/></net>

<net id="481"><net_src comp="435" pin="2"/><net_sink comp="476" pin=1"/></net>

<net id="486"><net_src comp="476" pin="2"/><net_sink comp="482" pin=0"/></net>

<net id="487"><net_src comp="440" pin="2"/><net_sink comp="482" pin=1"/></net>

<net id="492"><net_src comp="482" pin="2"/><net_sink comp="488" pin=0"/></net>

<net id="493"><net_src comp="445" pin="2"/><net_sink comp="488" pin=1"/></net>

<net id="498"><net_src comp="488" pin="2"/><net_sink comp="494" pin=0"/></net>

<net id="499"><net_src comp="450" pin="2"/><net_sink comp="494" pin=1"/></net>

<net id="504"><net_src comp="494" pin="2"/><net_sink comp="500" pin=0"/></net>

<net id="505"><net_src comp="455" pin="2"/><net_sink comp="500" pin=1"/></net>

<net id="510"><net_src comp="500" pin="2"/><net_sink comp="506" pin=0"/></net>

<net id="511"><net_src comp="460" pin="2"/><net_sink comp="506" pin=1"/></net>

<net id="516"><net_src comp="506" pin="2"/><net_sink comp="512" pin=0"/></net>

<net id="517"><net_src comp="465" pin="2"/><net_sink comp="512" pin=1"/></net>

<net id="521"><net_src comp="150" pin="2"/><net_sink comp="518" pin=0"/></net>

<net id="522"><net_src comp="518" pin="1"/><net_sink comp="252" pin=9"/></net>

<net id="526"><net_src comp="156" pin="2"/><net_sink comp="523" pin=0"/></net>

<net id="527"><net_src comp="523" pin="1"/><net_sink comp="252" pin=8"/></net>

<net id="531"><net_src comp="162" pin="2"/><net_sink comp="528" pin=0"/></net>

<net id="532"><net_src comp="528" pin="1"/><net_sink comp="252" pin=7"/></net>

<net id="536"><net_src comp="168" pin="2"/><net_sink comp="533" pin=0"/></net>

<net id="537"><net_src comp="533" pin="1"/><net_sink comp="252" pin=6"/></net>

<net id="541"><net_src comp="174" pin="2"/><net_sink comp="538" pin=0"/></net>

<net id="542"><net_src comp="538" pin="1"/><net_sink comp="252" pin=5"/></net>

<net id="546"><net_src comp="180" pin="2"/><net_sink comp="543" pin=0"/></net>

<net id="547"><net_src comp="543" pin="1"/><net_sink comp="252" pin=4"/></net>

<net id="551"><net_src comp="186" pin="2"/><net_sink comp="548" pin=0"/></net>

<net id="552"><net_src comp="548" pin="1"/><net_sink comp="252" pin=3"/></net>

<net id="556"><net_src comp="192" pin="2"/><net_sink comp="553" pin=0"/></net>

<net id="557"><net_src comp="553" pin="1"/><net_sink comp="252" pin=2"/></net>

<net id="561"><net_src comp="198" pin="2"/><net_sink comp="558" pin=0"/></net>

<net id="562"><net_src comp="558" pin="1"/><net_sink comp="252" pin=1"/></net>

<net id="566"><net_src comp="337" pin="1"/><net_sink comp="563" pin=0"/></net>

<net id="567"><net_src comp="563" pin="1"/><net_sink comp="252" pin=10"/></net>

<net id="571"><net_src comp="48" pin="1"/><net_sink comp="568" pin=0"/></net>

<net id="572"><net_src comp="568" pin="1"/><net_sink comp="291" pin=32"/></net>

<net id="573"><net_src comp="568" pin="1"/><net_sink comp="427" pin=0"/></net>

<net id="577"><net_src comp="52" pin="1"/><net_sink comp="574" pin=0"/></net>

<net id="578"><net_src comp="574" pin="1"/><net_sink comp="291" pin=31"/></net>

<net id="579"><net_src comp="574" pin="1"/><net_sink comp="424" pin=0"/></net>

<net id="583"><net_src comp="56" pin="1"/><net_sink comp="580" pin=0"/></net>

<net id="584"><net_src comp="580" pin="1"/><net_sink comp="291" pin=30"/></net>

<net id="585"><net_src comp="580" pin="1"/><net_sink comp="421" pin=0"/></net>

<net id="589"><net_src comp="60" pin="1"/><net_sink comp="586" pin=0"/></net>

<net id="590"><net_src comp="586" pin="1"/><net_sink comp="291" pin=29"/></net>

<net id="591"><net_src comp="586" pin="1"/><net_sink comp="418" pin=0"/></net>

<net id="595"><net_src comp="64" pin="1"/><net_sink comp="592" pin=0"/></net>

<net id="596"><net_src comp="592" pin="1"/><net_sink comp="291" pin=28"/></net>

<net id="597"><net_src comp="592" pin="1"/><net_sink comp="415" pin=0"/></net>

<net id="601"><net_src comp="68" pin="1"/><net_sink comp="598" pin=0"/></net>

<net id="602"><net_src comp="598" pin="1"/><net_sink comp="291" pin=27"/></net>

<net id="603"><net_src comp="598" pin="1"/><net_sink comp="412" pin=0"/></net>

<net id="607"><net_src comp="72" pin="1"/><net_sink comp="604" pin=0"/></net>

<net id="608"><net_src comp="604" pin="1"/><net_sink comp="291" pin=26"/></net>

<net id="609"><net_src comp="604" pin="1"/><net_sink comp="409" pin=0"/></net>

<net id="613"><net_src comp="76" pin="1"/><net_sink comp="610" pin=0"/></net>

<net id="614"><net_src comp="610" pin="1"/><net_sink comp="291" pin=25"/></net>

<net id="615"><net_src comp="610" pin="1"/><net_sink comp="406" pin=0"/></net>

<net id="619"><net_src comp="80" pin="1"/><net_sink comp="616" pin=0"/></net>

<net id="620"><net_src comp="616" pin="1"/><net_sink comp="252" pin=26"/></net>

<net id="621"><net_src comp="616" pin="1"/><net_sink comp="402" pin=0"/></net>

<net id="625"><net_src comp="84" pin="1"/><net_sink comp="622" pin=0"/></net>

<net id="626"><net_src comp="622" pin="1"/><net_sink comp="252" pin=25"/></net>

<net id="627"><net_src comp="622" pin="1"/><net_sink comp="398" pin=0"/></net>

<net id="631"><net_src comp="88" pin="1"/><net_sink comp="628" pin=0"/></net>

<net id="632"><net_src comp="628" pin="1"/><net_sink comp="252" pin=24"/></net>

<net id="633"><net_src comp="628" pin="1"/><net_sink comp="394" pin=0"/></net>

<net id="637"><net_src comp="92" pin="1"/><net_sink comp="634" pin=0"/></net>

<net id="638"><net_src comp="634" pin="1"/><net_sink comp="252" pin=23"/></net>

<net id="639"><net_src comp="634" pin="1"/><net_sink comp="390" pin=0"/></net>

<net id="643"><net_src comp="96" pin="1"/><net_sink comp="640" pin=0"/></net>

<net id="644"><net_src comp="640" pin="1"/><net_sink comp="252" pin=22"/></net>

<net id="645"><net_src comp="640" pin="1"/><net_sink comp="386" pin=0"/></net>

<net id="649"><net_src comp="100" pin="1"/><net_sink comp="646" pin=0"/></net>

<net id="650"><net_src comp="646" pin="1"/><net_sink comp="252" pin=21"/></net>

<net id="651"><net_src comp="646" pin="1"/><net_sink comp="382" pin=0"/></net>

<net id="655"><net_src comp="104" pin="1"/><net_sink comp="652" pin=0"/></net>

<net id="656"><net_src comp="652" pin="1"/><net_sink comp="252" pin=20"/></net>

<net id="657"><net_src comp="652" pin="1"/><net_sink comp="378" pin=0"/></net>

<net id="661"><net_src comp="108" pin="1"/><net_sink comp="658" pin=0"/></net>

<net id="662"><net_src comp="658" pin="1"/><net_sink comp="252" pin=19"/></net>

<net id="663"><net_src comp="658" pin="1"/><net_sink comp="374" pin=0"/></net>

<net id="667"><net_src comp="112" pin="1"/><net_sink comp="664" pin=0"/></net>

<net id="668"><net_src comp="664" pin="1"/><net_sink comp="252" pin=18"/></net>

<net id="669"><net_src comp="664" pin="1"/><net_sink comp="370" pin=0"/></net>

<net id="673"><net_src comp="116" pin="1"/><net_sink comp="670" pin=0"/></net>

<net id="674"><net_src comp="670" pin="1"/><net_sink comp="252" pin=17"/></net>

<net id="675"><net_src comp="670" pin="1"/><net_sink comp="366" pin=0"/></net>

<net id="679"><net_src comp="120" pin="1"/><net_sink comp="676" pin=0"/></net>

<net id="680"><net_src comp="676" pin="1"/><net_sink comp="252" pin=16"/></net>

<net id="681"><net_src comp="676" pin="1"/><net_sink comp="362" pin=0"/></net>

<net id="685"><net_src comp="124" pin="1"/><net_sink comp="682" pin=0"/></net>

<net id="686"><net_src comp="682" pin="1"/><net_sink comp="252" pin=15"/></net>

<net id="687"><net_src comp="682" pin="1"/><net_sink comp="358" pin=0"/></net>

<net id="691"><net_src comp="128" pin="1"/><net_sink comp="688" pin=0"/></net>

<net id="692"><net_src comp="688" pin="1"/><net_sink comp="252" pin=14"/></net>

<net id="693"><net_src comp="688" pin="1"/><net_sink comp="354" pin=0"/></net>

<net id="697"><net_src comp="132" pin="1"/><net_sink comp="694" pin=0"/></net>

<net id="698"><net_src comp="694" pin="1"/><net_sink comp="252" pin=13"/></net>

<net id="699"><net_src comp="694" pin="1"/><net_sink comp="350" pin=0"/></net>

<net id="703"><net_src comp="136" pin="1"/><net_sink comp="700" pin=0"/></net>

<net id="704"><net_src comp="700" pin="1"/><net_sink comp="252" pin=12"/></net>

<net id="705"><net_src comp="700" pin="1"/><net_sink comp="346" pin=0"/></net>

<net id="709"><net_src comp="140" pin="1"/><net_sink comp="706" pin=0"/></net>

<net id="710"><net_src comp="706" pin="1"/><net_sink comp="252" pin=11"/></net>

<net id="711"><net_src comp="706" pin="1"/><net_sink comp="342" pin=0"/></net>

<net id="715"><net_src comp="204" pin="2"/><net_sink comp="712" pin=0"/></net>

<net id="716"><net_src comp="712" pin="1"/><net_sink comp="291" pin=24"/></net>

<net id="717"><net_src comp="712" pin="1"/><net_sink comp="465" pin=1"/></net>

<net id="721"><net_src comp="210" pin="2"/><net_sink comp="718" pin=0"/></net>

<net id="722"><net_src comp="718" pin="1"/><net_sink comp="291" pin=23"/></net>

<net id="723"><net_src comp="718" pin="1"/><net_sink comp="460" pin=1"/></net>

<net id="727"><net_src comp="216" pin="2"/><net_sink comp="724" pin=0"/></net>

<net id="728"><net_src comp="724" pin="1"/><net_sink comp="291" pin=22"/></net>

<net id="729"><net_src comp="724" pin="1"/><net_sink comp="455" pin=1"/></net>

<net id="733"><net_src comp="222" pin="2"/><net_sink comp="730" pin=0"/></net>

<net id="734"><net_src comp="730" pin="1"/><net_sink comp="291" pin=21"/></net>

<net id="735"><net_src comp="730" pin="1"/><net_sink comp="450" pin=1"/></net>

<net id="739"><net_src comp="228" pin="2"/><net_sink comp="736" pin=0"/></net>

<net id="740"><net_src comp="736" pin="1"/><net_sink comp="291" pin=20"/></net>

<net id="741"><net_src comp="736" pin="1"/><net_sink comp="445" pin=1"/></net>

<net id="745"><net_src comp="234" pin="2"/><net_sink comp="742" pin=0"/></net>

<net id="746"><net_src comp="742" pin="1"/><net_sink comp="291" pin=19"/></net>

<net id="747"><net_src comp="742" pin="1"/><net_sink comp="440" pin=1"/></net>

<net id="751"><net_src comp="240" pin="2"/><net_sink comp="748" pin=0"/></net>

<net id="752"><net_src comp="748" pin="1"/><net_sink comp="291" pin=18"/></net>

<net id="753"><net_src comp="748" pin="1"/><net_sink comp="435" pin=1"/></net>

<net id="757"><net_src comp="246" pin="2"/><net_sink comp="754" pin=0"/></net>

<net id="758"><net_src comp="754" pin="1"/><net_sink comp="291" pin=17"/></net>

<net id="759"><net_src comp="754" pin="1"/><net_sink comp="430" pin=1"/></net>

</net_list>

</model> 
---------------- Datapath Model END ------------------

* FSMD analyzer results:
  - Output states:
	Port: K | {}
 - Input state : 
	Port: sha256_compress_words : state_read | {3 }
	Port: sha256_compress_words : state_read_30 | {3 }
	Port: sha256_compress_words : state_read_31 | {3 }
	Port: sha256_compress_words : state_read_32 | {3 }
	Port: sha256_compress_words : state_read_33 | {3 }
	Port: sha256_compress_words : state_read_34 | {3 }
	Port: sha256_compress_words : state_read_35 | {3 }
	Port: sha256_compress_words : state_read_36 | {3 }
	Port: sha256_compress_words : block_words_read | {1 }
	Port: sha256_compress_words : block_words_read_38 | {1 }
	Port: sha256_compress_words : block_words_read_39 | {1 }
	Port: sha256_compress_words : block_words_read_40 | {1 }
	Port: sha256_compress_words : block_words_read_41 | {1 }
	Port: sha256_compress_words : block_words_read_42 | {1 }
	Port: sha256_compress_words : block_words_read_43 | {1 }
	Port: sha256_compress_words : block_words_read_44 | {1 }
	Port: sha256_compress_words : block_words_read_45 | {1 }
	Port: sha256_compress_words : block_words_read_46 | {1 }
	Port: sha256_compress_words : K | {3 4 }
  - Chain level:
	State 1
		call_ln0 : 1
	State 2
	State 3
		call_ln0 : 1
	State 4
	State 5
		add_ln198 : 1
		add_ln199 : 1
		add_ln200 : 1
		add_ln201 : 1
		add_ln202 : 1
		add_ln203 : 1
		add_ln204 : 1
		add_ln205 : 1
		mrv : 2
		mrv_1 : 3
		mrv_2 : 4
		mrv_3 : 5
		mrv_4 : 6
		mrv_5 : 7
		mrv_6 : 8
		mrv_7 : 9
		ret_ln206 : 10


============================================================
+ Verbose Summary: Datapath Resource usage 
============================================================

* Functional unit list:
|----------|--------------------------------------------------------------|---------|---------|---------|
| Operation|                        Functional Unit                       |  Delay  |    FF   |   LUT   |
|----------|--------------------------------------------------------------|---------|---------|---------|
|   call   | grp_sha256_compress_words_Pipeline_LOAD_INITIAL_WORDS_fu_252 |    0    |   517   |    89   |
|          |    grp_sha256_compress_words_Pipeline_SHA256_ROUNDS_fu_291   |  0.427  |   883   |   1153  |
|----------|--------------------------------------------------------------|---------|---------|---------|
|          |                       add_ln198_fu_430                       |    0    |    0    |    39   |
|          |                       add_ln199_fu_435                       |    0    |    0    |    39   |
|          |                       add_ln200_fu_440                       |    0    |    0    |    39   |
|    add   |                       add_ln201_fu_445                       |    0    |    0    |    39   |
|          |                       add_ln202_fu_450                       |    0    |    0    |    39   |
|          |                       add_ln203_fu_455                       |    0    |    0    |    39   |
|          |                       add_ln204_fu_460                       |    0    |    0    |    39   |
|          |                       add_ln205_fu_465                       |    0    |    0    |    39   |
|----------|--------------------------------------------------------------|---------|---------|---------|
|          |                block_words_read_20_read_fu_144               |    0    |    0    |    0    |
|          |                block_words_read_21_read_fu_150               |    0    |    0    |    0    |
|          |                block_words_read_22_read_fu_156               |    0    |    0    |    0    |
|          |                block_words_read_23_read_fu_162               |    0    |    0    |    0    |
|          |                block_words_read_24_read_fu_168               |    0    |    0    |    0    |
|          |                block_words_read_25_read_fu_174               |    0    |    0    |    0    |
|          |                block_words_read_26_read_fu_180               |    0    |    0    |    0    |
|          |                block_words_read_27_read_fu_186               |    0    |    0    |    0    |
|   read   |                block_words_read_28_read_fu_192               |    0    |    0    |    0    |
|          |                block_words_read16_read_fu_198                |    0    |    0    |    0    |
|          |                   state_read_15_read_fu_204                  |    0    |    0    |    0    |
|          |                   state_read_16_read_fu_210                  |    0    |    0    |    0    |
|          |                   state_read_17_read_fu_216                  |    0    |    0    |    0    |
|          |                   state_read_18_read_fu_222                  |    0    |    0    |    0    |
|          |                   state_read_19_read_fu_228                  |    0    |    0    |    0    |
|          |                   state_read_20_read_fu_234                  |    0    |    0    |    0    |
|          |                   state_read_21_read_fu_240                  |    0    |    0    |    0    |
|          |                   state_read_22_read_fu_246                  |    0    |    0    |    0    |
|----------|--------------------------------------------------------------|---------|---------|---------|
|   trunc  |                         empty_fu_337                         |    0    |    0    |    0    |
|----------|--------------------------------------------------------------|---------|---------|---------|
|          |                          mrv_fu_470                          |    0    |    0    |    0    |
|          |                         mrv_1_fu_476                         |    0    |    0    |    0    |
|          |                         mrv_2_fu_482                         |    0    |    0    |    0    |
|insertvalue|                         mrv_3_fu_488                         |    0    |    0    |    0    |
|          |                         mrv_4_fu_494                         |    0    |    0    |    0    |
|          |                         mrv_5_fu_500                         |    0    |    0    |    0    |
|          |                         mrv_6_fu_506                         |    0    |    0    |    0    |
|          |                         mrv_7_fu_512                         |    0    |    0    |    0    |
|----------|--------------------------------------------------------------|---------|---------|---------|
|   Total  |                                                              |  0.427  |   1400  |   1554  |
|----------|--------------------------------------------------------------|---------|---------|---------|

Memories:
N/A

* Register list:
+---------------------------+--------+
|                           |   FF   |
+---------------------------+--------+
|      a_4_loc_reg_610      |   32   |
|       b_loc_reg_604       |   32   |
| block_words_read16_reg_558|   32   |
|block_words_read_21_reg_518|   32   |
|block_words_read_22_reg_523|   32   |
|block_words_read_23_reg_528|   32   |
|block_words_read_24_reg_533|   32   |
|block_words_read_25_reg_538|   32   |
|block_words_read_26_reg_543|   32   |
|block_words_read_27_reg_548|   32   |
|block_words_read_28_reg_553|   32   |
|       c_loc_reg_598       |   32   |
|       d_loc_reg_592       |   32   |
|      e_4_loc_reg_586      |   32   |
|       empty_reg_563       |   10   |
|       f_loc_reg_580       |   32   |
|       g_loc_reg_574       |   32   |
|      h_01_loc_reg_568     |   32   |
|   state_read_15_reg_712   |   32   |
|   state_read_16_reg_718   |   32   |
|   state_read_17_reg_724   |   32   |
|   state_read_18_reg_730   |   32   |
|   state_read_19_reg_736   |   32   |
|   state_read_20_reg_742   |   32   |
|   state_read_21_reg_748   |   32   |
|   state_read_22_reg_754   |   32   |
|      w_66_loc_reg_622     |   32   |
|      w_67_loc_reg_628     |   32   |
|      w_68_loc_reg_634     |   32   |
|      w_69_loc_reg_640     |   32   |
|      w_70_loc_reg_646     |   32   |
|      w_71_loc_reg_652     |   32   |
|      w_72_loc_reg_658     |   32   |
|      w_73_loc_reg_664     |   32   |
|      w_74_loc_reg_670     |   32   |
|      w_75_loc_reg_676     |   32   |
|      w_76_loc_reg_682     |   32   |
|      w_77_loc_reg_688     |   32   |
|      w_78_loc_reg_694     |   32   |
|      w_79_loc_reg_700     |   32   |
|      w_80_loc_reg_706     |   32   |
|       w_loc_reg_616       |   32   |
+---------------------------+--------+
|           Total           |  1322  |
+---------------------------+--------+

* Multiplexer (MUX) list: 
|--------------------------------------------------------------|------|------|------|--------||---------||---------||---------|
|                             Comp                             |  Pin | Size |  BW  | S x BW ||  Delay  ||    FF   ||   LUT   |
|--------------------------------------------------------------|------|------|------|--------||---------||---------||---------|
| grp_sha256_compress_words_Pipeline_LOAD_INITIAL_WORDS_fu_252 |  p1  |   2  |  32  |   64   ||    0    ||    9    |
| grp_sha256_compress_words_Pipeline_LOAD_INITIAL_WORDS_fu_252 |  p2  |   2  |  32  |   64   ||    0    ||    9    |
| grp_sha256_compress_words_Pipeline_LOAD_INITIAL_WORDS_fu_252 |  p3  |   2  |  32  |   64   ||    0    ||    9    |
| grp_sha256_compress_words_Pipeline_LOAD_INITIAL_WORDS_fu_252 |  p4  |   2  |  32  |   64   ||    0    ||    9    |
| grp_sha256_compress_words_Pipeline_LOAD_INITIAL_WORDS_fu_252 |  p5  |   2  |  32  |   64   ||    0    ||    9    |
| grp_sha256_compress_words_Pipeline_LOAD_INITIAL_WORDS_fu_252 |  p6  |   2  |  32  |   64   ||    0    ||    9    |
| grp_sha256_compress_words_Pipeline_LOAD_INITIAL_WORDS_fu_252 |  p7  |   2  |  32  |   64   ||    0    ||    9    |
| grp_sha256_compress_words_Pipeline_LOAD_INITIAL_WORDS_fu_252 |  p8  |   2  |  32  |   64   ||    0    ||    9    |
| grp_sha256_compress_words_Pipeline_LOAD_INITIAL_WORDS_fu_252 |  p9  |   2  |  32  |   64   ||    0    ||    9    |
| grp_sha256_compress_words_Pipeline_LOAD_INITIAL_WORDS_fu_252 |  p10 |   2  |  10  |   20   ||    0    ||    9    |
|    grp_sha256_compress_words_Pipeline_SHA256_ROUNDS_fu_291   |  p17 |   2  |  32  |   64   ||    0    ||    9    |
|    grp_sha256_compress_words_Pipeline_SHA256_ROUNDS_fu_291   |  p18 |   2  |  32  |   64   ||    0    ||    9    |
|    grp_sha256_compress_words_Pipeline_SHA256_ROUNDS_fu_291   |  p19 |   2  |  32  |   64   ||    0    ||    9    |
|    grp_sha256_compress_words_Pipeline_SHA256_ROUNDS_fu_291   |  p20 |   2  |  32  |   64   ||    0    ||    9    |
|    grp_sha256_compress_words_Pipeline_SHA256_ROUNDS_fu_291   |  p21 |   2  |  32  |   64   ||    0    ||    9    |
|    grp_sha256_compress_words_Pipeline_SHA256_ROUNDS_fu_291   |  p22 |   2  |  32  |   64   ||    0    ||    9    |
|    grp_sha256_compress_words_Pipeline_SHA256_ROUNDS_fu_291   |  p23 |   2  |  32  |   64   ||    0    ||    9    |
|    grp_sha256_compress_words_Pipeline_SHA256_ROUNDS_fu_291   |  p24 |   2  |  32  |   64   ||    0    ||    9    |
|--------------------------------------------------------------|------|------|------|--------||---------||---------||---------|
|                             Total                            |      |      |      |  1108  ||  7.686  ||    0    ||   162   |
|--------------------------------------------------------------|------|------|------|--------||---------||---------||---------|



* Summary:
+-----------+--------+--------+--------+
|           |  Delay |   FF   |   LUT  |
+-----------+--------+--------+--------+
|  Function |    0   |  1400  |  1554  |
|   Memory  |    -   |    -   |    -   |
|Multiplexer|    7   |    0   |   162  |
|  Register |    -   |  1322  |    -   |
+-----------+--------+--------+--------+
|   Total   |    8   |  2722  |  1716  |
+-----------+--------+--------+--------+
