

================================================================
== Vitis HLS Report for 'sha256_compress_words_Pipeline_SHA256_ROUNDS'
================================================================
* Date:           Mon Aug  3 02:09:58 2026

* Version:        2025.2 (Build 6295257 on Nov 14 2025)
* Project:        mine
* Solution:       hls (Vitis Kernel Flow Target)
* Product family: zynquplus
* Target device:  xck26-sfvc784-2LV-c


================================================================
== Performance Estimates
================================================================
+ Timing: 
    * Summary: 
    +--------+---------+----------+------------+
    |  Clock |  Target | Estimated| Uncertainty|
    +--------+---------+----------+------------+
    |ap_clk  |  5.00 ns|  3.411 ns|     1.35 ns|
    +--------+---------+----------+------------+

+ Latency: 
    * Summary: 
    +---------+---------+----------+----------+-----+-----+-------------------+
    |  Latency (cycles) |  Latency (absolute) |  Interval |      Pipeline     |
    |   min   |   max   |    min   |    max   | min | max |        Type       |
    +---------+---------+----------+----------+-----+-----+-------------------+
    |       67|       67|  0.335 us|  0.335 us|    0|    0|  loop pipeline stp|
    +---------+---------+----------+----------+-----+-----+-------------------+

    + Detail: 
        * Instance: 
        N/A

        * Loop: 
        +-----------------+---------+---------+----------+-----------+-----------+------+----------+
        |                 |  Latency (cycles) | Iteration|  Initiation Interval  | Trip |          |
        |    Loop Name    |   min   |   max   |  Latency |  achieved |   target  | Count| Pipelined|
        +-----------------+---------+---------+----------+-----------+-----------+------+----------+
        |- SHA256_ROUNDS  |       65|       65|         2|          1|          1|    64|       yes|
        +-----------------+---------+---------+----------+-----------+-----------+------+----------+

============================================================
+ Verbose Summary: Synthesis Manager
============================================================
InlineROM: 1
ExposeGlobal: 0
============================================================
+ Verbose Summary: CDFG Model
============================================================
IsTopModel: 0
ResetActiveHigh: 1
IsCombinational: 0
IsDatapathOnly: 0
HasWiredReturn: 1
HasMFsm: 2
HasVarLatency: 1
IsPipeline: 0
IsRtlPipelined: 0
IsInstanceOverlapped: 0
IsDontTouch: 0
HasImplIP: 0
IsGatedGlobalClock: 0

+ Individual pipeline summary: 
  * Pipeline-0: initiation interval (II) = 1, depth = 3


============================================================
+ Verbose Summary: Schedule
============================================================
* Number of FSM states : 3
* Pipeline : 1
  Pipeline-0 : II = 1, D = 3, States = { 1 2 3 }
* Dataflow Pipeline: 0

* FSM state transitions: 
1 --> 2 
2 --> 3 
3 --> 

* FSM state operations: 

State 1 <SV = 0> <Delay = 0.42>
ST_1 : Operation 5 [1/1] (0.00ns)   --->   "%h = alloca i32 1" [dylan-hls/mine.cpp:130]   --->   Operation 5 'alloca' 'h' <Predicate = true> <Delay = 0.00>
ST_1 : Operation 6 [1/1] (0.00ns)   --->   "%d = alloca i32 1" [dylan-hls/mine.cpp:126]   --->   Operation 6 'alloca' 'd' <Predicate = true> <Delay = 0.00>
ST_1 : Operation 7 [1/1] (0.00ns)   --->   "%i = alloca i32 1" [dylan-hls/mine.cpp:133]   --->   Operation 7 'alloca' 'i' <Predicate = true> <Delay = 0.00>
ST_1 : Operation 8 [1/1] (0.00ns)   --->   "%w = alloca i32 1" [dylan-hls/mine.cpp:114]   --->   Operation 8 'alloca' 'w' <Predicate = true> <Delay = 0.00>
ST_1 : Operation 9 [1/1] (0.00ns)   --->   "%w_1 = alloca i32 1" [dylan-hls/mine.cpp:114]   --->   Operation 9 'alloca' 'w_1' <Predicate = true> <Delay = 0.00>
ST_1 : Operation 10 [1/1] (0.00ns)   --->   "%w_2 = alloca i32 1" [dylan-hls/mine.cpp:114]   --->   Operation 10 'alloca' 'w_2' <Predicate = true> <Delay = 0.00>
ST_1 : Operation 11 [1/1] (0.00ns)   --->   "%w_3 = alloca i32 1" [dylan-hls/mine.cpp:114]   --->   Operation 11 'alloca' 'w_3' <Predicate = true> <Delay = 0.00>
ST_1 : Operation 12 [1/1] (0.00ns)   --->   "%w_4 = alloca i32 1" [dylan-hls/mine.cpp:114]   --->   Operation 12 'alloca' 'w_4' <Predicate = true> <Delay = 0.00>
ST_1 : Operation 13 [1/1] (0.00ns)   --->   "%w_5 = alloca i32 1" [dylan-hls/mine.cpp:114]   --->   Operation 13 'alloca' 'w_5' <Predicate = true> <Delay = 0.00>
ST_1 : Operation 14 [1/1] (0.00ns)   --->   "%w_6 = alloca i32 1" [dylan-hls/mine.cpp:114]   --->   Operation 14 'alloca' 'w_6' <Predicate = true> <Delay = 0.00>
ST_1 : Operation 15 [1/1] (0.00ns)   --->   "%w_7 = alloca i32 1" [dylan-hls/mine.cpp:114]   --->   Operation 15 'alloca' 'w_7' <Predicate = true> <Delay = 0.00>
ST_1 : Operation 16 [1/1] (0.00ns)   --->   "%w_8 = alloca i32 1" [dylan-hls/mine.cpp:114]   --->   Operation 16 'alloca' 'w_8' <Predicate = true> <Delay = 0.00>
ST_1 : Operation 17 [1/1] (0.00ns)   --->   "%w_9 = alloca i32 1" [dylan-hls/mine.cpp:114]   --->   Operation 17 'alloca' 'w_9' <Predicate = true> <Delay = 0.00>
ST_1 : Operation 18 [1/1] (0.00ns)   --->   "%w_10 = alloca i32 1" [dylan-hls/mine.cpp:114]   --->   Operation 18 'alloca' 'w_10' <Predicate = true> <Delay = 0.00>
ST_1 : Operation 19 [1/1] (0.00ns)   --->   "%w_11 = alloca i32 1" [dylan-hls/mine.cpp:114]   --->   Operation 19 'alloca' 'w_11' <Predicate = true> <Delay = 0.00>
ST_1 : Operation 20 [1/1] (0.00ns)   --->   "%w_12 = alloca i32 1" [dylan-hls/mine.cpp:114]   --->   Operation 20 'alloca' 'w_12' <Predicate = true> <Delay = 0.00>
ST_1 : Operation 21 [1/1] (0.00ns)   --->   "%w_13 = alloca i32 1" [dylan-hls/mine.cpp:114]   --->   Operation 21 'alloca' 'w_13' <Predicate = true> <Delay = 0.00>
ST_1 : Operation 22 [1/1] (0.00ns)   --->   "%w_14 = alloca i32 1" [dylan-hls/mine.cpp:114]   --->   Operation 22 'alloca' 'w_14' <Predicate = true> <Delay = 0.00>
ST_1 : Operation 23 [1/1] (0.00ns)   --->   "%w_15 = alloca i32 1" [dylan-hls/mine.cpp:114]   --->   Operation 23 'alloca' 'w_15' <Predicate = true> <Delay = 0.00>
ST_1 : Operation 24 [1/1] (0.00ns)   --->   "%h_1 = alloca i32 1" [dylan-hls/mine.cpp:130]   --->   Operation 24 'alloca' 'h_1' <Predicate = true> <Delay = 0.00>
ST_1 : Operation 25 [1/1] (0.00ns)   --->   "%g = alloca i32 1" [dylan-hls/mine.cpp:129]   --->   Operation 25 'alloca' 'g' <Predicate = true> <Delay = 0.00>
ST_1 : Operation 26 [1/1] (0.00ns)   --->   "%f = alloca i32 1" [dylan-hls/mine.cpp:128]   --->   Operation 26 'alloca' 'f' <Predicate = true> <Delay = 0.00>
ST_1 : Operation 27 [1/1] (0.00ns)   --->   "%d_1 = alloca i32 1" [dylan-hls/mine.cpp:126]   --->   Operation 27 'alloca' 'd_1' <Predicate = true> <Delay = 0.00>
ST_1 : Operation 28 [1/1] (0.00ns)   --->   "%c = alloca i32 1" [dylan-hls/mine.cpp:125]   --->   Operation 28 'alloca' 'c' <Predicate = true> <Delay = 0.00>
ST_1 : Operation 29 [1/1] (0.00ns)   --->   "%b = alloca i32 1" [dylan-hls/mine.cpp:124]   --->   Operation 29 'alloca' 'b' <Predicate = true> <Delay = 0.00>
ST_1 : Operation 30 [1/1] (0.00ns)   --->   "%state_read_1 = read i32 @_ssdm_op_Read.ap_auto.i32, i32 %state_read_14"   --->   Operation 30 'read' 'state_read_1' <Predicate = true> <Delay = 0.00>
ST_1 : Operation 31 [1/1] (0.00ns)   --->   "%state_read_2 = read i32 @_ssdm_op_Read.ap_auto.i32, i32 %state_read_13"   --->   Operation 31 'read' 'state_read_2' <Predicate = true> <Delay = 0.00>
ST_1 : Operation 32 [1/1] (0.00ns)   --->   "%state_read_3 = read i32 @_ssdm_op_Read.ap_auto.i32, i32 %state_read_12"   --->   Operation 32 'read' 'state_read_3' <Predicate = true> <Delay = 0.00>
ST_1 : Operation 33 [1/1] (0.00ns)   --->   "%state_read_4 = read i32 @_ssdm_op_Read.ap_auto.i32, i32 %state_read_11"   --->   Operation 33 'read' 'state_read_4' <Predicate = true> <Delay = 0.00>
ST_1 : Operation 34 [1/1] (0.00ns)   --->   "%state_read_5 = read i32 @_ssdm_op_Read.ap_auto.i32, i32 %state_read_10"   --->   Operation 34 'read' 'state_read_5' <Predicate = true> <Delay = 0.00>
ST_1 : Operation 35 [1/1] (0.00ns)   --->   "%state_read_6 = read i32 @_ssdm_op_Read.ap_auto.i32, i32 %state_read_9"   --->   Operation 35 'read' 'state_read_6' <Predicate = true> <Delay = 0.00>
ST_1 : Operation 36 [1/1] (0.00ns)   --->   "%state_read_7 = read i32 @_ssdm_op_Read.ap_auto.i32, i32 %state_read_8"   --->   Operation 36 'read' 'state_read_7' <Predicate = true> <Delay = 0.00>
ST_1 : Operation 37 [1/1] (0.00ns)   --->   "%state_read36 = read i32 @_ssdm_op_Read.ap_auto.i32, i32 %state_read"   --->   Operation 37 'read' 'state_read36' <Predicate = true> <Delay = 0.00>
ST_1 : Operation 38 [1/1] (0.00ns)   --->   "%w_reload_read = read i32 @_ssdm_op_Read.ap_auto.i32, i32 %w_reload"   --->   Operation 38 'read' 'w_reload_read' <Predicate = true> <Delay = 0.00>
ST_1 : Operation 39 [1/1] (0.00ns)   --->   "%w_66_reload_read = read i32 @_ssdm_op_Read.ap_auto.i32, i32 %w_66_reload"   --->   Operation 39 'read' 'w_66_reload_read' <Predicate = true> <Delay = 0.00>
ST_1 : Operation 40 [1/1] (0.00ns)   --->   "%w_67_reload_read = read i32 @_ssdm_op_Read.ap_auto.i32, i32 %w_67_reload"   --->   Operation 40 'read' 'w_67_reload_read' <Predicate = true> <Delay = 0.00>
ST_1 : Operation 41 [1/1] (0.00ns)   --->   "%w_68_reload_read = read i32 @_ssdm_op_Read.ap_auto.i32, i32 %w_68_reload"   --->   Operation 41 'read' 'w_68_reload_read' <Predicate = true> <Delay = 0.00>
ST_1 : Operation 42 [1/1] (0.00ns)   --->   "%w_69_reload_read = read i32 @_ssdm_op_Read.ap_auto.i32, i32 %w_69_reload"   --->   Operation 42 'read' 'w_69_reload_read' <Predicate = true> <Delay = 0.00>
ST_1 : Operation 43 [1/1] (0.00ns)   --->   "%w_70_reload_read = read i32 @_ssdm_op_Read.ap_auto.i32, i32 %w_70_reload"   --->   Operation 43 'read' 'w_70_reload_read' <Predicate = true> <Delay = 0.00>
ST_1 : Operation 44 [1/1] (0.00ns)   --->   "%w_71_reload_read = read i32 @_ssdm_op_Read.ap_auto.i32, i32 %w_71_reload"   --->   Operation 44 'read' 'w_71_reload_read' <Predicate = true> <Delay = 0.00>
ST_1 : Operation 45 [1/1] (0.00ns)   --->   "%w_72_reload_read = read i32 @_ssdm_op_Read.ap_auto.i32, i32 %w_72_reload"   --->   Operation 45 'read' 'w_72_reload_read' <Predicate = true> <Delay = 0.00>
ST_1 : Operation 46 [1/1] (0.00ns)   --->   "%w_73_reload_read = read i32 @_ssdm_op_Read.ap_auto.i32, i32 %w_73_reload"   --->   Operation 46 'read' 'w_73_reload_read' <Predicate = true> <Delay = 0.00>
ST_1 : Operation 47 [1/1] (0.00ns)   --->   "%w_74_reload_read = read i32 @_ssdm_op_Read.ap_auto.i32, i32 %w_74_reload"   --->   Operation 47 'read' 'w_74_reload_read' <Predicate = true> <Delay = 0.00>
ST_1 : Operation 48 [1/1] (0.00ns)   --->   "%w_75_reload_read = read i32 @_ssdm_op_Read.ap_auto.i32, i32 %w_75_reload"   --->   Operation 48 'read' 'w_75_reload_read' <Predicate = true> <Delay = 0.00>
ST_1 : Operation 49 [1/1] (0.00ns)   --->   "%w_76_reload_read = read i32 @_ssdm_op_Read.ap_auto.i32, i32 %w_76_reload"   --->   Operation 49 'read' 'w_76_reload_read' <Predicate = true> <Delay = 0.00>
ST_1 : Operation 50 [1/1] (0.00ns)   --->   "%w_77_reload_read = read i32 @_ssdm_op_Read.ap_auto.i32, i32 %w_77_reload"   --->   Operation 50 'read' 'w_77_reload_read' <Predicate = true> <Delay = 0.00>
ST_1 : Operation 51 [1/1] (0.00ns)   --->   "%w_78_reload_read = read i32 @_ssdm_op_Read.ap_auto.i32, i32 %w_78_reload"   --->   Operation 51 'read' 'w_78_reload_read' <Predicate = true> <Delay = 0.00>
ST_1 : Operation 52 [1/1] (0.00ns)   --->   "%w_79_reload_read = read i32 @_ssdm_op_Read.ap_auto.i32, i32 %w_79_reload"   --->   Operation 52 'read' 'w_79_reload_read' <Predicate = true> <Delay = 0.00>
ST_1 : Operation 53 [1/1] (0.00ns)   --->   "%w_80_reload_read = read i32 @_ssdm_op_Read.ap_auto.i32, i32 %w_80_reload"   --->   Operation 53 'read' 'w_80_reload_read' <Predicate = true> <Delay = 0.00>
ST_1 : Operation 54 [1/1] (0.42ns)   --->   "%store_ln124 = store i32 %state_read36, i32 %b" [dylan-hls/mine.cpp:124]   --->   Operation 54 'store' 'store_ln124' <Predicate = true> <Delay = 0.42>
ST_1 : Operation 55 [1/1] (0.42ns)   --->   "%store_ln125 = store i32 %state_read_7, i32 %c" [dylan-hls/mine.cpp:125]   --->   Operation 55 'store' 'store_ln125' <Predicate = true> <Delay = 0.42>
ST_1 : Operation 56 [1/1] (0.42ns)   --->   "%store_ln126 = store i32 %state_read_6, i32 %d_1" [dylan-hls/mine.cpp:126]   --->   Operation 56 'store' 'store_ln126' <Predicate = true> <Delay = 0.42>
ST_1 : Operation 57 [1/1] (0.42ns)   --->   "%store_ln128 = store i32 %state_read_4, i32 %f" [dylan-hls/mine.cpp:128]   --->   Operation 57 'store' 'store_ln128' <Predicate = true> <Delay = 0.42>
ST_1 : Operation 58 [1/1] (0.42ns)   --->   "%store_ln129 = store i32 %state_read_3, i32 %g" [dylan-hls/mine.cpp:129]   --->   Operation 58 'store' 'store_ln129' <Predicate = true> <Delay = 0.42>
ST_1 : Operation 59 [1/1] (0.42ns)   --->   "%store_ln130 = store i32 %state_read_2, i32 %h_1" [dylan-hls/mine.cpp:130]   --->   Operation 59 'store' 'store_ln130' <Predicate = true> <Delay = 0.42>
ST_1 : Operation 60 [1/1] (0.42ns)   --->   "%store_ln114 = store i32 %w_80_reload_read, i32 %w_15" [dylan-hls/mine.cpp:114]   --->   Operation 60 'store' 'store_ln114' <Predicate = true> <Delay = 0.42>
ST_1 : Operation 61 [1/1] (0.42ns)   --->   "%store_ln114 = store i32 %w_79_reload_read, i32 %w_14" [dylan-hls/mine.cpp:114]   --->   Operation 61 'store' 'store_ln114' <Predicate = true> <Delay = 0.42>
ST_1 : Operation 62 [1/1] (0.42ns)   --->   "%store_ln114 = store i32 %w_78_reload_read, i32 %w_13" [dylan-hls/mine.cpp:114]   --->   Operation 62 'store' 'store_ln114' <Predicate = true> <Delay = 0.42>
ST_1 : Operation 63 [1/1] (0.42ns)   --->   "%store_ln114 = store i32 %w_77_reload_read, i32 %w_12" [dylan-hls/mine.cpp:114]   --->   Operation 63 'store' 'store_ln114' <Predicate = true> <Delay = 0.42>
ST_1 : Operation 64 [1/1] (0.42ns)   --->   "%store_ln114 = store i32 %w_76_reload_read, i32 %w_11" [dylan-hls/mine.cpp:114]   --->   Operation 64 'store' 'store_ln114' <Predicate = true> <Delay = 0.42>
ST_1 : Operation 65 [1/1] (0.42ns)   --->   "%store_ln114 = store i32 %w_75_reload_read, i32 %w_10" [dylan-hls/mine.cpp:114]   --->   Operation 65 'store' 'store_ln114' <Predicate = true> <Delay = 0.42>
ST_1 : Operation 66 [1/1] (0.42ns)   --->   "%store_ln114 = store i32 %w_74_reload_read, i32 %w_9" [dylan-hls/mine.cpp:114]   --->   Operation 66 'store' 'store_ln114' <Predicate = true> <Delay = 0.42>
ST_1 : Operation 67 [1/1] (0.42ns)   --->   "%store_ln114 = store i32 %w_73_reload_read, i32 %w_8" [dylan-hls/mine.cpp:114]   --->   Operation 67 'store' 'store_ln114' <Predicate = true> <Delay = 0.42>
ST_1 : Operation 68 [1/1] (0.42ns)   --->   "%store_ln114 = store i32 %w_72_reload_read, i32 %w_7" [dylan-hls/mine.cpp:114]   --->   Operation 68 'store' 'store_ln114' <Predicate = true> <Delay = 0.42>
ST_1 : Operation 69 [1/1] (0.42ns)   --->   "%store_ln114 = store i32 %w_71_reload_read, i32 %w_6" [dylan-hls/mine.cpp:114]   --->   Operation 69 'store' 'store_ln114' <Predicate = true> <Delay = 0.42>
ST_1 : Operation 70 [1/1] (0.42ns)   --->   "%store_ln114 = store i32 %w_70_reload_read, i32 %w_5" [dylan-hls/mine.cpp:114]   --->   Operation 70 'store' 'store_ln114' <Predicate = true> <Delay = 0.42>
ST_1 : Operation 71 [1/1] (0.42ns)   --->   "%store_ln114 = store i32 %w_69_reload_read, i32 %w_4" [dylan-hls/mine.cpp:114]   --->   Operation 71 'store' 'store_ln114' <Predicate = true> <Delay = 0.42>
ST_1 : Operation 72 [1/1] (0.42ns)   --->   "%store_ln114 = store i32 %w_68_reload_read, i32 %w_3" [dylan-hls/mine.cpp:114]   --->   Operation 72 'store' 'store_ln114' <Predicate = true> <Delay = 0.42>
ST_1 : Operation 73 [1/1] (0.42ns)   --->   "%store_ln114 = store i32 %w_67_reload_read, i32 %w_2" [dylan-hls/mine.cpp:114]   --->   Operation 73 'store' 'store_ln114' <Predicate = true> <Delay = 0.42>
ST_1 : Operation 74 [1/1] (0.42ns)   --->   "%store_ln114 = store i32 %w_66_reload_read, i32 %w_1" [dylan-hls/mine.cpp:114]   --->   Operation 74 'store' 'store_ln114' <Predicate = true> <Delay = 0.42>
ST_1 : Operation 75 [1/1] (0.42ns)   --->   "%store_ln114 = store i32 %w_reload_read, i32 %w" [dylan-hls/mine.cpp:114]   --->   Operation 75 'store' 'store_ln114' <Predicate = true> <Delay = 0.42>
ST_1 : Operation 76 [1/1] (0.42ns)   --->   "%store_ln133 = store i7 0, i7 %i" [dylan-hls/mine.cpp:133]   --->   Operation 76 'store' 'store_ln133' <Predicate = true> <Delay = 0.42>
ST_1 : Operation 77 [1/1] (0.42ns)   --->   "%store_ln126 = store i32 %state_read_5, i32 %d" [dylan-hls/mine.cpp:126]   --->   Operation 77 'store' 'store_ln126' <Predicate = true> <Delay = 0.42>
ST_1 : Operation 78 [1/1] (0.42ns)   --->   "%store_ln130 = store i32 %state_read_1, i32 %h" [dylan-hls/mine.cpp:130]   --->   Operation 78 'store' 'store_ln130' <Predicate = true> <Delay = 0.42>
ST_1 : Operation 79 [1/1] (0.00ns)   --->   "%br_ln0 = br void %for.body15"   --->   Operation 79 'br' 'br_ln0' <Predicate = true> <Delay = 0.00>

State 2 <SV = 1> <Delay = 2.66>
ST_2 : Operation 80 [1/1] (0.00ns)   --->   "%i_1 = load i7 %i" [dylan-hls/mine.cpp:133]   --->   Operation 80 'load' 'i_1' <Predicate = true> <Delay = 0.00>
ST_2 : Operation 81 [1/1] (0.77ns)   --->   "%icmp_ln133 = icmp_eq  i7 %i_1, i7 64" [dylan-hls/mine.cpp:133]   --->   Operation 81 'icmp' 'icmp_ln133' <Predicate = true> <Delay = 0.77> <CoreInst = "Cmp">   --->   Core 9 'Cmp' <Latency = 0> <II = 1> <Delay = 0.77> <FuncUnit> <Opcode : 'seteq' 'setne' 'setle' 'setge' 'setlt' 'setgt'> <InPorts = 2> <OutPorts = 1>
ST_2 : Operation 82 [1/1] (0.77ns)   --->   "%add_ln133 = add i7 %i_1, i7 1" [dylan-hls/mine.cpp:133]   --->   Operation 82 'add' 'add_ln133' <Predicate = true> <Delay = 0.77> <CoreInst = "Adder">   --->   Core 1 'Adder' <Latency = 0> <II = 1> <Delay = 0.77> <FuncUnit> <Opcode : 'add' 'sub'> <InPorts = 2> <OutPorts = 1>
ST_2 : Operation 83 [1/1] (0.00ns)   --->   "%br_ln133 = br i1 %icmp_ln133, void %for.body15.split, void %for.end72.exitStub" [dylan-hls/mine.cpp:133]   --->   Operation 83 'br' 'br_ln133' <Predicate = true> <Delay = 0.00>
ST_2 : Operation 84 [1/1] (0.00ns)   --->   "%zext_ln133 = zext i7 %i_1" [dylan-hls/mine.cpp:133]   --->   Operation 84 'zext' 'zext_ln133' <Predicate = (!icmp_ln133)> <Delay = 0.00>
ST_2 : Operation 85 [1/1] (0.00ns)   --->   "%trunc_ln133 = trunc i7 %i_1" [dylan-hls/mine.cpp:133]   --->   Operation 85 'trunc' 'trunc_ln133' <Predicate = (!icmp_ln133)> <Delay = 0.00>
ST_2 : Operation 86 [1/1] (0.00ns)   --->   "%specpipeline_ln134 = specpipeline void @_ssdm_op_SpecPipeline, i32 1, i32 0, i32 0, i32 0, i32 4294967295, void @empty" [dylan-hls/mine.cpp:134]   --->   Operation 86 'specpipeline' 'specpipeline_ln134' <Predicate = (!icmp_ln133)> <Delay = 0.00>
ST_2 : Operation 87 [1/1] (0.00ns)   --->   "%speclooptripcount_ln114 = speclooptripcount void @_ssdm_op_SpecLoopTripCount, i64 64, i64 64, i64 64" [dylan-hls/mine.cpp:114]   --->   Operation 87 'speclooptripcount' 'speclooptripcount_ln114' <Predicate = (!icmp_ln133)> <Delay = 0.00>
ST_2 : Operation 88 [1/1] (0.00ns)   --->   "%specloopname_ln133 = specloopname void @_ssdm_op_SpecLoopName, void @empty_23" [dylan-hls/mine.cpp:133]   --->   Operation 88 'specloopname' 'specloopname_ln133' <Predicate = (!icmp_ln133)> <Delay = 0.00>
ST_2 : Operation 89 [1/1] (0.00ns)   --->   "%tmp_1 = partselect i3 @_ssdm_op_PartSelect.i3.i7.i32.i32, i7 %i_1, i32 4, i32 6" [dylan-hls/mine.cpp:138]   --->   Operation 89 'partselect' 'tmp_1' <Predicate = (!icmp_ln133)> <Delay = 0.00>
ST_2 : Operation 90 [1/1] (0.67ns)   --->   "%icmp_ln138 = icmp_eq  i3 %tmp_1, i3 0" [dylan-hls/mine.cpp:138]   --->   Operation 90 'icmp' 'icmp_ln138' <Predicate = (!icmp_ln133)> <Delay = 0.67> <CoreInst = "Cmp">   --->   Core 9 'Cmp' <Latency = 0> <II = 1> <Delay = 0.67> <FuncUnit> <Opcode : 'seteq' 'setne' 'setle' 'setge' 'setlt' 'setgt'> <InPorts = 2> <OutPorts = 1>
ST_2 : Operation 91 [1/1] (0.00ns)   --->   "%w_load = load i32 %w" [dylan-hls/mine.cpp:139]   --->   Operation 91 'load' 'w_load' <Predicate = (!icmp_ln133)> <Delay = 0.00>
ST_2 : Operation 92 [1/1] (0.00ns)   --->   "%w_1_load = load i32 %w_1" [dylan-hls/mine.cpp:139]   --->   Operation 92 'load' 'w_1_load' <Predicate = (!icmp_ln133)> <Delay = 0.00>
ST_2 : Operation 93 [1/1] (0.00ns)   --->   "%w_2_load = load i32 %w_2" [dylan-hls/mine.cpp:139]   --->   Operation 93 'load' 'w_2_load' <Predicate = (!icmp_ln133)> <Delay = 0.00>
ST_2 : Operation 94 [1/1] (0.00ns)   --->   "%w_3_load = load i32 %w_3" [dylan-hls/mine.cpp:139]   --->   Operation 94 'load' 'w_3_load' <Predicate = (!icmp_ln133)> <Delay = 0.00>
ST_2 : Operation 95 [1/1] (0.00ns)   --->   "%w_4_load = load i32 %w_4" [dylan-hls/mine.cpp:139]   --->   Operation 95 'load' 'w_4_load' <Predicate = (!icmp_ln133)> <Delay = 0.00>
ST_2 : Operation 96 [1/1] (0.00ns)   --->   "%w_5_load = load i32 %w_5" [dylan-hls/mine.cpp:139]   --->   Operation 96 'load' 'w_5_load' <Predicate = (!icmp_ln133)> <Delay = 0.00>
ST_2 : Operation 97 [1/1] (0.00ns)   --->   "%w_6_load = load i32 %w_6" [dylan-hls/mine.cpp:139]   --->   Operation 97 'load' 'w_6_load' <Predicate = (!icmp_ln133)> <Delay = 0.00>
ST_2 : Operation 98 [1/1] (0.00ns)   --->   "%w_7_load = load i32 %w_7" [dylan-hls/mine.cpp:139]   --->   Operation 98 'load' 'w_7_load' <Predicate = (!icmp_ln133)> <Delay = 0.00>
ST_2 : Operation 99 [1/1] (0.00ns)   --->   "%w_8_load = load i32 %w_8" [dylan-hls/mine.cpp:139]   --->   Operation 99 'load' 'w_8_load' <Predicate = (!icmp_ln133)> <Delay = 0.00>
ST_2 : Operation 100 [1/1] (0.00ns)   --->   "%w_9_load = load i32 %w_9" [dylan-hls/mine.cpp:139]   --->   Operation 100 'load' 'w_9_load' <Predicate = (!icmp_ln133)> <Delay = 0.00>
ST_2 : Operation 101 [1/1] (0.00ns)   --->   "%w_10_load = load i32 %w_10" [dylan-hls/mine.cpp:139]   --->   Operation 101 'load' 'w_10_load' <Predicate = (!icmp_ln133)> <Delay = 0.00>
ST_2 : Operation 102 [1/1] (0.00ns)   --->   "%w_11_load = load i32 %w_11" [dylan-hls/mine.cpp:139]   --->   Operation 102 'load' 'w_11_load' <Predicate = (!icmp_ln133)> <Delay = 0.00>
ST_2 : Operation 103 [1/1] (0.00ns)   --->   "%w_12_load = load i32 %w_12" [dylan-hls/mine.cpp:139]   --->   Operation 103 'load' 'w_12_load' <Predicate = (!icmp_ln133)> <Delay = 0.00>
ST_2 : Operation 104 [1/1] (0.00ns)   --->   "%w_13_load = load i32 %w_13" [dylan-hls/mine.cpp:139]   --->   Operation 104 'load' 'w_13_load' <Predicate = (!icmp_ln133)> <Delay = 0.00>
ST_2 : Operation 105 [1/1] (0.00ns)   --->   "%w_14_load = load i32 %w_14" [dylan-hls/mine.cpp:139]   --->   Operation 105 'load' 'w_14_load' <Predicate = (!icmp_ln133)> <Delay = 0.00>
ST_2 : Operation 106 [1/1] (0.00ns)   --->   "%w_15_load = load i32 %w_15" [dylan-hls/mine.cpp:139]   --->   Operation 106 'load' 'w_15_load' <Predicate = (!icmp_ln133)> <Delay = 0.00>
ST_2 : Operation 107 [1/1] (0.00ns)   --->   "%br_ln138 = br i1 %icmp_ln138, void %if.else, void %if.then" [dylan-hls/mine.cpp:138]   --->   Operation 107 'br' 'br_ln138' <Predicate = (!icmp_ln133)> <Delay = 0.00>
ST_2 : Operation 108 [1/1] (0.48ns)   --->   "%x15 = sparsemux i32 @_ssdm_op_SparseMux.ap_auto.16i32.i32.i4, i4 15, i32 %w_load, i4 0, i32 %w_1_load, i4 1, i32 %w_2_load, i4 2, i32 %w_3_load, i4 3, i32 %w_4_load, i4 4, i32 %w_5_load, i4 5, i32 %w_6_load, i4 6, i32 %w_7_load, i4 7, i32 %w_8_load, i4 8, i32 %w_9_load, i4 9, i32 %w_10_load, i4 10, i32 %w_11_load, i4 11, i32 %w_12_load, i4 12, i32 %w_13_load, i4 13, i32 %w_14_load, i4 14, i32 %w_15_load, i32 0, i4 %trunc_ln133" [dylan-hls/mine.cpp:143]   --->   Operation 108 'sparsemux' 'x15' <Predicate = (!icmp_ln133 & !icmp_ln138)> <Delay = 0.48> <CoreInst = "BinarySparseMux_DontCare">   --->   Core 149 'BinarySparseMux_DontCare' <Latency = 0> <II = 1> <Delay = 0.48> <FuncUnit> <Opcode : 'sparsemux'> <InPorts = 2> <OutPorts = 1>
ST_2 : Operation 109 [1/1] (0.48ns)   --->   "%x2 = sparsemux i32 @_ssdm_op_SparseMux.ap_auto.16i32.i32.i4, i4 2, i32 %w_load, i4 3, i32 %w_1_load, i4 4, i32 %w_2_load, i4 5, i32 %w_3_load, i4 6, i32 %w_4_load, i4 7, i32 %w_5_load, i4 8, i32 %w_6_load, i4 9, i32 %w_7_load, i4 10, i32 %w_8_load, i4 11, i32 %w_9_load, i4 12, i32 %w_10_load, i4 13, i32 %w_11_load, i4 14, i32 %w_12_load, i4 15, i32 %w_13_load, i4 0, i32 %w_14_load, i4 1, i32 %w_15_load, i32 0, i4 %trunc_ln133" [dylan-hls/mine.cpp:144]   --->   Operation 109 'sparsemux' 'x2' <Predicate = (!icmp_ln133 & !icmp_ln138)> <Delay = 0.48> <CoreInst = "BinarySparseMux_DontCare">   --->   Core 149 'BinarySparseMux_DontCare' <Latency = 0> <II = 1> <Delay = 0.48> <FuncUnit> <Opcode : 'sparsemux'> <InPorts = 2> <OutPorts = 1>
ST_2 : Operation 110 [1/1] (0.00ns) (grouped into LUT with out node add_ln159)   --->   "%lshr_ln = partselect i25 @_ssdm_op_PartSelect.i25.i32.i32.i32, i32 %x15, i32 7, i32 31" [dylan-hls/mine.cpp:33->dylan-hls/mine.cpp:147]   --->   Operation 110 'partselect' 'lshr_ln' <Predicate = (!icmp_ln133 & !icmp_ln138)> <Delay = 0.00>
ST_2 : Operation 111 [1/1] (0.00ns) (grouped into LUT with out node add_ln159)   --->   "%trunc_ln33 = trunc i32 %x15" [dylan-hls/mine.cpp:33->dylan-hls/mine.cpp:147]   --->   Operation 111 'trunc' 'trunc_ln33' <Predicate = (!icmp_ln133 & !icmp_ln138)> <Delay = 0.00>
ST_2 : Operation 112 [1/1] (0.00ns) (grouped into LUT with out node add_ln159)   --->   "%lshr_ln33_s = partselect i14 @_ssdm_op_PartSelect.i14.i32.i32.i32, i32 %x15, i32 18, i32 31" [dylan-hls/mine.cpp:33->dylan-hls/mine.cpp:148]   --->   Operation 112 'partselect' 'lshr_ln33_s' <Predicate = (!icmp_ln133 & !icmp_ln138)> <Delay = 0.00>
ST_2 : Operation 113 [1/1] (0.00ns) (grouped into LUT with out node add_ln159)   --->   "%trunc_ln33_1 = trunc i32 %x15" [dylan-hls/mine.cpp:33->dylan-hls/mine.cpp:148]   --->   Operation 113 'trunc' 'trunc_ln33_1' <Predicate = (!icmp_ln133 & !icmp_ln138)> <Delay = 0.00>
ST_2 : Operation 114 [1/1] (0.00ns) (grouped into LUT with out node add_ln159)   --->   "%lshr_ln3 = partselect i29 @_ssdm_op_PartSelect.i29.i32.i32.i32, i32 %x15, i32 3, i32 31" [dylan-hls/mine.cpp:149]   --->   Operation 114 'partselect' 'lshr_ln3' <Predicate = (!icmp_ln133 & !icmp_ln138)> <Delay = 0.00>
ST_2 : Operation 115 [1/1] (0.00ns) (grouped into LUT with out node add_ln159)   --->   "%zext_ln149 = zext i29 %lshr_ln3" [dylan-hls/mine.cpp:149]   --->   Operation 115 'zext' 'zext_ln149' <Predicate = (!icmp_ln133 & !icmp_ln138)> <Delay = 0.00>
ST_2 : Operation 116 [1/1] (0.00ns) (grouped into LUT with out node xor_ln159_3)   --->   "%lshr_ln33_1 = partselect i15 @_ssdm_op_PartSelect.i15.i32.i32.i32, i32 %x2, i32 17, i32 31" [dylan-hls/mine.cpp:33->dylan-hls/mine.cpp:152]   --->   Operation 116 'partselect' 'lshr_ln33_1' <Predicate = (!icmp_ln133 & !icmp_ln138)> <Delay = 0.00>
ST_2 : Operation 117 [1/1] (0.00ns) (grouped into LUT with out node xor_ln159_3)   --->   "%trunc_ln33_2 = trunc i32 %x2" [dylan-hls/mine.cpp:33->dylan-hls/mine.cpp:152]   --->   Operation 117 'trunc' 'trunc_ln33_2' <Predicate = (!icmp_ln133 & !icmp_ln138)> <Delay = 0.00>
ST_2 : Operation 118 [1/1] (0.00ns) (grouped into LUT with out node xor_ln159_3)   --->   "%lshr_ln33_2 = partselect i13 @_ssdm_op_PartSelect.i13.i32.i32.i32, i32 %x2, i32 19, i32 31" [dylan-hls/mine.cpp:33->dylan-hls/mine.cpp:153]   --->   Operation 118 'partselect' 'lshr_ln33_2' <Predicate = (!icmp_ln133 & !icmp_ln138)> <Delay = 0.00>
ST_2 : Operation 119 [1/1] (0.00ns) (grouped into LUT with out node xor_ln159_3)   --->   "%trunc_ln33_3 = trunc i32 %x2" [dylan-hls/mine.cpp:33->dylan-hls/mine.cpp:153]   --->   Operation 119 'trunc' 'trunc_ln33_3' <Predicate = (!icmp_ln133 & !icmp_ln138)> <Delay = 0.00>
ST_2 : Operation 120 [1/1] (0.00ns) (grouped into LUT with out node xor_ln159_3)   --->   "%lshr_ln4 = partselect i22 @_ssdm_op_PartSelect.i22.i32.i32.i32, i32 %x2, i32 10, i32 31" [dylan-hls/mine.cpp:154]   --->   Operation 120 'partselect' 'lshr_ln4' <Predicate = (!icmp_ln133 & !icmp_ln138)> <Delay = 0.00>
ST_2 : Operation 121 [1/1] (0.00ns) (grouped into LUT with out node xor_ln159_3)   --->   "%zext_ln154 = zext i22 %lshr_ln4" [dylan-hls/mine.cpp:154]   --->   Operation 121 'zext' 'zext_ln154' <Predicate = (!icmp_ln133 & !icmp_ln138)> <Delay = 0.00>
ST_2 : Operation 122 [1/1] (0.48ns)   --->   "%tmp = sparsemux i32 @_ssdm_op_SparseMux.ap_auto.16i32.i32.i4, i4 0, i32 %w_load, i4 1, i32 %w_1_load, i4 2, i32 %w_2_load, i4 3, i32 %w_3_load, i4 4, i32 %w_4_load, i4 5, i32 %w_5_load, i4 6, i32 %w_6_load, i4 7, i32 %w_7_load, i4 8, i32 %w_8_load, i4 9, i32 %w_9_load, i4 10, i32 %w_10_load, i4 11, i32 %w_11_load, i4 12, i32 %w_12_load, i4 13, i32 %w_13_load, i4 14, i32 %w_14_load, i4 15, i32 %w_15_load, i32 0, i4 %trunc_ln133" [dylan-hls/mine.cpp:157]   --->   Operation 122 'sparsemux' 'tmp' <Predicate = (!icmp_ln133 & !icmp_ln138)> <Delay = 0.48> <CoreInst = "BinarySparseMux_DontCare">   --->   Core 149 'BinarySparseMux_DontCare' <Latency = 0> <II = 1> <Delay = 0.48> <FuncUnit> <Opcode : 'sparsemux'> <InPorts = 2> <OutPorts = 1>
ST_2 : Operation 123 [1/1] (0.48ns)   --->   "%tmp_s = sparsemux i32 @_ssdm_op_SparseMux.ap_auto.16i32.i32.i4, i4 7, i32 %w_load, i4 8, i32 %w_1_load, i4 9, i32 %w_2_load, i4 10, i32 %w_3_load, i4 11, i32 %w_4_load, i4 12, i32 %w_5_load, i4 13, i32 %w_6_load, i4 14, i32 %w_7_load, i4 15, i32 %w_8_load, i4 0, i32 %w_9_load, i4 1, i32 %w_10_load, i4 2, i32 %w_11_load, i4 3, i32 %w_12_load, i4 4, i32 %w_13_load, i4 5, i32 %w_14_load, i4 6, i32 %w_15_load, i32 0, i4 %trunc_ln133" [dylan-hls/mine.cpp:159]   --->   Operation 123 'sparsemux' 'tmp_s' <Predicate = (!icmp_ln133 & !icmp_ln138)> <Delay = 0.48> <CoreInst = "BinarySparseMux_DontCare">   --->   Core 149 'BinarySparseMux_DontCare' <Latency = 0> <II = 1> <Delay = 0.48> <FuncUnit> <Opcode : 'sparsemux'> <InPorts = 2> <OutPorts = 1>
ST_2 : Operation 124 [1/1] (0.00ns) (grouped into LUT with out node add_ln159)   --->   "%or_ln = bitconcatenate i32 @_ssdm_op_BitConcatenate.i32.i18.i14, i18 %trunc_ln33_1, i14 %lshr_ln33_s" [dylan-hls/mine.cpp:159]   --->   Operation 124 'bitconcatenate' 'or_ln' <Predicate = (!icmp_ln133 & !icmp_ln138)> <Delay = 0.00>
ST_2 : Operation 125 [1/1] (0.00ns) (grouped into LUT with out node add_ln159)   --->   "%or_ln159_4 = bitconcatenate i32 @_ssdm_op_BitConcatenate.i32.i7.i25, i7 %trunc_ln33, i25 %lshr_ln" [dylan-hls/mine.cpp:159]   --->   Operation 125 'bitconcatenate' 'or_ln159_4' <Predicate = (!icmp_ln133 & !icmp_ln138)> <Delay = 0.00>
ST_2 : Operation 126 [1/1] (0.00ns) (grouped into LUT with out node xor_ln159_3)   --->   "%or_ln159_5 = bitconcatenate i32 @_ssdm_op_BitConcatenate.i32.i19.i13, i19 %trunc_ln33_3, i13 %lshr_ln33_2" [dylan-hls/mine.cpp:159]   --->   Operation 126 'bitconcatenate' 'or_ln159_5' <Predicate = (!icmp_ln133 & !icmp_ln138)> <Delay = 0.00>
ST_2 : Operation 127 [1/1] (0.00ns) (grouped into LUT with out node add_ln159)   --->   "%xor_ln159 = xor i32 %or_ln159_4, i32 %zext_ln149" [dylan-hls/mine.cpp:159]   --->   Operation 127 'xor' 'xor_ln159' <Predicate = (!icmp_ln133 & !icmp_ln138)> <Delay = 0.00> <CoreInst = "LogicGate">   --->   Core 74 'LogicGate' <Latency = 0> <II = 1> <Delay = 0.35> <FuncUnit> <Opcode : 'and' 'or' 'xor'> <InPorts = 2> <OutPorts = 1>
ST_2 : Operation 128 [1/1] (0.00ns) (grouped into LUT with out node add_ln159)   --->   "%xor_ln159_1 = xor i32 %xor_ln159, i32 %or_ln" [dylan-hls/mine.cpp:159]   --->   Operation 128 'xor' 'xor_ln159_1' <Predicate = (!icmp_ln133 & !icmp_ln138)> <Delay = 0.00> <CoreInst = "LogicGate">   --->   Core 74 'LogicGate' <Latency = 0> <II = 1> <Delay = 0.35> <FuncUnit> <Opcode : 'and' 'or' 'xor'> <InPorts = 2> <OutPorts = 1>
ST_2 : Operation 129 [1/1] (0.00ns) (grouped into LUT with out node xor_ln159_3)   --->   "%or_ln159_6 = bitconcatenate i32 @_ssdm_op_BitConcatenate.i32.i17.i15, i17 %trunc_ln33_2, i15 %lshr_ln33_1" [dylan-hls/mine.cpp:159]   --->   Operation 129 'bitconcatenate' 'or_ln159_6' <Predicate = (!icmp_ln133 & !icmp_ln138)> <Delay = 0.00>
ST_2 : Operation 130 [1/1] (0.00ns) (grouped into LUT with out node xor_ln159_3)   --->   "%xor_ln159_2 = xor i32 %zext_ln154, i32 %or_ln159_6" [dylan-hls/mine.cpp:159]   --->   Operation 130 'xor' 'xor_ln159_2' <Predicate = (!icmp_ln133 & !icmp_ln138)> <Delay = 0.00> <CoreInst = "LogicGate">   --->   Core 74 'LogicGate' <Latency = 0> <II = 1> <Delay = 0.35> <FuncUnit> <Opcode : 'and' 'or' 'xor'> <InPorts = 2> <OutPorts = 1>
ST_2 : Operation 131 [1/1] (0.35ns) (out node of the LUT)   --->   "%xor_ln159_3 = xor i32 %xor_ln159_2, i32 %or_ln159_5" [dylan-hls/mine.cpp:159]   --->   Operation 131 'xor' 'xor_ln159_3' <Predicate = (!icmp_ln133 & !icmp_ln138)> <Delay = 0.35> <CoreInst = "LogicGate">   --->   Core 74 'LogicGate' <Latency = 0> <II = 1> <Delay = 0.35> <FuncUnit> <Opcode : 'and' 'or' 'xor'> <InPorts = 2> <OutPorts = 1>
ST_2 : Operation 132 [1/1] (0.00ns) (grouped into TernaryAdder)   --->   "%add_ln159_1 = add i32 %tmp_s, i32 %xor_ln159_3" [dylan-hls/mine.cpp:159]   --->   Operation 132 'add' 'add_ln159_1' <Predicate = (!icmp_ln133 & !icmp_ln138)> <Delay = 0.00> <CoreInst = "TAddSub">   --->   Core 10 'TAddSub' <Latency = 0> <II = 1> <Delay = 0.36> <IPBlock> <Opcode : 'add' 'sub'> <InPorts = 3> <OutPorts = 1> <Sync> <CReg>
ST_2 : Operation 133 [1/1] (1.01ns) (out node of the LUT)   --->   "%add_ln159 = add i32 %xor_ln159_1, i32 %tmp" [dylan-hls/mine.cpp:159]   --->   Operation 133 'add' 'add_ln159' <Predicate = (!icmp_ln133 & !icmp_ln138)> <Delay = 1.01> <CoreInst = "Adder">   --->   Core 1 'Adder' <Latency = 0> <II = 1> <Delay = 1.01> <FuncUnit> <Opcode : 'add' 'sub'> <InPorts = 2> <OutPorts = 1>
ST_2 : Operation 134 [1/1] (0.73ns) (root node of TernaryAdder)   --->   "%wt_3 = add i32 %add_ln159, i32 %add_ln159_1" [dylan-hls/mine.cpp:159]   --->   Operation 134 'add' 'wt_3' <Predicate = (!icmp_ln133 & !icmp_ln138)> <Delay = 0.73> <CoreInst = "TAddSub">   --->   Core 10 'TAddSub' <Latency = 0> <II = 1> <Delay = 0.36> <IPBlock> <Opcode : 'add' 'sub'> <InPorts = 3> <OutPorts = 1> <Sync> <CReg>
ST_2 : Operation 135 [1/1] (0.79ns)   --->   "%switch_ln162 = switch i4 %trunc_ln133, void %arrayidx34.case.15, i4 0, void %arrayidx34.case.0, i4 1, void %arrayidx34.case.1, i4 2, void %arrayidx34.case.2, i4 3, void %arrayidx34.case.3, i4 4, void %arrayidx34.case.4, i4 5, void %arrayidx34.case.5, i4 6, void %arrayidx34.case.6, i4 7, void %arrayidx34.case.7, i4 8, void %arrayidx34.case.8, i4 9, void %arrayidx34.case.9, i4 10, void %arrayidx34.case.10, i4 11, void %arrayidx34.case.11, i4 12, void %arrayidx34.case.12, i4 13, void %arrayidx34.case.13, i4 14, void %if.else.for.inc70_crit_edge" [dylan-hls/mine.cpp:162]   --->   Operation 135 'switch' 'switch_ln162' <Predicate = (!icmp_ln133 & !icmp_ln138)> <Delay = 0.79>
ST_2 : Operation 136 [1/1] (0.42ns)   --->   "%store_ln114 = store i32 %wt_3, i32 %w_14" [dylan-hls/mine.cpp:114]   --->   Operation 136 'store' 'store_ln114' <Predicate = (!icmp_ln133 & !icmp_ln138 & trunc_ln133 == 14)> <Delay = 0.42>
ST_2 : Operation 137 [1/1] (0.42ns)   --->   "%br_ln162 = br void %for.inc70" [dylan-hls/mine.cpp:162]   --->   Operation 137 'br' 'br_ln162' <Predicate = (!icmp_ln133 & !icmp_ln138 & trunc_ln133 == 14)> <Delay = 0.42>
ST_2 : Operation 138 [1/1] (0.42ns)   --->   "%store_ln114 = store i32 %wt_3, i32 %w_13" [dylan-hls/mine.cpp:114]   --->   Operation 138 'store' 'store_ln114' <Predicate = (!icmp_ln133 & !icmp_ln138 & trunc_ln133 == 13)> <Delay = 0.42>
ST_2 : Operation 139 [1/1] (0.42ns)   --->   "%br_ln162 = br void %for.inc70" [dylan-hls/mine.cpp:162]   --->   Operation 139 'br' 'br_ln162' <Predicate = (!icmp_ln133 & !icmp_ln138 & trunc_ln133 == 13)> <Delay = 0.42>
ST_2 : Operation 140 [1/1] (0.42ns)   --->   "%store_ln114 = store i32 %wt_3, i32 %w_12" [dylan-hls/mine.cpp:114]   --->   Operation 140 'store' 'store_ln114' <Predicate = (!icmp_ln133 & !icmp_ln138 & trunc_ln133 == 12)> <Delay = 0.42>
ST_2 : Operation 141 [1/1] (0.42ns)   --->   "%br_ln162 = br void %for.inc70" [dylan-hls/mine.cpp:162]   --->   Operation 141 'br' 'br_ln162' <Predicate = (!icmp_ln133 & !icmp_ln138 & trunc_ln133 == 12)> <Delay = 0.42>
ST_2 : Operation 142 [1/1] (0.42ns)   --->   "%store_ln114 = store i32 %wt_3, i32 %w_11" [dylan-hls/mine.cpp:114]   --->   Operation 142 'store' 'store_ln114' <Predicate = (!icmp_ln133 & !icmp_ln138 & trunc_ln133 == 11)> <Delay = 0.42>
ST_2 : Operation 143 [1/1] (0.42ns)   --->   "%br_ln162 = br void %for.inc70" [dylan-hls/mine.cpp:162]   --->   Operation 143 'br' 'br_ln162' <Predicate = (!icmp_ln133 & !icmp_ln138 & trunc_ln133 == 11)> <Delay = 0.42>
ST_2 : Operation 144 [1/1] (0.42ns)   --->   "%store_ln114 = store i32 %wt_3, i32 %w_10" [dylan-hls/mine.cpp:114]   --->   Operation 144 'store' 'store_ln114' <Predicate = (!icmp_ln133 & !icmp_ln138 & trunc_ln133 == 10)> <Delay = 0.42>
ST_2 : Operation 145 [1/1] (0.42ns)   --->   "%br_ln162 = br void %for.inc70" [dylan-hls/mine.cpp:162]   --->   Operation 145 'br' 'br_ln162' <Predicate = (!icmp_ln133 & !icmp_ln138 & trunc_ln133 == 10)> <Delay = 0.42>
ST_2 : Operation 146 [1/1] (0.42ns)   --->   "%store_ln114 = store i32 %wt_3, i32 %w_9" [dylan-hls/mine.cpp:114]   --->   Operation 146 'store' 'store_ln114' <Predicate = (!icmp_ln133 & !icmp_ln138 & trunc_ln133 == 9)> <Delay = 0.42>
ST_2 : Operation 147 [1/1] (0.42ns)   --->   "%br_ln162 = br void %for.inc70" [dylan-hls/mine.cpp:162]   --->   Operation 147 'br' 'br_ln162' <Predicate = (!icmp_ln133 & !icmp_ln138 & trunc_ln133 == 9)> <Delay = 0.42>
ST_2 : Operation 148 [1/1] (0.42ns)   --->   "%store_ln114 = store i32 %wt_3, i32 %w_8" [dylan-hls/mine.cpp:114]   --->   Operation 148 'store' 'store_ln114' <Predicate = (!icmp_ln133 & !icmp_ln138 & trunc_ln133 == 8)> <Delay = 0.42>
ST_2 : Operation 149 [1/1] (0.42ns)   --->   "%br_ln162 = br void %for.inc70" [dylan-hls/mine.cpp:162]   --->   Operation 149 'br' 'br_ln162' <Predicate = (!icmp_ln133 & !icmp_ln138 & trunc_ln133 == 8)> <Delay = 0.42>
ST_2 : Operation 150 [1/1] (0.42ns)   --->   "%store_ln114 = store i32 %wt_3, i32 %w_7" [dylan-hls/mine.cpp:114]   --->   Operation 150 'store' 'store_ln114' <Predicate = (!icmp_ln133 & !icmp_ln138 & trunc_ln133 == 7)> <Delay = 0.42>
ST_2 : Operation 151 [1/1] (0.42ns)   --->   "%br_ln162 = br void %for.inc70" [dylan-hls/mine.cpp:162]   --->   Operation 151 'br' 'br_ln162' <Predicate = (!icmp_ln133 & !icmp_ln138 & trunc_ln133 == 7)> <Delay = 0.42>
ST_2 : Operation 152 [1/1] (0.42ns)   --->   "%store_ln114 = store i32 %wt_3, i32 %w_6" [dylan-hls/mine.cpp:114]   --->   Operation 152 'store' 'store_ln114' <Predicate = (!icmp_ln133 & !icmp_ln138 & trunc_ln133 == 6)> <Delay = 0.42>
ST_2 : Operation 153 [1/1] (0.42ns)   --->   "%br_ln162 = br void %for.inc70" [dylan-hls/mine.cpp:162]   --->   Operation 153 'br' 'br_ln162' <Predicate = (!icmp_ln133 & !icmp_ln138 & trunc_ln133 == 6)> <Delay = 0.42>
ST_2 : Operation 154 [1/1] (0.42ns)   --->   "%store_ln114 = store i32 %wt_3, i32 %w_5" [dylan-hls/mine.cpp:114]   --->   Operation 154 'store' 'store_ln114' <Predicate = (!icmp_ln133 & !icmp_ln138 & trunc_ln133 == 5)> <Delay = 0.42>
ST_2 : Operation 155 [1/1] (0.42ns)   --->   "%br_ln162 = br void %for.inc70" [dylan-hls/mine.cpp:162]   --->   Operation 155 'br' 'br_ln162' <Predicate = (!icmp_ln133 & !icmp_ln138 & trunc_ln133 == 5)> <Delay = 0.42>
ST_2 : Operation 156 [1/1] (0.42ns)   --->   "%store_ln114 = store i32 %wt_3, i32 %w_4" [dylan-hls/mine.cpp:114]   --->   Operation 156 'store' 'store_ln114' <Predicate = (!icmp_ln133 & !icmp_ln138 & trunc_ln133 == 4)> <Delay = 0.42>
ST_2 : Operation 157 [1/1] (0.42ns)   --->   "%br_ln162 = br void %for.inc70" [dylan-hls/mine.cpp:162]   --->   Operation 157 'br' 'br_ln162' <Predicate = (!icmp_ln133 & !icmp_ln138 & trunc_ln133 == 4)> <Delay = 0.42>
ST_2 : Operation 158 [1/1] (0.42ns)   --->   "%store_ln114 = store i32 %wt_3, i32 %w_3" [dylan-hls/mine.cpp:114]   --->   Operation 158 'store' 'store_ln114' <Predicate = (!icmp_ln133 & !icmp_ln138 & trunc_ln133 == 3)> <Delay = 0.42>
ST_2 : Operation 159 [1/1] (0.42ns)   --->   "%br_ln162 = br void %for.inc70" [dylan-hls/mine.cpp:162]   --->   Operation 159 'br' 'br_ln162' <Predicate = (!icmp_ln133 & !icmp_ln138 & trunc_ln133 == 3)> <Delay = 0.42>
ST_2 : Operation 160 [1/1] (0.42ns)   --->   "%store_ln114 = store i32 %wt_3, i32 %w_2" [dylan-hls/mine.cpp:114]   --->   Operation 160 'store' 'store_ln114' <Predicate = (!icmp_ln133 & !icmp_ln138 & trunc_ln133 == 2)> <Delay = 0.42>
ST_2 : Operation 161 [1/1] (0.42ns)   --->   "%br_ln162 = br void %for.inc70" [dylan-hls/mine.cpp:162]   --->   Operation 161 'br' 'br_ln162' <Predicate = (!icmp_ln133 & !icmp_ln138 & trunc_ln133 == 2)> <Delay = 0.42>
ST_2 : Operation 162 [1/1] (0.42ns)   --->   "%store_ln114 = store i32 %wt_3, i32 %w_1" [dylan-hls/mine.cpp:114]   --->   Operation 162 'store' 'store_ln114' <Predicate = (!icmp_ln133 & !icmp_ln138 & trunc_ln133 == 1)> <Delay = 0.42>
ST_2 : Operation 163 [1/1] (0.42ns)   --->   "%br_ln162 = br void %for.inc70" [dylan-hls/mine.cpp:162]   --->   Operation 163 'br' 'br_ln162' <Predicate = (!icmp_ln133 & !icmp_ln138 & trunc_ln133 == 1)> <Delay = 0.42>
ST_2 : Operation 164 [1/1] (0.42ns)   --->   "%store_ln114 = store i32 %wt_3, i32 %w" [dylan-hls/mine.cpp:114]   --->   Operation 164 'store' 'store_ln114' <Predicate = (!icmp_ln133 & !icmp_ln138 & trunc_ln133 == 0)> <Delay = 0.42>
ST_2 : Operation 165 [1/1] (0.42ns)   --->   "%br_ln162 = br void %for.inc70" [dylan-hls/mine.cpp:162]   --->   Operation 165 'br' 'br_ln162' <Predicate = (!icmp_ln133 & !icmp_ln138 & trunc_ln133 == 0)> <Delay = 0.42>
ST_2 : Operation 166 [1/1] (0.42ns)   --->   "%store_ln114 = store i32 %wt_3, i32 %w_15" [dylan-hls/mine.cpp:114]   --->   Operation 166 'store' 'store_ln114' <Predicate = (!icmp_ln133 & !icmp_ln138 & trunc_ln133 == 15)> <Delay = 0.42>
ST_2 : Operation 167 [1/1] (0.42ns)   --->   "%br_ln162 = br void %for.inc70" [dylan-hls/mine.cpp:162]   --->   Operation 167 'br' 'br_ln162' <Predicate = (!icmp_ln133 & !icmp_ln138 & trunc_ln133 == 15)> <Delay = 0.42>
ST_2 : Operation 168 [1/1] (0.48ns)   --->   "%wt = sparsemux i32 @_ssdm_op_SparseMux.ap_auto.16i32.i32.i4, i4 0, i32 %w_load, i4 1, i32 %w_1_load, i4 2, i32 %w_2_load, i4 3, i32 %w_3_load, i4 4, i32 %w_4_load, i4 5, i32 %w_5_load, i4 6, i32 %w_6_load, i4 7, i32 %w_7_load, i4 8, i32 %w_8_load, i4 9, i32 %w_9_load, i4 10, i32 %w_10_load, i4 11, i32 %w_11_load, i4 12, i32 %w_12_load, i4 13, i32 %w_13_load, i4 14, i32 %w_14_load, i4 15, i32 %w_15_load, i32 0, i4 %trunc_ln133" [dylan-hls/mine.cpp:139]   --->   Operation 168 'sparsemux' 'wt' <Predicate = (!icmp_ln133 & icmp_ln138)> <Delay = 0.48> <CoreInst = "BinarySparseMux_DontCare">   --->   Core 149 'BinarySparseMux_DontCare' <Latency = 0> <II = 1> <Delay = 0.48> <FuncUnit> <Opcode : 'sparsemux'> <InPorts = 2> <OutPorts = 1>
ST_2 : Operation 169 [1/1] (0.42ns)   --->   "%br_ln140 = br void %for.inc70" [dylan-hls/mine.cpp:140]   --->   Operation 169 'br' 'br_ln140' <Predicate = (!icmp_ln133 & icmp_ln138)> <Delay = 0.42>
ST_2 : Operation 170 [1/1] (0.00ns)   --->   "%K_addr = getelementptr i32 %K, i64 0, i64 %zext_ln133" [dylan-hls/mine.cpp:173]   --->   Operation 170 'getelementptr' 'K_addr' <Predicate = (!icmp_ln133)> <Delay = 0.00>
ST_2 : Operation 171 [2/2] (1.23ns)   --->   "%K_load = load i6 %K_addr" [dylan-hls/mine.cpp:173]   --->   Operation 171 'load' 'K_load' <Predicate = (!icmp_ln133)> <Delay = 1.23> <CoreInst = "ROM">   --->   Core 100 'ROM' <Latency = 1> <II = 1> <Delay = 1.23> <Storage> <Opcode : 'load'> <Ports = 0> <Width = 32> <Depth = 64> <ROM>
ST_2 : Operation 172 [1/1] (0.42ns)   --->   "%store_ln133 = store i7 %add_ln133, i7 %i" [dylan-hls/mine.cpp:133]   --->   Operation 172 'store' 'store_ln133' <Predicate = (!icmp_ln133)> <Delay = 0.42>

State 3 <SV = 2> <Delay = 3.41>
ST_3 : Operation 173 [1/1] (0.00ns)   --->   "%h_2 = load i32 %h_1" [dylan-hls/mine.cpp:173]   --->   Operation 173 'load' 'h_2' <Predicate = true> <Delay = 0.00>
ST_3 : Operation 174 [1/1] (0.00ns)   --->   "%g_2 = load i32 %g" [dylan-hls/mine.cpp:173]   --->   Operation 174 'load' 'g_2' <Predicate = true> <Delay = 0.00>
ST_3 : Operation 175 [1/1] (0.00ns)   --->   "%f_2 = load i32 %f" [dylan-hls/mine.cpp:173]   --->   Operation 175 'load' 'f_2' <Predicate = true> <Delay = 0.00>
ST_3 : Operation 176 [1/1] (0.00ns)   --->   "%d_2 = load i32 %d_1" [dylan-hls/mine.cpp:195]   --->   Operation 176 'load' 'd_2' <Predicate = true> <Delay = 0.00>
ST_3 : Operation 177 [1/1] (0.00ns)   --->   "%c_2 = load i32 %c" [dylan-hls/mine.cpp:195]   --->   Operation 177 'load' 'c_2' <Predicate = true> <Delay = 0.00>
ST_3 : Operation 178 [1/1] (0.00ns)   --->   "%b_2 = load i32 %b" [dylan-hls/mine.cpp:195]   --->   Operation 178 'load' 'b_2' <Predicate = true> <Delay = 0.00>
ST_3 : Operation 179 [1/1] (0.00ns)   --->   "%wt_2 = phi i32 %wt, void %if.then, i32 %wt_3, void %arrayidx34.case.15, i32 %wt_3, void %arrayidx34.case.13, i32 %wt_3, void %arrayidx34.case.12, i32 %wt_3, void %arrayidx34.case.11, i32 %wt_3, void %arrayidx34.case.10, i32 %wt_3, void %arrayidx34.case.9, i32 %wt_3, void %arrayidx34.case.8, i32 %wt_3, void %arrayidx34.case.7, i32 %wt_3, void %arrayidx34.case.6, i32 %wt_3, void %arrayidx34.case.5, i32 %wt_3, void %arrayidx34.case.4, i32 %wt_3, void %arrayidx34.case.3, i32 %wt_3, void %arrayidx34.case.2, i32 %wt_3, void %arrayidx34.case.1, i32 %wt_3, void %arrayidx34.case.0, i32 %wt_3, void %if.else.for.inc70_crit_edge"   --->   Operation 179 'phi' 'wt_2' <Predicate = (!icmp_ln133)> <Delay = 0.00>
ST_3 : Operation 180 [1/1] (0.00ns)   --->   "%h_load_1 = load i32 %h" [dylan-hls/mine.cpp:173]   --->   Operation 180 'load' 'h_load_1' <Predicate = (!icmp_ln133)> <Delay = 0.00>
ST_3 : Operation 181 [1/1] (0.00ns)   --->   "%d_load = load i32 %d" [dylan-hls/mine.cpp:190]   --->   Operation 181 'load' 'd_load' <Predicate = (!icmp_ln133)> <Delay = 0.00>
ST_3 : Operation 182 [1/1] (0.00ns) (grouped into LUT with out node xor_ln173_3)   --->   "%lshr_ln33_3 = partselect i26 @_ssdm_op_PartSelect.i26.i32.i32.i32, i32 %f_2, i32 6, i32 31" [dylan-hls/mine.cpp:33->dylan-hls/mine.cpp:166]   --->   Operation 182 'partselect' 'lshr_ln33_3' <Predicate = (!icmp_ln133)> <Delay = 0.00>
ST_3 : Operation 183 [1/1] (0.00ns) (grouped into LUT with out node xor_ln173_3)   --->   "%trunc_ln33_4 = trunc i32 %f_2" [dylan-hls/mine.cpp:33->dylan-hls/mine.cpp:166]   --->   Operation 183 'trunc' 'trunc_ln33_4' <Predicate = (!icmp_ln133)> <Delay = 0.00>
ST_3 : Operation 184 [1/1] (0.00ns) (grouped into LUT with out node xor_ln173_3)   --->   "%lshr_ln33_4 = partselect i21 @_ssdm_op_PartSelect.i21.i32.i32.i32, i32 %f_2, i32 11, i32 31" [dylan-hls/mine.cpp:33->dylan-hls/mine.cpp:167]   --->   Operation 184 'partselect' 'lshr_ln33_4' <Predicate = (!icmp_ln133)> <Delay = 0.00>
ST_3 : Operation 185 [1/1] (0.00ns) (grouped into LUT with out node xor_ln173_3)   --->   "%trunc_ln33_5 = trunc i32 %f_2" [dylan-hls/mine.cpp:33->dylan-hls/mine.cpp:167]   --->   Operation 185 'trunc' 'trunc_ln33_5' <Predicate = (!icmp_ln133)> <Delay = 0.00>
ST_3 : Operation 186 [1/1] (0.00ns) (grouped into LUT with out node xor_ln173_3)   --->   "%lshr_ln33_5 = partselect i7 @_ssdm_op_PartSelect.i7.i32.i32.i32, i32 %f_2, i32 25, i32 31" [dylan-hls/mine.cpp:33->dylan-hls/mine.cpp:168]   --->   Operation 186 'partselect' 'lshr_ln33_5' <Predicate = (!icmp_ln133)> <Delay = 0.00>
ST_3 : Operation 187 [1/1] (0.00ns) (grouped into LUT with out node xor_ln173_3)   --->   "%trunc_ln33_6 = trunc i32 %f_2" [dylan-hls/mine.cpp:33->dylan-hls/mine.cpp:168]   --->   Operation 187 'trunc' 'trunc_ln33_6' <Predicate = (!icmp_ln133)> <Delay = 0.00>
ST_3 : Operation 188 [1/2] ( I:1.23ns O:1.23ns )   --->   "%K_load = load i6 %K_addr" [dylan-hls/mine.cpp:173]   --->   Operation 188 'load' 'K_load' <Predicate = (!icmp_ln133)> <Delay = 1.23> <CoreInst = "ROM">   --->   Core 100 'ROM' <Latency = 1> <II = 1> <Delay = 1.23> <Storage> <Opcode : 'load'> <Ports = 0> <Width = 32> <Depth = 64> <ROM>
ST_3 : Operation 189 [1/1] (0.00ns) (grouped into LUT with out node xor_ln173_1)   --->   "%xor_ln173 = xor i32 %f_2, i32 4294967295" [dylan-hls/mine.cpp:173]   --->   Operation 189 'xor' 'xor_ln173' <Predicate = (!icmp_ln133)> <Delay = 0.00> <CoreInst = "LogicGate">   --->   Core 74 'LogicGate' <Latency = 0> <II = 1> <Delay = 0.35> <FuncUnit> <Opcode : 'and' 'or' 'xor'> <InPorts = 2> <OutPorts = 1>
ST_3 : Operation 190 [1/1] (0.00ns) (grouped into LUT with out node xor_ln173_1)   --->   "%and_ln173 = and i32 %h_2, i32 %xor_ln173" [dylan-hls/mine.cpp:173]   --->   Operation 190 'and' 'and_ln173' <Predicate = (!icmp_ln133)> <Delay = 0.00> <CoreInst = "LogicGate">   --->   Core 74 'LogicGate' <Latency = 0> <II = 1> <Delay = 0.35> <FuncUnit> <Opcode : 'and' 'or' 'xor'> <InPorts = 2> <OutPorts = 1>
ST_3 : Operation 191 [1/1] (0.00ns) (grouped into LUT with out node xor_ln173_1)   --->   "%and_ln173_1 = and i32 %g_2, i32 %f_2" [dylan-hls/mine.cpp:173]   --->   Operation 191 'and' 'and_ln173_1' <Predicate = (!icmp_ln133)> <Delay = 0.00> <CoreInst = "LogicGate">   --->   Core 74 'LogicGate' <Latency = 0> <II = 1> <Delay = 0.35> <FuncUnit> <Opcode : 'and' 'or' 'xor'> <InPorts = 2> <OutPorts = 1>
ST_3 : Operation 192 [1/1] (0.00ns) (grouped into LUT with out node xor_ln173_3)   --->   "%or_ln3 = bitconcatenate i32 @_ssdm_op_BitConcatenate.i32.i6.i26, i6 %trunc_ln33_4, i26 %lshr_ln33_3" [dylan-hls/mine.cpp:173]   --->   Operation 192 'bitconcatenate' 'or_ln3' <Predicate = (!icmp_ln133)> <Delay = 0.00>
ST_3 : Operation 193 [1/1] (0.00ns) (grouped into LUT with out node xor_ln173_3)   --->   "%or_ln173_3 = bitconcatenate i32 @_ssdm_op_BitConcatenate.i32.i11.i21, i11 %trunc_ln33_5, i21 %lshr_ln33_4" [dylan-hls/mine.cpp:173]   --->   Operation 193 'bitconcatenate' 'or_ln173_3' <Predicate = (!icmp_ln133)> <Delay = 0.00>
ST_3 : Operation 194 [1/1] (0.35ns) (out node of the LUT)   --->   "%xor_ln173_1 = xor i32 %and_ln173, i32 %and_ln173_1" [dylan-hls/mine.cpp:173]   --->   Operation 194 'xor' 'xor_ln173_1' <Predicate = (!icmp_ln133)> <Delay = 0.35> <CoreInst = "LogicGate">   --->   Core 74 'LogicGate' <Latency = 0> <II = 1> <Delay = 0.35> <FuncUnit> <Opcode : 'and' 'or' 'xor'> <InPorts = 2> <OutPorts = 1>
ST_3 : Operation 195 [1/1] (0.00ns) (grouped into LUT with out node xor_ln173_3)   --->   "%or_ln173_4 = bitconcatenate i32 @_ssdm_op_BitConcatenate.i32.i25.i7, i25 %trunc_ln33_6, i7 %lshr_ln33_5" [dylan-hls/mine.cpp:173]   --->   Operation 195 'bitconcatenate' 'or_ln173_4' <Predicate = (!icmp_ln133)> <Delay = 0.00>
ST_3 : Operation 196 [1/1] (0.00ns) (grouped into LUT with out node xor_ln173_3)   --->   "%xor_ln173_2 = xor i32 %or_ln173_3, i32 %or_ln173_4" [dylan-hls/mine.cpp:173]   --->   Operation 196 'xor' 'xor_ln173_2' <Predicate = (!icmp_ln133)> <Delay = 0.00> <CoreInst = "LogicGate">   --->   Core 74 'LogicGate' <Latency = 0> <II = 1> <Delay = 0.35> <FuncUnit> <Opcode : 'and' 'or' 'xor'> <InPorts = 2> <OutPorts = 1>
ST_3 : Operation 197 [1/1] (0.35ns) (out node of the LUT)   --->   "%xor_ln173_3 = xor i32 %xor_ln173_2, i32 %or_ln3" [dylan-hls/mine.cpp:173]   --->   Operation 197 'xor' 'xor_ln173_3' <Predicate = (!icmp_ln133)> <Delay = 0.35> <CoreInst = "LogicGate">   --->   Core 74 'LogicGate' <Latency = 0> <II = 1> <Delay = 0.35> <FuncUnit> <Opcode : 'and' 'or' 'xor'> <InPorts = 2> <OutPorts = 1>
ST_3 : Operation 198 [1/1] (0.00ns) (grouped into TernaryAdder)   --->   "%add_ln173 = add i32 %K_load, i32 %xor_ln173_3" [dylan-hls/mine.cpp:173]   --->   Operation 198 'add' 'add_ln173' <Predicate = (!icmp_ln133)> <Delay = 0.00> <CoreInst = "TAddSub">   --->   Core 10 'TAddSub' <Latency = 0> <II = 1> <Delay = 0.36> <IPBlock> <Opcode : 'add' 'sub'> <InPorts = 3> <OutPorts = 1> <Sync> <CReg>
ST_3 : Operation 199 [1/1] (0.00ns) (grouped into TernaryAdder)   --->   "%add_ln173_1 = add i32 %h_load_1, i32 %xor_ln173_1" [dylan-hls/mine.cpp:173]   --->   Operation 199 'add' 'add_ln173_1' <Predicate = (!icmp_ln133)> <Delay = 0.00> <CoreInst = "TAddSub">   --->   Core 10 'TAddSub' <Latency = 0> <II = 1> <Delay = 0.36> <IPBlock> <Opcode : 'add' 'sub'> <InPorts = 3> <OutPorts = 1> <Sync> <CReg>
ST_3 : Operation 200 [1/1] (0.73ns) (root node of TernaryAdder)   --->   "%add_ln173_2 = add i32 %wt_2, i32 %add_ln173_1" [dylan-hls/mine.cpp:173]   --->   Operation 200 'add' 'add_ln173_2' <Predicate = (!icmp_ln133)> <Delay = 0.73> <CoreInst = "TAddSub">   --->   Core 10 'TAddSub' <Latency = 0> <II = 1> <Delay = 0.36> <IPBlock> <Opcode : 'add' 'sub'> <InPorts = 3> <OutPorts = 1> <Sync> <CReg>
ST_3 : Operation 201 [1/1] (0.73ns) (root node of TernaryAdder)   --->   "%t1 = add i32 %add_ln173_2, i32 %add_ln173" [dylan-hls/mine.cpp:173]   --->   Operation 201 'add' 't1' <Predicate = (!icmp_ln133)> <Delay = 0.73> <CoreInst = "TAddSub">   --->   Core 10 'TAddSub' <Latency = 0> <II = 1> <Delay = 0.36> <IPBlock> <Opcode : 'add' 'sub'> <InPorts = 3> <OutPorts = 1> <Sync> <CReg>
ST_3 : Operation 202 [1/1] (0.00ns) (grouped into LUT with out node xor_ln195_3)   --->   "%lshr_ln33_6 = partselect i30 @_ssdm_op_PartSelect.i30.i32.i32.i32, i32 %b_2, i32 2, i32 31" [dylan-hls/mine.cpp:33->dylan-hls/mine.cpp:176]   --->   Operation 202 'partselect' 'lshr_ln33_6' <Predicate = (!icmp_ln133)> <Delay = 0.00>
ST_3 : Operation 203 [1/1] (0.00ns) (grouped into LUT with out node xor_ln195_3)   --->   "%trunc_ln33_7 = trunc i32 %b_2" [dylan-hls/mine.cpp:33->dylan-hls/mine.cpp:176]   --->   Operation 203 'trunc' 'trunc_ln33_7' <Predicate = (!icmp_ln133)> <Delay = 0.00>
ST_3 : Operation 204 [1/1] (0.00ns) (grouped into LUT with out node xor_ln195_3)   --->   "%lshr_ln33_7 = partselect i19 @_ssdm_op_PartSelect.i19.i32.i32.i32, i32 %b_2, i32 13, i32 31" [dylan-hls/mine.cpp:33->dylan-hls/mine.cpp:177]   --->   Operation 204 'partselect' 'lshr_ln33_7' <Predicate = (!icmp_ln133)> <Delay = 0.00>
ST_3 : Operation 205 [1/1] (0.00ns) (grouped into LUT with out node xor_ln195_3)   --->   "%trunc_ln33_8 = trunc i32 %b_2" [dylan-hls/mine.cpp:33->dylan-hls/mine.cpp:177]   --->   Operation 205 'trunc' 'trunc_ln33_8' <Predicate = (!icmp_ln133)> <Delay = 0.00>
ST_3 : Operation 206 [1/1] (0.00ns) (grouped into LUT with out node xor_ln195_3)   --->   "%lshr_ln33_8 = partselect i10 @_ssdm_op_PartSelect.i10.i32.i32.i32, i32 %b_2, i32 22, i32 31" [dylan-hls/mine.cpp:33->dylan-hls/mine.cpp:178]   --->   Operation 206 'partselect' 'lshr_ln33_8' <Predicate = (!icmp_ln133)> <Delay = 0.00>
ST_3 : Operation 207 [1/1] (0.00ns) (grouped into LUT with out node xor_ln195_3)   --->   "%trunc_ln33_9 = trunc i32 %b_2" [dylan-hls/mine.cpp:33->dylan-hls/mine.cpp:178]   --->   Operation 207 'trunc' 'trunc_ln33_9' <Predicate = (!icmp_ln133)> <Delay = 0.00>
ST_3 : Operation 208 [1/1] (1.01ns)   --->   "%e = add i32 %t1, i32 %d_load" [dylan-hls/mine.cpp:190]   --->   Operation 208 'add' 'e' <Predicate = (!icmp_ln133)> <Delay = 1.01> <CoreInst = "Adder">   --->   Core 1 'Adder' <Latency = 0> <II = 1> <Delay = 1.01> <FuncUnit> <Opcode : 'add' 'sub'> <InPorts = 2> <OutPorts = 1>
ST_3 : Operation 209 [1/1] (0.00ns) (grouped into LUT with out node xor_ln195_1)   --->   "%xor_ln195 = xor i32 %d_2, i32 %c_2" [dylan-hls/mine.cpp:195]   --->   Operation 209 'xor' 'xor_ln195' <Predicate = (!icmp_ln133)> <Delay = 0.00> <CoreInst = "LogicGate">   --->   Core 74 'LogicGate' <Latency = 0> <II = 1> <Delay = 0.35> <FuncUnit> <Opcode : 'and' 'or' 'xor'> <InPorts = 2> <OutPorts = 1>
ST_3 : Operation 210 [1/1] (0.00ns) (grouped into LUT with out node xor_ln195_1)   --->   "%and_ln195 = and i32 %xor_ln195, i32 %b_2" [dylan-hls/mine.cpp:195]   --->   Operation 210 'and' 'and_ln195' <Predicate = (!icmp_ln133)> <Delay = 0.00> <CoreInst = "LogicGate">   --->   Core 74 'LogicGate' <Latency = 0> <II = 1> <Delay = 0.35> <FuncUnit> <Opcode : 'and' 'or' 'xor'> <InPorts = 2> <OutPorts = 1>
ST_3 : Operation 211 [1/1] (0.00ns) (grouped into LUT with out node xor_ln195_1)   --->   "%and_ln195_1 = and i32 %d_2, i32 %c_2" [dylan-hls/mine.cpp:195]   --->   Operation 211 'and' 'and_ln195_1' <Predicate = (!icmp_ln133)> <Delay = 0.00> <CoreInst = "LogicGate">   --->   Core 74 'LogicGate' <Latency = 0> <II = 1> <Delay = 0.35> <FuncUnit> <Opcode : 'and' 'or' 'xor'> <InPorts = 2> <OutPorts = 1>
ST_3 : Operation 212 [1/1] (0.00ns) (grouped into LUT with out node xor_ln195_3)   --->   "%or_ln4 = bitconcatenate i32 @_ssdm_op_BitConcatenate.i32.i2.i30, i2 %trunc_ln33_7, i30 %lshr_ln33_6" [dylan-hls/mine.cpp:195]   --->   Operation 212 'bitconcatenate' 'or_ln4' <Predicate = (!icmp_ln133)> <Delay = 0.00>
ST_3 : Operation 213 [1/1] (0.00ns) (grouped into LUT with out node xor_ln195_3)   --->   "%or_ln195_3 = bitconcatenate i32 @_ssdm_op_BitConcatenate.i32.i13.i19, i13 %trunc_ln33_8, i19 %lshr_ln33_7" [dylan-hls/mine.cpp:195]   --->   Operation 213 'bitconcatenate' 'or_ln195_3' <Predicate = (!icmp_ln133)> <Delay = 0.00>
ST_3 : Operation 214 [1/1] (0.35ns) (out node of the LUT)   --->   "%xor_ln195_1 = xor i32 %and_ln195, i32 %and_ln195_1" [dylan-hls/mine.cpp:195]   --->   Operation 214 'xor' 'xor_ln195_1' <Predicate = (!icmp_ln133)> <Delay = 0.35> <CoreInst = "LogicGate">   --->   Core 74 'LogicGate' <Latency = 0> <II = 1> <Delay = 0.35> <FuncUnit> <Opcode : 'and' 'or' 'xor'> <InPorts = 2> <OutPorts = 1>
ST_3 : Operation 215 [1/1] (0.00ns) (grouped into LUT with out node xor_ln195_3)   --->   "%or_ln195_4 = bitconcatenate i32 @_ssdm_op_BitConcatenate.i32.i22.i10, i22 %trunc_ln33_9, i10 %lshr_ln33_8" [dylan-hls/mine.cpp:195]   --->   Operation 215 'bitconcatenate' 'or_ln195_4' <Predicate = (!icmp_ln133)> <Delay = 0.00>
ST_3 : Operation 216 [1/1] (0.00ns) (grouped into LUT with out node xor_ln195_3)   --->   "%xor_ln195_2 = xor i32 %or_ln195_3, i32 %or_ln195_4" [dylan-hls/mine.cpp:195]   --->   Operation 216 'xor' 'xor_ln195_2' <Predicate = (!icmp_ln133)> <Delay = 0.00> <CoreInst = "LogicGate">   --->   Core 74 'LogicGate' <Latency = 0> <II = 1> <Delay = 0.35> <FuncUnit> <Opcode : 'and' 'or' 'xor'> <InPorts = 2> <OutPorts = 1>
ST_3 : Operation 217 [1/1] (0.35ns) (out node of the LUT)   --->   "%xor_ln195_3 = xor i32 %xor_ln195_2, i32 %or_ln4" [dylan-hls/mine.cpp:195]   --->   Operation 217 'xor' 'xor_ln195_3' <Predicate = (!icmp_ln133)> <Delay = 0.35> <CoreInst = "LogicGate">   --->   Core 74 'LogicGate' <Latency = 0> <II = 1> <Delay = 0.35> <FuncUnit> <Opcode : 'and' 'or' 'xor'> <InPorts = 2> <OutPorts = 1>
ST_3 : Operation 218 [1/1] (0.00ns) (grouped into TernaryAdder)   --->   "%add_ln195 = add i32 %t1, i32 %xor_ln195_3" [dylan-hls/mine.cpp:195]   --->   Operation 218 'add' 'add_ln195' <Predicate = (!icmp_ln133)> <Delay = 0.00> <CoreInst = "TAddSub">   --->   Core 10 'TAddSub' <Latency = 0> <II = 1> <Delay = 0.36> <IPBlock> <Opcode : 'add' 'sub'> <InPorts = 3> <OutPorts = 1> <Sync> <CReg>
ST_3 : Operation 219 [1/1] (0.73ns) (root node of TernaryAdder)   --->   "%a = add i32 %add_ln195, i32 %xor_ln195_1" [dylan-hls/mine.cpp:195]   --->   Operation 219 'add' 'a' <Predicate = (!icmp_ln133)> <Delay = 0.73> <CoreInst = "TAddSub">   --->   Core 10 'TAddSub' <Latency = 0> <II = 1> <Delay = 0.36> <IPBlock> <Opcode : 'add' 'sub'> <InPorts = 3> <OutPorts = 1> <Sync> <CReg>
ST_3 : Operation 220 [1/1] (0.42ns)   --->   "%store_ln124 = store i32 %a, i32 %b" [dylan-hls/mine.cpp:124]   --->   Operation 220 'store' 'store_ln124' <Predicate = (!icmp_ln133)> <Delay = 0.42>
ST_3 : Operation 221 [1/1] (0.42ns)   --->   "%store_ln125 = store i32 %b_2, i32 %c" [dylan-hls/mine.cpp:125]   --->   Operation 221 'store' 'store_ln125' <Predicate = (!icmp_ln133)> <Delay = 0.42>
ST_3 : Operation 222 [1/1] (0.42ns)   --->   "%store_ln126 = store i32 %c_2, i32 %d_1" [dylan-hls/mine.cpp:126]   --->   Operation 222 'store' 'store_ln126' <Predicate = (!icmp_ln133)> <Delay = 0.42>
ST_3 : Operation 223 [1/1] (0.42ns)   --->   "%store_ln128 = store i32 %e, i32 %f" [dylan-hls/mine.cpp:128]   --->   Operation 223 'store' 'store_ln128' <Predicate = (!icmp_ln133)> <Delay = 0.42>
ST_3 : Operation 224 [1/1] (0.42ns)   --->   "%store_ln129 = store i32 %f_2, i32 %g" [dylan-hls/mine.cpp:129]   --->   Operation 224 'store' 'store_ln129' <Predicate = (!icmp_ln133)> <Delay = 0.42>
ST_3 : Operation 225 [1/1] (0.42ns)   --->   "%store_ln130 = store i32 %g_2, i32 %h_1" [dylan-hls/mine.cpp:130]   --->   Operation 225 'store' 'store_ln130' <Predicate = (!icmp_ln133)> <Delay = 0.42>
ST_3 : Operation 226 [1/1] (0.42ns)   --->   "%store_ln126 = store i32 %d_2, i32 %d" [dylan-hls/mine.cpp:126]   --->   Operation 226 'store' 'store_ln126' <Predicate = (!icmp_ln133)> <Delay = 0.42>
ST_3 : Operation 227 [1/1] (0.42ns)   --->   "%store_ln130 = store i32 %h_2, i32 %h" [dylan-hls/mine.cpp:130]   --->   Operation 227 'store' 'store_ln130' <Predicate = (!icmp_ln133)> <Delay = 0.42>
ST_3 : Operation 228 [1/1] (0.00ns)   --->   "%br_ln133 = br void %for.body15" [dylan-hls/mine.cpp:133]   --->   Operation 228 'br' 'br_ln133' <Predicate = (!icmp_ln133)> <Delay = 0.00>
ST_3 : Operation 229 [1/1] (0.00ns)   --->   "%h_load = load i32 %h"   --->   Operation 229 'load' 'h_load' <Predicate = (icmp_ln133)> <Delay = 0.00>
ST_3 : Operation 230 [1/1] (0.00ns)   --->   "%d_load_1 = load i32 %d"   --->   Operation 230 'load' 'd_load_1' <Predicate = (icmp_ln133)> <Delay = 0.00>
ST_3 : Operation 231 [1/1] (0.00ns)   --->   "%write_ln195 = write void @_ssdm_op_Write.ap_auto.i32P0A, i32 %a_4_out, i32 %b_2" [dylan-hls/mine.cpp:195]   --->   Operation 231 'write' 'write_ln195' <Predicate = (icmp_ln133)> <Delay = 0.00>
ST_3 : Operation 232 [1/1] (0.00ns)   --->   "%write_ln195 = write void @_ssdm_op_Write.ap_auto.i32P0A, i32 %b_out, i32 %c_2" [dylan-hls/mine.cpp:195]   --->   Operation 232 'write' 'write_ln195' <Predicate = (icmp_ln133)> <Delay = 0.00>
ST_3 : Operation 233 [1/1] (0.00ns)   --->   "%write_ln195 = write void @_ssdm_op_Write.ap_auto.i32P0A, i32 %c_out, i32 %d_2" [dylan-hls/mine.cpp:195]   --->   Operation 233 'write' 'write_ln195' <Predicate = (icmp_ln133)> <Delay = 0.00>
ST_3 : Operation 234 [1/1] (0.00ns)   --->   "%write_ln0 = write void @_ssdm_op_Write.ap_auto.i32P0A, i32 %d_out, i32 %d_load_1"   --->   Operation 234 'write' 'write_ln0' <Predicate = (icmp_ln133)> <Delay = 0.00>
ST_3 : Operation 235 [1/1] (0.00ns)   --->   "%write_ln173 = write void @_ssdm_op_Write.ap_auto.i32P0A, i32 %e_4_out, i32 %f_2" [dylan-hls/mine.cpp:173]   --->   Operation 235 'write' 'write_ln173' <Predicate = (icmp_ln133)> <Delay = 0.00>
ST_3 : Operation 236 [1/1] (0.00ns)   --->   "%write_ln173 = write void @_ssdm_op_Write.ap_auto.i32P0A, i32 %f_out, i32 %g_2" [dylan-hls/mine.cpp:173]   --->   Operation 236 'write' 'write_ln173' <Predicate = (icmp_ln133)> <Delay = 0.00>
ST_3 : Operation 237 [1/1] (0.00ns)   --->   "%write_ln173 = write void @_ssdm_op_Write.ap_auto.i32P0A, i32 %g_out, i32 %h_2" [dylan-hls/mine.cpp:173]   --->   Operation 237 'write' 'write_ln173' <Predicate = (icmp_ln133)> <Delay = 0.00>
ST_3 : Operation 238 [1/1] (0.00ns)   --->   "%write_ln0 = write void @_ssdm_op_Write.ap_auto.i32P0A, i32 %h_01_out, i32 %h_load"   --->   Operation 238 'write' 'write_ln0' <Predicate = (icmp_ln133)> <Delay = 0.00>
ST_3 : Operation 239 [1/1] (0.42ns)   --->   "%ret_ln0 = ret"   --->   Operation 239 'ret' 'ret_ln0' <Predicate = (icmp_ln133)> <Delay = 0.42>


============================================================
+ Verbose Summary: Binding
============================================================
STG Binding: 
---------------- STG Properties BEGIN ----------------
- Is combinational: 0
- Is one-state seq: 0
- Is datapath-only: 0
- Is pipelined: 0
- Is top level: 0
Port [ Return ] is wired: 1; IO mode=ap_ctrl_hs:ce=0
Port [ w_80_reload]:  wired=1; compound=0; hidden=0; nouse=0; global=0; static=0; extern=0; dir=0; type=0; pingpong=0; private_global=0; IO mode=ap_none:ce=0
Port [ w_79_reload]:  wired=1; compound=0; hidden=0; nouse=0; global=0; static=0; extern=0; dir=0; type=0; pingpong=0; private_global=0; IO mode=ap_none:ce=0
Port [ w_78_reload]:  wired=1; compound=0; hidden=0; nouse=0; global=0; static=0; extern=0; dir=0; type=0; pingpong=0; private_global=0; IO mode=ap_none:ce=0
Port [ w_77_reload]:  wired=1; compound=0; hidden=0; nouse=0; global=0; static=0; extern=0; dir=0; type=0; pingpong=0; private_global=0; IO mode=ap_none:ce=0
Port [ w_76_reload]:  wired=1; compound=0; hidden=0; nouse=0; global=0; static=0; extern=0; dir=0; type=0; pingpong=0; private_global=0; IO mode=ap_none:ce=0
Port [ w_75_reload]:  wired=1; compound=0; hidden=0; nouse=0; global=0; static=0; extern=0; dir=0; type=0; pingpong=0; private_global=0; IO mode=ap_none:ce=0
Port [ w_74_reload]:  wired=1; compound=0; hidden=0; nouse=0; global=0; static=0; extern=0; dir=0; type=0; pingpong=0; private_global=0; IO mode=ap_none:ce=0
Port [ w_73_reload]:  wired=1; compound=0; hidden=0; nouse=0; global=0; static=0; extern=0; dir=0; type=0; pingpong=0; private_global=0; IO mode=ap_none:ce=0
Port [ w_72_reload]:  wired=1; compound=0; hidden=0; nouse=0; global=0; static=0; extern=0; dir=0; type=0; pingpong=0; private_global=0; IO mode=ap_none:ce=0
Port [ w_71_reload]:  wired=1; compound=0; hidden=0; nouse=0; global=0; static=0; extern=0; dir=0; type=0; pingpong=0; private_global=0; IO mode=ap_none:ce=0
Port [ w_70_reload]:  wired=1; compound=0; hidden=0; nouse=0; global=0; static=0; extern=0; dir=0; type=0; pingpong=0; private_global=0; IO mode=ap_none:ce=0
Port [ w_69_reload]:  wired=1; compound=0; hidden=0; nouse=0; global=0; static=0; extern=0; dir=0; type=0; pingpong=0; private_global=0; IO mode=ap_none:ce=0
Port [ w_68_reload]:  wired=1; compound=0; hidden=0; nouse=0; global=0; static=0; extern=0; dir=0; type=0; pingpong=0; private_global=0; IO mode=ap_none:ce=0
Port [ w_67_reload]:  wired=1; compound=0; hidden=0; nouse=0; global=0; static=0; extern=0; dir=0; type=0; pingpong=0; private_global=0; IO mode=ap_none:ce=0
Port [ w_66_reload]:  wired=1; compound=0; hidden=0; nouse=0; global=0; static=0; extern=0; dir=0; type=0; pingpong=0; private_global=0; IO mode=ap_none:ce=0
Port [ w_reload]:  wired=1; compound=0; hidden=0; nouse=0; global=0; static=0; extern=0; dir=0; type=0; pingpong=0; private_global=0; IO mode=ap_none:ce=0
Port [ state_read]:  wired=1; compound=0; hidden=0; nouse=0; global=0; static=0; extern=0; dir=0; type=0; pingpong=0; private_global=0; IO mode=ap_none:ce=0
Port [ state_read_8]:  wired=1; compound=0; hidden=0; nouse=0; global=0; static=0; extern=0; dir=0; type=0; pingpong=0; private_global=0; IO mode=ap_none:ce=0
Port [ state_read_9]:  wired=1; compound=0; hidden=0; nouse=0; global=0; static=0; extern=0; dir=0; type=0; pingpong=0; private_global=0; IO mode=ap_none:ce=0
Port [ state_read_10]:  wired=1; compound=0; hidden=0; nouse=0; global=0; static=0; extern=0; dir=0; type=0; pingpong=0; private_global=0; IO mode=ap_none:ce=0
Port [ state_read_11]:  wired=1; compound=0; hidden=0; nouse=0; global=0; static=0; extern=0; dir=0; type=0; pingpong=0; private_global=0; IO mode=ap_none:ce=0
Port [ state_read_12]:  wired=1; compound=0; hidden=0; nouse=0; global=0; static=0; extern=0; dir=0; type=0; pingpong=0; private_global=0; IO mode=ap_none:ce=0
Port [ state_read_13]:  wired=1; compound=0; hidden=0; nouse=0; global=0; static=0; extern=0; dir=0; type=0; pingpong=0; private_global=0; IO mode=ap_none:ce=0
Port [ state_read_14]:  wired=1; compound=0; hidden=0; nouse=0; global=0; static=0; extern=0; dir=0; type=0; pingpong=0; private_global=0; IO mode=ap_none:ce=0
Port [ a_4_out]:  wired=1; compound=0; hidden=0; nouse=0; global=0; static=0; extern=0; dir=1; type=0; pingpong=0; private_global=0; IO mode=ap_vld:ce=0
Port [ b_out]:  wired=1; compound=0; hidden=0; nouse=0; global=0; static=0; extern=0; dir=1; type=0; pingpong=0; private_global=0; IO mode=ap_vld:ce=0
Port [ c_out]:  wired=1; compound=0; hidden=0; nouse=0; global=0; static=0; extern=0; dir=1; type=0; pingpong=0; private_global=0; IO mode=ap_vld:ce=0
Port [ d_out]:  wired=1; compound=0; hidden=0; nouse=0; global=0; static=0; extern=0; dir=1; type=0; pingpong=0; private_global=0; IO mode=ap_vld:ce=0
Port [ e_4_out]:  wired=1; compound=0; hidden=0; nouse=0; global=0; static=0; extern=0; dir=1; type=0; pingpong=0; private_global=0; IO mode=ap_vld:ce=0
Port [ f_out]:  wired=1; compound=0; hidden=0; nouse=0; global=0; static=0; extern=0; dir=1; type=0; pingpong=0; private_global=0; IO mode=ap_vld:ce=0
Port [ g_out]:  wired=1; compound=0; hidden=0; nouse=0; global=0; static=0; extern=0; dir=1; type=0; pingpong=0; private_global=0; IO mode=ap_vld:ce=0
Port [ h_01_out]:  wired=1; compound=0; hidden=0; nouse=0; global=0; static=0; extern=0; dir=1; type=0; pingpong=0; private_global=0; IO mode=ap_vld:ce=0
Port [ K]:  wired=0; compound=1; hidden=1; nouse=0; global=1; static=1; extern=0; dir=0; type=1; pingpong=0; private_global=0; MemPort=[1]; IO mode=ap_memory:ce=0
---------------- STG Properties END ------------------

---------------- Datapath Model BEGIN ----------------

<LifeTime>
<method=bitvector/>
h                       (alloca           ) [ 0111]
d                       (alloca           ) [ 0111]
i                       (alloca           ) [ 0110]
w                       (alloca           ) [ 0110]
w_1                     (alloca           ) [ 0110]
w_2                     (alloca           ) [ 0110]
w_3                     (alloca           ) [ 0110]
w_4                     (alloca           ) [ 0110]
w_5                     (alloca           ) [ 0110]
w_6                     (alloca           ) [ 0110]
w_7                     (alloca           ) [ 0110]
w_8                     (alloca           ) [ 0110]
w_9                     (alloca           ) [ 0110]
w_10                    (alloca           ) [ 0110]
w_11                    (alloca           ) [ 0110]
w_12                    (alloca           ) [ 0110]
w_13                    (alloca           ) [ 0110]
w_14                    (alloca           ) [ 0110]
w_15                    (alloca           ) [ 0110]
h_1                     (alloca           ) [ 0111]
g                       (alloca           ) [ 0111]
f                       (alloca           ) [ 0111]
d_1                     (alloca           ) [ 0111]
c                       (alloca           ) [ 0111]
b                       (alloca           ) [ 0111]
state_read_1            (read             ) [ 0000]
state_read_2            (read             ) [ 0000]
state_read_3            (read             ) [ 0000]
state_read_4            (read             ) [ 0000]
state_read_5            (read             ) [ 0000]
state_read_6            (read             ) [ 0000]
state_read_7            (read             ) [ 0000]
state_read36            (read             ) [ 0000]
w_reload_read           (read             ) [ 0000]
w_66_reload_read        (read             ) [ 0000]
w_67_reload_read        (read             ) [ 0000]
w_68_reload_read        (read             ) [ 0000]
w_69_reload_read        (read             ) [ 0000]
w_70_reload_read        (read             ) [ 0000]
w_71_reload_read        (read             ) [ 0000]
w_72_reload_read        (read             ) [ 0000]
w_73_reload_read        (read             ) [ 0000]
w_74_reload_read        (read             ) [ 0000]
w_75_reload_read        (read             ) [ 0000]
w_76_reload_read        (read             ) [ 0000]
w_77_reload_read        (read             ) [ 0000]
w_78_reload_read        (read             ) [ 0000]
w_79_reload_read        (read             ) [ 0000]
w_80_reload_read        (read             ) [ 0000]
store_ln124             (store            ) [ 0000]
store_ln125             (store            ) [ 0000]
store_ln126             (store            ) [ 0000]
store_ln128             (store            ) [ 0000]
store_ln129             (store            ) [ 0000]
store_ln130             (store            ) [ 0000]
store_ln114             (store            ) [ 0000]
store_ln114             (store            ) [ 0000]
store_ln114             (store            ) [ 0000]
store_ln114             (store            ) [ 0000]
store_ln114             (store            ) [ 0000]
store_ln114             (store            ) [ 0000]
store_ln114             (store            ) [ 0000]
store_ln114             (store            ) [ 0000]
store_ln114             (store            ) [ 0000]
store_ln114             (store            ) [ 0000]
store_ln114             (store            ) [ 0000]
store_ln114             (store            ) [ 0000]
store_ln114             (store            ) [ 0000]
store_ln114             (store            ) [ 0000]
store_ln114             (store            ) [ 0000]
store_ln114             (store            ) [ 0000]
store_ln133             (store            ) [ 0000]
store_ln126             (store            ) [ 0000]
store_ln130             (store            ) [ 0000]
br_ln0                  (br               ) [ 0000]
i_1                     (load             ) [ 0000]
icmp_ln133              (icmp             ) [ 0111]
add_ln133               (add              ) [ 0000]
br_ln133                (br               ) [ 0000]
zext_ln133              (zext             ) [ 0000]
trunc_ln133             (trunc            ) [ 0111]
specpipeline_ln134      (specpipeline     ) [ 0000]
speclooptripcount_ln114 (speclooptripcount) [ 0000]
specloopname_ln133      (specloopname     ) [ 0000]
tmp_1                   (partselect       ) [ 0000]
icmp_ln138              (icmp             ) [ 0111]
w_load                  (load             ) [ 0000]
w_1_load                (load             ) [ 0000]
w_2_load                (load             ) [ 0000]
w_3_load                (load             ) [ 0000]
w_4_load                (load             ) [ 0000]
w_5_load                (load             ) [ 0000]
w_6_load                (load             ) [ 0000]
w_7_load                (load             ) [ 0000]
w_8_load                (load             ) [ 0000]
w_9_load                (load             ) [ 0000]
w_10_load               (load             ) [ 0000]
w_11_load               (load             ) [ 0000]
w_12_load               (load             ) [ 0000]
w_13_load               (load             ) [ 0000]
w_14_load               (load             ) [ 0000]
w_15_load               (load             ) [ 0000]
br_ln138                (br               ) [ 0000]
x15                     (sparsemux        ) [ 0000]
x2                      (sparsemux        ) [ 0000]
lshr_ln                 (partselect       ) [ 0000]
trunc_ln33              (trunc            ) [ 0000]
lshr_ln33_s             (partselect       ) [ 0000]
trunc_ln33_1            (trunc            ) [ 0000]
lshr_ln3                (partselect       ) [ 0000]
zext_ln149              (zext             ) [ 0000]
lshr_ln33_1             (partselect       ) [ 0000]
trunc_ln33_2            (trunc            ) [ 0000]
lshr_ln33_2             (partselect       ) [ 0000]
trunc_ln33_3            (trunc            ) [ 0000]
lshr_ln4                (partselect       ) [ 0000]
zext_ln154              (zext             ) [ 0000]
tmp                     (sparsemux        ) [ 0000]
tmp_s                   (sparsemux        ) [ 0000]
or_ln                   (bitconcatenate   ) [ 0000]
or_ln159_4              (bitconcatenate   ) [ 0000]
or_ln159_5              (bitconcatenate   ) [ 0000]
xor_ln159               (xor              ) [ 0000]
xor_ln159_1             (xor              ) [ 0000]
or_ln159_6              (bitconcatenate   ) [ 0000]
xor_ln159_2             (xor              ) [ 0000]
xor_ln159_3             (xor              ) [ 0000]
add_ln159_1             (add              ) [ 0000]
add_ln159               (add              ) [ 0000]
wt_3                    (add              ) [ 0111]
switch_ln162            (switch           ) [ 0000]
store_ln114             (store            ) [ 0000]
br_ln162                (br               ) [ 0111]
store_ln114             (store            ) [ 0000]
br_ln162                (br               ) [ 0111]
store_ln114             (store            ) [ 0000]
br_ln162                (br               ) [ 0111]
store_ln114             (store            ) [ 0000]
br_ln162                (br               ) [ 0111]
store_ln114             (store            ) [ 0000]
br_ln162                (br               ) [ 0111]
store_ln114             (store            ) [ 0000]
br_ln162                (br               ) [ 0111]
store_ln114             (store            ) [ 0000]
br_ln162                (br               ) [ 0111]
store_ln114             (store            ) [ 0000]
br_ln162                (br               ) [ 0111]
store_ln114             (store            ) [ 0000]
br_ln162                (br               ) [ 0111]
store_ln114             (store            ) [ 0000]
br_ln162                (br               ) [ 0111]
store_ln114             (store            ) [ 0000]
br_ln162                (br               ) [ 0111]
store_ln114             (store            ) [ 0000]
br_ln162                (br               ) [ 0111]
store_ln114             (store            ) [ 0000]
br_ln162                (br               ) [ 0111]
store_ln114             (store            ) [ 0000]
br_ln162                (br               ) [ 0111]
store_ln114             (store            ) [ 0000]
br_ln162                (br               ) [ 0111]
store_ln114             (store            ) [ 0000]
br_ln162                (br               ) [ 0111]
wt                      (sparsemux        ) [ 0111]
br_ln140                (br               ) [ 0111]
K_addr                  (getelementptr    ) [ 0101]
store_ln133             (store            ) [ 0000]
h_2                     (load             ) [ 0000]
g_2                     (load             ) [ 0000]
f_2                     (load             ) [ 0000]
d_2                     (load             ) [ 0000]
c_2                     (load             ) [ 0000]
b_2                     (load             ) [ 0000]
wt_2                    (phi              ) [ 0101]
h_load_1                (load             ) [ 0000]
d_load                  (load             ) [ 0000]
lshr_ln33_3             (partselect       ) [ 0000]
trunc_ln33_4            (trunc            ) [ 0000]
lshr_ln33_4             (partselect       ) [ 0000]
trunc_ln33_5            (trunc            ) [ 0000]
lshr_ln33_5             (partselect       ) [ 0000]
trunc_ln33_6            (trunc            ) [ 0000]
K_load                  (load             ) [ 0000]
xor_ln173               (xor              ) [ 0000]
and_ln173               (and              ) [ 0000]
and_ln173_1             (and              ) [ 0000]
or_ln3                  (bitconcatenate   ) [ 0000]
or_ln173_3              (bitconcatenate   ) [ 0000]
xor_ln173_1             (xor              ) [ 0000]
or_ln173_4              (bitconcatenate   ) [ 0000]
xor_ln173_2             (xor              ) [ 0000]
xor_ln173_3             (xor              ) [ 0000]
add_ln173               (add              ) [ 0000]
add_ln173_1             (add              ) [ 0000]
add_ln173_2             (add              ) [ 0000]
t1                      (add              ) [ 0000]
lshr_ln33_6             (partselect       ) [ 0000]
trunc_ln33_7            (trunc            ) [ 0000]
lshr_ln33_7             (partselect       ) [ 0000]
trunc_ln33_8            (trunc            ) [ 0000]
lshr_ln33_8             (partselect       ) [ 0000]
trunc_ln33_9            (trunc            ) [ 0000]
e                       (add              ) [ 0000]
xor_ln195               (xor              ) [ 0000]
and_ln195               (and              ) [ 0000]
and_ln195_1             (and              ) [ 0000]
or_ln4                  (bitconcatenate   ) [ 0000]
or_ln195_3              (bitconcatenate   ) [ 0000]
xor_ln195_1             (xor              ) [ 0000]
or_ln195_4              (bitconcatenate   ) [ 0000]
xor_ln195_2             (xor              ) [ 0000]
xor_ln195_3             (xor              ) [ 0000]
add_ln195               (add              ) [ 0000]
a                       (add              ) [ 0000]
store_ln124             (store            ) [ 0000]
store_ln125             (store            ) [ 0000]
store_ln126             (store            ) [ 0000]
store_ln128             (store            ) [ 0000]
store_ln129             (store            ) [ 0000]
store_ln130             (store            ) [ 0000]
store_ln126             (store            ) [ 0000]
store_ln130             (store            ) [ 0000]
br_ln133                (br               ) [ 0000]
h_load                  (load             ) [ 0000]
d_load_1                (load             ) [ 0000]
write_ln195             (write            ) [ 0000]
write_ln195             (write            ) [ 0000]
write_ln195             (write            ) [ 0000]
write_ln0               (write            ) [ 0000]
write_ln173             (write            ) [ 0000]
write_ln173             (write            ) [ 0000]
write_ln173             (write            ) [ 0000]
write_ln0               (write            ) [ 0000]
ret_ln0                 (ret              ) [ 0000]
</LifeTime>

<model>

<comp_list>
<comp id="0" class="1000" name="w_80_reload">
<pin_list>
<pin id="1" dir="1" index="0" bw="1" slack="0"/>
</pin_list>
<bind>
<StgValue><ssdm name="w_80_reload"/></StgValue>
</bind>
</comp>

<comp id="2" class="1000" name="w_79_reload">
<pin_list>
<pin id="3" dir="1" index="0" bw="1" slack="0"/>
</pin_list>
<bind>
<StgValue><ssdm name="w_79_reload"/></StgValue>
</bind>
</comp>

<comp id="4" class="1000" name="w_78_reload">
<pin_list>
<pin id="5" dir="1" index="0" bw="1" slack="0"/>
</pin_list>
<bind>
<StgValue><ssdm name="w_78_reload"/></StgValue>
</bind>
</comp>

<comp id="6" class="1000" name="w_77_reload">
<pin_list>
<pin id="7" dir="1" index="0" bw="1" slack="0"/>
</pin_list>
<bind>
<StgValue><ssdm name="w_77_reload"/></StgValue>
</bind>
</comp>

<comp id="8" class="1000" name="w_76_reload">
<pin_list>
<pin id="9" dir="1" index="0" bw="1" slack="0"/>
</pin_list>
<bind>
<StgValue><ssdm name="w_76_reload"/></StgValue>
</bind>
</comp>

<comp id="10" class="1000" name="w_75_reload">
<pin_list>
<pin id="11" dir="1" index="0" bw="1" slack="0"/>
</pin_list>
<bind>
<StgValue><ssdm name="w_75_reload"/></StgValue>
</bind>
</comp>

<comp id="12" class="1000" name="w_74_reload">
<pin_list>
<pin id="13" dir="1" index="0" bw="1" slack="0"/>
</pin_list>
<bind>
<StgValue><ssdm name="w_74_reload"/></StgValue>
</bind>
</comp>

<comp id="14" class="1000" name="w_73_reload">
<pin_list>
<pin id="15" dir="1" index="0" bw="1" slack="0"/>
</pin_list>
<bind>
<StgValue><ssdm name="w_73_reload"/></StgValue>
</bind>
</comp>

<comp id="16" class="1000" name="w_72_reload">
<pin_list>
<pin id="17" dir="1" index="0" bw="1" slack="0"/>
</pin_list>
<bind>
<StgValue><ssdm name="w_72_reload"/></StgValue>
</bind>
</comp>

<comp id="18" class="1000" name="w_71_reload">
<pin_list>
<pin id="19" dir="1" index="0" bw="1" slack="0"/>
</pin_list>
<bind>
<StgValue><ssdm name="w_71_reload"/></StgValue>
</bind>
</comp>

<comp id="20" class="1000" name="w_70_reload">
<pin_list>
<pin id="21" dir="1" index="0" bw="1" slack="0"/>
</pin_list>
<bind>
<StgValue><ssdm name="w_70_reload"/></StgValue>
</bind>
</comp>

<comp id="22" class="1000" name="w_69_reload">
<pin_list>
<pin id="23" dir="1" index="0" bw="1" slack="0"/>
</pin_list>
<bind>
<StgValue><ssdm name="w_69_reload"/></StgValue>
</bind>
</comp>

<comp id="24" class="1000" name="w_68_reload">
<pin_list>
<pin id="25" dir="1" index="0" bw="1" slack="0"/>
</pin_list>
<bind>
<StgValue><ssdm name="w_68_reload"/></StgValue>
</bind>
</comp>

<comp id="26" class="1000" name="w_67_reload">
<pin_list>
<pin id="27" dir="1" index="0" bw="1" slack="0"/>
</pin_list>
<bind>
<StgValue><ssdm name="w_67_reload"/></StgValue>
</bind>
</comp>

<comp id="28" class="1000" name="w_66_reload">
<pin_list>
<pin id="29" dir="1" index="0" bw="1" slack="0"/>
</pin_list>
<bind>
<StgValue><ssdm name="w_66_reload"/></StgValue>
</bind>
</comp>

<comp id="30" class="1000" name="w_reload">
<pin_list>
<pin id="31" dir="1" index="0" bw="1" slack="0"/>
</pin_list>
<bind>
<StgValue><ssdm name="w_reload"/></StgValue>
</bind>
</comp>

<comp id="32" class="1000" name="state_read">
<pin_list>
<pin id="33" dir="1" index="0" bw="1" slack="0"/>
</pin_list>
<bind>
<StgValue><ssdm name="state_read"/></StgValue>
</bind>
</comp>

<comp id="34" class="1000" name="state_read_8">
<pin_list>
<pin id="35" dir="1" index="0" bw="1" slack="0"/>
</pin_list>
<bind>
<StgValue><ssdm name="state_read_8"/></StgValue>
</bind>
</comp>

<comp id="36" class="1000" name="state_read_9">
<pin_list>
<pin id="37" dir="1" index="0" bw="1" slack="0"/>
</pin_list>
<bind>
<StgValue><ssdm name="state_read_9"/></StgValue>
</bind>
</comp>

<comp id="38" class="1000" name="state_read_10">
<pin_list>
<pin id="39" dir="1" index="0" bw="1" slack="0"/>
</pin_list>
<bind>
<StgValue><ssdm name="state_read_10"/></StgValue>
</bind>
</comp>

<comp id="40" class="1000" name="state_read_11">
<pin_list>
<pin id="41" dir="1" index="0" bw="1" slack="0"/>
</pin_list>
<bind>
<StgValue><ssdm name="state_read_11"/></StgValue>
</bind>
</comp>

<comp id="42" class="1000" name="state_read_12">
<pin_list>
<pin id="43" dir="1" index="0" bw="1" slack="0"/>
</pin_list>
<bind>
<StgValue><ssdm name="state_read_12"/></StgValue>
</bind>
</comp>

<comp id="44" class="1000" name="state_read_13">
<pin_list>
<pin id="45" dir="1" index="0" bw="1" slack="0"/>
</pin_list>
<bind>
<StgValue><ssdm name="state_read_13"/></StgValue>
</bind>
</comp>

<comp id="46" class="1000" name="state_read_14">
<pin_list>
<pin id="47" dir="1" index="0" bw="1" slack="0"/>
</pin_list>
<bind>
<StgValue><ssdm name="state_read_14"/></StgValue>
</bind>
</comp>

<comp id="48" class="1000" name="a_4_out">
<pin_list>
<pin id="49" dir="1" index="0" bw="1" slack="0"/>
</pin_list>
<bind>
<StgValue><ssdm name="a_4_out"/></StgValue>
</bind>
</comp>

<comp id="50" class="1000" name="b_out">
<pin_list>
<pin id="51" dir="1" index="0" bw="1" slack="0"/>
</pin_list>
<bind>
<StgValue><ssdm name="b_out"/></StgValue>
</bind>
</comp>

<comp id="52" class="1000" name="c_out">
<pin_list>
<pin id="53" dir="1" index="0" bw="1" slack="0"/>
</pin_list>
<bind>
<StgValue><ssdm name="c_out"/></StgValue>
</bind>
</comp>

<comp id="54" class="1000" name="d_out">
<pin_list>
<pin id="55" dir="1" index="0" bw="1" slack="0"/>
</pin_list>
<bind>
<StgValue><ssdm name="d_out"/></StgValue>
</bind>
</comp>

<comp id="56" class="1000" name="e_4_out">
<pin_list>
<pin id="57" dir="1" index="0" bw="1" slack="0"/>
</pin_list>
<bind>
<StgValue><ssdm name="e_4_out"/></StgValue>
</bind>
</comp>

<comp id="58" class="1000" name="f_out">
<pin_list>
<pin id="59" dir="1" index="0" bw="1" slack="0"/>
</pin_list>
<bind>
<StgValue><ssdm name="f_out"/></StgValue>
</bind>
</comp>

<comp id="60" class="1000" name="g_out">
<pin_list>
<pin id="61" dir="1" index="0" bw="1" slack="0"/>
</pin_list>
<bind>
<StgValue><ssdm name="g_out"/></StgValue>
</bind>
</comp>

<comp id="62" class="1000" name="h_01_out">
<pin_list>
<pin id="63" dir="1" index="0" bw="1" slack="0"/>
</pin_list>
<bind>
<StgValue><ssdm name="h_01_out"/></StgValue>
</bind>
</comp>

<comp id="64" class="1000" name="K">
<pin_list>
<pin id="65" dir="1" index="0" bw="1" slack="0"/>
</pin_list>
<bind>
<StgValue><ssdm name="K"/><MemPortTyVec>1 </MemPortTyVec>
</StgValue>
</bind>
</comp>

<comp id="66" class="1001" name="const_66">
<pin_list>
<pin id="67" dir="1" index="0" bw="1" slack="0"/>
</pin_list>
<bind>
<StgValue><ssdm name=""/></StgValue>
</bind>
</comp>

<comp id="68" class="1001" name="const_68">
<pin_list>
<pin id="69" dir="1" index="0" bw="1" slack="0"/>
</pin_list>
<bind>
<StgValue><ssdm name="_ssdm_op_Read.ap_auto.i32"/></StgValue>
</bind>
</comp>

<comp id="70" class="1001" name="const_70">
<pin_list>
<pin id="71" dir="1" index="0" bw="1" slack="0"/>
</pin_list>
<bind>
<StgValue><ssdm name=""/></StgValue>
</bind>
</comp>

<comp id="72" class="1001" name="const_72">
<pin_list>
<pin id="73" dir="1" index="0" bw="1" slack="0"/>
</pin_list>
<bind>
<StgValue><ssdm name=""/></StgValue>
</bind>
</comp>

<comp id="74" class="1001" name="const_74">
<pin_list>
<pin id="75" dir="1" index="0" bw="1" slack="0"/>
</pin_list>
<bind>
<StgValue><ssdm name=""/></StgValue>
</bind>
</comp>

<comp id="76" class="1001" name="const_76">
<pin_list>
<pin id="77" dir="1" index="0" bw="1" slack="2147483647"/>
</pin_list>
<bind>
<StgValue><ssdm name="_ssdm_op_SpecPipeline"/></StgValue>
</bind>
</comp>

<comp id="78" class="1001" name="const_78">
<pin_list>
<pin id="79" dir="1" index="0" bw="1" slack="2147483647"/>
</pin_list>
<bind>
<StgValue><ssdm name=""/></StgValue>
</bind>
</comp>

<comp id="80" class="1001" name="const_80">
<pin_list>
<pin id="81" dir="1" index="0" bw="1" slack="0"/>
</pin_list>
<bind>
<StgValue><ssdm name=""/></StgValue>
</bind>
</comp>

<comp id="82" class="1001" name="const_82">
<pin_list>
<pin id="83" dir="1" index="0" bw="1" slack="2147483647"/>
</pin_list>
<bind>
<StgValue><ssdm name="empty"/></StgValue>
</bind>
</comp>

<comp id="84" class="1001" name="const_84">
<pin_list>
<pin id="85" dir="1" index="0" bw="1" slack="2147483647"/>
</pin_list>
<bind>
<StgValue><ssdm name="_ssdm_op_SpecLoopTripCount"/></StgValue>
</bind>
</comp>

<comp id="86" class="1001" name="const_86">
<pin_list>
<pin id="87" dir="1" index="0" bw="1" slack="2147483647"/>
</pin_list>
<bind>
<StgValue><ssdm name=""/></StgValue>
</bind>
</comp>

<comp id="88" class="1001" name="const_88">
<pin_list>
<pin id="89" dir="1" index="0" bw="1" slack="2147483647"/>
</pin_list>
<bind>
<StgValue><ssdm name="_ssdm_op_SpecLoopName"/></StgValue>
</bind>
</comp>

<comp id="90" class="1001" name="const_90">
<pin_list>
<pin id="91" dir="1" index="0" bw="1" slack="2147483647"/>
</pin_list>
<bind>
<StgValue><ssdm name="empty_23"/></StgValue>
</bind>
</comp>

<comp id="92" class="1001" name="const_92">
<pin_list>
<pin id="93" dir="1" index="0" bw="1" slack="0"/>
</pin_list>
<bind>
<StgValue><ssdm name="_ssdm_op_PartSelect.i3.i7.i32.i32"/></StgValue>
</bind>
</comp>

<comp id="94" class="1001" name="const_94">
<pin_list>
<pin id="95" dir="1" index="0" bw="1" slack="0"/>
</pin_list>
<bind>
<StgValue><ssdm name=""/></StgValue>
</bind>
</comp>

<comp id="96" class="1001" name="const_96">
<pin_list>
<pin id="97" dir="1" index="0" bw="1" slack="0"/>
</pin_list>
<bind>
<StgValue><ssdm name=""/></StgValue>
</bind>
</comp>

<comp id="98" class="1001" name="const_98">
<pin_list>
<pin id="99" dir="1" index="0" bw="1" slack="0"/>
</pin_list>
<bind>
<StgValue><ssdm name=""/></StgValue>
</bind>
</comp>

<comp id="100" class="1001" name="const_100">
<pin_list>
<pin id="101" dir="1" index="0" bw="1" slack="0"/>
</pin_list>
<bind>
<StgValue><ssdm name="_ssdm_op_SparseMux.ap_auto.16i32.i32.i4"/></StgValue>
</bind>
</comp>

<comp id="102" class="1001" name="const_102">
<pin_list>
<pin id="103" dir="1" index="0" bw="1" slack="0"/>
</pin_list>
<bind>
<StgValue><ssdm name=""/></StgValue>
</bind>
</comp>

<comp id="104" class="1001" name="const_104">
<pin_list>
<pin id="105" dir="1" index="0" bw="1" slack="0"/>
</pin_list>
<bind>
<StgValue><ssdm name=""/></StgValue>
</bind>
</comp>

<comp id="106" class="1001" name="const_106">
<pin_list>
<pin id="107" dir="1" index="0" bw="1" slack="0"/>
</pin_list>
<bind>
<StgValue><ssdm name=""/></StgValue>
</bind>
</comp>

<comp id="108" class="1001" name="const_108">
<pin_list>
<pin id="109" dir="1" index="0" bw="1" slack="0"/>
</pin_list>
<bind>
<StgValue><ssdm name=""/></StgValue>
</bind>
</comp>

<comp id="110" class="1001" name="const_110">
<pin_list>
<pin id="111" dir="1" index="0" bw="1" slack="0"/>
</pin_list>
<bind>
<StgValue><ssdm name=""/></StgValue>
</bind>
</comp>

<comp id="112" class="1001" name="const_112">
<pin_list>
<pin id="113" dir="1" index="0" bw="1" slack="0"/>
</pin_list>
<bind>
<StgValue><ssdm name=""/></StgValue>
</bind>
</comp>

<comp id="114" class="1001" name="const_114">
<pin_list>
<pin id="115" dir="1" index="0" bw="1" slack="0"/>
</pin_list>
<bind>
<StgValue><ssdm name=""/></StgValue>
</bind>
</comp>

<comp id="116" class="1001" name="const_116">
<pin_list>
<pin id="117" dir="1" index="0" bw="1" slack="0"/>
</pin_list>
<bind>
<StgValue><ssdm name=""/></StgValue>
</bind>
</comp>

<comp id="118" class="1001" name="const_118">
<pin_list>
<pin id="119" dir="1" index="0" bw="1" slack="0"/>
</pin_list>
<bind>
<StgValue><ssdm name=""/></StgValue>
</bind>
</comp>

<comp id="120" class="1001" name="const_120">
<pin_list>
<pin id="121" dir="1" index="0" bw="1" slack="0"/>
</pin_list>
<bind>
<StgValue><ssdm name=""/></StgValue>
</bind>
</comp>

<comp id="122" class="1001" name="const_122">
<pin_list>
<pin id="123" dir="1" index="0" bw="1" slack="0"/>
</pin_list>
<bind>
<StgValue><ssdm name=""/></StgValue>
</bind>
</comp>

<comp id="124" class="1001" name="const_124">
<pin_list>
<pin id="125" dir="1" index="0" bw="1" slack="0"/>
</pin_list>
<bind>
<StgValue><ssdm name=""/></StgValue>
</bind>
</comp>

<comp id="126" class="1001" name="const_126">
<pin_list>
<pin id="127" dir="1" index="0" bw="1" slack="0"/>
</pin_list>
<bind>
<StgValue><ssdm name=""/></StgValue>
</bind>
</comp>

<comp id="128" class="1001" name="const_128">
<pin_list>
<pin id="129" dir="1" index="0" bw="1" slack="0"/>
</pin_list>
<bind>
<StgValue><ssdm name=""/></StgValue>
</bind>
</comp>

<comp id="130" class="1001" name="const_130">
<pin_list>
<pin id="131" dir="1" index="0" bw="1" slack="0"/>
</pin_list>
<bind>
<StgValue><ssdm name=""/></StgValue>
</bind>
</comp>

<comp id="132" class="1001" name="const_132">
<pin_list>
<pin id="133" dir="1" index="0" bw="1" slack="0"/>
</pin_list>
<bind>
<StgValue><ssdm name=""/></StgValue>
</bind>
</comp>

<comp id="134" class="1001" name="const_134">
<pin_list>
<pin id="135" dir="1" index="0" bw="1" slack="0"/>
</pin_list>
<bind>
<StgValue><ssdm name=""/></StgValue>
</bind>
</comp>

<comp id="136" class="1001" name="const_136">
<pin_list>
<pin id="137" dir="1" index="0" bw="1" slack="0"/>
</pin_list>
<bind>
<StgValue><ssdm name="_ssdm_op_PartSelect.i25.i32.i32.i32"/></StgValue>
</bind>
</comp>

<comp id="138" class="1001" name="const_138">
<pin_list>
<pin id="139" dir="1" index="0" bw="1" slack="0"/>
</pin_list>
<bind>
<StgValue><ssdm name=""/></StgValue>
</bind>
</comp>

<comp id="140" class="1001" name="const_140">
<pin_list>
<pin id="141" dir="1" index="0" bw="1" slack="0"/>
</pin_list>
<bind>
<StgValue><ssdm name=""/></StgValue>
</bind>
</comp>

<comp id="142" class="1001" name="const_142">
<pin_list>
<pin id="143" dir="1" index="0" bw="1" slack="0"/>
</pin_list>
<bind>
<StgValue><ssdm name="_ssdm_op_PartSelect.i14.i32.i32.i32"/></StgValue>
</bind>
</comp>

<comp id="144" class="1001" name="const_144">
<pin_list>
<pin id="145" dir="1" index="0" bw="1" slack="0"/>
</pin_list>
<bind>
<StgValue><ssdm name=""/></StgValue>
</bind>
</comp>

<comp id="146" class="1001" name="const_146">
<pin_list>
<pin id="147" dir="1" index="0" bw="1" slack="0"/>
</pin_list>
<bind>
<StgValue><ssdm name="_ssdm_op_PartSelect.i29.i32.i32.i32"/></StgValue>
</bind>
</comp>

<comp id="148" class="1001" name="const_148">
<pin_list>
<pin id="149" dir="1" index="0" bw="1" slack="0"/>
</pin_list>
<bind>
<StgValue><ssdm name=""/></StgValue>
</bind>
</comp>

<comp id="150" class="1001" name="const_150">
<pin_list>
<pin id="151" dir="1" index="0" bw="1" slack="0"/>
</pin_list>
<bind>
<StgValue><ssdm name="_ssdm_op_PartSelect.i15.i32.i32.i32"/></StgValue>
</bind>
</comp>

<comp id="152" class="1001" name="const_152">
<pin_list>
<pin id="153" dir="1" index="0" bw="1" slack="0"/>
</pin_list>
<bind>
<StgValue><ssdm name=""/></StgValue>
</bind>
</comp>

<comp id="154" class="1001" name="const_154">
<pin_list>
<pin id="155" dir="1" index="0" bw="1" slack="0"/>
</pin_list>
<bind>
<StgValue><ssdm name="_ssdm_op_PartSelect.i13.i32.i32.i32"/></StgValue>
</bind>
</comp>

<comp id="156" class="1001" name="const_156">
<pin_list>
<pin id="157" dir="1" index="0" bw="1" slack="0"/>
</pin_list>
<bind>
<StgValue><ssdm name=""/></StgValue>
</bind>
</comp>

<comp id="158" class="1001" name="const_158">
<pin_list>
<pin id="159" dir="1" index="0" bw="1" slack="0"/>
</pin_list>
<bind>
<StgValue><ssdm name="_ssdm_op_PartSelect.i22.i32.i32.i32"/></StgValue>
</bind>
</comp>

<comp id="160" class="1001" name="const_160">
<pin_list>
<pin id="161" dir="1" index="0" bw="1" slack="0"/>
</pin_list>
<bind>
<StgValue><ssdm name=""/></StgValue>
</bind>
</comp>

<comp id="162" class="1001" name="const_162">
<pin_list>
<pin id="163" dir="1" index="0" bw="1" slack="0"/>
</pin_list>
<bind>
<StgValue><ssdm name="_ssdm_op_BitConcatenate.i32.i18.i14"/></StgValue>
</bind>
</comp>

<comp id="164" class="1001" name="const_164">
<pin_list>
<pin id="165" dir="1" index="0" bw="1" slack="0"/>
</pin_list>
<bind>
<StgValue><ssdm name="_ssdm_op_BitConcatenate.i32.i7.i25"/></StgValue>
</bind>
</comp>

<comp id="166" class="1001" name="const_166">
<pin_list>
<pin id="167" dir="1" index="0" bw="1" slack="0"/>
</pin_list>
<bind>
<StgValue><ssdm name="_ssdm_op_BitConcatenate.i32.i19.i13"/></StgValue>
</bind>
</comp>

<comp id="168" class="1001" name="const_168">
<pin_list>
<pin id="169" dir="1" index="0" bw="1" slack="0"/>
</pin_list>
<bind>
<StgValue><ssdm name="_ssdm_op_BitConcatenate.i32.i17.i15"/></StgValue>
</bind>
</comp>

<comp id="170" class="1001" name="const_170">
<pin_list>
<pin id="171" dir="1" index="0" bw="1" slack="0"/>
</pin_list>
<bind>
<StgValue><ssdm name=""/></StgValue>
</bind>
</comp>

<comp id="172" class="1001" name="const_172">
<pin_list>
<pin id="173" dir="1" index="0" bw="1" slack="0"/>
</pin_list>
<bind>
<StgValue><ssdm name="_ssdm_op_PartSelect.i26.i32.i32.i32"/></StgValue>
</bind>
</comp>

<comp id="174" class="1001" name="const_174">
<pin_list>
<pin id="175" dir="1" index="0" bw="1" slack="0"/>
</pin_list>
<bind>
<StgValue><ssdm name="_ssdm_op_PartSelect.i21.i32.i32.i32"/></StgValue>
</bind>
</comp>

<comp id="176" class="1001" name="const_176">
<pin_list>
<pin id="177" dir="1" index="0" bw="1" slack="0"/>
</pin_list>
<bind>
<StgValue><ssdm name=""/></StgValue>
</bind>
</comp>

<comp id="178" class="1001" name="const_178">
<pin_list>
<pin id="179" dir="1" index="0" bw="1" slack="0"/>
</pin_list>
<bind>
<StgValue><ssdm name="_ssdm_op_PartSelect.i7.i32.i32.i32"/></StgValue>
</bind>
</comp>

<comp id="180" class="1001" name="const_180">
<pin_list>
<pin id="181" dir="1" index="0" bw="1" slack="0"/>
</pin_list>
<bind>
<StgValue><ssdm name=""/></StgValue>
</bind>
</comp>

<comp id="182" class="1001" name="const_182">
<pin_list>
<pin id="183" dir="1" index="0" bw="1" slack="0"/>
</pin_list>
<bind>
<StgValue><ssdm name="_ssdm_op_BitConcatenate.i32.i6.i26"/></StgValue>
</bind>
</comp>

<comp id="184" class="1001" name="const_184">
<pin_list>
<pin id="185" dir="1" index="0" bw="1" slack="0"/>
</pin_list>
<bind>
<StgValue><ssdm name="_ssdm_op_BitConcatenate.i32.i11.i21"/></StgValue>
</bind>
</comp>

<comp id="186" class="1001" name="const_186">
<pin_list>
<pin id="187" dir="1" index="0" bw="1" slack="0"/>
</pin_list>
<bind>
<StgValue><ssdm name="_ssdm_op_BitConcatenate.i32.i25.i7"/></StgValue>
</bind>
</comp>

<comp id="188" class="1001" name="const_188">
<pin_list>
<pin id="189" dir="1" index="0" bw="1" slack="0"/>
</pin_list>
<bind>
<StgValue><ssdm name="_ssdm_op_PartSelect.i30.i32.i32.i32"/></StgValue>
</bind>
</comp>

<comp id="190" class="1001" name="const_190">
<pin_list>
<pin id="191" dir="1" index="0" bw="1" slack="0"/>
</pin_list>
<bind>
<StgValue><ssdm name=""/></StgValue>
</bind>
</comp>

<comp id="192" class="1001" name="const_192">
<pin_list>
<pin id="193" dir="1" index="0" bw="1" slack="0"/>
</pin_list>
<bind>
<StgValue><ssdm name="_ssdm_op_PartSelect.i19.i32.i32.i32"/></StgValue>
</bind>
</comp>

<comp id="194" class="1001" name="const_194">
<pin_list>
<pin id="195" dir="1" index="0" bw="1" slack="0"/>
</pin_list>
<bind>
<StgValue><ssdm name=""/></StgValue>
</bind>
</comp>

<comp id="196" class="1001" name="const_196">
<pin_list>
<pin id="197" dir="1" index="0" bw="1" slack="0"/>
</pin_list>
<bind>
<StgValue><ssdm name="_ssdm_op_PartSelect.i10.i32.i32.i32"/></StgValue>
</bind>
</comp>

<comp id="198" class="1001" name="const_198">
<pin_list>
<pin id="199" dir="1" index="0" bw="1" slack="0"/>
</pin_list>
<bind>
<StgValue><ssdm name=""/></StgValue>
</bind>
</comp>

<comp id="200" class="1001" name="const_200">
<pin_list>
<pin id="201" dir="1" index="0" bw="1" slack="0"/>
</pin_list>
<bind>
<StgValue><ssdm name="_ssdm_op_BitConcatenate.i32.i2.i30"/></StgValue>
</bind>
</comp>

<comp id="202" class="1001" name="const_202">
<pin_list>
<pin id="203" dir="1" index="0" bw="1" slack="0"/>
</pin_list>
<bind>
<StgValue><ssdm name="_ssdm_op_BitConcatenate.i32.i13.i19"/></StgValue>
</bind>
</comp>

<comp id="204" class="1001" name="const_204">
<pin_list>
<pin id="205" dir="1" index="0" bw="1" slack="0"/>
</pin_list>
<bind>
<StgValue><ssdm name="_ssdm_op_BitConcatenate.i32.i22.i10"/></StgValue>
</bind>
</comp>

<comp id="206" class="1001" name="const_206">
<pin_list>
<pin id="207" dir="1" index="0" bw="1" slack="0"/>
</pin_list>
<bind>
<StgValue><ssdm name="_ssdm_op_Write.ap_auto.i32P0A"/></StgValue>
</bind>
</comp>

<comp id="208" class="1004" name="h_fu_208">
<pin_list>
<pin id="209" dir="0" index="0" bw="1" slack="0"/>
<pin id="210" dir="1" index="1" bw="32" slack="0"/>
</pin_list>
<bind>
<opcode="alloca(26) " fcode="alloca"/>
<opset="h/1 "/>
</bind>
</comp>

<comp id="212" class="1004" name="d_fu_212">
<pin_list>
<pin id="213" dir="0" index="0" bw="1" slack="0"/>
<pin id="214" dir="1" index="1" bw="32" slack="0"/>
</pin_list>
<bind>
<opcode="alloca(26) " fcode="alloca"/>
<opset="d/1 "/>
</bind>
</comp>

<comp id="216" class="1004" name="i_fu_216">
<pin_list>
<pin id="217" dir="0" index="0" bw="1" slack="0"/>
<pin id="218" dir="1" index="1" bw="7" slack="0"/>
</pin_list>
<bind>
<opcode="alloca(26) " fcode="alloca"/>
<opset="i/1 "/>
</bind>
</comp>

<comp id="220" class="1004" name="w_fu_220">
<pin_list>
<pin id="221" dir="0" index="0" bw="1" slack="0"/>
<pin id="222" dir="1" index="1" bw="32" slack="0"/>
</pin_list>
<bind>
<opcode="alloca(26) " fcode="alloca"/>
<opset="w/1 "/>
</bind>
</comp>

<comp id="224" class="1004" name="w_1_fu_224">
<pin_list>
<pin id="225" dir="0" index="0" bw="1" slack="0"/>
<pin id="226" dir="1" index="1" bw="32" slack="0"/>
</pin_list>
<bind>
<opcode="alloca(26) " fcode="alloca"/>
<opset="w_1/1 "/>
</bind>
</comp>

<comp id="228" class="1004" name="w_2_fu_228">
<pin_list>
<pin id="229" dir="0" index="0" bw="1" slack="0"/>
<pin id="230" dir="1" index="1" bw="32" slack="0"/>
</pin_list>
<bind>
<opcode="alloca(26) " fcode="alloca"/>
<opset="w_2/1 "/>
</bind>
</comp>

<comp id="232" class="1004" name="w_3_fu_232">
<pin_list>
<pin id="233" dir="0" index="0" bw="1" slack="0"/>
<pin id="234" dir="1" index="1" bw="32" slack="0"/>
</pin_list>
<bind>
<opcode="alloca(26) " fcode="alloca"/>
<opset="w_3/1 "/>
</bind>
</comp>

<comp id="236" class="1004" name="w_4_fu_236">
<pin_list>
<pin id="237" dir="0" index="0" bw="1" slack="0"/>
<pin id="238" dir="1" index="1" bw="32" slack="0"/>
</pin_list>
<bind>
<opcode="alloca(26) " fcode="alloca"/>
<opset="w_4/1 "/>
</bind>
</comp>

<comp id="240" class="1004" name="w_5_fu_240">
<pin_list>
<pin id="241" dir="0" index="0" bw="1" slack="0"/>
<pin id="242" dir="1" index="1" bw="32" slack="0"/>
</pin_list>
<bind>
<opcode="alloca(26) " fcode="alloca"/>
<opset="w_5/1 "/>
</bind>
</comp>

<comp id="244" class="1004" name="w_6_fu_244">
<pin_list>
<pin id="245" dir="0" index="0" bw="1" slack="0"/>
<pin id="246" dir="1" index="1" bw="32" slack="0"/>
</pin_list>
<bind>
<opcode="alloca(26) " fcode="alloca"/>
<opset="w_6/1 "/>
</bind>
</comp>

<comp id="248" class="1004" name="w_7_fu_248">
<pin_list>
<pin id="249" dir="0" index="0" bw="1" slack="0"/>
<pin id="250" dir="1" index="1" bw="32" slack="0"/>
</pin_list>
<bind>
<opcode="alloca(26) " fcode="alloca"/>
<opset="w_7/1 "/>
</bind>
</comp>

<comp id="252" class="1004" name="w_8_fu_252">
<pin_list>
<pin id="253" dir="0" index="0" bw="1" slack="0"/>
<pin id="254" dir="1" index="1" bw="32" slack="0"/>
</pin_list>
<bind>
<opcode="alloca(26) " fcode="alloca"/>
<opset="w_8/1 "/>
</bind>
</comp>

<comp id="256" class="1004" name="w_9_fu_256">
<pin_list>
<pin id="257" dir="0" index="0" bw="1" slack="0"/>
<pin id="258" dir="1" index="1" bw="32" slack="0"/>
</pin_list>
<bind>
<opcode="alloca(26) " fcode="alloca"/>
<opset="w_9/1 "/>
</bind>
</comp>

<comp id="260" class="1004" name="w_10_fu_260">
<pin_list>
<pin id="261" dir="0" index="0" bw="1" slack="0"/>
<pin id="262" dir="1" index="1" bw="32" slack="0"/>
</pin_list>
<bind>
<opcode="alloca(26) " fcode="alloca"/>
<opset="w_10/1 "/>
</bind>
</comp>

<comp id="264" class="1004" name="w_11_fu_264">
<pin_list>
<pin id="265" dir="0" index="0" bw="1" slack="0"/>
<pin id="266" dir="1" index="1" bw="32" slack="0"/>
</pin_list>
<bind>
<opcode="alloca(26) " fcode="alloca"/>
<opset="w_11/1 "/>
</bind>
</comp>

<comp id="268" class="1004" name="w_12_fu_268">
<pin_list>
<pin id="269" dir="0" index="0" bw="1" slack="0"/>
<pin id="270" dir="1" index="1" bw="32" slack="0"/>
</pin_list>
<bind>
<opcode="alloca(26) " fcode="alloca"/>
<opset="w_12/1 "/>
</bind>
</comp>

<comp id="272" class="1004" name="w_13_fu_272">
<pin_list>
<pin id="273" dir="0" index="0" bw="1" slack="0"/>
<pin id="274" dir="1" index="1" bw="32" slack="0"/>
</pin_list>
<bind>
<opcode="alloca(26) " fcode="alloca"/>
<opset="w_13/1 "/>
</bind>
</comp>

<comp id="276" class="1004" name="w_14_fu_276">
<pin_list>
<pin id="277" dir="0" index="0" bw="1" slack="0"/>
<pin id="278" dir="1" index="1" bw="32" slack="0"/>
</pin_list>
<bind>
<opcode="alloca(26) " fcode="alloca"/>
<opset="w_14/1 "/>
</bind>
</comp>

<comp id="280" class="1004" name="w_15_fu_280">
<pin_list>
<pin id="281" dir="0" index="0" bw="1" slack="0"/>
<pin id="282" dir="1" index="1" bw="32" slack="0"/>
</pin_list>
<bind>
<opcode="alloca(26) " fcode="alloca"/>
<opset="w_15/1 "/>
</bind>
</comp>

<comp id="284" class="1004" name="h_1_fu_284">
<pin_list>
<pin id="285" dir="0" index="0" bw="1" slack="0"/>
<pin id="286" dir="1" index="1" bw="32" slack="0"/>
</pin_list>
<bind>
<opcode="alloca(26) " fcode="alloca"/>
<opset="h_1/1 "/>
</bind>
</comp>

<comp id="288" class="1004" name="g_fu_288">
<pin_list>
<pin id="289" dir="0" index="0" bw="1" slack="0"/>
<pin id="290" dir="1" index="1" bw="32" slack="0"/>
</pin_list>
<bind>
<opcode="alloca(26) " fcode="alloca"/>
<opset="g/1 "/>
</bind>
</comp>

<comp id="292" class="1004" name="f_fu_292">
<pin_list>
<pin id="293" dir="0" index="0" bw="1" slack="0"/>
<pin id="294" dir="1" index="1" bw="32" slack="0"/>
</pin_list>
<bind>
<opcode="alloca(26) " fcode="alloca"/>
<opset="f/1 "/>
</bind>
</comp>

<comp id="296" class="1004" name="d_1_fu_296">
<pin_list>
<pin id="297" dir="0" index="0" bw="1" slack="0"/>
<pin id="298" dir="1" index="1" bw="32" slack="0"/>
</pin_list>
<bind>
<opcode="alloca(26) " fcode="alloca"/>
<opset="d_1/1 "/>
</bind>
</comp>

<comp id="300" class="1004" name="c_fu_300">
<pin_list>
<pin id="301" dir="0" index="0" bw="1" slack="0"/>
<pin id="302" dir="1" index="1" bw="32" slack="0"/>
</pin_list>
<bind>
<opcode="alloca(26) " fcode="alloca"/>
<opset="c/1 "/>
</bind>
</comp>

<comp id="304" class="1004" name="b_fu_304">
<pin_list>
<pin id="305" dir="0" index="0" bw="1" slack="0"/>
<pin id="306" dir="1" index="1" bw="32" slack="0"/>
</pin_list>
<bind>
<opcode="alloca(26) " fcode="alloca"/>
<opset="b/1 "/>
</bind>
</comp>

<comp id="308" class="1004" name="state_read_1_read_fu_308">
<pin_list>
<pin id="309" dir="0" index="0" bw="32" slack="0"/>
<pin id="310" dir="0" index="1" bw="32" slack="0"/>
<pin id="311" dir="1" index="2" bw="32" slack="0"/>
</pin_list>
<bind>
<opcode="read(1150) " fcode="read"/>
<opset="state_read_1/1 "/>
</bind>
</comp>

<comp id="314" class="1004" name="state_read_2_read_fu_314">
<pin_list>
<pin id="315" dir="0" index="0" bw="32" slack="0"/>
<pin id="316" dir="0" index="1" bw="32" slack="0"/>
<pin id="317" dir="1" index="2" bw="32" slack="0"/>
</pin_list>
<bind>
<opcode="read(1150) " fcode="read"/>
<opset="state_read_2/1 "/>
</bind>
</comp>

<comp id="320" class="1004" name="state_read_3_read_fu_320">
<pin_list>
<pin id="321" dir="0" index="0" bw="32" slack="0"/>
<pin id="322" dir="0" index="1" bw="32" slack="0"/>
<pin id="323" dir="1" index="2" bw="32" slack="0"/>
</pin_list>
<bind>
<opcode="read(1150) " fcode="read"/>
<opset="state_read_3/1 "/>
</bind>
</comp>

<comp id="326" class="1004" name="state_read_4_read_fu_326">
<pin_list>
<pin id="327" dir="0" index="0" bw="32" slack="0"/>
<pin id="328" dir="0" index="1" bw="32" slack="0"/>
<pin id="329" dir="1" index="2" bw="32" slack="0"/>
</pin_list>
<bind>
<opcode="read(1150) " fcode="read"/>
<opset="state_read_4/1 "/>
</bind>
</comp>

<comp id="332" class="1004" name="state_read_5_read_fu_332">
<pin_list>
<pin id="333" dir="0" index="0" bw="32" slack="0"/>
<pin id="334" dir="0" index="1" bw="32" slack="0"/>
<pin id="335" dir="1" index="2" bw="32" slack="0"/>
</pin_list>
<bind>
<opcode="read(1150) " fcode="read"/>
<opset="state_read_5/1 "/>
</bind>
</comp>

<comp id="338" class="1004" name="state_read_6_read_fu_338">
<pin_list>
<pin id="339" dir="0" index="0" bw="32" slack="0"/>
<pin id="340" dir="0" index="1" bw="32" slack="0"/>
<pin id="341" dir="1" index="2" bw="32" slack="0"/>
</pin_list>
<bind>
<opcode="read(1150) " fcode="read"/>
<opset="state_read_6/1 "/>
</bind>
</comp>

<comp id="344" class="1004" name="state_read_7_read_fu_344">
<pin_list>
<pin id="345" dir="0" index="0" bw="32" slack="0"/>
<pin id="346" dir="0" index="1" bw="32" slack="0"/>
<pin id="347" dir="1" index="2" bw="32" slack="0"/>
</pin_list>
<bind>
<opcode="read(1150) " fcode="read"/>
<opset="state_read_7/1 "/>
</bind>
</comp>

<comp id="350" class="1004" name="state_read36_read_fu_350">
<pin_list>
<pin id="351" dir="0" index="0" bw="32" slack="0"/>
<pin id="352" dir="0" index="1" bw="32" slack="0"/>
<pin id="353" dir="1" index="2" bw="32" slack="0"/>
</pin_list>
<bind>
<opcode="read(1150) " fcode="read"/>
<opset="state_read36/1 "/>
</bind>
</comp>

<comp id="356" class="1004" name="w_reload_read_read_fu_356">
<pin_list>
<pin id="357" dir="0" index="0" bw="32" slack="0"/>
<pin id="358" dir="0" index="1" bw="32" slack="0"/>
<pin id="359" dir="1" index="2" bw="32" slack="0"/>
</pin_list>
<bind>
<opcode="read(1150) " fcode="read"/>
<opset="w_reload_read/1 "/>
</bind>
</comp>

<comp id="362" class="1004" name="w_66_reload_read_read_fu_362">
<pin_list>
<pin id="363" dir="0" index="0" bw="32" slack="0"/>
<pin id="364" dir="0" index="1" bw="32" slack="0"/>
<pin id="365" dir="1" index="2" bw="32" slack="0"/>
</pin_list>
<bind>
<opcode="read(1150) " fcode="read"/>
<opset="w_66_reload_read/1 "/>
</bind>
</comp>

<comp id="368" class="1004" name="w_67_reload_read_read_fu_368">
<pin_list>
<pin id="369" dir="0" index="0" bw="32" slack="0"/>
<pin id="370" dir="0" index="1" bw="32" slack="0"/>
<pin id="371" dir="1" index="2" bw="32" slack="0"/>
</pin_list>
<bind>
<opcode="read(1150) " fcode="read"/>
<opset="w_67_reload_read/1 "/>
</bind>
</comp>

<comp id="374" class="1004" name="w_68_reload_read_read_fu_374">
<pin_list>
<pin id="375" dir="0" index="0" bw="32" slack="0"/>
<pin id="376" dir="0" index="1" bw="32" slack="0"/>
<pin id="377" dir="1" index="2" bw="32" slack="0"/>
</pin_list>
<bind>
<opcode="read(1150) " fcode="read"/>
<opset="w_68_reload_read/1 "/>
</bind>
</comp>

<comp id="380" class="1004" name="w_69_reload_read_read_fu_380">
<pin_list>
<pin id="381" dir="0" index="0" bw="32" slack="0"/>
<pin id="382" dir="0" index="1" bw="32" slack="0"/>
<pin id="383" dir="1" index="2" bw="32" slack="0"/>
</pin_list>
<bind>
<opcode="read(1150) " fcode="read"/>
<opset="w_69_reload_read/1 "/>
</bind>
</comp>

<comp id="386" class="1004" name="w_70_reload_read_read_fu_386">
<pin_list>
<pin id="387" dir="0" index="0" bw="32" slack="0"/>
<pin id="388" dir="0" index="1" bw="32" slack="0"/>
<pin id="389" dir="1" index="2" bw="32" slack="0"/>
</pin_list>
<bind>
<opcode="read(1150) " fcode="read"/>
<opset="w_70_reload_read/1 "/>
</bind>
</comp>

<comp id="392" class="1004" name="w_71_reload_read_read_fu_392">
<pin_list>
<pin id="393" dir="0" index="0" bw="32" slack="0"/>
<pin id="394" dir="0" index="1" bw="32" slack="0"/>
<pin id="395" dir="1" index="2" bw="32" slack="0"/>
</pin_list>
<bind>
<opcode="read(1150) " fcode="read"/>
<opset="w_71_reload_read/1 "/>
</bind>
</comp>

<comp id="398" class="1004" name="w_72_reload_read_read_fu_398">
<pin_list>
<pin id="399" dir="0" index="0" bw="32" slack="0"/>
<pin id="400" dir="0" index="1" bw="32" slack="0"/>
<pin id="401" dir="1" index="2" bw="32" slack="0"/>
</pin_list>
<bind>
<opcode="read(1150) " fcode="read"/>
<opset="w_72_reload_read/1 "/>
</bind>
</comp>

<comp id="404" class="1004" name="w_73_reload_read_read_fu_404">
<pin_list>
<pin id="405" dir="0" index="0" bw="32" slack="0"/>
<pin id="406" dir="0" index="1" bw="32" slack="0"/>
<pin id="407" dir="1" index="2" bw="32" slack="0"/>
</pin_list>
<bind>
<opcode="read(1150) " fcode="read"/>
<opset="w_73_reload_read/1 "/>
</bind>
</comp>

<comp id="410" class="1004" name="w_74_reload_read_read_fu_410">
<pin_list>
<pin id="411" dir="0" index="0" bw="32" slack="0"/>
<pin id="412" dir="0" index="1" bw="32" slack="0"/>
<pin id="413" dir="1" index="2" bw="32" slack="0"/>
</pin_list>
<bind>
<opcode="read(1150) " fcode="read"/>
<opset="w_74_reload_read/1 "/>
</bind>
</comp>

<comp id="416" class="1004" name="w_75_reload_read_read_fu_416">
<pin_list>
<pin id="417" dir="0" index="0" bw="32" slack="0"/>
<pin id="418" dir="0" index="1" bw="32" slack="0"/>
<pin id="419" dir="1" index="2" bw="32" slack="0"/>
</pin_list>
<bind>
<opcode="read(1150) " fcode="read"/>
<opset="w_75_reload_read/1 "/>
</bind>
</comp>

<comp id="422" class="1004" name="w_76_reload_read_read_fu_422">
<pin_list>
<pin id="423" dir="0" index="0" bw="32" slack="0"/>
<pin id="424" dir="0" index="1" bw="32" slack="0"/>
<pin id="425" dir="1" index="2" bw="32" slack="0"/>
</pin_list>
<bind>
<opcode="read(1150) " fcode="read"/>
<opset="w_76_reload_read/1 "/>
</bind>
</comp>

<comp id="428" class="1004" name="w_77_reload_read_read_fu_428">
<pin_list>
<pin id="429" dir="0" index="0" bw="32" slack="0"/>
<pin id="430" dir="0" index="1" bw="32" slack="0"/>
<pin id="431" dir="1" index="2" bw="32" slack="0"/>
</pin_list>
<bind>
<opcode="read(1150) " fcode="read"/>
<opset="w_77_reload_read/1 "/>
</bind>
</comp>

<comp id="434" class="1004" name="w_78_reload_read_read_fu_434">
<pin_list>
<pin id="435" dir="0" index="0" bw="32" slack="0"/>
<pin id="436" dir="0" index="1" bw="32" slack="0"/>
<pin id="437" dir="1" index="2" bw="32" slack="0"/>
</pin_list>
<bind>
<opcode="read(1150) " fcode="read"/>
<opset="w_78_reload_read/1 "/>
</bind>
</comp>

<comp id="440" class="1004" name="w_79_reload_read_read_fu_440">
<pin_list>
<pin id="441" dir="0" index="0" bw="32" slack="0"/>
<pin id="442" dir="0" index="1" bw="32" slack="0"/>
<pin id="443" dir="1" index="2" bw="32" slack="0"/>
</pin_list>
<bind>
<opcode="read(1150) " fcode="read"/>
<opset="w_79_reload_read/1 "/>
</bind>
</comp>

<comp id="446" class="1004" name="w_80_reload_read_read_fu_446">
<pin_list>
<pin id="447" dir="0" index="0" bw="32" slack="0"/>
<pin id="448" dir="0" index="1" bw="32" slack="0"/>
<pin id="449" dir="1" index="2" bw="32" slack="0"/>
</pin_list>
<bind>
<opcode="read(1150) " fcode="read"/>
<opset="w_80_reload_read/1 "/>
</bind>
</comp>

<comp id="452" class="1004" name="write_ln195_write_fu_452">
<pin_list>
<pin id="453" dir="0" index="0" bw="0" slack="0"/>
<pin id="454" dir="0" index="1" bw="32" slack="0"/>
<pin id="455" dir="0" index="2" bw="32" slack="0"/>
<pin id="456" dir="1" index="3" bw="0" slack="2147483647"/>
</pin_list>
<bind>
<opcode="write(1151) " fcode="write"/>
<opset="write_ln195/3 "/>
</bind>
</comp>

<comp id="459" class="1004" name="write_ln195_write_fu_459">
<pin_list>
<pin id="460" dir="0" index="0" bw="0" slack="0"/>
<pin id="461" dir="0" index="1" bw="32" slack="0"/>
<pin id="462" dir="0" index="2" bw="32" slack="0"/>
<pin id="463" dir="1" index="3" bw="0" slack="2147483647"/>
</pin_list>
<bind>
<opcode="write(1151) " fcode="write"/>
<opset="write_ln195/3 "/>
</bind>
</comp>

<comp id="466" class="1004" name="write_ln195_write_fu_466">
<pin_list>
<pin id="467" dir="0" index="0" bw="0" slack="0"/>
<pin id="468" dir="0" index="1" bw="32" slack="0"/>
<pin id="469" dir="0" index="2" bw="32" slack="0"/>
<pin id="470" dir="1" index="3" bw="0" slack="2147483647"/>
</pin_list>
<bind>
<opcode="write(1151) " fcode="write"/>
<opset="write_ln195/3 "/>
</bind>
</comp>

<comp id="473" class="1004" name="write_ln0_write_fu_473">
<pin_list>
<pin id="474" dir="0" index="0" bw="0" slack="0"/>
<pin id="475" dir="0" index="1" bw="32" slack="0"/>
<pin id="476" dir="0" index="2" bw="32" slack="0"/>
<pin id="477" dir="1" index="3" bw="0" slack="2147483647"/>
</pin_list>
<bind>
<opcode="write(1151) " fcode="write"/>
<opset="write_ln0/3 "/>
</bind>
</comp>

<comp id="480" class="1004" name="write_ln173_write_fu_480">
<pin_list>
<pin id="481" dir="0" index="0" bw="0" slack="0"/>
<pin id="482" dir="0" index="1" bw="32" slack="0"/>
<pin id="483" dir="0" index="2" bw="32" slack="0"/>
<pin id="484" dir="1" index="3" bw="0" slack="2147483647"/>
</pin_list>
<bind>
<opcode="write(1151) " fcode="write"/>
<opset="write_ln173/3 "/>
</bind>
</comp>

<comp id="487" class="1004" name="write_ln173_write_fu_487">
<pin_list>
<pin id="488" dir="0" index="0" bw="0" slack="0"/>
<pin id="489" dir="0" index="1" bw="32" slack="0"/>
<pin id="490" dir="0" index="2" bw="32" slack="0"/>
<pin id="491" dir="1" index="3" bw="0" slack="2147483647"/>
</pin_list>
<bind>
<opcode="write(1151) " fcode="write"/>
<opset="write_ln173/3 "/>
</bind>
</comp>

<comp id="494" class="1004" name="write_ln173_write_fu_494">
<pin_list>
<pin id="495" dir="0" index="0" bw="0" slack="0"/>
<pin id="496" dir="0" index="1" bw="32" slack="0"/>
<pin id="497" dir="0" index="2" bw="32" slack="0"/>
<pin id="498" dir="1" index="3" bw="0" slack="2147483647"/>
</pin_list>
<bind>
<opcode="write(1151) " fcode="write"/>
<opset="write_ln173/3 "/>
</bind>
</comp>

<comp id="501" class="1004" name="write_ln0_write_fu_501">
<pin_list>
<pin id="502" dir="0" index="0" bw="0" slack="0"/>
<pin id="503" dir="0" index="1" bw="32" slack="0"/>
<pin id="504" dir="0" index="2" bw="32" slack="0"/>
<pin id="505" dir="1" index="3" bw="0" slack="2147483647"/>
</pin_list>
<bind>
<opcode="write(1151) " fcode="write"/>
<opset="write_ln0/3 "/>
</bind>
</comp>

<comp id="508" class="1004" name="K_addr_gep_fu_508">
<pin_list>
<pin id="509" dir="0" index="0" bw="32" slack="0"/>
<pin id="510" dir="0" index="1" bw="1" slack="0"/>
<pin id="511" dir="0" index="2" bw="7" slack="0"/>
<pin id="512" dir="1" index="3" bw="6" slack="0"/>
</pin_list>
<bind>
<opcode="getelementptr(29) " fcode="getelementptr"/>
<opset="K_addr/2 "/>
</bind>
</comp>

<comp id="515" class="1004" name="grp_access_fu_515">
<pin_list>
<pin id="516" dir="0" index="0" bw="6" slack="0"/>
<pin id="517" dir="0" index="1" bw="32" slack="2147483647"/>
<pin id="518" dir="0" index="2" bw="0" slack="2147483647"/>
<pin id="519" dir="1" index="3" bw="32" slack="0"/>
</pin_list>
<bind>
<opcode="load(27) " fcode="load"/>
<opset="K_load/2 "/>
</bind>
</comp>

<comp id="521" class="1005" name="wt_2_reg_521">
<pin_list>
<pin id="522" dir="0" index="0" bw="32" slack="2147483647"/>
<pin id="523" dir="1" index="1" bw="32" slack="2147483647"/>
</pin_list>
<bind>
<opset="wt_2 (phireg) "/>
</bind>
</comp>

<comp id="524" class="1004" name="wt_2_phi_fu_524">
<pin_list>
<pin id="525" dir="0" index="0" bw="32" slack="1"/>
<pin id="526" dir="0" index="1" bw="0" slack="2147483647"/>
<pin id="527" dir="0" index="2" bw="32" slack="1"/>
<pin id="528" dir="0" index="3" bw="0" slack="2147483647"/>
<pin id="529" dir="0" index="4" bw="32" slack="1"/>
<pin id="530" dir="0" index="5" bw="0" slack="2147483647"/>
<pin id="531" dir="0" index="6" bw="32" slack="1"/>
<pin id="532" dir="0" index="7" bw="0" slack="2147483647"/>
<pin id="533" dir="0" index="8" bw="32" slack="1"/>
<pin id="534" dir="0" index="9" bw="0" slack="2147483647"/>
<pin id="535" dir="0" index="10" bw="32" slack="1"/>
<pin id="536" dir="0" index="11" bw="0" slack="2147483647"/>
<pin id="537" dir="0" index="12" bw="32" slack="1"/>
<pin id="538" dir="0" index="13" bw="0" slack="2147483647"/>
<pin id="539" dir="0" index="14" bw="32" slack="1"/>
<pin id="540" dir="0" index="15" bw="0" slack="2147483647"/>
<pin id="541" dir="0" index="16" bw="32" slack="1"/>
<pin id="542" dir="0" index="17" bw="0" slack="2147483647"/>
<pin id="543" dir="0" index="18" bw="32" slack="1"/>
<pin id="544" dir="0" index="19" bw="0" slack="2147483647"/>
<pin id="545" dir="0" index="20" bw="32" slack="1"/>
<pin id="546" dir="0" index="21" bw="0" slack="2147483647"/>
<pin id="547" dir="0" index="22" bw="32" slack="1"/>
<pin id="548" dir="0" index="23" bw="0" slack="2147483647"/>
<pin id="549" dir="0" index="24" bw="32" slack="1"/>
<pin id="550" dir="0" index="25" bw="0" slack="2147483647"/>
<pin id="551" dir="0" index="26" bw="32" slack="1"/>
<pin id="552" dir="0" index="27" bw="0" slack="2147483647"/>
<pin id="553" dir="0" index="28" bw="32" slack="1"/>
<pin id="554" dir="0" index="29" bw="0" slack="2147483647"/>
<pin id="555" dir="0" index="30" bw="32" slack="1"/>
<pin id="556" dir="0" index="31" bw="0" slack="2147483647"/>
<pin id="557" dir="0" index="32" bw="32" slack="1"/>
<pin id="558" dir="0" index="33" bw="0" slack="2147483647"/>
<pin id="559" dir="1" index="34" bw="32" slack="0"/>
</pin_list>
<bind>
<opcode="phi(47) " fcode="phi"/>
<opset="wt_2/3 "/>
</bind>
</comp>

<comp id="560" class="1004" name="grp_fu_560">
<pin_list>
<pin id="561" dir="0" index="0" bw="32" slack="0"/>
<pin id="562" dir="0" index="1" bw="4" slack="0"/>
<pin id="563" dir="0" index="2" bw="32" slack="0"/>
<pin id="564" dir="0" index="3" bw="4" slack="0"/>
<pin id="565" dir="0" index="4" bw="32" slack="0"/>
<pin id="566" dir="0" index="5" bw="4" slack="0"/>
<pin id="567" dir="0" index="6" bw="32" slack="0"/>
<pin id="568" dir="0" index="7" bw="4" slack="0"/>
<pin id="569" dir="0" index="8" bw="32" slack="0"/>
<pin id="570" dir="0" index="9" bw="4" slack="0"/>
<pin id="571" dir="0" index="10" bw="32" slack="0"/>
<pin id="572" dir="0" index="11" bw="4" slack="0"/>
<pin id="573" dir="0" index="12" bw="32" slack="0"/>
<pin id="574" dir="0" index="13" bw="4" slack="0"/>
<pin id="575" dir="0" index="14" bw="32" slack="0"/>
<pin id="576" dir="0" index="15" bw="4" slack="0"/>
<pin id="577" dir="0" index="16" bw="32" slack="0"/>
<pin id="578" dir="0" index="17" bw="4" slack="0"/>
<pin id="579" dir="0" index="18" bw="32" slack="0"/>
<pin id="580" dir="0" index="19" bw="4" slack="0"/>
<pin id="581" dir="0" index="20" bw="32" slack="0"/>
<pin id="582" dir="0" index="21" bw="4" slack="0"/>
<pin id="583" dir="0" index="22" bw="32" slack="0"/>
<pin id="584" dir="0" index="23" bw="4" slack="0"/>
<pin id="585" dir="0" index="24" bw="32" slack="0"/>
<pin id="586" dir="0" index="25" bw="4" slack="0"/>
<pin id="587" dir="0" index="26" bw="32" slack="0"/>
<pin id="588" dir="0" index="27" bw="4" slack="0"/>
<pin id="589" dir="0" index="28" bw="32" slack="0"/>
<pin id="590" dir="0" index="29" bw="4" slack="0"/>
<pin id="591" dir="0" index="30" bw="32" slack="0"/>
<pin id="592" dir="0" index="31" bw="4" slack="0"/>
<pin id="593" dir="0" index="32" bw="32" slack="0"/>
<pin id="594" dir="0" index="33" bw="32" slack="0"/>
<pin id="595" dir="0" index="34" bw="4" slack="0"/>
<pin id="596" dir="1" index="35" bw="32" slack="0"/>
</pin_list>
<bind>
<opcode="sparsemux(1197) " fcode="sparsemux"/>
<opset="tmp/2 wt/2 "/>
</bind>
</comp>

<comp id="615" class="1004" name="store_ln124_store_fu_615">
<pin_list>
<pin id="616" dir="0" index="0" bw="32" slack="0"/>
<pin id="617" dir="0" index="1" bw="32" slack="0"/>
<pin id="618" dir="1" index="2" bw="0" slack="2147483647"/>
</pin_list>
<bind>
<opcode="store(28) " fcode="store"/>
<opset="store_ln124/1 "/>
</bind>
</comp>

<comp id="620" class="1004" name="store_ln125_store_fu_620">
<pin_list>
<pin id="621" dir="0" index="0" bw="32" slack="0"/>
<pin id="622" dir="0" index="1" bw="32" slack="0"/>
<pin id="623" dir="1" index="2" bw="0" slack="2147483647"/>
</pin_list>
<bind>
<opcode="store(28) " fcode="store"/>
<opset="store_ln125/1 "/>
</bind>
</comp>

<comp id="625" class="1004" name="store_ln126_store_fu_625">
<pin_list>
<pin id="626" dir="0" index="0" bw="32" slack="0"/>
<pin id="627" dir="0" index="1" bw="32" slack="0"/>
<pin id="628" dir="1" index="2" bw="0" slack="2147483647"/>
</pin_list>
<bind>
<opcode="store(28) " fcode="store"/>
<opset="store_ln126/1 "/>
</bind>
</comp>

<comp id="630" class="1004" name="store_ln128_store_fu_630">
<pin_list>
<pin id="631" dir="0" index="0" bw="32" slack="0"/>
<pin id="632" dir="0" index="1" bw="32" slack="0"/>
<pin id="633" dir="1" index="2" bw="0" slack="2147483647"/>
</pin_list>
<bind>
<opcode="store(28) " fcode="store"/>
<opset="store_ln128/1 "/>
</bind>
</comp>

<comp id="635" class="1004" name="store_ln129_store_fu_635">
<pin_list>
<pin id="636" dir="0" index="0" bw="32" slack="0"/>
<pin id="637" dir="0" index="1" bw="32" slack="0"/>
<pin id="638" dir="1" index="2" bw="0" slack="2147483647"/>
</pin_list>
<bind>
<opcode="store(28) " fcode="store"/>
<opset="store_ln129/1 "/>
</bind>
</comp>

<comp id="640" class="1004" name="store_ln130_store_fu_640">
<pin_list>
<pin id="641" dir="0" index="0" bw="32" slack="0"/>
<pin id="642" dir="0" index="1" bw="32" slack="0"/>
<pin id="643" dir="1" index="2" bw="0" slack="2147483647"/>
</pin_list>
<bind>
<opcode="store(28) " fcode="store"/>
<opset="store_ln130/1 "/>
</bind>
</comp>

<comp id="645" class="1004" name="store_ln114_store_fu_645">
<pin_list>
<pin id="646" dir="0" index="0" bw="32" slack="0"/>
<pin id="647" dir="0" index="1" bw="32" slack="0"/>
<pin id="648" dir="1" index="2" bw="0" slack="2147483647"/>
</pin_list>
<bind>
<opcode="store(28) " fcode="store"/>
<opset="store_ln114/1 "/>
</bind>
</comp>

<comp id="650" class="1004" name="store_ln114_store_fu_650">
<pin_list>
<pin id="651" dir="0" index="0" bw="32" slack="0"/>
<pin id="652" dir="0" index="1" bw="32" slack="0"/>
<pin id="653" dir="1" index="2" bw="0" slack="2147483647"/>
</pin_list>
<bind>
<opcode="store(28) " fcode="store"/>
<opset="store_ln114/1 "/>
</bind>
</comp>

<comp id="655" class="1004" name="store_ln114_store_fu_655">
<pin_list>
<pin id="656" dir="0" index="0" bw="32" slack="0"/>
<pin id="657" dir="0" index="1" bw="32" slack="0"/>
<pin id="658" dir="1" index="2" bw="0" slack="2147483647"/>
</pin_list>
<bind>
<opcode="store(28) " fcode="store"/>
<opset="store_ln114/1 "/>
</bind>
</comp>

<comp id="660" class="1004" name="store_ln114_store_fu_660">
<pin_list>
<pin id="661" dir="0" index="0" bw="32" slack="0"/>
<pin id="662" dir="0" index="1" bw="32" slack="0"/>
<pin id="663" dir="1" index="2" bw="0" slack="2147483647"/>
</pin_list>
<bind>
<opcode="store(28) " fcode="store"/>
<opset="store_ln114/1 "/>
</bind>
</comp>

<comp id="665" class="1004" name="store_ln114_store_fu_665">
<pin_list>
<pin id="666" dir="0" index="0" bw="32" slack="0"/>
<pin id="667" dir="0" index="1" bw="32" slack="0"/>
<pin id="668" dir="1" index="2" bw="0" slack="2147483647"/>
</pin_list>
<bind>
<opcode="store(28) " fcode="store"/>
<opset="store_ln114/1 "/>
</bind>
</comp>

<comp id="670" class="1004" name="store_ln114_store_fu_670">
<pin_list>
<pin id="671" dir="0" index="0" bw="32" slack="0"/>
<pin id="672" dir="0" index="1" bw="32" slack="0"/>
<pin id="673" dir="1" index="2" bw="0" slack="2147483647"/>
</pin_list>
<bind>
<opcode="store(28) " fcode="store"/>
<opset="store_ln114/1 "/>
</bind>
</comp>

<comp id="675" class="1004" name="store_ln114_store_fu_675">
<pin_list>
<pin id="676" dir="0" index="0" bw="32" slack="0"/>
<pin id="677" dir="0" index="1" bw="32" slack="0"/>
<pin id="678" dir="1" index="2" bw="0" slack="2147483647"/>
</pin_list>
<bind>
<opcode="store(28) " fcode="store"/>
<opset="store_ln114/1 "/>
</bind>
</comp>

<comp id="680" class="1004" name="store_ln114_store_fu_680">
<pin_list>
<pin id="681" dir="0" index="0" bw="32" slack="0"/>
<pin id="682" dir="0" index="1" bw="32" slack="0"/>
<pin id="683" dir="1" index="2" bw="0" slack="2147483647"/>
</pin_list>
<bind>
<opcode="store(28) " fcode="store"/>
<opset="store_ln114/1 "/>
</bind>
</comp>

<comp id="685" class="1004" name="store_ln114_store_fu_685">
<pin_list>
<pin id="686" dir="0" index="0" bw="32" slack="0"/>
<pin id="687" dir="0" index="1" bw="32" slack="0"/>
<pin id="688" dir="1" index="2" bw="0" slack="2147483647"/>
</pin_list>
<bind>
<opcode="store(28) " fcode="store"/>
<opset="store_ln114/1 "/>
</bind>
</comp>

<comp id="690" class="1004" name="store_ln114_store_fu_690">
<pin_list>
<pin id="691" dir="0" index="0" bw="32" slack="0"/>
<pin id="692" dir="0" index="1" bw="32" slack="0"/>
<pin id="693" dir="1" index="2" bw="0" slack="2147483647"/>
</pin_list>
<bind>
<opcode="store(28) " fcode="store"/>
<opset="store_ln114/1 "/>
</bind>
</comp>

<comp id="695" class="1004" name="store_ln114_store_fu_695">
<pin_list>
<pin id="696" dir="0" index="0" bw="32" slack="0"/>
<pin id="697" dir="0" index="1" bw="32" slack="0"/>
<pin id="698" dir="1" index="2" bw="0" slack="2147483647"/>
</pin_list>
<bind>
<opcode="store(28) " fcode="store"/>
<opset="store_ln114/1 "/>
</bind>
</comp>

<comp id="700" class="1004" name="store_ln114_store_fu_700">
<pin_list>
<pin id="701" dir="0" index="0" bw="32" slack="0"/>
<pin id="702" dir="0" index="1" bw="32" slack="0"/>
<pin id="703" dir="1" index="2" bw="0" slack="2147483647"/>
</pin_list>
<bind>
<opcode="store(28) " fcode="store"/>
<opset="store_ln114/1 "/>
</bind>
</comp>

<comp id="705" class="1004" name="store_ln114_store_fu_705">
<pin_list>
<pin id="706" dir="0" index="0" bw="32" slack="0"/>
<pin id="707" dir="0" index="1" bw="32" slack="0"/>
<pin id="708" dir="1" index="2" bw="0" slack="2147483647"/>
</pin_list>
<bind>
<opcode="store(28) " fcode="store"/>
<opset="store_ln114/1 "/>
</bind>
</comp>

<comp id="710" class="1004" name="store_ln114_store_fu_710">
<pin_list>
<pin id="711" dir="0" index="0" bw="32" slack="0"/>
<pin id="712" dir="0" index="1" bw="32" slack="0"/>
<pin id="713" dir="1" index="2" bw="0" slack="2147483647"/>
</pin_list>
<bind>
<opcode="store(28) " fcode="store"/>
<opset="store_ln114/1 "/>
</bind>
</comp>

<comp id="715" class="1004" name="store_ln114_store_fu_715">
<pin_list>
<pin id="716" dir="0" index="0" bw="32" slack="0"/>
<pin id="717" dir="0" index="1" bw="32" slack="0"/>
<pin id="718" dir="1" index="2" bw="0" slack="2147483647"/>
</pin_list>
<bind>
<opcode="store(28) " fcode="store"/>
<opset="store_ln114/1 "/>
</bind>
</comp>

<comp id="720" class="1004" name="store_ln114_store_fu_720">
<pin_list>
<pin id="721" dir="0" index="0" bw="32" slack="0"/>
<pin id="722" dir="0" index="1" bw="32" slack="0"/>
<pin id="723" dir="1" index="2" bw="0" slack="2147483647"/>
</pin_list>
<bind>
<opcode="store(28) " fcode="store"/>
<opset="store_ln114/1 "/>
</bind>
</comp>

<comp id="725" class="1004" name="store_ln133_store_fu_725">
<pin_list>
<pin id="726" dir="0" index="0" bw="1" slack="0"/>
<pin id="727" dir="0" index="1" bw="7" slack="0"/>
<pin id="728" dir="1" index="2" bw="0" slack="2147483647"/>
</pin_list>
<bind>
<opcode="store(28) " fcode="store"/>
<opset="store_ln133/1 "/>
</bind>
</comp>

<comp id="730" class="1004" name="store_ln126_store_fu_730">
<pin_list>
<pin id="731" dir="0" index="0" bw="32" slack="0"/>
<pin id="732" dir="0" index="1" bw="32" slack="0"/>
<pin id="733" dir="1" index="2" bw="0" slack="2147483647"/>
</pin_list>
<bind>
<opcode="store(28) " fcode="store"/>
<opset="store_ln126/1 "/>
</bind>
</comp>

<comp id="735" class="1004" name="store_ln130_store_fu_735">
<pin_list>
<pin id="736" dir="0" index="0" bw="32" slack="0"/>
<pin id="737" dir="0" index="1" bw="32" slack="0"/>
<pin id="738" dir="1" index="2" bw="0" slack="2147483647"/>
</pin_list>
<bind>
<opcode="store(28) " fcode="store"/>
<opset="store_ln130/1 "/>
</bind>
</comp>

<comp id="740" class="1004" name="i_1_load_fu_740">
<pin_list>
<pin id="741" dir="0" index="0" bw="7" slack="1"/>
<pin id="742" dir="1" index="1" bw="7" slack="0"/>
</pin_list>
<bind>
<opcode="load(27) " fcode="load"/>
<opset="i_1/2 "/>
</bind>
</comp>

<comp id="743" class="1004" name="icmp_ln133_fu_743">
<pin_list>
<pin id="744" dir="0" index="0" bw="7" slack="0"/>
<pin id="745" dir="0" index="1" bw="7" slack="0"/>
<pin id="746" dir="1" index="2" bw="1" slack="1"/>
</pin_list>
<bind>
<opcode="icmp(45) " fcode="icmp"/>
<opset="icmp_ln133/2 "/>
</bind>
</comp>

<comp id="749" class="1004" name="add_ln133_fu_749">
<pin_list>
<pin id="750" dir="0" index="0" bw="7" slack="0"/>
<pin id="751" dir="0" index="1" bw="1" slack="0"/>
<pin id="752" dir="1" index="2" bw="7" slack="0"/>
</pin_list>
<bind>
<opcode="add(8) " fcode="add"/>
<opset="add_ln133/2 "/>
</bind>
</comp>

<comp id="755" class="1004" name="zext_ln133_fu_755">
<pin_list>
<pin id="756" dir="0" index="0" bw="7" slack="0"/>
<pin id="757" dir="1" index="1" bw="64" slack="0"/>
</pin_list>
<bind>
<opcode="zext(34) " fcode="zext"/>
<opset="zext_ln133/2 "/>
</bind>
</comp>

<comp id="760" class="1004" name="trunc_ln133_fu_760">
<pin_list>
<pin id="761" dir="0" index="0" bw="7" slack="0"/>
<pin id="762" dir="1" index="1" bw="4" slack="0"/>
</pin_list>
<bind>
<opcode="trunc(33) " fcode="trunc"/>
<opset="trunc_ln133/2 "/>
</bind>
</comp>

<comp id="765" class="1004" name="tmp_1_fu_765">
<pin_list>
<pin id="766" dir="0" index="0" bw="3" slack="0"/>
<pin id="767" dir="0" index="1" bw="7" slack="0"/>
<pin id="768" dir="0" index="2" bw="4" slack="0"/>
<pin id="769" dir="0" index="3" bw="4" slack="0"/>
<pin id="770" dir="1" index="4" bw="3" slack="0"/>
</pin_list>
<bind>
<opcode="partselect(1002) " fcode="partselect"/>
<opset="tmp_1/2 "/>
</bind>
</comp>

<comp id="775" class="1004" name="icmp_ln138_fu_775">
<pin_list>
<pin id="776" dir="0" index="0" bw="3" slack="0"/>
<pin id="777" dir="0" index="1" bw="1" slack="0"/>
<pin id="778" dir="1" index="2" bw="1" slack="1"/>
</pin_list>
<bind>
<opcode="icmp(45) " fcode="icmp"/>
<opset="icmp_ln138/2 "/>
</bind>
</comp>

<comp id="781" class="1004" name="w_load_load_fu_781">
<pin_list>
<pin id="782" dir="0" index="0" bw="32" slack="1"/>
<pin id="783" dir="1" index="1" bw="32" slack="0"/>
</pin_list>
<bind>
<opcode="load(27) " fcode="load"/>
<opset="w_load/2 "/>
</bind>
</comp>

<comp id="785" class="1004" name="w_1_load_load_fu_785">
<pin_list>
<pin id="786" dir="0" index="0" bw="32" slack="1"/>
<pin id="787" dir="1" index="1" bw="32" slack="0"/>
</pin_list>
<bind>
<opcode="load(27) " fcode="load"/>
<opset="w_1_load/2 "/>
</bind>
</comp>

<comp id="789" class="1004" name="w_2_load_load_fu_789">
<pin_list>
<pin id="790" dir="0" index="0" bw="32" slack="1"/>
<pin id="791" dir="1" index="1" bw="32" slack="0"/>
</pin_list>
<bind>
<opcode="load(27) " fcode="load"/>
<opset="w_2_load/2 "/>
</bind>
</comp>

<comp id="793" class="1004" name="w_3_load_load_fu_793">
<pin_list>
<pin id="794" dir="0" index="0" bw="32" slack="1"/>
<pin id="795" dir="1" index="1" bw="32" slack="0"/>
</pin_list>
<bind>
<opcode="load(27) " fcode="load"/>
<opset="w_3_load/2 "/>
</bind>
</comp>

<comp id="797" class="1004" name="w_4_load_load_fu_797">
<pin_list>
<pin id="798" dir="0" index="0" bw="32" slack="1"/>
<pin id="799" dir="1" index="1" bw="32" slack="0"/>
</pin_list>
<bind>
<opcode="load(27) " fcode="load"/>
<opset="w_4_load/2 "/>
</bind>
</comp>

<comp id="801" class="1004" name="w_5_load_load_fu_801">
<pin_list>
<pin id="802" dir="0" index="0" bw="32" slack="1"/>
<pin id="803" dir="1" index="1" bw="32" slack="0"/>
</pin_list>
<bind>
<opcode="load(27) " fcode="load"/>
<opset="w_5_load/2 "/>
</bind>
</comp>

<comp id="805" class="1004" name="w_6_load_load_fu_805">
<pin_list>
<pin id="806" dir="0" index="0" bw="32" slack="1"/>
<pin id="807" dir="1" index="1" bw="32" slack="0"/>
</pin_list>
<bind>
<opcode="load(27) " fcode="load"/>
<opset="w_6_load/2 "/>
</bind>
</comp>

<comp id="809" class="1004" name="w_7_load_load_fu_809">
<pin_list>
<pin id="810" dir="0" index="0" bw="32" slack="1"/>
<pin id="811" dir="1" index="1" bw="32" slack="0"/>
</pin_list>
<bind>
<opcode="load(27) " fcode="load"/>
<opset="w_7_load/2 "/>
</bind>
</comp>

<comp id="813" class="1004" name="w_8_load_load_fu_813">
<pin_list>
<pin id="814" dir="0" index="0" bw="32" slack="1"/>
<pin id="815" dir="1" index="1" bw="32" slack="0"/>
</pin_list>
<bind>
<opcode="load(27) " fcode="load"/>
<opset="w_8_load/2 "/>
</bind>
</comp>

<comp id="817" class="1004" name="w_9_load_load_fu_817">
<pin_list>
<pin id="818" dir="0" index="0" bw="32" slack="1"/>
<pin id="819" dir="1" index="1" bw="32" slack="0"/>
</pin_list>
<bind>
<opcode="load(27) " fcode="load"/>
<opset="w_9_load/2 "/>
</bind>
</comp>

<comp id="821" class="1004" name="w_10_load_load_fu_821">
<pin_list>
<pin id="822" dir="0" index="0" bw="32" slack="1"/>
<pin id="823" dir="1" index="1" bw="32" slack="0"/>
</pin_list>
<bind>
<opcode="load(27) " fcode="load"/>
<opset="w_10_load/2 "/>
</bind>
</comp>

<comp id="825" class="1004" name="w_11_load_load_fu_825">
<pin_list>
<pin id="826" dir="0" index="0" bw="32" slack="1"/>
<pin id="827" dir="1" index="1" bw="32" slack="0"/>
</pin_list>
<bind>
<opcode="load(27) " fcode="load"/>
<opset="w_11_load/2 "/>
</bind>
</comp>

<comp id="829" class="1004" name="w_12_load_load_fu_829">
<pin_list>
<pin id="830" dir="0" index="0" bw="32" slack="1"/>
<pin id="831" dir="1" index="1" bw="32" slack="0"/>
</pin_list>
<bind>
<opcode="load(27) " fcode="load"/>
<opset="w_12_load/2 "/>
</bind>
</comp>

<comp id="833" class="1004" name="w_13_load_load_fu_833">
<pin_list>
<pin id="834" dir="0" index="0" bw="32" slack="1"/>
<pin id="835" dir="1" index="1" bw="32" slack="0"/>
</pin_list>
<bind>
<opcode="load(27) " fcode="load"/>
<opset="w_13_load/2 "/>
</bind>
</comp>

<comp id="837" class="1004" name="w_14_load_load_fu_837">
<pin_list>
<pin id="838" dir="0" index="0" bw="32" slack="1"/>
<pin id="839" dir="1" index="1" bw="32" slack="0"/>
</pin_list>
<bind>
<opcode="load(27) " fcode="load"/>
<opset="w_14_load/2 "/>
</bind>
</comp>

<comp id="841" class="1004" name="w_15_load_load_fu_841">
<pin_list>
<pin id="842" dir="0" index="0" bw="32" slack="1"/>
<pin id="843" dir="1" index="1" bw="32" slack="0"/>
</pin_list>
<bind>
<opcode="load(27) " fcode="load"/>
<opset="w_15_load/2 "/>
</bind>
</comp>

<comp id="845" class="1004" name="x15_fu_845">
<pin_list>
<pin id="846" dir="0" index="0" bw="32" slack="0"/>
<pin id="847" dir="0" index="1" bw="4" slack="0"/>
<pin id="848" dir="0" index="2" bw="32" slack="0"/>
<pin id="849" dir="0" index="3" bw="4" slack="0"/>
<pin id="850" dir="0" index="4" bw="32" slack="0"/>
<pin id="851" dir="0" index="5" bw="4" slack="0"/>
<pin id="852" dir="0" index="6" bw="32" slack="0"/>
<pin id="853" dir="0" index="7" bw="4" slack="0"/>
<pin id="854" dir="0" index="8" bw="32" slack="0"/>
<pin id="855" dir="0" index="9" bw="4" slack="0"/>
<pin id="856" dir="0" index="10" bw="32" slack="0"/>
<pin id="857" dir="0" index="11" bw="4" slack="0"/>
<pin id="858" dir="0" index="12" bw="32" slack="0"/>
<pin id="859" dir="0" index="13" bw="4" slack="0"/>
<pin id="860" dir="0" index="14" bw="32" slack="0"/>
<pin id="861" dir="0" index="15" bw="4" slack="0"/>
<pin id="862" dir="0" index="16" bw="32" slack="0"/>
<pin id="863" dir="0" index="17" bw="4" slack="0"/>
<pin id="864" dir="0" index="18" bw="32" slack="0"/>
<pin id="865" dir="0" index="19" bw="4" slack="0"/>
<pin id="866" dir="0" index="20" bw="32" slack="0"/>
<pin id="867" dir="0" index="21" bw="4" slack="0"/>
<pin id="868" dir="0" index="22" bw="32" slack="0"/>
<pin id="869" dir="0" index="23" bw="4" slack="0"/>
<pin id="870" dir="0" index="24" bw="32" slack="0"/>
<pin id="871" dir="0" index="25" bw="4" slack="0"/>
<pin id="872" dir="0" index="26" bw="32" slack="0"/>
<pin id="873" dir="0" index="27" bw="4" slack="0"/>
<pin id="874" dir="0" index="28" bw="32" slack="0"/>
<pin id="875" dir="0" index="29" bw="4" slack="0"/>
<pin id="876" dir="0" index="30" bw="32" slack="0"/>
<pin id="877" dir="0" index="31" bw="4" slack="0"/>
<pin id="878" dir="0" index="32" bw="32" slack="0"/>
<pin id="879" dir="0" index="33" bw="32" slack="0"/>
<pin id="880" dir="0" index="34" bw="4" slack="0"/>
<pin id="881" dir="1" index="35" bw="32" slack="0"/>
</pin_list>
<bind>
<opcode="sparsemux(1197) " fcode="sparsemux"/>
<opset="x15/2 "/>
</bind>
</comp>

<comp id="917" class="1004" name="x2_fu_917">
<pin_list>
<pin id="918" dir="0" index="0" bw="32" slack="0"/>
<pin id="919" dir="0" index="1" bw="4" slack="0"/>
<pin id="920" dir="0" index="2" bw="32" slack="0"/>
<pin id="921" dir="0" index="3" bw="4" slack="0"/>
<pin id="922" dir="0" index="4" bw="32" slack="0"/>
<pin id="923" dir="0" index="5" bw="4" slack="0"/>
<pin id="924" dir="0" index="6" bw="32" slack="0"/>
<pin id="925" dir="0" index="7" bw="4" slack="0"/>
<pin id="926" dir="0" index="8" bw="32" slack="0"/>
<pin id="927" dir="0" index="9" bw="4" slack="0"/>
<pin id="928" dir="0" index="10" bw="32" slack="0"/>
<pin id="929" dir="0" index="11" bw="4" slack="0"/>
<pin id="930" dir="0" index="12" bw="32" slack="0"/>
<pin id="931" dir="0" index="13" bw="4" slack="0"/>
<pin id="932" dir="0" index="14" bw="32" slack="0"/>
<pin id="933" dir="0" index="15" bw="4" slack="0"/>
<pin id="934" dir="0" index="16" bw="32" slack="0"/>
<pin id="935" dir="0" index="17" bw="4" slack="0"/>
<pin id="936" dir="0" index="18" bw="32" slack="0"/>
<pin id="937" dir="0" index="19" bw="4" slack="0"/>
<pin id="938" dir="0" index="20" bw="32" slack="0"/>
<pin id="939" dir="0" index="21" bw="4" slack="0"/>
<pin id="940" dir="0" index="22" bw="32" slack="0"/>
<pin id="941" dir="0" index="23" bw="4" slack="0"/>
<pin id="942" dir="0" index="24" bw="32" slack="0"/>
<pin id="943" dir="0" index="25" bw="4" slack="0"/>
<pin id="944" dir="0" index="26" bw="32" slack="0"/>
<pin id="945" dir="0" index="27" bw="4" slack="0"/>
<pin id="946" dir="0" index="28" bw="32" slack="0"/>
<pin id="947" dir="0" index="29" bw="4" slack="0"/>
<pin id="948" dir="0" index="30" bw="32" slack="0"/>
<pin id="949" dir="0" index="31" bw="4" slack="0"/>
<pin id="950" dir="0" index="32" bw="32" slack="0"/>
<pin id="951" dir="0" index="33" bw="32" slack="0"/>
<pin id="952" dir="0" index="34" bw="4" slack="0"/>
<pin id="953" dir="1" index="35" bw="32" slack="0"/>
</pin_list>
<bind>
<opcode="sparsemux(1197) " fcode="sparsemux"/>
<opset="x2/2 "/>
</bind>
</comp>

<comp id="989" class="1004" name="lshr_ln_fu_989">
<pin_list>
<pin id="990" dir="0" index="0" bw="25" slack="0"/>
<pin id="991" dir="0" index="1" bw="32" slack="0"/>
<pin id="992" dir="0" index="2" bw="4" slack="0"/>
<pin id="993" dir="0" index="3" bw="6" slack="0"/>
<pin id="994" dir="1" index="4" bw="25" slack="0"/>
</pin_list>
<bind>
<opcode="partselect(1002) " fcode="partselect"/>
<opset="lshr_ln/2 "/>
</bind>
</comp>

<comp id="999" class="1004" name="trunc_ln33_fu_999">
<pin_list>
<pin id="1000" dir="0" index="0" bw="32" slack="0"/>
<pin id="1001" dir="1" index="1" bw="7" slack="0"/>
</pin_list>
<bind>
<opcode="trunc(33) " fcode="trunc"/>
<opset="trunc_ln33/2 "/>
</bind>
</comp>

<comp id="1003" class="1004" name="lshr_ln33_s_fu_1003">
<pin_list>
<pin id="1004" dir="0" index="0" bw="14" slack="0"/>
<pin id="1005" dir="0" index="1" bw="32" slack="0"/>
<pin id="1006" dir="0" index="2" bw="6" slack="0"/>
<pin id="1007" dir="0" index="3" bw="6" slack="0"/>
<pin id="1008" dir="1" index="4" bw="14" slack="0"/>
</pin_list>
<bind>
<opcode="partselect(1002) " fcode="partselect"/>
<opset="lshr_ln33_s/2 "/>
</bind>
</comp>

<comp id="1013" class="1004" name="trunc_ln33_1_fu_1013">
<pin_list>
<pin id="1014" dir="0" index="0" bw="32" slack="0"/>
<pin id="1015" dir="1" index="1" bw="18" slack="0"/>
</pin_list>
<bind>
<opcode="trunc(33) " fcode="trunc"/>
<opset="trunc_ln33_1/2 "/>
</bind>
</comp>

<comp id="1017" class="1004" name="lshr_ln3_fu_1017">
<pin_list>
<pin id="1018" dir="0" index="0" bw="29" slack="0"/>
<pin id="1019" dir="0" index="1" bw="32" slack="0"/>
<pin id="1020" dir="0" index="2" bw="3" slack="0"/>
<pin id="1021" dir="0" index="3" bw="6" slack="0"/>
<pin id="1022" dir="1" index="4" bw="29" slack="0"/>
</pin_list>
<bind>
<opcode="partselect(1002) " fcode="partselect"/>
<opset="lshr_ln3/2 "/>
</bind>
</comp>

<comp id="1027" class="1004" name="zext_ln149_fu_1027">
<pin_list>
<pin id="1028" dir="0" index="0" bw="29" slack="0"/>
<pin id="1029" dir="1" index="1" bw="32" slack="0"/>
</pin_list>
<bind>
<opcode="zext(34) " fcode="zext"/>
<opset="zext_ln149/2 "/>
</bind>
</comp>

<comp id="1031" class="1004" name="lshr_ln33_1_fu_1031">
<pin_list>
<pin id="1032" dir="0" index="0" bw="15" slack="0"/>
<pin id="1033" dir="0" index="1" bw="32" slack="0"/>
<pin id="1034" dir="0" index="2" bw="6" slack="0"/>
<pin id="1035" dir="0" index="3" bw="6" slack="0"/>
<pin id="1036" dir="1" index="4" bw="15" slack="0"/>
</pin_list>
<bind>
<opcode="partselect(1002) " fcode="partselect"/>
<opset="lshr_ln33_1/2 "/>
</bind>
</comp>

<comp id="1041" class="1004" name="trunc_ln33_2_fu_1041">
<pin_list>
<pin id="1042" dir="0" index="0" bw="32" slack="0"/>
<pin id="1043" dir="1" index="1" bw="17" slack="0"/>
</pin_list>
<bind>
<opcode="trunc(33) " fcode="trunc"/>
<opset="trunc_ln33_2/2 "/>
</bind>
</comp>

<comp id="1045" class="1004" name="lshr_ln33_2_fu_1045">
<pin_list>
<pin id="1046" dir="0" index="0" bw="13" slack="0"/>
<pin id="1047" dir="0" index="1" bw="32" slack="0"/>
<pin id="1048" dir="0" index="2" bw="6" slack="0"/>
<pin id="1049" dir="0" index="3" bw="6" slack="0"/>
<pin id="1050" dir="1" index="4" bw="13" slack="0"/>
</pin_list>
<bind>
<opcode="partselect(1002) " fcode="partselect"/>
<opset="lshr_ln33_2/2 "/>
</bind>
</comp>

<comp id="1055" class="1004" name="trunc_ln33_3_fu_1055">
<pin_list>
<pin id="1056" dir="0" index="0" bw="32" slack="0"/>
<pin id="1057" dir="1" index="1" bw="19" slack="0"/>
</pin_list>
<bind>
<opcode="trunc(33) " fcode="trunc"/>
<opset="trunc_ln33_3/2 "/>
</bind>
</comp>

<comp id="1059" class="1004" name="lshr_ln4_fu_1059">
<pin_list>
<pin id="1060" dir="0" index="0" bw="22" slack="0"/>
<pin id="1061" dir="0" index="1" bw="32" slack="0"/>
<pin id="1062" dir="0" index="2" bw="5" slack="0"/>
<pin id="1063" dir="0" index="3" bw="6" slack="0"/>
<pin id="1064" dir="1" index="4" bw="22" slack="0"/>
</pin_list>
<bind>
<opcode="partselect(1002) " fcode="partselect"/>
<opset="lshr_ln4/2 "/>
</bind>
</comp>

<comp id="1069" class="1004" name="zext_ln154_fu_1069">
<pin_list>
<pin id="1070" dir="0" index="0" bw="22" slack="0"/>
<pin id="1071" dir="1" index="1" bw="32" slack="0"/>
</pin_list>
<bind>
<opcode="zext(34) " fcode="zext"/>
<opset="zext_ln154/2 "/>
</bind>
</comp>

<comp id="1073" class="1004" name="tmp_s_fu_1073">
<pin_list>
<pin id="1074" dir="0" index="0" bw="32" slack="0"/>
<pin id="1075" dir="0" index="1" bw="4" slack="0"/>
<pin id="1076" dir="0" index="2" bw="32" slack="0"/>
<pin id="1077" dir="0" index="3" bw="4" slack="0"/>
<pin id="1078" dir="0" index="4" bw="32" slack="0"/>
<pin id="1079" dir="0" index="5" bw="4" slack="0"/>
<pin id="1080" dir="0" index="6" bw="32" slack="0"/>
<pin id="1081" dir="0" index="7" bw="4" slack="0"/>
<pin id="1082" dir="0" index="8" bw="32" slack="0"/>
<pin id="1083" dir="0" index="9" bw="4" slack="0"/>
<pin id="1084" dir="0" index="10" bw="32" slack="0"/>
<pin id="1085" dir="0" index="11" bw="4" slack="0"/>
<pin id="1086" dir="0" index="12" bw="32" slack="0"/>
<pin id="1087" dir="0" index="13" bw="4" slack="0"/>
<pin id="1088" dir="0" index="14" bw="32" slack="0"/>
<pin id="1089" dir="0" index="15" bw="4" slack="0"/>
<pin id="1090" dir="0" index="16" bw="32" slack="0"/>
<pin id="1091" dir="0" index="17" bw="4" slack="0"/>
<pin id="1092" dir="0" index="18" bw="32" slack="0"/>
<pin id="1093" dir="0" index="19" bw="4" slack="0"/>
<pin id="1094" dir="0" index="20" bw="32" slack="0"/>
<pin id="1095" dir="0" index="21" bw="4" slack="0"/>
<pin id="1096" dir="0" index="22" bw="32" slack="0"/>
<pin id="1097" dir="0" index="23" bw="4" slack="0"/>
<pin id="1098" dir="0" index="24" bw="32" slack="0"/>
<pin id="1099" dir="0" index="25" bw="4" slack="0"/>
<pin id="1100" dir="0" index="26" bw="32" slack="0"/>
<pin id="1101" dir="0" index="27" bw="4" slack="0"/>
<pin id="1102" dir="0" index="28" bw="32" slack="0"/>
<pin id="1103" dir="0" index="29" bw="4" slack="0"/>
<pin id="1104" dir="0" index="30" bw="32" slack="0"/>
<pin id="1105" dir="0" index="31" bw="4" slack="0"/>
<pin id="1106" dir="0" index="32" bw="32" slack="0"/>
<pin id="1107" dir="0" index="33" bw="32" slack="0"/>
<pin id="1108" dir="0" index="34" bw="4" slack="0"/>
<pin id="1109" dir="1" index="35" bw="32" slack="0"/>
</pin_list>
<bind>
<opcode="sparsemux(1197) " fcode="sparsemux"/>
<opset="tmp_s/2 "/>
</bind>
</comp>

<comp id="1145" class="1004" name="or_ln_fu_1145">
<pin_list>
<pin id="1146" dir="0" index="0" bw="32" slack="0"/>
<pin id="1147" dir="0" index="1" bw="18" slack="0"/>
<pin id="1148" dir="0" index="2" bw="14" slack="0"/>
<pin id="1149" dir="1" index="3" bw="32" slack="0"/>
</pin_list>
<bind>
<opcode="bitconcatenate(1004) " fcode="bitconcatenate"/>
<opset="or_ln/2 "/>
</bind>
</comp>

<comp id="1153" class="1004" name="or_ln159_4_fu_1153">
<pin_list>
<pin id="1154" dir="0" index="0" bw="32" slack="0"/>
<pin id="1155" dir="0" index="1" bw="7" slack="0"/>
<pin id="1156" dir="0" index="2" bw="25" slack="0"/>
<pin id="1157" dir="1" index="3" bw="32" slack="0"/>
</pin_list>
<bind>
<opcode="bitconcatenate(1004) " fcode="bitconcatenate"/>
<opset="or_ln159_4/2 "/>
</bind>
</comp>

<comp id="1161" class="1004" name="or_ln159_5_fu_1161">
<pin_list>
<pin id="1162" dir="0" index="0" bw="32" slack="0"/>
<pin id="1163" dir="0" index="1" bw="19" slack="0"/>
<pin id="1164" dir="0" index="2" bw="13" slack="0"/>
<pin id="1165" dir="1" index="3" bw="32" slack="0"/>
</pin_list>
<bind>
<opcode="bitconcatenate(1004) " fcode="bitconcatenate"/>
<opset="or_ln159_5/2 "/>
</bind>
</comp>

<comp id="1169" class="1004" name="xor_ln159_fu_1169">
<pin_list>
<pin id="1170" dir="0" index="0" bw="32" slack="0"/>
<pin id="1171" dir="0" index="1" bw="29" slack="0"/>
<pin id="1172" dir="1" index="2" bw="32" slack="0"/>
</pin_list>
<bind>
<opcode="xor(25) " fcode="xor"/>
<opset="xor_ln159/2 "/>
</bind>
</comp>

<comp id="1175" class="1004" name="xor_ln159_1_fu_1175">
<pin_list>
<pin id="1176" dir="0" index="0" bw="32" slack="0"/>
<pin id="1177" dir="0" index="1" bw="32" slack="0"/>
<pin id="1178" dir="1" index="2" bw="32" slack="0"/>
</pin_list>
<bind>
<opcode="xor(25) " fcode="xor"/>
<opset="xor_ln159_1/2 "/>
</bind>
</comp>

<comp id="1181" class="1004" name="or_ln159_6_fu_1181">
<pin_list>
<pin id="1182" dir="0" index="0" bw="32" slack="0"/>
<pin id="1183" dir="0" index="1" bw="17" slack="0"/>
<pin id="1184" dir="0" index="2" bw="15" slack="0"/>
<pin id="1185" dir="1" index="3" bw="32" slack="0"/>
</pin_list>
<bind>
<opcode="bitconcatenate(1004) " fcode="bitconcatenate"/>
<opset="or_ln159_6/2 "/>
</bind>
</comp>

<comp id="1189" class="1004" name="xor_ln159_2_fu_1189">
<pin_list>
<pin id="1190" dir="0" index="0" bw="22" slack="0"/>
<pin id="1191" dir="0" index="1" bw="32" slack="0"/>
<pin id="1192" dir="1" index="2" bw="32" slack="0"/>
</pin_list>
<bind>
<opcode="xor(25) " fcode="xor"/>
<opset="xor_ln159_2/2 "/>
</bind>
</comp>

<comp id="1195" class="1004" name="xor_ln159_3_fu_1195">
<pin_list>
<pin id="1196" dir="0" index="0" bw="32" slack="0"/>
<pin id="1197" dir="0" index="1" bw="32" slack="0"/>
<pin id="1198" dir="1" index="2" bw="32" slack="0"/>
</pin_list>
<bind>
<opcode="xor(25) " fcode="xor"/>
<opset="xor_ln159_3/2 "/>
</bind>
</comp>

<comp id="1201" class="1004" name="add_ln159_1_fu_1201">
<pin_list>
<pin id="1202" dir="0" index="0" bw="32" slack="0"/>
<pin id="1203" dir="0" index="1" bw="32" slack="0"/>
<pin id="1204" dir="1" index="2" bw="32" slack="0"/>
</pin_list>
<bind>
<opcode="add(8) " fcode="add"/>
<opset="add_ln159_1/2 "/>
</bind>
</comp>

<comp id="1207" class="1004" name="add_ln159_fu_1207">
<pin_list>
<pin id="1208" dir="0" index="0" bw="32" slack="0"/>
<pin id="1209" dir="0" index="1" bw="32" slack="0"/>
<pin id="1210" dir="1" index="2" bw="32" slack="0"/>
</pin_list>
<bind>
<opcode="add(8) " fcode="add"/>
<opset="add_ln159/2 "/>
</bind>
</comp>

<comp id="1213" class="1004" name="wt_3_fu_1213">
<pin_list>
<pin id="1214" dir="0" index="0" bw="32" slack="0"/>
<pin id="1215" dir="0" index="1" bw="32" slack="0"/>
<pin id="1216" dir="1" index="2" bw="32" slack="0"/>
</pin_list>
<bind>
<opcode="add(8) " fcode="add"/>
<opset="wt_3/2 "/>
</bind>
</comp>

<comp id="1219" class="1004" name="switch_ln162_fu_1219">
<pin_list>
<pin id="1220" dir="0" index="0" bw="4" slack="0"/>
<pin id="1221" dir="0" index="1" bw="1" slack="0"/>
<pin id="1222" dir="0" index="2" bw="1" slack="0"/>
<pin id="1223" dir="0" index="3" bw="3" slack="0"/>
<pin id="1224" dir="0" index="4" bw="3" slack="0"/>
<pin id="1225" dir="0" index="5" bw="4" slack="0"/>
<pin id="1226" dir="0" index="6" bw="4" slack="0"/>
<pin id="1227" dir="0" index="7" bw="4" slack="0"/>
<pin id="1228" dir="0" index="8" bw="4" slack="0"/>
<pin id="1229" dir="0" index="9" bw="4" slack="0"/>
<pin id="1230" dir="0" index="10" bw="4" slack="0"/>
<pin id="1231" dir="0" index="11" bw="4" slack="0"/>
<pin id="1232" dir="0" index="12" bw="4" slack="0"/>
<pin id="1233" dir="0" index="13" bw="3" slack="0"/>
<pin id="1234" dir="0" index="14" bw="3" slack="0"/>
<pin id="1235" dir="0" index="15" bw="2" slack="0"/>
<pin id="1236" dir="1" index="16" bw="0" slack="2147483647"/>
</pin_list>
<bind>
<opcode="switch(3) " fcode="switch"/>
<opset="switch_ln162/2 "/>
</bind>
</comp>

<comp id="1253" class="1004" name="store_ln114_store_fu_1253">
<pin_list>
<pin id="1254" dir="0" index="0" bw="32" slack="0"/>
<pin id="1255" dir="0" index="1" bw="32" slack="1"/>
<pin id="1256" dir="1" index="2" bw="0" slack="2147483647"/>
</pin_list>
<bind>
<opcode="store(28) " fcode="store"/>
<opset="store_ln114/2 "/>
</bind>
</comp>

<comp id="1258" class="1004" name="store_ln114_store_fu_1258">
<pin_list>
<pin id="1259" dir="0" index="0" bw="32" slack="0"/>
<pin id="1260" dir="0" index="1" bw="32" slack="1"/>
<pin id="1261" dir="1" index="2" bw="0" slack="2147483647"/>
</pin_list>
<bind>
<opcode="store(28) " fcode="store"/>
<opset="store_ln114/2 "/>
</bind>
</comp>

<comp id="1263" class="1004" name="store_ln114_store_fu_1263">
<pin_list>
<pin id="1264" dir="0" index="0" bw="32" slack="0"/>
<pin id="1265" dir="0" index="1" bw="32" slack="1"/>
<pin id="1266" dir="1" index="2" bw="0" slack="2147483647"/>
</pin_list>
<bind>
<opcode="store(28) " fcode="store"/>
<opset="store_ln114/2 "/>
</bind>
</comp>

<comp id="1268" class="1004" name="store_ln114_store_fu_1268">
<pin_list>
<pin id="1269" dir="0" index="0" bw="32" slack="0"/>
<pin id="1270" dir="0" index="1" bw="32" slack="1"/>
<pin id="1271" dir="1" index="2" bw="0" slack="2147483647"/>
</pin_list>
<bind>
<opcode="store(28) " fcode="store"/>
<opset="store_ln114/2 "/>
</bind>
</comp>

<comp id="1273" class="1004" name="store_ln114_store_fu_1273">
<pin_list>
<pin id="1274" dir="0" index="0" bw="32" slack="0"/>
<pin id="1275" dir="0" index="1" bw="32" slack="1"/>
<pin id="1276" dir="1" index="2" bw="0" slack="2147483647"/>
</pin_list>
<bind>
<opcode="store(28) " fcode="store"/>
<opset="store_ln114/2 "/>
</bind>
</comp>

<comp id="1278" class="1004" name="store_ln114_store_fu_1278">
<pin_list>
<pin id="1279" dir="0" index="0" bw="32" slack="0"/>
<pin id="1280" dir="0" index="1" bw="32" slack="1"/>
<pin id="1281" dir="1" index="2" bw="0" slack="2147483647"/>
</pin_list>
<bind>
<opcode="store(28) " fcode="store"/>
<opset="store_ln114/2 "/>
</bind>
</comp>

<comp id="1283" class="1004" name="store_ln114_store_fu_1283">
<pin_list>
<pin id="1284" dir="0" index="0" bw="32" slack="0"/>
<pin id="1285" dir="0" index="1" bw="32" slack="1"/>
<pin id="1286" dir="1" index="2" bw="0" slack="2147483647"/>
</pin_list>
<bind>
<opcode="store(28) " fcode="store"/>
<opset="store_ln114/2 "/>
</bind>
</comp>

<comp id="1288" class="1004" name="store_ln114_store_fu_1288">
<pin_list>
<pin id="1289" dir="0" index="0" bw="32" slack="0"/>
<pin id="1290" dir="0" index="1" bw="32" slack="1"/>
<pin id="1291" dir="1" index="2" bw="0" slack="2147483647"/>
</pin_list>
<bind>
<opcode="store(28) " fcode="store"/>
<opset="store_ln114/2 "/>
</bind>
</comp>

<comp id="1293" class="1004" name="store_ln114_store_fu_1293">
<pin_list>
<pin id="1294" dir="0" index="0" bw="32" slack="0"/>
<pin id="1295" dir="0" index="1" bw="32" slack="1"/>
<pin id="1296" dir="1" index="2" bw="0" slack="2147483647"/>
</pin_list>
<bind>
<opcode="store(28) " fcode="store"/>
<opset="store_ln114/2 "/>
</bind>
</comp>

<comp id="1298" class="1004" name="store_ln114_store_fu_1298">
<pin_list>
<pin id="1299" dir="0" index="0" bw="32" slack="0"/>
<pin id="1300" dir="0" index="1" bw="32" slack="1"/>
<pin id="1301" dir="1" index="2" bw="0" slack="2147483647"/>
</pin_list>
<bind>
<opcode="store(28) " fcode="store"/>
<opset="store_ln114/2 "/>
</bind>
</comp>

<comp id="1303" class="1004" name="store_ln114_store_fu_1303">
<pin_list>
<pin id="1304" dir="0" index="0" bw="32" slack="0"/>
<pin id="1305" dir="0" index="1" bw="32" slack="1"/>
<pin id="1306" dir="1" index="2" bw="0" slack="2147483647"/>
</pin_list>
<bind>
<opcode="store(28) " fcode="store"/>
<opset="store_ln114/2 "/>
</bind>
</comp>

<comp id="1308" class="1004" name="store_ln114_store_fu_1308">
<pin_list>
<pin id="1309" dir="0" index="0" bw="32" slack="0"/>
<pin id="1310" dir="0" index="1" bw="32" slack="1"/>
<pin id="1311" dir="1" index="2" bw="0" slack="2147483647"/>
</pin_list>
<bind>
<opcode="store(28) " fcode="store"/>
<opset="store_ln114/2 "/>
</bind>
</comp>

<comp id="1313" class="1004" name="store_ln114_store_fu_1313">
<pin_list>
<pin id="1314" dir="0" index="0" bw="32" slack="0"/>
<pin id="1315" dir="0" index="1" bw="32" slack="1"/>
<pin id="1316" dir="1" index="2" bw="0" slack="2147483647"/>
</pin_list>
<bind>
<opcode="store(28) " fcode="store"/>
<opset="store_ln114/2 "/>
</bind>
</comp>

<comp id="1318" class="1004" name="store_ln114_store_fu_1318">
<pin_list>
<pin id="1319" dir="0" index="0" bw="32" slack="0"/>
<pin id="1320" dir="0" index="1" bw="32" slack="1"/>
<pin id="1321" dir="1" index="2" bw="0" slack="2147483647"/>
</pin_list>
<bind>
<opcode="store(28) " fcode="store"/>
<opset="store_ln114/2 "/>
</bind>
</comp>

<comp id="1323" class="1004" name="store_ln114_store_fu_1323">
<pin_list>
<pin id="1324" dir="0" index="0" bw="32" slack="0"/>
<pin id="1325" dir="0" index="1" bw="32" slack="1"/>
<pin id="1326" dir="1" index="2" bw="0" slack="2147483647"/>
</pin_list>
<bind>
<opcode="store(28) " fcode="store"/>
<opset="store_ln114/2 "/>
</bind>
</comp>

<comp id="1328" class="1004" name="store_ln114_store_fu_1328">
<pin_list>
<pin id="1329" dir="0" index="0" bw="32" slack="0"/>
<pin id="1330" dir="0" index="1" bw="32" slack="1"/>
<pin id="1331" dir="1" index="2" bw="0" slack="2147483647"/>
</pin_list>
<bind>
<opcode="store(28) " fcode="store"/>
<opset="store_ln114/2 "/>
</bind>
</comp>

<comp id="1333" class="1004" name="store_ln133_store_fu_1333">
<pin_list>
<pin id="1334" dir="0" index="0" bw="7" slack="0"/>
<pin id="1335" dir="0" index="1" bw="7" slack="1"/>
<pin id="1336" dir="1" index="2" bw="0" slack="2147483647"/>
</pin_list>
<bind>
<opcode="store(28) " fcode="store"/>
<opset="store_ln133/2 "/>
</bind>
</comp>

<comp id="1338" class="1004" name="h_2_load_fu_1338">
<pin_list>
<pin id="1339" dir="0" index="0" bw="32" slack="2"/>
<pin id="1340" dir="1" index="1" bw="32" slack="0"/>
</pin_list>
<bind>
<opcode="load(27) " fcode="load"/>
<opset="h_2/3 "/>
</bind>
</comp>

<comp id="1342" class="1004" name="g_2_load_fu_1342">
<pin_list>
<pin id="1343" dir="0" index="0" bw="32" slack="2"/>
<pin id="1344" dir="1" index="1" bw="32" slack="0"/>
</pin_list>
<bind>
<opcode="load(27) " fcode="load"/>
<opset="g_2/3 "/>
</bind>
</comp>

<comp id="1346" class="1004" name="f_2_load_fu_1346">
<pin_list>
<pin id="1347" dir="0" index="0" bw="32" slack="2"/>
<pin id="1348" dir="1" index="1" bw="32" slack="0"/>
</pin_list>
<bind>
<opcode="load(27) " fcode="load"/>
<opset="f_2/3 "/>
</bind>
</comp>

<comp id="1350" class="1004" name="d_2_load_fu_1350">
<pin_list>
<pin id="1351" dir="0" index="0" bw="32" slack="2"/>
<pin id="1352" dir="1" index="1" bw="32" slack="0"/>
</pin_list>
<bind>
<opcode="load(27) " fcode="load"/>
<opset="d_2/3 "/>
</bind>
</comp>

<comp id="1354" class="1004" name="c_2_load_fu_1354">
<pin_list>
<pin id="1355" dir="0" index="0" bw="32" slack="2"/>
<pin id="1356" dir="1" index="1" bw="32" slack="0"/>
</pin_list>
<bind>
<opcode="load(27) " fcode="load"/>
<opset="c_2/3 "/>
</bind>
</comp>

<comp id="1358" class="1004" name="b_2_load_fu_1358">
<pin_list>
<pin id="1359" dir="0" index="0" bw="32" slack="2"/>
<pin id="1360" dir="1" index="1" bw="32" slack="0"/>
</pin_list>
<bind>
<opcode="load(27) " fcode="load"/>
<opset="b_2/3 "/>
</bind>
</comp>

<comp id="1362" class="1004" name="h_load_1_load_fu_1362">
<pin_list>
<pin id="1363" dir="0" index="0" bw="32" slack="2"/>
<pin id="1364" dir="1" index="1" bw="32" slack="0"/>
</pin_list>
<bind>
<opcode="load(27) " fcode="load"/>
<opset="h_load_1/3 "/>
</bind>
</comp>

<comp id="1365" class="1004" name="d_load_load_fu_1365">
<pin_list>
<pin id="1366" dir="0" index="0" bw="32" slack="2"/>
<pin id="1367" dir="1" index="1" bw="32" slack="0"/>
</pin_list>
<bind>
<opcode="load(27) " fcode="load"/>
<opset="d_load/3 "/>
</bind>
</comp>

<comp id="1368" class="1004" name="lshr_ln33_3_fu_1368">
<pin_list>
<pin id="1369" dir="0" index="0" bw="26" slack="0"/>
<pin id="1370" dir="0" index="1" bw="32" slack="0"/>
<pin id="1371" dir="0" index="2" bw="4" slack="0"/>
<pin id="1372" dir="0" index="3" bw="6" slack="0"/>
<pin id="1373" dir="1" index="4" bw="26" slack="0"/>
</pin_list>
<bind>
<opcode="partselect(1002) " fcode="partselect"/>
<opset="lshr_ln33_3/3 "/>
</bind>
</comp>

<comp id="1378" class="1004" name="trunc_ln33_4_fu_1378">
<pin_list>
<pin id="1379" dir="0" index="0" bw="32" slack="0"/>
<pin id="1380" dir="1" index="1" bw="6" slack="0"/>
</pin_list>
<bind>
<opcode="trunc(33) " fcode="trunc"/>
<opset="trunc_ln33_4/3 "/>
</bind>
</comp>

<comp id="1382" class="1004" name="lshr_ln33_4_fu_1382">
<pin_list>
<pin id="1383" dir="0" index="0" bw="21" slack="0"/>
<pin id="1384" dir="0" index="1" bw="32" slack="0"/>
<pin id="1385" dir="0" index="2" bw="5" slack="0"/>
<pin id="1386" dir="0" index="3" bw="6" slack="0"/>
<pin id="1387" dir="1" index="4" bw="21" slack="0"/>
</pin_list>
<bind>
<opcode="partselect(1002) " fcode="partselect"/>
<opset="lshr_ln33_4/3 "/>
</bind>
</comp>

<comp id="1392" class="1004" name="trunc_ln33_5_fu_1392">
<pin_list>
<pin id="1393" dir="0" index="0" bw="32" slack="0"/>
<pin id="1394" dir="1" index="1" bw="11" slack="0"/>
</pin_list>
<bind>
<opcode="trunc(33) " fcode="trunc"/>
<opset="trunc_ln33_5/3 "/>
</bind>
</comp>

<comp id="1396" class="1004" name="lshr_ln33_5_fu_1396">
<pin_list>
<pin id="1397" dir="0" index="0" bw="7" slack="0"/>
<pin id="1398" dir="0" index="1" bw="32" slack="0"/>
<pin id="1399" dir="0" index="2" bw="6" slack="0"/>
<pin id="1400" dir="0" index="3" bw="6" slack="0"/>
<pin id="1401" dir="1" index="4" bw="7" slack="0"/>
</pin_list>
<bind>
<opcode="partselect(1002) " fcode="partselect"/>
<opset="lshr_ln33_5/3 "/>
</bind>
</comp>

<comp id="1406" class="1004" name="trunc_ln33_6_fu_1406">
<pin_list>
<pin id="1407" dir="0" index="0" bw="32" slack="0"/>
<pin id="1408" dir="1" index="1" bw="25" slack="0"/>
</pin_list>
<bind>
<opcode="trunc(33) " fcode="trunc"/>
<opset="trunc_ln33_6/3 "/>
</bind>
</comp>

<comp id="1410" class="1004" name="xor_ln173_fu_1410">
<pin_list>
<pin id="1411" dir="0" index="0" bw="32" slack="0"/>
<pin id="1412" dir="0" index="1" bw="1" slack="0"/>
<pin id="1413" dir="1" index="2" bw="32" slack="0"/>
</pin_list>
<bind>
<opcode="xor(25) " fcode="xor"/>
<opset="xor_ln173/3 "/>
</bind>
</comp>

<comp id="1416" class="1004" name="and_ln173_fu_1416">
<pin_list>
<pin id="1417" dir="0" index="0" bw="32" slack="0"/>
<pin id="1418" dir="0" index="1" bw="32" slack="0"/>
<pin id="1419" dir="1" index="2" bw="32" slack="0"/>
</pin_list>
<bind>
<opcode="and(23) " fcode="and"/>
<opset="and_ln173/3 "/>
</bind>
</comp>

<comp id="1422" class="1004" name="and_ln173_1_fu_1422">
<pin_list>
<pin id="1423" dir="0" index="0" bw="32" slack="0"/>
<pin id="1424" dir="0" index="1" bw="32" slack="0"/>
<pin id="1425" dir="1" index="2" bw="32" slack="0"/>
</pin_list>
<bind>
<opcode="and(23) " fcode="and"/>
<opset="and_ln173_1/3 "/>
</bind>
</comp>

<comp id="1428" class="1004" name="or_ln3_fu_1428">
<pin_list>
<pin id="1429" dir="0" index="0" bw="32" slack="0"/>
<pin id="1430" dir="0" index="1" bw="6" slack="0"/>
<pin id="1431" dir="0" index="2" bw="26" slack="0"/>
<pin id="1432" dir="1" index="3" bw="32" slack="0"/>
</pin_list>
<bind>
<opcode="bitconcatenate(1004) " fcode="bitconcatenate"/>
<opset="or_ln3/3 "/>
</bind>
</comp>

<comp id="1436" class="1004" name="or_ln173_3_fu_1436">
<pin_list>
<pin id="1437" dir="0" index="0" bw="32" slack="0"/>
<pin id="1438" dir="0" index="1" bw="11" slack="0"/>
<pin id="1439" dir="0" index="2" bw="21" slack="0"/>
<pin id="1440" dir="1" index="3" bw="32" slack="0"/>
</pin_list>
<bind>
<opcode="bitconcatenate(1004) " fcode="bitconcatenate"/>
<opset="or_ln173_3/3 "/>
</bind>
</comp>

<comp id="1444" class="1004" name="xor_ln173_1_fu_1444">
<pin_list>
<pin id="1445" dir="0" index="0" bw="32" slack="0"/>
<pin id="1446" dir="0" index="1" bw="32" slack="0"/>
<pin id="1447" dir="1" index="2" bw="32" slack="0"/>
</pin_list>
<bind>
<opcode="xor(25) " fcode="xor"/>
<opset="xor_ln173_1/3 "/>
</bind>
</comp>

<comp id="1450" class="1004" name="or_ln173_4_fu_1450">
<pin_list>
<pin id="1451" dir="0" index="0" bw="32" slack="0"/>
<pin id="1452" dir="0" index="1" bw="25" slack="0"/>
<pin id="1453" dir="0" index="2" bw="7" slack="0"/>
<pin id="1454" dir="1" index="3" bw="32" slack="0"/>
</pin_list>
<bind>
<opcode="bitconcatenate(1004) " fcode="bitconcatenate"/>
<opset="or_ln173_4/3 "/>
</bind>
</comp>

<comp id="1458" class="1004" name="xor_ln173_2_fu_1458">
<pin_list>
<pin id="1459" dir="0" index="0" bw="32" slack="0"/>
<pin id="1460" dir="0" index="1" bw="32" slack="0"/>
<pin id="1461" dir="1" index="2" bw="32" slack="0"/>
</pin_list>
<bind>
<opcode="xor(25) " fcode="xor"/>
<opset="xor_ln173_2/3 "/>
</bind>
</comp>

<comp id="1464" class="1004" name="xor_ln173_3_fu_1464">
<pin_list>
<pin id="1465" dir="0" index="0" bw="32" slack="0"/>
<pin id="1466" dir="0" index="1" bw="32" slack="0"/>
<pin id="1467" dir="1" index="2" bw="32" slack="0"/>
</pin_list>
<bind>
<opcode="xor(25) " fcode="xor"/>
<opset="xor_ln173_3/3 "/>
</bind>
</comp>

<comp id="1470" class="1004" name="add_ln173_fu_1470">
<pin_list>
<pin id="1471" dir="0" index="0" bw="32" slack="0"/>
<pin id="1472" dir="0" index="1" bw="32" slack="0"/>
<pin id="1473" dir="1" index="2" bw="32" slack="0"/>
</pin_list>
<bind>
<opcode="add(8) " fcode="add"/>
<opset="add_ln173/3 "/>
</bind>
</comp>

<comp id="1476" class="1004" name="add_ln173_1_fu_1476">
<pin_list>
<pin id="1477" dir="0" index="0" bw="32" slack="0"/>
<pin id="1478" dir="0" index="1" bw="32" slack="0"/>
<pin id="1479" dir="1" index="2" bw="32" slack="0"/>
</pin_list>
<bind>
<opcode="add(8) " fcode="add"/>
<opset="add_ln173_1/3 "/>
</bind>
</comp>

<comp id="1482" class="1004" name="add_ln173_2_fu_1482">
<pin_list>
<pin id="1483" dir="0" index="0" bw="32" slack="0"/>
<pin id="1484" dir="0" index="1" bw="32" slack="0"/>
<pin id="1485" dir="1" index="2" bw="32" slack="0"/>
</pin_list>
<bind>
<opcode="add(8) " fcode="add"/>
<opset="add_ln173_2/3 "/>
</bind>
</comp>

<comp id="1488" class="1004" name="t1_fu_1488">
<pin_list>
<pin id="1489" dir="0" index="0" bw="32" slack="0"/>
<pin id="1490" dir="0" index="1" bw="32" slack="0"/>
<pin id="1491" dir="1" index="2" bw="32" slack="0"/>
</pin_list>
<bind>
<opcode="add(8) " fcode="add"/>
<opset="t1/3 "/>
</bind>
</comp>

<comp id="1494" class="1004" name="lshr_ln33_6_fu_1494">
<pin_list>
<pin id="1495" dir="0" index="0" bw="30" slack="0"/>
<pin id="1496" dir="0" index="1" bw="32" slack="0"/>
<pin id="1497" dir="0" index="2" bw="3" slack="0"/>
<pin id="1498" dir="0" index="3" bw="6" slack="0"/>
<pin id="1499" dir="1" index="4" bw="30" slack="0"/>
</pin_list>
<bind>
<opcode="partselect(1002) " fcode="partselect"/>
<opset="lshr_ln33_6/3 "/>
</bind>
</comp>

<comp id="1504" class="1004" name="trunc_ln33_7_fu_1504">
<pin_list>
<pin id="1505" dir="0" index="0" bw="32" slack="0"/>
<pin id="1506" dir="1" index="1" bw="2" slack="0"/>
</pin_list>
<bind>
<opcode="trunc(33) " fcode="trunc"/>
<opset="trunc_ln33_7/3 "/>
</bind>
</comp>

<comp id="1508" class="1004" name="lshr_ln33_7_fu_1508">
<pin_list>
<pin id="1509" dir="0" index="0" bw="19" slack="0"/>
<pin id="1510" dir="0" index="1" bw="32" slack="0"/>
<pin id="1511" dir="0" index="2" bw="5" slack="0"/>
<pin id="1512" dir="0" index="3" bw="6" slack="0"/>
<pin id="1513" dir="1" index="4" bw="19" slack="0"/>
</pin_list>
<bind>
<opcode="partselect(1002) " fcode="partselect"/>
<opset="lshr_ln33_7/3 "/>
</bind>
</comp>

<comp id="1518" class="1004" name="trunc_ln33_8_fu_1518">
<pin_list>
<pin id="1519" dir="0" index="0" bw="32" slack="0"/>
<pin id="1520" dir="1" index="1" bw="13" slack="0"/>
</pin_list>
<bind>
<opcode="trunc(33) " fcode="trunc"/>
<opset="trunc_ln33_8/3 "/>
</bind>
</comp>

<comp id="1522" class="1004" name="lshr_ln33_8_fu_1522">
<pin_list>
<pin id="1523" dir="0" index="0" bw="10" slack="0"/>
<pin id="1524" dir="0" index="1" bw="32" slack="0"/>
<pin id="1525" dir="0" index="2" bw="6" slack="0"/>
<pin id="1526" dir="0" index="3" bw="6" slack="0"/>
<pin id="1527" dir="1" index="4" bw="10" slack="0"/>
</pin_list>
<bind>
<opcode="partselect(1002) " fcode="partselect"/>
<opset="lshr_ln33_8/3 "/>
</bind>
</comp>

<comp id="1532" class="1004" name="trunc_ln33_9_fu_1532">
<pin_list>
<pin id="1533" dir="0" index="0" bw="32" slack="0"/>
<pin id="1534" dir="1" index="1" bw="22" slack="0"/>
</pin_list>
<bind>
<opcode="trunc(33) " fcode="trunc"/>
<opset="trunc_ln33_9/3 "/>
</bind>
</comp>

<comp id="1536" class="1004" name="e_fu_1536">
<pin_list>
<pin id="1537" dir="0" index="0" bw="32" slack="0"/>
<pin id="1538" dir="0" index="1" bw="32" slack="0"/>
<pin id="1539" dir="1" index="2" bw="32" slack="0"/>
</pin_list>
<bind>
<opcode="add(8) " fcode="add"/>
<opset="e/3 "/>
</bind>
</comp>

<comp id="1542" class="1004" name="xor_ln195_fu_1542">
<pin_list>
<pin id="1543" dir="0" index="0" bw="32" slack="0"/>
<pin id="1544" dir="0" index="1" bw="32" slack="0"/>
<pin id="1545" dir="1" index="2" bw="32" slack="0"/>
</pin_list>
<bind>
<opcode="xor(25) " fcode="xor"/>
<opset="xor_ln195/3 "/>
</bind>
</comp>

<comp id="1548" class="1004" name="and_ln195_fu_1548">
<pin_list>
<pin id="1549" dir="0" index="0" bw="32" slack="0"/>
<pin id="1550" dir="0" index="1" bw="32" slack="0"/>
<pin id="1551" dir="1" index="2" bw="32" slack="0"/>
</pin_list>
<bind>
<opcode="and(23) " fcode="and"/>
<opset="and_ln195/3 "/>
</bind>
</comp>

<comp id="1554" class="1004" name="and_ln195_1_fu_1554">
<pin_list>
<pin id="1555" dir="0" index="0" bw="32" slack="0"/>
<pin id="1556" dir="0" index="1" bw="32" slack="0"/>
<pin id="1557" dir="1" index="2" bw="32" slack="0"/>
</pin_list>
<bind>
<opcode="and(23) " fcode="and"/>
<opset="and_ln195_1/3 "/>
</bind>
</comp>

<comp id="1560" class="1004" name="or_ln4_fu_1560">
<pin_list>
<pin id="1561" dir="0" index="0" bw="32" slack="0"/>
<pin id="1562" dir="0" index="1" bw="2" slack="0"/>
<pin id="1563" dir="0" index="2" bw="30" slack="0"/>
<pin id="1564" dir="1" index="3" bw="32" slack="0"/>
</pin_list>
<bind>
<opcode="bitconcatenate(1004) " fcode="bitconcatenate"/>
<opset="or_ln4/3 "/>
</bind>
</comp>

<comp id="1568" class="1004" name="or_ln195_3_fu_1568">
<pin_list>
<pin id="1569" dir="0" index="0" bw="32" slack="0"/>
<pin id="1570" dir="0" index="1" bw="13" slack="0"/>
<pin id="1571" dir="0" index="2" bw="19" slack="0"/>
<pin id="1572" dir="1" index="3" bw="32" slack="0"/>
</pin_list>
<bind>
<opcode="bitconcatenate(1004) " fcode="bitconcatenate"/>
<opset="or_ln195_3/3 "/>
</bind>
</comp>

<comp id="1576" class="1004" name="xor_ln195_1_fu_1576">
<pin_list>
<pin id="1577" dir="0" index="0" bw="32" slack="0"/>
<pin id="1578" dir="0" index="1" bw="32" slack="0"/>
<pin id="1579" dir="1" index="2" bw="32" slack="0"/>
</pin_list>
<bind>
<opcode="xor(25) " fcode="xor"/>
<opset="xor_ln195_1/3 "/>
</bind>
</comp>

<comp id="1582" class="1004" name="or_ln195_4_fu_1582">
<pin_list>
<pin id="1583" dir="0" index="0" bw="32" slack="0"/>
<pin id="1584" dir="0" index="1" bw="22" slack="0"/>
<pin id="1585" dir="0" index="2" bw="10" slack="0"/>
<pin id="1586" dir="1" index="3" bw="32" slack="0"/>
</pin_list>
<bind>
<opcode="bitconcatenate(1004) " fcode="bitconcatenate"/>
<opset="or_ln195_4/3 "/>
</bind>
</comp>

<comp id="1590" class="1004" name="xor_ln195_2_fu_1590">
<pin_list>
<pin id="1591" dir="0" index="0" bw="32" slack="0"/>
<pin id="1592" dir="0" index="1" bw="32" slack="0"/>
<pin id="1593" dir="1" index="2" bw="32" slack="0"/>
</pin_list>
<bind>
<opcode="xor(25) " fcode="xor"/>
<opset="xor_ln195_2/3 "/>
</bind>
</comp>

<comp id="1596" class="1004" name="xor_ln195_3_fu_1596">
<pin_list>
<pin id="1597" dir="0" index="0" bw="32" slack="0"/>
<pin id="1598" dir="0" index="1" bw="32" slack="0"/>
<pin id="1599" dir="1" index="2" bw="32" slack="0"/>
</pin_list>
<bind>
<opcode="xor(25) " fcode="xor"/>
<opset="xor_ln195_3/3 "/>
</bind>
</comp>

<comp id="1602" class="1004" name="add_ln195_fu_1602">
<pin_list>
<pin id="1603" dir="0" index="0" bw="32" slack="0"/>
<pin id="1604" dir="0" index="1" bw="32" slack="0"/>
<pin id="1605" dir="1" index="2" bw="32" slack="0"/>
</pin_list>
<bind>
<opcode="add(8) " fcode="add"/>
<opset="add_ln195/3 "/>
</bind>
</comp>

<comp id="1608" class="1004" name="a_fu_1608">
<pin_list>
<pin id="1609" dir="0" index="0" bw="32" slack="0"/>
<pin id="1610" dir="0" index="1" bw="32" slack="0"/>
<pin id="1611" dir="1" index="2" bw="32" slack="0"/>
</pin_list>
<bind>
<opcode="add(8) " fcode="add"/>
<opset="a/3 "/>
</bind>
</comp>

<comp id="1614" class="1004" name="store_ln124_store_fu_1614">
<pin_list>
<pin id="1615" dir="0" index="0" bw="32" slack="0"/>
<pin id="1616" dir="0" index="1" bw="32" slack="2"/>
<pin id="1617" dir="1" index="2" bw="0" slack="2147483647"/>
</pin_list>
<bind>
<opcode="store(28) " fcode="store"/>
<opset="store_ln124/3 "/>
</bind>
</comp>

<comp id="1619" class="1004" name="store_ln125_store_fu_1619">
<pin_list>
<pin id="1620" dir="0" index="0" bw="32" slack="0"/>
<pin id="1621" dir="0" index="1" bw="32" slack="2"/>
<pin id="1622" dir="1" index="2" bw="0" slack="2147483647"/>
</pin_list>
<bind>
<opcode="store(28) " fcode="store"/>
<opset="store_ln125/3 "/>
</bind>
</comp>

<comp id="1624" class="1004" name="store_ln126_store_fu_1624">
<pin_list>
<pin id="1625" dir="0" index="0" bw="32" slack="0"/>
<pin id="1626" dir="0" index="1" bw="32" slack="2"/>
<pin id="1627" dir="1" index="2" bw="0" slack="2147483647"/>
</pin_list>
<bind>
<opcode="store(28) " fcode="store"/>
<opset="store_ln126/3 "/>
</bind>
</comp>

<comp id="1629" class="1004" name="store_ln128_store_fu_1629">
<pin_list>
<pin id="1630" dir="0" index="0" bw="32" slack="0"/>
<pin id="1631" dir="0" index="1" bw="32" slack="2"/>
<pin id="1632" dir="1" index="2" bw="0" slack="2147483647"/>
</pin_list>
<bind>
<opcode="store(28) " fcode="store"/>
<opset="store_ln128/3 "/>
</bind>
</comp>

<comp id="1634" class="1004" name="store_ln129_store_fu_1634">
<pin_list>
<pin id="1635" dir="0" index="0" bw="32" slack="0"/>
<pin id="1636" dir="0" index="1" bw="32" slack="2"/>
<pin id="1637" dir="1" index="2" bw="0" slack="2147483647"/>
</pin_list>
<bind>
<opcode="store(28) " fcode="store"/>
<opset="store_ln129/3 "/>
</bind>
</comp>

<comp id="1639" class="1004" name="store_ln130_store_fu_1639">
<pin_list>
<pin id="1640" dir="0" index="0" bw="32" slack="0"/>
<pin id="1641" dir="0" index="1" bw="32" slack="2"/>
<pin id="1642" dir="1" index="2" bw="0" slack="2147483647"/>
</pin_list>
<bind>
<opcode="store(28) " fcode="store"/>
<opset="store_ln130/3 "/>
</bind>
</comp>

<comp id="1644" class="1004" name="store_ln126_store_fu_1644">
<pin_list>
<pin id="1645" dir="0" index="0" bw="32" slack="0"/>
<pin id="1646" dir="0" index="1" bw="32" slack="2"/>
<pin id="1647" dir="1" index="2" bw="0" slack="2147483647"/>
</pin_list>
<bind>
<opcode="store(28) " fcode="store"/>
<opset="store_ln126/3 "/>
</bind>
</comp>

<comp id="1649" class="1004" name="store_ln130_store_fu_1649">
<pin_list>
<pin id="1650" dir="0" index="0" bw="32" slack="0"/>
<pin id="1651" dir="0" index="1" bw="32" slack="2"/>
<pin id="1652" dir="1" index="2" bw="0" slack="2147483647"/>
</pin_list>
<bind>
<opcode="store(28) " fcode="store"/>
<opset="store_ln130/3 "/>
</bind>
</comp>

<comp id="1654" class="1004" name="h_load_load_fu_1654">
<pin_list>
<pin id="1655" dir="0" index="0" bw="32" slack="2"/>
<pin id="1656" dir="1" index="1" bw="32" slack="0"/>
</pin_list>
<bind>
<opcode="load(27) " fcode="load"/>
<opset="h_load/3 "/>
</bind>
</comp>

<comp id="1658" class="1004" name="d_load_1_load_fu_1658">
<pin_list>
<pin id="1659" dir="0" index="0" bw="32" slack="2"/>
<pin id="1660" dir="1" index="1" bw="32" slack="0"/>
</pin_list>
<bind>
<opcode="load(27) " fcode="load"/>
<opset="d_load_1/3 "/>
</bind>
</comp>

<comp id="1662" class="1005" name="h_reg_1662">
<pin_list>
<pin id="1663" dir="0" index="0" bw="32" slack="0"/>
<pin id="1664" dir="1" index="1" bw="32" slack="0"/>
</pin_list>
<bind>
<opset="h "/>
</bind>
</comp>

<comp id="1670" class="1005" name="d_reg_1670">
<pin_list>
<pin id="1671" dir="0" index="0" bw="32" slack="0"/>
<pin id="1672" dir="1" index="1" bw="32" slack="0"/>
</pin_list>
<bind>
<opset="d "/>
</bind>
</comp>

<comp id="1678" class="1005" name="i_reg_1678">
<pin_list>
<pin id="1679" dir="0" index="0" bw="7" slack="0"/>
<pin id="1680" dir="1" index="1" bw="7" slack="0"/>
</pin_list>
<bind>
<opset="i "/>
</bind>
</comp>

<comp id="1685" class="1005" name="w_reg_1685">
<pin_list>
<pin id="1686" dir="0" index="0" bw="32" slack="0"/>
<pin id="1687" dir="1" index="1" bw="32" slack="0"/>
</pin_list>
<bind>
<opset="w "/>
</bind>
</comp>

<comp id="1692" class="1005" name="w_1_reg_1692">
<pin_list>
<pin id="1693" dir="0" index="0" bw="32" slack="0"/>
<pin id="1694" dir="1" index="1" bw="32" slack="0"/>
</pin_list>
<bind>
<opset="w_1 "/>
</bind>
</comp>

<comp id="1699" class="1005" name="w_2_reg_1699">
<pin_list>
<pin id="1700" dir="0" index="0" bw="32" slack="0"/>
<pin id="1701" dir="1" index="1" bw="32" slack="0"/>
</pin_list>
<bind>
<opset="w_2 "/>
</bind>
</comp>

<comp id="1706" class="1005" name="w_3_reg_1706">
<pin_list>
<pin id="1707" dir="0" index="0" bw="32" slack="0"/>
<pin id="1708" dir="1" index="1" bw="32" slack="0"/>
</pin_list>
<bind>
<opset="w_3 "/>
</bind>
</comp>

<comp id="1713" class="1005" name="w_4_reg_1713">
<pin_list>
<pin id="1714" dir="0" index="0" bw="32" slack="0"/>
<pin id="1715" dir="1" index="1" bw="32" slack="0"/>
</pin_list>
<bind>
<opset="w_4 "/>
</bind>
</comp>

<comp id="1720" class="1005" name="w_5_reg_1720">
<pin_list>
<pin id="1721" dir="0" index="0" bw="32" slack="0"/>
<pin id="1722" dir="1" index="1" bw="32" slack="0"/>
</pin_list>
<bind>
<opset="w_5 "/>
</bind>
</comp>

<comp id="1727" class="1005" name="w_6_reg_1727">
<pin_list>
<pin id="1728" dir="0" index="0" bw="32" slack="0"/>
<pin id="1729" dir="1" index="1" bw="32" slack="0"/>
</pin_list>
<bind>
<opset="w_6 "/>
</bind>
</comp>

<comp id="1734" class="1005" name="w_7_reg_1734">
<pin_list>
<pin id="1735" dir="0" index="0" bw="32" slack="0"/>
<pin id="1736" dir="1" index="1" bw="32" slack="0"/>
</pin_list>
<bind>
<opset="w_7 "/>
</bind>
</comp>

<comp id="1741" class="1005" name="w_8_reg_1741">
<pin_list>
<pin id="1742" dir="0" index="0" bw="32" slack="0"/>
<pin id="1743" dir="1" index="1" bw="32" slack="0"/>
</pin_list>
<bind>
<opset="w_8 "/>
</bind>
</comp>

<comp id="1748" class="1005" name="w_9_reg_1748">
<pin_list>
<pin id="1749" dir="0" index="0" bw="32" slack="0"/>
<pin id="1750" dir="1" index="1" bw="32" slack="0"/>
</pin_list>
<bind>
<opset="w_9 "/>
</bind>
</comp>

<comp id="1755" class="1005" name="w_10_reg_1755">
<pin_list>
<pin id="1756" dir="0" index="0" bw="32" slack="0"/>
<pin id="1757" dir="1" index="1" bw="32" slack="0"/>
</pin_list>
<bind>
<opset="w_10 "/>
</bind>
</comp>

<comp id="1762" class="1005" name="w_11_reg_1762">
<pin_list>
<pin id="1763" dir="0" index="0" bw="32" slack="0"/>
<pin id="1764" dir="1" index="1" bw="32" slack="0"/>
</pin_list>
<bind>
<opset="w_11 "/>
</bind>
</comp>

<comp id="1769" class="1005" name="w_12_reg_1769">
<pin_list>
<pin id="1770" dir="0" index="0" bw="32" slack="0"/>
<pin id="1771" dir="1" index="1" bw="32" slack="0"/>
</pin_list>
<bind>
<opset="w_12 "/>
</bind>
</comp>

<comp id="1776" class="1005" name="w_13_reg_1776">
<pin_list>
<pin id="1777" dir="0" index="0" bw="32" slack="0"/>
<pin id="1778" dir="1" index="1" bw="32" slack="0"/>
</pin_list>
<bind>
<opset="w_13 "/>
</bind>
</comp>

<comp id="1783" class="1005" name="w_14_reg_1783">
<pin_list>
<pin id="1784" dir="0" index="0" bw="32" slack="0"/>
<pin id="1785" dir="1" index="1" bw="32" slack="0"/>
</pin_list>
<bind>
<opset="w_14 "/>
</bind>
</comp>

<comp id="1790" class="1005" name="w_15_reg_1790">
<pin_list>
<pin id="1791" dir="0" index="0" bw="32" slack="0"/>
<pin id="1792" dir="1" index="1" bw="32" slack="0"/>
</pin_list>
<bind>
<opset="w_15 "/>
</bind>
</comp>

<comp id="1797" class="1005" name="h_1_reg_1797">
<pin_list>
<pin id="1798" dir="0" index="0" bw="32" slack="0"/>
<pin id="1799" dir="1" index="1" bw="32" slack="0"/>
</pin_list>
<bind>
<opset="h_1 "/>
</bind>
</comp>

<comp id="1804" class="1005" name="g_reg_1804">
<pin_list>
<pin id="1805" dir="0" index="0" bw="32" slack="0"/>
<pin id="1806" dir="1" index="1" bw="32" slack="0"/>
</pin_list>
<bind>
<opset="g "/>
</bind>
</comp>

<comp id="1811" class="1005" name="f_reg_1811">
<pin_list>
<pin id="1812" dir="0" index="0" bw="32" slack="0"/>
<pin id="1813" dir="1" index="1" bw="32" slack="0"/>
</pin_list>
<bind>
<opset="f "/>
</bind>
</comp>

<comp id="1818" class="1005" name="d_1_reg_1818">
<pin_list>
<pin id="1819" dir="0" index="0" bw="32" slack="0"/>
<pin id="1820" dir="1" index="1" bw="32" slack="0"/>
</pin_list>
<bind>
<opset="d_1 "/>
</bind>
</comp>

<comp id="1825" class="1005" name="c_reg_1825">
<pin_list>
<pin id="1826" dir="0" index="0" bw="32" slack="0"/>
<pin id="1827" dir="1" index="1" bw="32" slack="0"/>
</pin_list>
<bind>
<opset="c "/>
</bind>
</comp>

<comp id="1832" class="1005" name="b_reg_1832">
<pin_list>
<pin id="1833" dir="0" index="0" bw="32" slack="0"/>
<pin id="1834" dir="1" index="1" bw="32" slack="0"/>
</pin_list>
<bind>
<opset="b "/>
</bind>
</comp>

<comp id="1839" class="1005" name="icmp_ln133_reg_1839">
<pin_list>
<pin id="1840" dir="0" index="0" bw="1" slack="1"/>
<pin id="1841" dir="1" index="1" bw="1" slack="2147483647"/>
</pin_list>
<bind>
<opset="icmp_ln133 "/>
</bind>
</comp>

<comp id="1843" class="1005" name="trunc_ln133_reg_1843">
<pin_list>
<pin id="1844" dir="0" index="0" bw="4" slack="1"/>
<pin id="1845" dir="1" index="1" bw="4" slack="2147483647"/>
</pin_list>
<bind>
<opset="trunc_ln133 "/>
</bind>
</comp>

<comp id="1847" class="1005" name="icmp_ln138_reg_1847">
<pin_list>
<pin id="1848" dir="0" index="0" bw="1" slack="1"/>
<pin id="1849" dir="1" index="1" bw="1" slack="2147483647"/>
</pin_list>
<bind>
<opset="icmp_ln138 "/>
</bind>
</comp>

<comp id="1851" class="1005" name="wt_3_reg_1851">
<pin_list>
<pin id="1852" dir="0" index="0" bw="32" slack="1"/>
<pin id="1853" dir="1" index="1" bw="32" slack="1"/>
</pin_list>
<bind>
<opset="wt_3 "/>
</bind>
</comp>

<comp id="1871" class="1005" name="wt_reg_1871">
<pin_list>
<pin id="1872" dir="0" index="0" bw="32" slack="1"/>
<pin id="1873" dir="1" index="1" bw="32" slack="1"/>
</pin_list>
<bind>
<opset="wt "/>
</bind>
</comp>

<comp id="1876" class="1005" name="K_addr_reg_1876">
<pin_list>
<pin id="1877" dir="0" index="0" bw="6" slack="1"/>
<pin id="1878" dir="1" index="1" bw="6" slack="1"/>
</pin_list>
<bind>
<opset="K_addr "/>
</bind>
</comp>

</comp_list>

<net_list>
<net id="211"><net_src comp="66" pin="0"/><net_sink comp="208" pin=0"/></net>

<net id="215"><net_src comp="66" pin="0"/><net_sink comp="212" pin=0"/></net>

<net id="219"><net_src comp="66" pin="0"/><net_sink comp="216" pin=0"/></net>

<net id="223"><net_src comp="66" pin="0"/><net_sink comp="220" pin=0"/></net>

<net id="227"><net_src comp="66" pin="0"/><net_sink comp="224" pin=0"/></net>

<net id="231"><net_src comp="66" pin="0"/><net_sink comp="228" pin=0"/></net>

<net id="235"><net_src comp="66" pin="0"/><net_sink comp="232" pin=0"/></net>

<net id="239"><net_src comp="66" pin="0"/><net_sink comp="236" pin=0"/></net>

<net id="243"><net_src comp="66" pin="0"/><net_sink comp="240" pin=0"/></net>

<net id="247"><net_src comp="66" pin="0"/><net_sink comp="244" pin=0"/></net>

<net id="251"><net_src comp="66" pin="0"/><net_sink comp="248" pin=0"/></net>

<net id="255"><net_src comp="66" pin="0"/><net_sink comp="252" pin=0"/></net>

<net id="259"><net_src comp="66" pin="0"/><net_sink comp="256" pin=0"/></net>

<net id="263"><net_src comp="66" pin="0"/><net_sink comp="260" pin=0"/></net>

<net id="267"><net_src comp="66" pin="0"/><net_sink comp="264" pin=0"/></net>

<net id="271"><net_src comp="66" pin="0"/><net_sink comp="268" pin=0"/></net>

<net id="275"><net_src comp="66" pin="0"/><net_sink comp="272" pin=0"/></net>

<net id="279"><net_src comp="66" pin="0"/><net_sink comp="276" pin=0"/></net>

<net id="283"><net_src comp="66" pin="0"/><net_sink comp="280" pin=0"/></net>

<net id="287"><net_src comp="66" pin="0"/><net_sink comp="284" pin=0"/></net>

<net id="291"><net_src comp="66" pin="0"/><net_sink comp="288" pin=0"/></net>

<net id="295"><net_src comp="66" pin="0"/><net_sink comp="292" pin=0"/></net>

<net id="299"><net_src comp="66" pin="0"/><net_sink comp="296" pin=0"/></net>

<net id="303"><net_src comp="66" pin="0"/><net_sink comp="300" pin=0"/></net>

<net id="307"><net_src comp="66" pin="0"/><net_sink comp="304" pin=0"/></net>

<net id="312"><net_src comp="68" pin="0"/><net_sink comp="308" pin=0"/></net>

<net id="313"><net_src comp="46" pin="0"/><net_sink comp="308" pin=1"/></net>

<net id="318"><net_src comp="68" pin="0"/><net_sink comp="314" pin=0"/></net>

<net id="319"><net_src comp="44" pin="0"/><net_sink comp="314" pin=1"/></net>

<net id="324"><net_src comp="68" pin="0"/><net_sink comp="320" pin=0"/></net>

<net id="325"><net_src comp="42" pin="0"/><net_sink comp="320" pin=1"/></net>

<net id="330"><net_src comp="68" pin="0"/><net_sink comp="326" pin=0"/></net>

<net id="331"><net_src comp="40" pin="0"/><net_sink comp="326" pin=1"/></net>

<net id="336"><net_src comp="68" pin="0"/><net_sink comp="332" pin=0"/></net>

<net id="337"><net_src comp="38" pin="0"/><net_sink comp="332" pin=1"/></net>

<net id="342"><net_src comp="68" pin="0"/><net_sink comp="338" pin=0"/></net>

<net id="343"><net_src comp="36" pin="0"/><net_sink comp="338" pin=1"/></net>

<net id="348"><net_src comp="68" pin="0"/><net_sink comp="344" pin=0"/></net>

<net id="349"><net_src comp="34" pin="0"/><net_sink comp="344" pin=1"/></net>

<net id="354"><net_src comp="68" pin="0"/><net_sink comp="350" pin=0"/></net>

<net id="355"><net_src comp="32" pin="0"/><net_sink comp="350" pin=1"/></net>

<net id="360"><net_src comp="68" pin="0"/><net_sink comp="356" pin=0"/></net>

<net id="361"><net_src comp="30" pin="0"/><net_sink comp="356" pin=1"/></net>

<net id="366"><net_src comp="68" pin="0"/><net_sink comp="362" pin=0"/></net>

<net id="367"><net_src comp="28" pin="0"/><net_sink comp="362" pin=1"/></net>

<net id="372"><net_src comp="68" pin="0"/><net_sink comp="368" pin=0"/></net>

<net id="373"><net_src comp="26" pin="0"/><net_sink comp="368" pin=1"/></net>

<net id="378"><net_src comp="68" pin="0"/><net_sink comp="374" pin=0"/></net>

<net id="379"><net_src comp="24" pin="0"/><net_sink comp="374" pin=1"/></net>

<net id="384"><net_src comp="68" pin="0"/><net_sink comp="380" pin=0"/></net>

<net id="385"><net_src comp="22" pin="0"/><net_sink comp="380" pin=1"/></net>

<net id="390"><net_src comp="68" pin="0"/><net_sink comp="386" pin=0"/></net>

<net id="391"><net_src comp="20" pin="0"/><net_sink comp="386" pin=1"/></net>

<net id="396"><net_src comp="68" pin="0"/><net_sink comp="392" pin=0"/></net>

<net id="397"><net_src comp="18" pin="0"/><net_sink comp="392" pin=1"/></net>

<net id="402"><net_src comp="68" pin="0"/><net_sink comp="398" pin=0"/></net>

<net id="403"><net_src comp="16" pin="0"/><net_sink comp="398" pin=1"/></net>

<net id="408"><net_src comp="68" pin="0"/><net_sink comp="404" pin=0"/></net>

<net id="409"><net_src comp="14" pin="0"/><net_sink comp="404" pin=1"/></net>

<net id="414"><net_src comp="68" pin="0"/><net_sink comp="410" pin=0"/></net>

<net id="415"><net_src comp="12" pin="0"/><net_sink comp="410" pin=1"/></net>

<net id="420"><net_src comp="68" pin="0"/><net_sink comp="416" pin=0"/></net>

<net id="421"><net_src comp="10" pin="0"/><net_sink comp="416" pin=1"/></net>

<net id="426"><net_src comp="68" pin="0"/><net_sink comp="422" pin=0"/></net>

<net id="427"><net_src comp="8" pin="0"/><net_sink comp="422" pin=1"/></net>

<net id="432"><net_src comp="68" pin="0"/><net_sink comp="428" pin=0"/></net>

<net id="433"><net_src comp="6" pin="0"/><net_sink comp="428" pin=1"/></net>

<net id="438"><net_src comp="68" pin="0"/><net_sink comp="434" pin=0"/></net>

<net id="439"><net_src comp="4" pin="0"/><net_sink comp="434" pin=1"/></net>

<net id="444"><net_src comp="68" pin="0"/><net_sink comp="440" pin=0"/></net>

<net id="445"><net_src comp="2" pin="0"/><net_sink comp="440" pin=1"/></net>

<net id="450"><net_src comp="68" pin="0"/><net_sink comp="446" pin=0"/></net>

<net id="451"><net_src comp="0" pin="0"/><net_sink comp="446" pin=1"/></net>

<net id="457"><net_src comp="206" pin="0"/><net_sink comp="452" pin=0"/></net>

<net id="458"><net_src comp="48" pin="0"/><net_sink comp="452" pin=1"/></net>

<net id="464"><net_src comp="206" pin="0"/><net_sink comp="459" pin=0"/></net>

<net id="465"><net_src comp="50" pin="0"/><net_sink comp="459" pin=1"/></net>

<net id="471"><net_src comp="206" pin="0"/><net_sink comp="466" pin=0"/></net>

<net id="472"><net_src comp="52" pin="0"/><net_sink comp="466" pin=1"/></net>

<net id="478"><net_src comp="206" pin="0"/><net_sink comp="473" pin=0"/></net>

<net id="479"><net_src comp="54" pin="0"/><net_sink comp="473" pin=1"/></net>

<net id="485"><net_src comp="206" pin="0"/><net_sink comp="480" pin=0"/></net>

<net id="486"><net_src comp="56" pin="0"/><net_sink comp="480" pin=1"/></net>

<net id="492"><net_src comp="206" pin="0"/><net_sink comp="487" pin=0"/></net>

<net id="493"><net_src comp="58" pin="0"/><net_sink comp="487" pin=1"/></net>

<net id="499"><net_src comp="206" pin="0"/><net_sink comp="494" pin=0"/></net>

<net id="500"><net_src comp="60" pin="0"/><net_sink comp="494" pin=1"/></net>

<net id="506"><net_src comp="206" pin="0"/><net_sink comp="501" pin=0"/></net>

<net id="507"><net_src comp="62" pin="0"/><net_sink comp="501" pin=1"/></net>

<net id="513"><net_src comp="64" pin="0"/><net_sink comp="508" pin=0"/></net>

<net id="514"><net_src comp="170" pin="0"/><net_sink comp="508" pin=1"/></net>

<net id="520"><net_src comp="508" pin="3"/><net_sink comp="515" pin=0"/></net>

<net id="597"><net_src comp="100" pin="0"/><net_sink comp="560" pin=0"/></net>

<net id="598"><net_src comp="104" pin="0"/><net_sink comp="560" pin=1"/></net>

<net id="599"><net_src comp="106" pin="0"/><net_sink comp="560" pin=3"/></net>

<net id="600"><net_src comp="108" pin="0"/><net_sink comp="560" pin=5"/></net>

<net id="601"><net_src comp="110" pin="0"/><net_sink comp="560" pin=7"/></net>

<net id="602"><net_src comp="112" pin="0"/><net_sink comp="560" pin=9"/></net>

<net id="603"><net_src comp="114" pin="0"/><net_sink comp="560" pin=11"/></net>

<net id="604"><net_src comp="116" pin="0"/><net_sink comp="560" pin=13"/></net>

<net id="605"><net_src comp="118" pin="0"/><net_sink comp="560" pin=15"/></net>

<net id="606"><net_src comp="120" pin="0"/><net_sink comp="560" pin=17"/></net>

<net id="607"><net_src comp="122" pin="0"/><net_sink comp="560" pin=19"/></net>

<net id="608"><net_src comp="124" pin="0"/><net_sink comp="560" pin=21"/></net>

<net id="609"><net_src comp="126" pin="0"/><net_sink comp="560" pin=23"/></net>

<net id="610"><net_src comp="128" pin="0"/><net_sink comp="560" pin=25"/></net>

<net id="611"><net_src comp="130" pin="0"/><net_sink comp="560" pin=27"/></net>

<net id="612"><net_src comp="132" pin="0"/><net_sink comp="560" pin=29"/></net>

<net id="613"><net_src comp="102" pin="0"/><net_sink comp="560" pin=31"/></net>

<net id="614"><net_src comp="134" pin="0"/><net_sink comp="560" pin=33"/></net>

<net id="619"><net_src comp="350" pin="2"/><net_sink comp="615" pin=0"/></net>

<net id="624"><net_src comp="344" pin="2"/><net_sink comp="620" pin=0"/></net>

<net id="629"><net_src comp="338" pin="2"/><net_sink comp="625" pin=0"/></net>

<net id="634"><net_src comp="326" pin="2"/><net_sink comp="630" pin=0"/></net>

<net id="639"><net_src comp="320" pin="2"/><net_sink comp="635" pin=0"/></net>

<net id="644"><net_src comp="314" pin="2"/><net_sink comp="640" pin=0"/></net>

<net id="649"><net_src comp="446" pin="2"/><net_sink comp="645" pin=0"/></net>

<net id="654"><net_src comp="440" pin="2"/><net_sink comp="650" pin=0"/></net>

<net id="659"><net_src comp="434" pin="2"/><net_sink comp="655" pin=0"/></net>

<net id="664"><net_src comp="428" pin="2"/><net_sink comp="660" pin=0"/></net>

<net id="669"><net_src comp="422" pin="2"/><net_sink comp="665" pin=0"/></net>

<net id="674"><net_src comp="416" pin="2"/><net_sink comp="670" pin=0"/></net>

<net id="679"><net_src comp="410" pin="2"/><net_sink comp="675" pin=0"/></net>

<net id="684"><net_src comp="404" pin="2"/><net_sink comp="680" pin=0"/></net>

<net id="689"><net_src comp="398" pin="2"/><net_sink comp="685" pin=0"/></net>

<net id="694"><net_src comp="392" pin="2"/><net_sink comp="690" pin=0"/></net>

<net id="699"><net_src comp="386" pin="2"/><net_sink comp="695" pin=0"/></net>

<net id="704"><net_src comp="380" pin="2"/><net_sink comp="700" pin=0"/></net>

<net id="709"><net_src comp="374" pin="2"/><net_sink comp="705" pin=0"/></net>

<net id="714"><net_src comp="368" pin="2"/><net_sink comp="710" pin=0"/></net>

<net id="719"><net_src comp="362" pin="2"/><net_sink comp="715" pin=0"/></net>

<net id="724"><net_src comp="356" pin="2"/><net_sink comp="720" pin=0"/></net>

<net id="729"><net_src comp="70" pin="0"/><net_sink comp="725" pin=0"/></net>

<net id="734"><net_src comp="332" pin="2"/><net_sink comp="730" pin=0"/></net>

<net id="739"><net_src comp="308" pin="2"/><net_sink comp="735" pin=0"/></net>

<net id="747"><net_src comp="740" pin="1"/><net_sink comp="743" pin=0"/></net>

<net id="748"><net_src comp="72" pin="0"/><net_sink comp="743" pin=1"/></net>

<net id="753"><net_src comp="740" pin="1"/><net_sink comp="749" pin=0"/></net>

<net id="754"><net_src comp="74" pin="0"/><net_sink comp="749" pin=1"/></net>

<net id="758"><net_src comp="740" pin="1"/><net_sink comp="755" pin=0"/></net>

<net id="759"><net_src comp="755" pin="1"/><net_sink comp="508" pin=2"/></net>

<net id="763"><net_src comp="740" pin="1"/><net_sink comp="760" pin=0"/></net>

<net id="764"><net_src comp="760" pin="1"/><net_sink comp="560" pin=34"/></net>

<net id="771"><net_src comp="92" pin="0"/><net_sink comp="765" pin=0"/></net>

<net id="772"><net_src comp="740" pin="1"/><net_sink comp="765" pin=1"/></net>

<net id="773"><net_src comp="94" pin="0"/><net_sink comp="765" pin=2"/></net>

<net id="774"><net_src comp="96" pin="0"/><net_sink comp="765" pin=3"/></net>

<net id="779"><net_src comp="765" pin="4"/><net_sink comp="775" pin=0"/></net>

<net id="780"><net_src comp="98" pin="0"/><net_sink comp="775" pin=1"/></net>

<net id="784"><net_src comp="781" pin="1"/><net_sink comp="560" pin=2"/></net>

<net id="788"><net_src comp="785" pin="1"/><net_sink comp="560" pin=4"/></net>

<net id="792"><net_src comp="789" pin="1"/><net_sink comp="560" pin=6"/></net>

<net id="796"><net_src comp="793" pin="1"/><net_sink comp="560" pin=8"/></net>

<net id="800"><net_src comp="797" pin="1"/><net_sink comp="560" pin=10"/></net>

<net id="804"><net_src comp="801" pin="1"/><net_sink comp="560" pin=12"/></net>

<net id="808"><net_src comp="805" pin="1"/><net_sink comp="560" pin=14"/></net>

<net id="812"><net_src comp="809" pin="1"/><net_sink comp="560" pin=16"/></net>

<net id="816"><net_src comp="813" pin="1"/><net_sink comp="560" pin=18"/></net>

<net id="820"><net_src comp="817" pin="1"/><net_sink comp="560" pin=20"/></net>

<net id="824"><net_src comp="821" pin="1"/><net_sink comp="560" pin=22"/></net>

<net id="828"><net_src comp="825" pin="1"/><net_sink comp="560" pin=24"/></net>

<net id="832"><net_src comp="829" pin="1"/><net_sink comp="560" pin=26"/></net>

<net id="836"><net_src comp="833" pin="1"/><net_sink comp="560" pin=28"/></net>

<net id="840"><net_src comp="837" pin="1"/><net_sink comp="560" pin=30"/></net>

<net id="844"><net_src comp="841" pin="1"/><net_sink comp="560" pin=32"/></net>

<net id="882"><net_src comp="100" pin="0"/><net_sink comp="845" pin=0"/></net>

<net id="883"><net_src comp="102" pin="0"/><net_sink comp="845" pin=1"/></net>

<net id="884"><net_src comp="781" pin="1"/><net_sink comp="845" pin=2"/></net>

<net id="885"><net_src comp="104" pin="0"/><net_sink comp="845" pin=3"/></net>

<net id="886"><net_src comp="785" pin="1"/><net_sink comp="845" pin=4"/></net>

<net id="887"><net_src comp="106" pin="0"/><net_sink comp="845" pin=5"/></net>

<net id="888"><net_src comp="789" pin="1"/><net_sink comp="845" pin=6"/></net>

<net id="889"><net_src comp="108" pin="0"/><net_sink comp="845" pin=7"/></net>

<net id="890"><net_src comp="793" pin="1"/><net_sink comp="845" pin=8"/></net>

<net id="891"><net_src comp="110" pin="0"/><net_sink comp="845" pin=9"/></net>

<net id="892"><net_src comp="797" pin="1"/><net_sink comp="845" pin=10"/></net>

<net id="893"><net_src comp="112" pin="0"/><net_sink comp="845" pin=11"/></net>

<net id="894"><net_src comp="801" pin="1"/><net_sink comp="845" pin=12"/></net>

<net id="895"><net_src comp="114" pin="0"/><net_sink comp="845" pin=13"/></net>

<net id="896"><net_src comp="805" pin="1"/><net_sink comp="845" pin=14"/></net>

<net id="897"><net_src comp="116" pin="0"/><net_sink comp="845" pin=15"/></net>

<net id="898"><net_src comp="809" pin="1"/><net_sink comp="845" pin=16"/></net>

<net id="899"><net_src comp="118" pin="0"/><net_sink comp="845" pin=17"/></net>

<net id="900"><net_src comp="813" pin="1"/><net_sink comp="845" pin=18"/></net>

<net id="901"><net_src comp="120" pin="0"/><net_sink comp="845" pin=19"/></net>

<net id="902"><net_src comp="817" pin="1"/><net_sink comp="845" pin=20"/></net>

<net id="903"><net_src comp="122" pin="0"/><net_sink comp="845" pin=21"/></net>

<net id="904"><net_src comp="821" pin="1"/><net_sink comp="845" pin=22"/></net>

<net id="905"><net_src comp="124" pin="0"/><net_sink comp="845" pin=23"/></net>

<net id="906"><net_src comp="825" pin="1"/><net_sink comp="845" pin=24"/></net>

<net id="907"><net_src comp="126" pin="0"/><net_sink comp="845" pin=25"/></net>

<net id="908"><net_src comp="829" pin="1"/><net_sink comp="845" pin=26"/></net>

<net id="909"><net_src comp="128" pin="0"/><net_sink comp="845" pin=27"/></net>

<net id="910"><net_src comp="833" pin="1"/><net_sink comp="845" pin=28"/></net>

<net id="911"><net_src comp="130" pin="0"/><net_sink comp="845" pin=29"/></net>

<net id="912"><net_src comp="837" pin="1"/><net_sink comp="845" pin=30"/></net>

<net id="913"><net_src comp="132" pin="0"/><net_sink comp="845" pin=31"/></net>

<net id="914"><net_src comp="841" pin="1"/><net_sink comp="845" pin=32"/></net>

<net id="915"><net_src comp="134" pin="0"/><net_sink comp="845" pin=33"/></net>

<net id="916"><net_src comp="760" pin="1"/><net_sink comp="845" pin=34"/></net>

<net id="954"><net_src comp="100" pin="0"/><net_sink comp="917" pin=0"/></net>

<net id="955"><net_src comp="108" pin="0"/><net_sink comp="917" pin=1"/></net>

<net id="956"><net_src comp="781" pin="1"/><net_sink comp="917" pin=2"/></net>

<net id="957"><net_src comp="110" pin="0"/><net_sink comp="917" pin=3"/></net>

<net id="958"><net_src comp="785" pin="1"/><net_sink comp="917" pin=4"/></net>

<net id="959"><net_src comp="112" pin="0"/><net_sink comp="917" pin=5"/></net>

<net id="960"><net_src comp="789" pin="1"/><net_sink comp="917" pin=6"/></net>

<net id="961"><net_src comp="114" pin="0"/><net_sink comp="917" pin=7"/></net>

<net id="962"><net_src comp="793" pin="1"/><net_sink comp="917" pin=8"/></net>

<net id="963"><net_src comp="116" pin="0"/><net_sink comp="917" pin=9"/></net>

<net id="964"><net_src comp="797" pin="1"/><net_sink comp="917" pin=10"/></net>

<net id="965"><net_src comp="118" pin="0"/><net_sink comp="917" pin=11"/></net>

<net id="966"><net_src comp="801" pin="1"/><net_sink comp="917" pin=12"/></net>

<net id="967"><net_src comp="120" pin="0"/><net_sink comp="917" pin=13"/></net>

<net id="968"><net_src comp="805" pin="1"/><net_sink comp="917" pin=14"/></net>

<net id="969"><net_src comp="122" pin="0"/><net_sink comp="917" pin=15"/></net>

<net id="970"><net_src comp="809" pin="1"/><net_sink comp="917" pin=16"/></net>

<net id="971"><net_src comp="124" pin="0"/><net_sink comp="917" pin=17"/></net>

<net id="972"><net_src comp="813" pin="1"/><net_sink comp="917" pin=18"/></net>

<net id="973"><net_src comp="126" pin="0"/><net_sink comp="917" pin=19"/></net>

<net id="974"><net_src comp="817" pin="1"/><net_sink comp="917" pin=20"/></net>

<net id="975"><net_src comp="128" pin="0"/><net_sink comp="917" pin=21"/></net>

<net id="976"><net_src comp="821" pin="1"/><net_sink comp="917" pin=22"/></net>

<net id="977"><net_src comp="130" pin="0"/><net_sink comp="917" pin=23"/></net>

<net id="978"><net_src comp="825" pin="1"/><net_sink comp="917" pin=24"/></net>

<net id="979"><net_src comp="132" pin="0"/><net_sink comp="917" pin=25"/></net>

<net id="980"><net_src comp="829" pin="1"/><net_sink comp="917" pin=26"/></net>

<net id="981"><net_src comp="102" pin="0"/><net_sink comp="917" pin=27"/></net>

<net id="982"><net_src comp="833" pin="1"/><net_sink comp="917" pin=28"/></net>

<net id="983"><net_src comp="104" pin="0"/><net_sink comp="917" pin=29"/></net>

<net id="984"><net_src comp="837" pin="1"/><net_sink comp="917" pin=30"/></net>

<net id="985"><net_src comp="106" pin="0"/><net_sink comp="917" pin=31"/></net>

<net id="986"><net_src comp="841" pin="1"/><net_sink comp="917" pin=32"/></net>

<net id="987"><net_src comp="134" pin="0"/><net_sink comp="917" pin=33"/></net>

<net id="988"><net_src comp="760" pin="1"/><net_sink comp="917" pin=34"/></net>

<net id="995"><net_src comp="136" pin="0"/><net_sink comp="989" pin=0"/></net>

<net id="996"><net_src comp="845" pin="35"/><net_sink comp="989" pin=1"/></net>

<net id="997"><net_src comp="138" pin="0"/><net_sink comp="989" pin=2"/></net>

<net id="998"><net_src comp="140" pin="0"/><net_sink comp="989" pin=3"/></net>

<net id="1002"><net_src comp="845" pin="35"/><net_sink comp="999" pin=0"/></net>

<net id="1009"><net_src comp="142" pin="0"/><net_sink comp="1003" pin=0"/></net>

<net id="1010"><net_src comp="845" pin="35"/><net_sink comp="1003" pin=1"/></net>

<net id="1011"><net_src comp="144" pin="0"/><net_sink comp="1003" pin=2"/></net>

<net id="1012"><net_src comp="140" pin="0"/><net_sink comp="1003" pin=3"/></net>

<net id="1016"><net_src comp="845" pin="35"/><net_sink comp="1013" pin=0"/></net>

<net id="1023"><net_src comp="146" pin="0"/><net_sink comp="1017" pin=0"/></net>

<net id="1024"><net_src comp="845" pin="35"/><net_sink comp="1017" pin=1"/></net>

<net id="1025"><net_src comp="148" pin="0"/><net_sink comp="1017" pin=2"/></net>

<net id="1026"><net_src comp="140" pin="0"/><net_sink comp="1017" pin=3"/></net>

<net id="1030"><net_src comp="1017" pin="4"/><net_sink comp="1027" pin=0"/></net>

<net id="1037"><net_src comp="150" pin="0"/><net_sink comp="1031" pin=0"/></net>

<net id="1038"><net_src comp="917" pin="35"/><net_sink comp="1031" pin=1"/></net>

<net id="1039"><net_src comp="152" pin="0"/><net_sink comp="1031" pin=2"/></net>

<net id="1040"><net_src comp="140" pin="0"/><net_sink comp="1031" pin=3"/></net>

<net id="1044"><net_src comp="917" pin="35"/><net_sink comp="1041" pin=0"/></net>

<net id="1051"><net_src comp="154" pin="0"/><net_sink comp="1045" pin=0"/></net>

<net id="1052"><net_src comp="917" pin="35"/><net_sink comp="1045" pin=1"/></net>

<net id="1053"><net_src comp="156" pin="0"/><net_sink comp="1045" pin=2"/></net>

<net id="1054"><net_src comp="140" pin="0"/><net_sink comp="1045" pin=3"/></net>

<net id="1058"><net_src comp="917" pin="35"/><net_sink comp="1055" pin=0"/></net>

<net id="1065"><net_src comp="158" pin="0"/><net_sink comp="1059" pin=0"/></net>

<net id="1066"><net_src comp="917" pin="35"/><net_sink comp="1059" pin=1"/></net>

<net id="1067"><net_src comp="160" pin="0"/><net_sink comp="1059" pin=2"/></net>

<net id="1068"><net_src comp="140" pin="0"/><net_sink comp="1059" pin=3"/></net>

<net id="1072"><net_src comp="1059" pin="4"/><net_sink comp="1069" pin=0"/></net>

<net id="1110"><net_src comp="100" pin="0"/><net_sink comp="1073" pin=0"/></net>

<net id="1111"><net_src comp="118" pin="0"/><net_sink comp="1073" pin=1"/></net>

<net id="1112"><net_src comp="781" pin="1"/><net_sink comp="1073" pin=2"/></net>

<net id="1113"><net_src comp="120" pin="0"/><net_sink comp="1073" pin=3"/></net>

<net id="1114"><net_src comp="785" pin="1"/><net_sink comp="1073" pin=4"/></net>

<net id="1115"><net_src comp="122" pin="0"/><net_sink comp="1073" pin=5"/></net>

<net id="1116"><net_src comp="789" pin="1"/><net_sink comp="1073" pin=6"/></net>

<net id="1117"><net_src comp="124" pin="0"/><net_sink comp="1073" pin=7"/></net>

<net id="1118"><net_src comp="793" pin="1"/><net_sink comp="1073" pin=8"/></net>

<net id="1119"><net_src comp="126" pin="0"/><net_sink comp="1073" pin=9"/></net>

<net id="1120"><net_src comp="797" pin="1"/><net_sink comp="1073" pin=10"/></net>

<net id="1121"><net_src comp="128" pin="0"/><net_sink comp="1073" pin=11"/></net>

<net id="1122"><net_src comp="801" pin="1"/><net_sink comp="1073" pin=12"/></net>

<net id="1123"><net_src comp="130" pin="0"/><net_sink comp="1073" pin=13"/></net>

<net id="1124"><net_src comp="805" pin="1"/><net_sink comp="1073" pin=14"/></net>

<net id="1125"><net_src comp="132" pin="0"/><net_sink comp="1073" pin=15"/></net>

<net id="1126"><net_src comp="809" pin="1"/><net_sink comp="1073" pin=16"/></net>

<net id="1127"><net_src comp="102" pin="0"/><net_sink comp="1073" pin=17"/></net>

<net id="1128"><net_src comp="813" pin="1"/><net_sink comp="1073" pin=18"/></net>

<net id="1129"><net_src comp="104" pin="0"/><net_sink comp="1073" pin=19"/></net>

<net id="1130"><net_src comp="817" pin="1"/><net_sink comp="1073" pin=20"/></net>

<net id="1131"><net_src comp="106" pin="0"/><net_sink comp="1073" pin=21"/></net>

<net id="1132"><net_src comp="821" pin="1"/><net_sink comp="1073" pin=22"/></net>

<net id="1133"><net_src comp="108" pin="0"/><net_sink comp="1073" pin=23"/></net>

<net id="1134"><net_src comp="825" pin="1"/><net_sink comp="1073" pin=24"/></net>

<net id="1135"><net_src comp="110" pin="0"/><net_sink comp="1073" pin=25"/></net>

<net id="1136"><net_src comp="829" pin="1"/><net_sink comp="1073" pin=26"/></net>

<net id="1137"><net_src comp="112" pin="0"/><net_sink comp="1073" pin=27"/></net>

<net id="1138"><net_src comp="833" pin="1"/><net_sink comp="1073" pin=28"/></net>

<net id="1139"><net_src comp="114" pin="0"/><net_sink comp="1073" pin=29"/></net>

<net id="1140"><net_src comp="837" pin="1"/><net_sink comp="1073" pin=30"/></net>

<net id="1141"><net_src comp="116" pin="0"/><net_sink comp="1073" pin=31"/></net>

<net id="1142"><net_src comp="841" pin="1"/><net_sink comp="1073" pin=32"/></net>

<net id="1143"><net_src comp="134" pin="0"/><net_sink comp="1073" pin=33"/></net>

<net id="1144"><net_src comp="760" pin="1"/><net_sink comp="1073" pin=34"/></net>

<net id="1150"><net_src comp="162" pin="0"/><net_sink comp="1145" pin=0"/></net>

<net id="1151"><net_src comp="1013" pin="1"/><net_sink comp="1145" pin=1"/></net>

<net id="1152"><net_src comp="1003" pin="4"/><net_sink comp="1145" pin=2"/></net>

<net id="1158"><net_src comp="164" pin="0"/><net_sink comp="1153" pin=0"/></net>

<net id="1159"><net_src comp="999" pin="1"/><net_sink comp="1153" pin=1"/></net>

<net id="1160"><net_src comp="989" pin="4"/><net_sink comp="1153" pin=2"/></net>

<net id="1166"><net_src comp="166" pin="0"/><net_sink comp="1161" pin=0"/></net>

<net id="1167"><net_src comp="1055" pin="1"/><net_sink comp="1161" pin=1"/></net>

<net id="1168"><net_src comp="1045" pin="4"/><net_sink comp="1161" pin=2"/></net>

<net id="1173"><net_src comp="1153" pin="3"/><net_sink comp="1169" pin=0"/></net>

<net id="1174"><net_src comp="1027" pin="1"/><net_sink comp="1169" pin=1"/></net>

<net id="1179"><net_src comp="1169" pin="2"/><net_sink comp="1175" pin=0"/></net>

<net id="1180"><net_src comp="1145" pin="3"/><net_sink comp="1175" pin=1"/></net>

<net id="1186"><net_src comp="168" pin="0"/><net_sink comp="1181" pin=0"/></net>

<net id="1187"><net_src comp="1041" pin="1"/><net_sink comp="1181" pin=1"/></net>

<net id="1188"><net_src comp="1031" pin="4"/><net_sink comp="1181" pin=2"/></net>

<net id="1193"><net_src comp="1069" pin="1"/><net_sink comp="1189" pin=0"/></net>

<net id="1194"><net_src comp="1181" pin="3"/><net_sink comp="1189" pin=1"/></net>

<net id="1199"><net_src comp="1189" pin="2"/><net_sink comp="1195" pin=0"/></net>

<net id="1200"><net_src comp="1161" pin="3"/><net_sink comp="1195" pin=1"/></net>

<net id="1205"><net_src comp="1073" pin="35"/><net_sink comp="1201" pin=0"/></net>

<net id="1206"><net_src comp="1195" pin="2"/><net_sink comp="1201" pin=1"/></net>

<net id="1211"><net_src comp="1175" pin="2"/><net_sink comp="1207" pin=0"/></net>

<net id="1212"><net_src comp="560" pin="35"/><net_sink comp="1207" pin=1"/></net>

<net id="1217"><net_src comp="1207" pin="2"/><net_sink comp="1213" pin=0"/></net>

<net id="1218"><net_src comp="1201" pin="2"/><net_sink comp="1213" pin=1"/></net>

<net id="1237"><net_src comp="760" pin="1"/><net_sink comp="1219" pin=0"/></net>

<net id="1238"><net_src comp="104" pin="0"/><net_sink comp="1219" pin=1"/></net>

<net id="1239"><net_src comp="106" pin="0"/><net_sink comp="1219" pin=2"/></net>

<net id="1240"><net_src comp="108" pin="0"/><net_sink comp="1219" pin=3"/></net>

<net id="1241"><net_src comp="110" pin="0"/><net_sink comp="1219" pin=4"/></net>

<net id="1242"><net_src comp="112" pin="0"/><net_sink comp="1219" pin=5"/></net>

<net id="1243"><net_src comp="114" pin="0"/><net_sink comp="1219" pin=6"/></net>

<net id="1244"><net_src comp="116" pin="0"/><net_sink comp="1219" pin=7"/></net>

<net id="1245"><net_src comp="118" pin="0"/><net_sink comp="1219" pin=8"/></net>

<net id="1246"><net_src comp="120" pin="0"/><net_sink comp="1219" pin=9"/></net>

<net id="1247"><net_src comp="122" pin="0"/><net_sink comp="1219" pin=10"/></net>

<net id="1248"><net_src comp="124" pin="0"/><net_sink comp="1219" pin=11"/></net>

<net id="1249"><net_src comp="126" pin="0"/><net_sink comp="1219" pin=12"/></net>

<net id="1250"><net_src comp="128" pin="0"/><net_sink comp="1219" pin=13"/></net>

<net id="1251"><net_src comp="130" pin="0"/><net_sink comp="1219" pin=14"/></net>

<net id="1252"><net_src comp="132" pin="0"/><net_sink comp="1219" pin=15"/></net>

<net id="1257"><net_src comp="1213" pin="2"/><net_sink comp="1253" pin=0"/></net>

<net id="1262"><net_src comp="1213" pin="2"/><net_sink comp="1258" pin=0"/></net>

<net id="1267"><net_src comp="1213" pin="2"/><net_sink comp="1263" pin=0"/></net>

<net id="1272"><net_src comp="1213" pin="2"/><net_sink comp="1268" pin=0"/></net>

<net id="1277"><net_src comp="1213" pin="2"/><net_sink comp="1273" pin=0"/></net>

<net id="1282"><net_src comp="1213" pin="2"/><net_sink comp="1278" pin=0"/></net>

<net id="1287"><net_src comp="1213" pin="2"/><net_sink comp="1283" pin=0"/></net>

<net id="1292"><net_src comp="1213" pin="2"/><net_sink comp="1288" pin=0"/></net>

<net id="1297"><net_src comp="1213" pin="2"/><net_sink comp="1293" pin=0"/></net>

<net id="1302"><net_src comp="1213" pin="2"/><net_sink comp="1298" pin=0"/></net>

<net id="1307"><net_src comp="1213" pin="2"/><net_sink comp="1303" pin=0"/></net>

<net id="1312"><net_src comp="1213" pin="2"/><net_sink comp="1308" pin=0"/></net>

<net id="1317"><net_src comp="1213" pin="2"/><net_sink comp="1313" pin=0"/></net>

<net id="1322"><net_src comp="1213" pin="2"/><net_sink comp="1318" pin=0"/></net>

<net id="1327"><net_src comp="1213" pin="2"/><net_sink comp="1323" pin=0"/></net>

<net id="1332"><net_src comp="1213" pin="2"/><net_sink comp="1328" pin=0"/></net>

<net id="1337"><net_src comp="749" pin="2"/><net_sink comp="1333" pin=0"/></net>

<net id="1341"><net_src comp="1338" pin="1"/><net_sink comp="494" pin=2"/></net>

<net id="1345"><net_src comp="1342" pin="1"/><net_sink comp="487" pin=2"/></net>

<net id="1349"><net_src comp="1346" pin="1"/><net_sink comp="480" pin=2"/></net>

<net id="1353"><net_src comp="1350" pin="1"/><net_sink comp="466" pin=2"/></net>

<net id="1357"><net_src comp="1354" pin="1"/><net_sink comp="459" pin=2"/></net>

<net id="1361"><net_src comp="1358" pin="1"/><net_sink comp="452" pin=2"/></net>

<net id="1374"><net_src comp="172" pin="0"/><net_sink comp="1368" pin=0"/></net>

<net id="1375"><net_src comp="1346" pin="1"/><net_sink comp="1368" pin=1"/></net>

<net id="1376"><net_src comp="96" pin="0"/><net_sink comp="1368" pin=2"/></net>

<net id="1377"><net_src comp="140" pin="0"/><net_sink comp="1368" pin=3"/></net>

<net id="1381"><net_src comp="1346" pin="1"/><net_sink comp="1378" pin=0"/></net>

<net id="1388"><net_src comp="174" pin="0"/><net_sink comp="1382" pin=0"/></net>

<net id="1389"><net_src comp="1346" pin="1"/><net_sink comp="1382" pin=1"/></net>

<net id="1390"><net_src comp="176" pin="0"/><net_sink comp="1382" pin=2"/></net>

<net id="1391"><net_src comp="140" pin="0"/><net_sink comp="1382" pin=3"/></net>

<net id="1395"><net_src comp="1346" pin="1"/><net_sink comp="1392" pin=0"/></net>

<net id="1402"><net_src comp="178" pin="0"/><net_sink comp="1396" pin=0"/></net>

<net id="1403"><net_src comp="1346" pin="1"/><net_sink comp="1396" pin=1"/></net>

<net id="1404"><net_src comp="180" pin="0"/><net_sink comp="1396" pin=2"/></net>

<net id="1405"><net_src comp="140" pin="0"/><net_sink comp="1396" pin=3"/></net>

<net id="1409"><net_src comp="1346" pin="1"/><net_sink comp="1406" pin=0"/></net>

<net id="1414"><net_src comp="1346" pin="1"/><net_sink comp="1410" pin=0"/></net>

<net id="1415"><net_src comp="80" pin="0"/><net_sink comp="1410" pin=1"/></net>

<net id="1420"><net_src comp="1338" pin="1"/><net_sink comp="1416" pin=0"/></net>

<net id="1421"><net_src comp="1410" pin="2"/><net_sink comp="1416" pin=1"/></net>

<net id="1426"><net_src comp="1342" pin="1"/><net_sink comp="1422" pin=0"/></net>

<net id="1427"><net_src comp="1346" pin="1"/><net_sink comp="1422" pin=1"/></net>

<net id="1433"><net_src comp="182" pin="0"/><net_sink comp="1428" pin=0"/></net>

<net id="1434"><net_src comp="1378" pin="1"/><net_sink comp="1428" pin=1"/></net>

<net id="1435"><net_src comp="1368" pin="4"/><net_sink comp="1428" pin=2"/></net>

<net id="1441"><net_src comp="184" pin="0"/><net_sink comp="1436" pin=0"/></net>

<net id="1442"><net_src comp="1392" pin="1"/><net_sink comp="1436" pin=1"/></net>

<net id="1443"><net_src comp="1382" pin="4"/><net_sink comp="1436" pin=2"/></net>

<net id="1448"><net_src comp="1416" pin="2"/><net_sink comp="1444" pin=0"/></net>

<net id="1449"><net_src comp="1422" pin="2"/><net_sink comp="1444" pin=1"/></net>

<net id="1455"><net_src comp="186" pin="0"/><net_sink comp="1450" pin=0"/></net>

<net id="1456"><net_src comp="1406" pin="1"/><net_sink comp="1450" pin=1"/></net>

<net id="1457"><net_src comp="1396" pin="4"/><net_sink comp="1450" pin=2"/></net>

<net id="1462"><net_src comp="1436" pin="3"/><net_sink comp="1458" pin=0"/></net>

<net id="1463"><net_src comp="1450" pin="3"/><net_sink comp="1458" pin=1"/></net>

<net id="1468"><net_src comp="1458" pin="2"/><net_sink comp="1464" pin=0"/></net>

<net id="1469"><net_src comp="1428" pin="3"/><net_sink comp="1464" pin=1"/></net>

<net id="1474"><net_src comp="515" pin="3"/><net_sink comp="1470" pin=0"/></net>

<net id="1475"><net_src comp="1464" pin="2"/><net_sink comp="1470" pin=1"/></net>

<net id="1480"><net_src comp="1362" pin="1"/><net_sink comp="1476" pin=0"/></net>

<net id="1481"><net_src comp="1444" pin="2"/><net_sink comp="1476" pin=1"/></net>

<net id="1486"><net_src comp="524" pin="34"/><net_sink comp="1482" pin=0"/></net>

<net id="1487"><net_src comp="1476" pin="2"/><net_sink comp="1482" pin=1"/></net>

<net id="1492"><net_src comp="1482" pin="2"/><net_sink comp="1488" pin=0"/></net>

<net id="1493"><net_src comp="1470" pin="2"/><net_sink comp="1488" pin=1"/></net>

<net id="1500"><net_src comp="188" pin="0"/><net_sink comp="1494" pin=0"/></net>

<net id="1501"><net_src comp="1358" pin="1"/><net_sink comp="1494" pin=1"/></net>

<net id="1502"><net_src comp="190" pin="0"/><net_sink comp="1494" pin=2"/></net>

<net id="1503"><net_src comp="140" pin="0"/><net_sink comp="1494" pin=3"/></net>

<net id="1507"><net_src comp="1358" pin="1"/><net_sink comp="1504" pin=0"/></net>

<net id="1514"><net_src comp="192" pin="0"/><net_sink comp="1508" pin=0"/></net>

<net id="1515"><net_src comp="1358" pin="1"/><net_sink comp="1508" pin=1"/></net>

<net id="1516"><net_src comp="194" pin="0"/><net_sink comp="1508" pin=2"/></net>

<net id="1517"><net_src comp="140" pin="0"/><net_sink comp="1508" pin=3"/></net>

<net id="1521"><net_src comp="1358" pin="1"/><net_sink comp="1518" pin=0"/></net>

<net id="1528"><net_src comp="196" pin="0"/><net_sink comp="1522" pin=0"/></net>

<net id="1529"><net_src comp="1358" pin="1"/><net_sink comp="1522" pin=1"/></net>

<net id="1530"><net_src comp="198" pin="0"/><net_sink comp="1522" pin=2"/></net>

<net id="1531"><net_src comp="140" pin="0"/><net_sink comp="1522" pin=3"/></net>

<net id="1535"><net_src comp="1358" pin="1"/><net_sink comp="1532" pin=0"/></net>

<net id="1540"><net_src comp="1488" pin="2"/><net_sink comp="1536" pin=0"/></net>

<net id="1541"><net_src comp="1365" pin="1"/><net_sink comp="1536" pin=1"/></net>

<net id="1546"><net_src comp="1350" pin="1"/><net_sink comp="1542" pin=0"/></net>

<net id="1547"><net_src comp="1354" pin="1"/><net_sink comp="1542" pin=1"/></net>

<net id="1552"><net_src comp="1542" pin="2"/><net_sink comp="1548" pin=0"/></net>

<net id="1553"><net_src comp="1358" pin="1"/><net_sink comp="1548" pin=1"/></net>

<net id="1558"><net_src comp="1350" pin="1"/><net_sink comp="1554" pin=0"/></net>

<net id="1559"><net_src comp="1354" pin="1"/><net_sink comp="1554" pin=1"/></net>

<net id="1565"><net_src comp="200" pin="0"/><net_sink comp="1560" pin=0"/></net>

<net id="1566"><net_src comp="1504" pin="1"/><net_sink comp="1560" pin=1"/></net>

<net id="1567"><net_src comp="1494" pin="4"/><net_sink comp="1560" pin=2"/></net>

<net id="1573"><net_src comp="202" pin="0"/><net_sink comp="1568" pin=0"/></net>

<net id="1574"><net_src comp="1518" pin="1"/><net_sink comp="1568" pin=1"/></net>

<net id="1575"><net_src comp="1508" pin="4"/><net_sink comp="1568" pin=2"/></net>

<net id="1580"><net_src comp="1548" pin="2"/><net_sink comp="1576" pin=0"/></net>

<net id="1581"><net_src comp="1554" pin="2"/><net_sink comp="1576" pin=1"/></net>

<net id="1587"><net_src comp="204" pin="0"/><net_sink comp="1582" pin=0"/></net>

<net id="1588"><net_src comp="1532" pin="1"/><net_sink comp="1582" pin=1"/></net>

<net id="1589"><net_src comp="1522" pin="4"/><net_sink comp="1582" pin=2"/></net>

<net id="1594"><net_src comp="1568" pin="3"/><net_sink comp="1590" pin=0"/></net>

<net id="1595"><net_src comp="1582" pin="3"/><net_sink comp="1590" pin=1"/></net>

<net id="1600"><net_src comp="1590" pin="2"/><net_sink comp="1596" pin=0"/></net>

<net id="1601"><net_src comp="1560" pin="3"/><net_sink comp="1596" pin=1"/></net>

<net id="1606"><net_src comp="1488" pin="2"/><net_sink comp="1602" pin=0"/></net>

<net id="1607"><net_src comp="1596" pin="2"/><net_sink comp="1602" pin=1"/></net>

<net id="1612"><net_src comp="1602" pin="2"/><net_sink comp="1608" pin=0"/></net>

<net id="1613"><net_src comp="1576" pin="2"/><net_sink comp="1608" pin=1"/></net>

<net id="1618"><net_src comp="1608" pin="2"/><net_sink comp="1614" pin=0"/></net>

<net id="1623"><net_src comp="1358" pin="1"/><net_sink comp="1619" pin=0"/></net>

<net id="1628"><net_src comp="1354" pin="1"/><net_sink comp="1624" pin=0"/></net>

<net id="1633"><net_src comp="1536" pin="2"/><net_sink comp="1629" pin=0"/></net>

<net id="1638"><net_src comp="1346" pin="1"/><net_sink comp="1634" pin=0"/></net>

<net id="1643"><net_src comp="1342" pin="1"/><net_sink comp="1639" pin=0"/></net>

<net id="1648"><net_src comp="1350" pin="1"/><net_sink comp="1644" pin=0"/></net>

<net id="1653"><net_src comp="1338" pin="1"/><net_sink comp="1649" pin=0"/></net>

<net id="1657"><net_src comp="1654" pin="1"/><net_sink comp="501" pin=2"/></net>

<net id="1661"><net_src comp="1658" pin="1"/><net_sink comp="473" pin=2"/></net>

<net id="1665"><net_src comp="208" pin="1"/><net_sink comp="1662" pin=0"/></net>

<net id="1666"><net_src comp="1662" pin="1"/><net_sink comp="735" pin=1"/></net>

<net id="1667"><net_src comp="1662" pin="1"/><net_sink comp="1362" pin=0"/></net>

<net id="1668"><net_src comp="1662" pin="1"/><net_sink comp="1649" pin=1"/></net>

<net id="1669"><net_src comp="1662" pin="1"/><net_sink comp="1654" pin=0"/></net>

<net id="1673"><net_src comp="212" pin="1"/><net_sink comp="1670" pin=0"/></net>

<net id="1674"><net_src comp="1670" pin="1"/><net_sink comp="730" pin=1"/></net>

<net id="1675"><net_src comp="1670" pin="1"/><net_sink comp="1365" pin=0"/></net>

<net id="1676"><net_src comp="1670" pin="1"/><net_sink comp="1644" pin=1"/></net>

<net id="1677"><net_src comp="1670" pin="1"/><net_sink comp="1658" pin=0"/></net>

<net id="1681"><net_src comp="216" pin="1"/><net_sink comp="1678" pin=0"/></net>

<net id="1682"><net_src comp="1678" pin="1"/><net_sink comp="725" pin=1"/></net>

<net id="1683"><net_src comp="1678" pin="1"/><net_sink comp="740" pin=0"/></net>

<net id="1684"><net_src comp="1678" pin="1"/><net_sink comp="1333" pin=1"/></net>

<net id="1688"><net_src comp="220" pin="1"/><net_sink comp="1685" pin=0"/></net>

<net id="1689"><net_src comp="1685" pin="1"/><net_sink comp="720" pin=1"/></net>

<net id="1690"><net_src comp="1685" pin="1"/><net_sink comp="781" pin=0"/></net>

<net id="1691"><net_src comp="1685" pin="1"/><net_sink comp="1323" pin=1"/></net>

<net id="1695"><net_src comp="224" pin="1"/><net_sink comp="1692" pin=0"/></net>

<net id="1696"><net_src comp="1692" pin="1"/><net_sink comp="715" pin=1"/></net>

<net id="1697"><net_src comp="1692" pin="1"/><net_sink comp="785" pin=0"/></net>

<net id="1698"><net_src comp="1692" pin="1"/><net_sink comp="1318" pin=1"/></net>

<net id="1702"><net_src comp="228" pin="1"/><net_sink comp="1699" pin=0"/></net>

<net id="1703"><net_src comp="1699" pin="1"/><net_sink comp="710" pin=1"/></net>

<net id="1704"><net_src comp="1699" pin="1"/><net_sink comp="789" pin=0"/></net>

<net id="1705"><net_src comp="1699" pin="1"/><net_sink comp="1313" pin=1"/></net>

<net id="1709"><net_src comp="232" pin="1"/><net_sink comp="1706" pin=0"/></net>

<net id="1710"><net_src comp="1706" pin="1"/><net_sink comp="705" pin=1"/></net>

<net id="1711"><net_src comp="1706" pin="1"/><net_sink comp="793" pin=0"/></net>

<net id="1712"><net_src comp="1706" pin="1"/><net_sink comp="1308" pin=1"/></net>

<net id="1716"><net_src comp="236" pin="1"/><net_sink comp="1713" pin=0"/></net>

<net id="1717"><net_src comp="1713" pin="1"/><net_sink comp="700" pin=1"/></net>

<net id="1718"><net_src comp="1713" pin="1"/><net_sink comp="797" pin=0"/></net>

<net id="1719"><net_src comp="1713" pin="1"/><net_sink comp="1303" pin=1"/></net>

<net id="1723"><net_src comp="240" pin="1"/><net_sink comp="1720" pin=0"/></net>

<net id="1724"><net_src comp="1720" pin="1"/><net_sink comp="695" pin=1"/></net>

<net id="1725"><net_src comp="1720" pin="1"/><net_sink comp="801" pin=0"/></net>

<net id="1726"><net_src comp="1720" pin="1"/><net_sink comp="1298" pin=1"/></net>

<net id="1730"><net_src comp="244" pin="1"/><net_sink comp="1727" pin=0"/></net>

<net id="1731"><net_src comp="1727" pin="1"/><net_sink comp="690" pin=1"/></net>

<net id="1732"><net_src comp="1727" pin="1"/><net_sink comp="805" pin=0"/></net>

<net id="1733"><net_src comp="1727" pin="1"/><net_sink comp="1293" pin=1"/></net>

<net id="1737"><net_src comp="248" pin="1"/><net_sink comp="1734" pin=0"/></net>

<net id="1738"><net_src comp="1734" pin="1"/><net_sink comp="685" pin=1"/></net>

<net id="1739"><net_src comp="1734" pin="1"/><net_sink comp="809" pin=0"/></net>

<net id="1740"><net_src comp="1734" pin="1"/><net_sink comp="1288" pin=1"/></net>

<net id="1744"><net_src comp="252" pin="1"/><net_sink comp="1741" pin=0"/></net>

<net id="1745"><net_src comp="1741" pin="1"/><net_sink comp="680" pin=1"/></net>

<net id="1746"><net_src comp="1741" pin="1"/><net_sink comp="813" pin=0"/></net>

<net id="1747"><net_src comp="1741" pin="1"/><net_sink comp="1283" pin=1"/></net>

<net id="1751"><net_src comp="256" pin="1"/><net_sink comp="1748" pin=0"/></net>

<net id="1752"><net_src comp="1748" pin="1"/><net_sink comp="675" pin=1"/></net>

<net id="1753"><net_src comp="1748" pin="1"/><net_sink comp="817" pin=0"/></net>

<net id="1754"><net_src comp="1748" pin="1"/><net_sink comp="1278" pin=1"/></net>

<net id="1758"><net_src comp="260" pin="1"/><net_sink comp="1755" pin=0"/></net>

<net id="1759"><net_src comp="1755" pin="1"/><net_sink comp="670" pin=1"/></net>

<net id="1760"><net_src comp="1755" pin="1"/><net_sink comp="821" pin=0"/></net>

<net id="1761"><net_src comp="1755" pin="1"/><net_sink comp="1273" pin=1"/></net>

<net id="1765"><net_src comp="264" pin="1"/><net_sink comp="1762" pin=0"/></net>

<net id="1766"><net_src comp="1762" pin="1"/><net_sink comp="665" pin=1"/></net>

<net id="1767"><net_src comp="1762" pin="1"/><net_sink comp="825" pin=0"/></net>

<net id="1768"><net_src comp="1762" pin="1"/><net_sink comp="1268" pin=1"/></net>

<net id="1772"><net_src comp="268" pin="1"/><net_sink comp="1769" pin=0"/></net>

<net id="1773"><net_src comp="1769" pin="1"/><net_sink comp="660" pin=1"/></net>

<net id="1774"><net_src comp="1769" pin="1"/><net_sink comp="829" pin=0"/></net>

<net id="1775"><net_src comp="1769" pin="1"/><net_sink comp="1263" pin=1"/></net>

<net id="1779"><net_src comp="272" pin="1"/><net_sink comp="1776" pin=0"/></net>

<net id="1780"><net_src comp="1776" pin="1"/><net_sink comp="655" pin=1"/></net>

<net id="1781"><net_src comp="1776" pin="1"/><net_sink comp="833" pin=0"/></net>

<net id="1782"><net_src comp="1776" pin="1"/><net_sink comp="1258" pin=1"/></net>

<net id="1786"><net_src comp="276" pin="1"/><net_sink comp="1783" pin=0"/></net>

<net id="1787"><net_src comp="1783" pin="1"/><net_sink comp="650" pin=1"/></net>

<net id="1788"><net_src comp="1783" pin="1"/><net_sink comp="837" pin=0"/></net>

<net id="1789"><net_src comp="1783" pin="1"/><net_sink comp="1253" pin=1"/></net>

<net id="1793"><net_src comp="280" pin="1"/><net_sink comp="1790" pin=0"/></net>

<net id="1794"><net_src comp="1790" pin="1"/><net_sink comp="645" pin=1"/></net>

<net id="1795"><net_src comp="1790" pin="1"/><net_sink comp="841" pin=0"/></net>

<net id="1796"><net_src comp="1790" pin="1"/><net_sink comp="1328" pin=1"/></net>

<net id="1800"><net_src comp="284" pin="1"/><net_sink comp="1797" pin=0"/></net>

<net id="1801"><net_src comp="1797" pin="1"/><net_sink comp="640" pin=1"/></net>

<net id="1802"><net_src comp="1797" pin="1"/><net_sink comp="1338" pin=0"/></net>

<net id="1803"><net_src comp="1797" pin="1"/><net_sink comp="1639" pin=1"/></net>

<net id="1807"><net_src comp="288" pin="1"/><net_sink comp="1804" pin=0"/></net>

<net id="1808"><net_src comp="1804" pin="1"/><net_sink comp="635" pin=1"/></net>

<net id="1809"><net_src comp="1804" pin="1"/><net_sink comp="1342" pin=0"/></net>

<net id="1810"><net_src comp="1804" pin="1"/><net_sink comp="1634" pin=1"/></net>

<net id="1814"><net_src comp="292" pin="1"/><net_sink comp="1811" pin=0"/></net>

<net id="1815"><net_src comp="1811" pin="1"/><net_sink comp="630" pin=1"/></net>

<net id="1816"><net_src comp="1811" pin="1"/><net_sink comp="1346" pin=0"/></net>

<net id="1817"><net_src comp="1811" pin="1"/><net_sink comp="1629" pin=1"/></net>

<net id="1821"><net_src comp="296" pin="1"/><net_sink comp="1818" pin=0"/></net>

<net id="1822"><net_src comp="1818" pin="1"/><net_sink comp="625" pin=1"/></net>

<net id="1823"><net_src comp="1818" pin="1"/><net_sink comp="1350" pin=0"/></net>

<net id="1824"><net_src comp="1818" pin="1"/><net_sink comp="1624" pin=1"/></net>

<net id="1828"><net_src comp="300" pin="1"/><net_sink comp="1825" pin=0"/></net>

<net id="1829"><net_src comp="1825" pin="1"/><net_sink comp="620" pin=1"/></net>

<net id="1830"><net_src comp="1825" pin="1"/><net_sink comp="1354" pin=0"/></net>

<net id="1831"><net_src comp="1825" pin="1"/><net_sink comp="1619" pin=1"/></net>

<net id="1835"><net_src comp="304" pin="1"/><net_sink comp="1832" pin=0"/></net>

<net id="1836"><net_src comp="1832" pin="1"/><net_sink comp="615" pin=1"/></net>

<net id="1837"><net_src comp="1832" pin="1"/><net_sink comp="1358" pin=0"/></net>

<net id="1838"><net_src comp="1832" pin="1"/><net_sink comp="1614" pin=1"/></net>

<net id="1842"><net_src comp="743" pin="2"/><net_sink comp="1839" pin=0"/></net>

<net id="1846"><net_src comp="760" pin="1"/><net_sink comp="1843" pin=0"/></net>

<net id="1850"><net_src comp="775" pin="2"/><net_sink comp="1847" pin=0"/></net>

<net id="1854"><net_src comp="1213" pin="2"/><net_sink comp="1851" pin=0"/></net>

<net id="1855"><net_src comp="1851" pin="1"/><net_sink comp="524" pin=2"/></net>

<net id="1856"><net_src comp="1851" pin="1"/><net_sink comp="524" pin=4"/></net>

<net id="1857"><net_src comp="1851" pin="1"/><net_sink comp="524" pin=6"/></net>

<net id="1858"><net_src comp="1851" pin="1"/><net_sink comp="524" pin=8"/></net>

<net id="1859"><net_src comp="1851" pin="1"/><net_sink comp="524" pin=10"/></net>

<net id="1860"><net_src comp="1851" pin="1"/><net_sink comp="524" pin=12"/></net>

<net id="1861"><net_src comp="1851" pin="1"/><net_sink comp="524" pin=14"/></net>

<net id="1862"><net_src comp="1851" pin="1"/><net_sink comp="524" pin=16"/></net>

<net id="1863"><net_src comp="1851" pin="1"/><net_sink comp="524" pin=18"/></net>

<net id="1864"><net_src comp="1851" pin="1"/><net_sink comp="524" pin=20"/></net>

<net id="1865"><net_src comp="1851" pin="1"/><net_sink comp="524" pin=22"/></net>

<net id="1866"><net_src comp="1851" pin="1"/><net_sink comp="524" pin=24"/></net>

<net id="1867"><net_src comp="1851" pin="1"/><net_sink comp="524" pin=26"/></net>

<net id="1868"><net_src comp="1851" pin="1"/><net_sink comp="524" pin=28"/></net>

<net id="1869"><net_src comp="1851" pin="1"/><net_sink comp="524" pin=30"/></net>

<net id="1870"><net_src comp="1851" pin="1"/><net_sink comp="524" pin=32"/></net>

<net id="1874"><net_src comp="560" pin="35"/><net_sink comp="1871" pin=0"/></net>

<net id="1875"><net_src comp="1871" pin="1"/><net_sink comp="524" pin=0"/></net>

<net id="1879"><net_src comp="508" pin="3"/><net_sink comp="1876" pin=0"/></net>

<net id="1880"><net_src comp="1876" pin="1"/><net_sink comp="515" pin=0"/></net>

</net_list>

</model> 
---------------- Datapath Model END ------------------

* FSMD analyzer results:
  - Output states:
	Port: a_4_out | {3 }
	Port: b_out | {3 }
	Port: c_out | {3 }
	Port: d_out | {3 }
	Port: e_4_out | {3 }
	Port: f_out | {3 }
	Port: g_out | {3 }
	Port: h_01_out | {3 }
 - Input state : 
	Port: sha256_compress_words_Pipeline_SHA256_ROUNDS : w_80_reload | {1 }
	Port: sha256_compress_words_Pipeline_SHA256_ROUNDS : w_79_reload | {1 }
	Port: sha256_compress_words_Pipeline_SHA256_ROUNDS : w_78_reload | {1 }
	Port: sha256_compress_words_Pipeline_SHA256_ROUNDS : w_77_reload | {1 }
	Port: sha256_compress_words_Pipeline_SHA256_ROUNDS : w_76_reload | {1 }
	Port: sha256_compress_words_Pipeline_SHA256_ROUNDS : w_75_reload | {1 }
	Port: sha256_compress_words_Pipeline_SHA256_ROUNDS : w_74_reload | {1 }
	Port: sha256_compress_words_Pipeline_SHA256_ROUNDS : w_73_reload | {1 }
	Port: sha256_compress_words_Pipeline_SHA256_ROUNDS : w_72_reload | {1 }
	Port: sha256_compress_words_Pipeline_SHA256_ROUNDS : w_71_reload | {1 }
	Port: sha256_compress_words_Pipeline_SHA256_ROUNDS : w_70_reload | {1 }
	Port: sha256_compress_words_Pipeline_SHA256_ROUNDS : w_69_reload | {1 }
	Port: sha256_compress_words_Pipeline_SHA256_ROUNDS : w_68_reload | {1 }
	Port: sha256_compress_words_Pipeline_SHA256_ROUNDS : w_67_reload | {1 }
	Port: sha256_compress_words_Pipeline_SHA256_ROUNDS : w_66_reload | {1 }
	Port: sha256_compress_words_Pipeline_SHA256_ROUNDS : w_reload | {1 }
	Port: sha256_compress_words_Pipeline_SHA256_ROUNDS : state_read | {1 }
	Port: sha256_compress_words_Pipeline_SHA256_ROUNDS : state_read_8 | {1 }
	Port: sha256_compress_words_Pipeline_SHA256_ROUNDS : state_read_9 | {1 }
	Port: sha256_compress_words_Pipeline_SHA256_ROUNDS : state_read_10 | {1 }
	Port: sha256_compress_words_Pipeline_SHA256_ROUNDS : state_read_11 | {1 }
	Port: sha256_compress_words_Pipeline_SHA256_ROUNDS : state_read_12 | {1 }
	Port: sha256_compress_words_Pipeline_SHA256_ROUNDS : state_read_13 | {1 }
	Port: sha256_compress_words_Pipeline_SHA256_ROUNDS : state_read_14 | {1 }
	Port: sha256_compress_words_Pipeline_SHA256_ROUNDS : K | {2 3 }
  - Chain level:
	State 1
		store_ln133 : 1
	State 2
		icmp_ln133 : 1
		add_ln133 : 1
		br_ln133 : 2
		zext_ln133 : 1
		trunc_ln133 : 1
		tmp_1 : 1
		icmp_ln138 : 2
		br_ln138 : 3
		x15 : 2
		x2 : 2
		lshr_ln : 3
		trunc_ln33 : 3
		lshr_ln33_s : 3
		trunc_ln33_1 : 3
		lshr_ln3 : 3
		zext_ln149 : 4
		lshr_ln33_1 : 3
		trunc_ln33_2 : 3
		lshr_ln33_2 : 3
		trunc_ln33_3 : 3
		lshr_ln4 : 3
		zext_ln154 : 4
		tmp : 2
		tmp_s : 2
		or_ln : 4
		or_ln159_4 : 4
		or_ln159_5 : 4
		xor_ln159 : 5
		xor_ln159_1 : 5
		or_ln159_6 : 4
		xor_ln159_2 : 5
		xor_ln159_3 : 5
		add_ln159_1 : 5
		add_ln159 : 5
		wt_3 : 6
		switch_ln162 : 2
		store_ln114 : 7
		store_ln114 : 7
		store_ln114 : 7
		store_ln114 : 7
		store_ln114 : 7
		store_ln114 : 7
		store_ln114 : 7
		store_ln114 : 7
		store_ln114 : 7
		store_ln114 : 7
		store_ln114 : 7
		store_ln114 : 7
		store_ln114 : 7
		store_ln114 : 7
		store_ln114 : 7
		store_ln114 : 7
		wt : 2
		K_addr : 2
		K_load : 3
		store_ln133 : 2
	State 3
		lshr_ln33_3 : 1
		trunc_ln33_4 : 1
		lshr_ln33_4 : 1
		trunc_ln33_5 : 1
		lshr_ln33_5 : 1
		trunc_ln33_6 : 1
		xor_ln173 : 1
		and_ln173 : 1
		and_ln173_1 : 1
		or_ln3 : 2
		or_ln173_3 : 2
		xor_ln173_1 : 1
		or_ln173_4 : 2
		xor_ln173_2 : 3
		xor_ln173_3 : 3
		add_ln173 : 3
		add_ln173_1 : 1
		add_ln173_2 : 2
		t1 : 3
		lshr_ln33_6 : 1
		trunc_ln33_7 : 1
		lshr_ln33_7 : 1
		trunc_ln33_8 : 1
		lshr_ln33_8 : 1
		trunc_ln33_9 : 1
		e : 4
		xor_ln195 : 1
		and_ln195 : 1
		and_ln195_1 : 1
		or_ln4 : 2
		or_ln195_3 : 2
		xor_ln195_1 : 1
		or_ln195_4 : 2
		xor_ln195_2 : 3
		xor_ln195_3 : 3
		add_ln195 : 4
		a : 5
		store_ln124 : 6
		store_ln125 : 1
		store_ln126 : 1
		store_ln128 : 5
		store_ln129 : 1
		store_ln130 : 1
		store_ln126 : 1
		store_ln130 : 1
		write_ln195 : 1
		write_ln195 : 1
		write_ln195 : 1
		write_ln0 : 1
		write_ln173 : 1
		write_ln173 : 1
		write_ln173 : 1
		write_ln0 : 1


============================================================
+ Verbose Summary: Datapath Resource usage 
============================================================

* Functional unit list:
|----------|------------------------------|---------|---------|
| Operation|        Functional Unit       |    FF   |   LUT   |
|----------|------------------------------|---------|---------|
|          |       xor_ln159_fu_1169      |    0    |    32   |
|          |      xor_ln159_1_fu_1175     |    0    |    32   |
|          |      xor_ln159_2_fu_1189     |    0    |    32   |
|          |      xor_ln159_3_fu_1195     |    0    |    32   |
|          |       xor_ln173_fu_1410      |    0    |    32   |
|    xor   |      xor_ln173_1_fu_1444     |    0    |    32   |
|          |      xor_ln173_2_fu_1458     |    0    |    32   |
|          |      xor_ln173_3_fu_1464     |    0    |    32   |
|          |       xor_ln195_fu_1542      |    0    |    32   |
|          |      xor_ln195_1_fu_1576     |    0    |    32   |
|          |      xor_ln195_2_fu_1590     |    0    |    32   |
|          |      xor_ln195_3_fu_1596     |    0    |    32   |
|----------|------------------------------|---------|---------|
|          |       add_ln133_fu_749       |    0    |    14   |
|          |      add_ln159_1_fu_1201     |    0    |    32   |
|          |       add_ln159_fu_1207      |    0    |    39   |
|          |         wt_3_fu_1213         |    0    |    32   |
|          |       add_ln173_fu_1470      |    0    |    32   |
|    add   |      add_ln173_1_fu_1476     |    0    |    32   |
|          |      add_ln173_2_fu_1482     |    0    |    32   |
|          |          t1_fu_1488          |    0    |    32   |
|          |           e_fu_1536          |    0    |    39   |
|          |       add_ln195_fu_1602      |    0    |    32   |
|          |           a_fu_1608          |    0    |    32   |
|----------|------------------------------|---------|---------|
|          |          grp_fu_560          |    0    |    65   |
| sparsemux|          x15_fu_845          |    0    |    65   |
|          |           x2_fu_917          |    0    |    65   |
|          |         tmp_s_fu_1073        |    0    |    65   |
|----------|------------------------------|---------|---------|
|          |       and_ln173_fu_1416      |    0    |    32   |
|    and   |      and_ln173_1_fu_1422     |    0    |    32   |
|          |       and_ln195_fu_1548      |    0    |    32   |
|          |      and_ln195_1_fu_1554     |    0    |    32   |
|----------|------------------------------|---------|---------|
|   icmp   |       icmp_ln133_fu_743      |    0    |    14   |
|          |       icmp_ln138_fu_775      |    0    |    10   |
|----------|------------------------------|---------|---------|
|          |   state_read_1_read_fu_308   |    0    |    0    |
|          |   state_read_2_read_fu_314   |    0    |    0    |
|          |   state_read_3_read_fu_320   |    0    |    0    |
|          |   state_read_4_read_fu_326   |    0    |    0    |
|          |   state_read_5_read_fu_332   |    0    |    0    |
|          |   state_read_6_read_fu_338   |    0    |    0    |
|          |   state_read_7_read_fu_344   |    0    |    0    |
|          |   state_read36_read_fu_350   |    0    |    0    |
|          |   w_reload_read_read_fu_356  |    0    |    0    |
|          | w_66_reload_read_read_fu_362 |    0    |    0    |
|          | w_67_reload_read_read_fu_368 |    0    |    0    |
|   read   | w_68_reload_read_read_fu_374 |    0    |    0    |
|          | w_69_reload_read_read_fu_380 |    0    |    0    |
|          | w_70_reload_read_read_fu_386 |    0    |    0    |
|          | w_71_reload_read_read_fu_392 |    0    |    0    |
|          | w_72_reload_read_read_fu_398 |    0    |    0    |
|          | w_73_reload_read_read_fu_404 |    0    |    0    |
|          | w_74_reload_read_read_fu_410 |    0    |    0    |
|          | w_75_reload_read_read_fu_416 |    0    |    0    |
|          | w_76_reload_read_read_fu_422 |    0    |    0    |
|          | w_77_reload_read_read_fu_428 |    0    |    0    |
|          | w_78_reload_read_read_fu_434 |    0    |    0    |
|          | w_79_reload_read_read_fu_440 |    0    |    0    |
|          | w_80_reload_read_read_fu_446 |    0    |    0    |
|----------|------------------------------|---------|---------|
|          |   write_ln195_write_fu_452   |    0    |    0    |
|          |   write_ln195_write_fu_459   |    0    |    0    |
|          |   write_ln195_write_fu_466   |    0    |    0    |
|   write  |    write_ln0_write_fu_473    |    0    |    0    |
|          |   write_ln173_write_fu_480   |    0    |    0    |
|          |   write_ln173_write_fu_487   |    0    |    0    |
|          |   write_ln173_write_fu_494   |    0    |    0    |
|          |    write_ln0_write_fu_501    |    0    |    0    |
|----------|------------------------------|---------|---------|
|          |       zext_ln133_fu_755      |    0    |    0    |
|   zext   |      zext_ln149_fu_1027      |    0    |    0    |
|          |      zext_ln154_fu_1069      |    0    |    0    |
|----------|------------------------------|---------|---------|
|          |      trunc_ln133_fu_760      |    0    |    0    |
|          |       trunc_ln33_fu_999      |    0    |    0    |
|          |     trunc_ln33_1_fu_1013     |    0    |    0    |
|          |     trunc_ln33_2_fu_1041     |    0    |    0    |
|          |     trunc_ln33_3_fu_1055     |    0    |    0    |
|   trunc  |     trunc_ln33_4_fu_1378     |    0    |    0    |
|          |     trunc_ln33_5_fu_1392     |    0    |    0    |
|          |     trunc_ln33_6_fu_1406     |    0    |    0    |
|          |     trunc_ln33_7_fu_1504     |    0    |    0    |
|          |     trunc_ln33_8_fu_1518     |    0    |    0    |
|          |     trunc_ln33_9_fu_1532     |    0    |    0    |
|----------|------------------------------|---------|---------|
|          |         tmp_1_fu_765         |    0    |    0    |
|          |        lshr_ln_fu_989        |    0    |    0    |
|          |      lshr_ln33_s_fu_1003     |    0    |    0    |
|          |       lshr_ln3_fu_1017       |    0    |    0    |
|          |      lshr_ln33_1_fu_1031     |    0    |    0    |
|          |      lshr_ln33_2_fu_1045     |    0    |    0    |
|partselect|       lshr_ln4_fu_1059       |    0    |    0    |
|          |      lshr_ln33_3_fu_1368     |    0    |    0    |
|          |      lshr_ln33_4_fu_1382     |    0    |    0    |
|          |      lshr_ln33_5_fu_1396     |    0    |    0    |
|          |      lshr_ln33_6_fu_1494     |    0    |    0    |
|          |      lshr_ln33_7_fu_1508     |    0    |    0    |
|          |      lshr_ln33_8_fu_1522     |    0    |    0    |
|----------|------------------------------|---------|---------|
|          |         or_ln_fu_1145        |    0    |    0    |
|          |      or_ln159_4_fu_1153      |    0    |    0    |
|          |      or_ln159_5_fu_1161      |    0    |    0    |
|          |      or_ln159_6_fu_1181      |    0    |    0    |
|bitconcatenate|        or_ln3_fu_1428        |    0    |    0    |
|          |      or_ln173_3_fu_1436      |    0    |    0    |
|          |      or_ln173_4_fu_1450      |    0    |    0    |
|          |        or_ln4_fu_1560        |    0    |    0    |
|          |      or_ln195_3_fu_1568      |    0    |    0    |
|          |      or_ln195_4_fu_1582      |    0    |    0    |
|----------|------------------------------|---------|---------|
|  switch  |     switch_ln162_fu_1219     |    0    |    0    |
|----------|------------------------------|---------|---------|
|   Total  |                              |    0    |   1144  |
|----------|------------------------------|---------|---------|

Memories:
N/A

* Register list:
+--------------------+--------+
|                    |   FF   |
+--------------------+--------+
|   K_addr_reg_1876  |    6   |
|     b_reg_1832     |   32   |
|     c_reg_1825     |   32   |
|    d_1_reg_1818    |   32   |
|     d_reg_1670     |   32   |
|     f_reg_1811     |   32   |
|     g_reg_1804     |   32   |
|    h_1_reg_1797    |   32   |
|     h_reg_1662     |   32   |
|     i_reg_1678     |    7   |
| icmp_ln133_reg_1839|    1   |
| icmp_ln138_reg_1847|    1   |
|trunc_ln133_reg_1843|    4   |
|    w_10_reg_1755   |   32   |
|    w_11_reg_1762   |   32   |
|    w_12_reg_1769   |   32   |
|    w_13_reg_1776   |   32   |
|    w_14_reg_1783   |   32   |
|    w_15_reg_1790   |   32   |
|    w_1_reg_1692    |   32   |
|    w_2_reg_1699    |   32   |
|    w_3_reg_1706    |   32   |
|    w_4_reg_1713    |   32   |
|    w_5_reg_1720    |   32   |
|    w_6_reg_1727    |   32   |
|    w_7_reg_1734    |   32   |
|    w_8_reg_1741    |   32   |
|    w_9_reg_1748    |   32   |
|     w_reg_1685     |   32   |
|    wt_2_reg_521    |   32   |
|    wt_3_reg_1851   |   32   |
|     wt_reg_1871    |   32   |
+--------------------+--------+
|        Total       |   883  |
+--------------------+--------+

* Multiplexer (MUX) list: 
|-------------------|------|------|------|--------||---------||---------||---------|
|        Comp       |  Pin | Size |  BW  | S x BW ||  Delay  ||    FF   ||   LUT   |
|-------------------|------|------|------|--------||---------||---------||---------|
| grp_access_fu_515 |  p0  |   2  |   6  |   12   ||    0    ||    9    |
|-------------------|------|------|------|--------||---------||---------||---------|
|       Total       |      |      |      |   12   ||  0.427  ||    0    ||    9    |
|-------------------|------|------|------|--------||---------||---------||---------|



* Summary:
+-----------+--------+--------+--------+
|           |  Delay |   FF   |   LUT  |
+-----------+--------+--------+--------+
|  Function |    -   |    0   |  1144  |
|   Memory  |    -   |    -   |    -   |
|Multiplexer|    0   |    0   |    9   |
|  Register |    -   |   883  |    -   |
+-----------+--------+--------+--------+
|   Total   |    0   |   883  |  1153  |
+-----------+--------+--------+--------+
