

================================================================
== Vitis HLS Report for 'sha256_compress_words_1_Pipeline_SHA256_ROUNDS'
================================================================
* Date:           Mon Aug  3 02:09:59 2026

* Version:        2025.2 (Build 6295257 on Nov 14 2025)
* Project:        mine
* Solution:       hls (Vitis Kernel Flow Target)
* Product family: zynquplus
* Target device:  xck26-sfvc784-2LV-c


================================================================
== Performance Estimates
================================================================
+ Timing: 
    * Summary: 
    +--------+---------+----------+------------+
    |  Clock |  Target | Estimated| Uncertainty|
    +--------+---------+----------+------------+
    |ap_clk  |  5.00 ns|  3.411 ns|     1.35 ns|
    +--------+---------+----------+------------+

+ Latency: 
    * Summary: 
    +---------+---------+----------+----------+-----+-----+-------------------+
    |  Latency (cycles) |  Latency (absolute) |  Interval |      Pipeline     |
    |   min   |   max   |    min   |    max   | min | max |        Type       |
    +---------+---------+----------+----------+-----+-----+-------------------+
    |       67|       67|  0.335 us|  0.335 us|    0|    0|  loop pipeline stp|
    +---------+---------+----------+----------+-----+-----+-------------------+

    + Detail: 
        * Instance: 
        N/A

        * Loop: 
        +-----------------+---------+---------+----------+-----------+-----------+------+----------+
        |                 |  Latency (cycles) | Iteration|  Initiation Interval  | Trip |          |
        |    Loop Name    |   min   |   max   |  Latency |  achieved |   target  | Count| Pipelined|
        +-----------------+---------+---------+----------+-----------+-----------+------+----------+
        |- SHA256_ROUNDS  |       65|       65|         2|          1|          1|    64|       yes|
        +-----------------+---------+---------+----------+-----------+-----------+------+----------+



================================================================
== Utilization Estimates
================================================================
* Summary: 
+-----------------+---------+------+--------+--------+-----+
|       Name      | BRAM_18K|  DSP |   FF   |   LUT  | URAM|
+-----------------+---------+------+--------+--------+-----+
|DSP              |        -|     -|       -|       -|    -|
|Expression       |        -|     -|       0|     919|    -|
|FIFO             |        -|     -|       -|       -|    -|
|Instance         |        -|     -|       0|     260|    -|
|Memory           |        1|     -|       0|       0|    -|
|Multiplexer      |        -|     -|       0|     266|    -|
|Register         |        -|     -|     845|       -|    -|
+-----------------+---------+------+--------+--------+-----+
|Total            |        1|     0|     845|    1445|    0|
+-----------------+---------+------+--------+--------+-----+
|Available        |      288|  1248|  234240|  117120|   64|
+-----------------+---------+------+--------+--------+-----+
|Utilization (%)  |       ~0|     0|      ~0|       1|    0|
+-----------------+---------+------+--------+--------+-----+

+ Detail: 
    * Instance: 
    +-----------------------------+-------------------------+---------+----+---+----+-----+
    |           Instance          |          Module         | BRAM_18K| DSP| FF| LUT| URAM|
    +-----------------------------+-------------------------+---------+----+---+----+-----+
    |sparsemux_33_4_32_1_1_U57    |sparsemux_33_4_32_1_1    |        0|   0|  0|  65|    0|
    |sparsemux_33_4_32_1_1_x_U58  |sparsemux_33_4_32_1_1_x  |        0|   0|  0|  65|    0|
    |sparsemux_33_4_32_1_1_x_U59  |sparsemux_33_4_32_1_1_x  |        0|   0|  0|  65|    0|
    |sparsemux_33_4_32_1_1_x_U60  |sparsemux_33_4_32_1_1_x  |        0|   0|  0|  65|    0|
    +-----------------------------+-------------------------+---------+----+---+----+-----+
    |Total                        |                         |        0|   0|  0| 260|    0|
    +-----------------------------+-------------------------+---------+----+---+----+-----+

    * DSP: 
    N/A

    * Memory: 
    +-------+--------------------------------------------------------------+---------+---+----+-----+------+-----+------+-------------+
    | Memory|                            Module                            | BRAM_18K| FF| LUT| URAM| Words| Bits| Banks| W*Bits*Banks|
    +-------+--------------------------------------------------------------+---------+---+----+-----+------+-----+------+-------------+
    |K_U    |sha256_compress_words_1_Pipeline_SHA256_ROUNDS_K_ROM_AUTO_1R  |        1|  0|   0|    0|    64|   32|     1|         2048|
    +-------+--------------------------------------------------------------+---------+---+----+-----+------+-----+------+-------------+
    |Total  |                                                              |        1|  0|   0|    0|    64|   32|     1|         2048|
    +-------+--------------------------------------------------------------+---------+---+----+-----+------+-----+------+-------------+

    * FIFO: 
    N/A

    * Expression: 
    +------------------------+----------+----+---+----+------------+------------+
    |      Variable Name     | Operation| DSP| FF| LUT| Bitwidth P0| Bitwidth P1|
    +------------------------+----------+----+---+----+------------+------------+
    |a_fu_1560_p2            |         +|   0|  0|  32|          32|          32|
    |add_ln133_fu_701_p2     |         +|   0|  0|  14|           7|           1|
    |add_ln159_1_fu_1153_p2  |         +|   0|  0|  32|          32|          32|
    |add_ln159_fu_1159_p2    |         +|   0|  0|  39|          32|          32|
    |add_ln173_1_fu_1428_p2  |         +|   0|  0|  32|          32|          32|
    |add_ln173_2_fu_1434_p2  |         +|   0|  0|  32|          32|          32|
    |add_ln173_fu_1422_p2    |         +|   0|  0|  32|          32|          32|
    |add_ln195_fu_1554_p2    |         +|   0|  0|  32|          32|          32|
    |e_fu_1488_p2            |         +|   0|  0|  39|          32|          32|
    |t1_fu_1440_p2           |         +|   0|  0|  32|          32|          32|
    |wt_5_fu_1165_p2         |         +|   0|  0|  32|          32|          32|
    |and_ln173_1_fu_1374_p2  |       and|   0|  0|  32|          32|          32|
    |and_ln173_fu_1368_p2    |       and|   0|  0|  32|          32|          32|
    |and_ln195_1_fu_1506_p2  |       and|   0|  0|  32|          32|          32|
    |and_ln195_fu_1500_p2    |       and|   0|  0|  32|          32|          32|
    |ap_condition_819        |       and|   0|  0|   2|           1|           1|
    |ap_condition_822        |       and|   0|  0|   2|           1|           1|
    |ap_condition_825        |       and|   0|  0|   2|           1|           1|
    |ap_condition_828        |       and|   0|  0|   2|           1|           1|
    |ap_condition_831        |       and|   0|  0|   2|           1|           1|
    |ap_condition_834        |       and|   0|  0|   2|           1|           1|
    |ap_condition_837        |       and|   0|  0|   2|           1|           1|
    |ap_condition_840        |       and|   0|  0|   2|           1|           1|
    |ap_condition_843        |       and|   0|  0|   2|           1|           1|
    |ap_condition_846        |       and|   0|  0|   2|           1|           1|
    |ap_condition_849        |       and|   0|  0|   2|           1|           1|
    |ap_condition_852        |       and|   0|  0|   2|           1|           1|
    |ap_condition_855        |       and|   0|  0|   2|           1|           1|
    |ap_condition_858        |       and|   0|  0|   2|           1|           1|
    |ap_condition_861        |       and|   0|  0|   2|           1|           1|
    |ap_condition_864        |       and|   0|  0|   2|           1|           1|
    |icmp_ln133_fu_695_p2    |      icmp|   0|  0|  15|           7|           8|
    |icmp_ln138_fu_727_p2    |      icmp|   0|  0|  10|           3|           1|
    |ap_enable_pp0           |       xor|   0|  0|   2|           1|           2|
    |xor_ln159_1_fu_1127_p2  |       xor|   0|  0|  32|          32|          32|
    |xor_ln159_2_fu_1141_p2  |       xor|   0|  0|  32|          32|          32|
    |xor_ln159_3_fu_1147_p2  |       xor|   0|  0|  32|          32|          32|
    |xor_ln159_fu_1121_p2    |       xor|   0|  0|  32|          32|          32|
    |xor_ln173_1_fu_1396_p2  |       xor|   0|  0|  32|          32|          32|
    |xor_ln173_2_fu_1410_p2  |       xor|   0|  0|  32|          32|          32|
    |xor_ln173_3_fu_1416_p2  |       xor|   0|  0|  32|          32|          32|
    |xor_ln173_fu_1362_p2    |       xor|   0|  0|  32|          32|           2|
    |xor_ln195_1_fu_1528_p2  |       xor|   0|  0|  32|          32|          32|
    |xor_ln195_2_fu_1542_p2  |       xor|   0|  0|  32|          32|          32|
    |xor_ln195_3_fu_1548_p2  |       xor|   0|  0|  32|          32|          32|
    |xor_ln195_fu_1494_p2    |       xor|   0|  0|  32|          32|          32|
    +------------------------+----------+----+---+----+------------+------------+
    |Total                   |          |   0|  0| 919|         866|         830|
    +------------------------+----------+----+---+----+------------+------------+

    * Multiplexer: 
    +-----------------------------------+----+-----------+-----+-----------+
    |                Name               | LUT| Input Size| Bits| Total Bits|
    +-----------------------------------+----+-----------+-----+-----------+
    |ap_done_int                        |   9|          2|    1|          2|
    |ap_enable_reg_pp0_iter1            |   9|          2|    1|          2|
    |ap_loop_exit_ready_pp0_iter2_reg   |   9|          2|    1|          2|
    |ap_phi_reg_pp0_iter2_wt_2_reg_473  |  14|          3|   32|         96|
    |b_fu_304                           |   9|          2|   32|         64|
    |c_fu_300                           |   9|          2|   32|         64|
    |d_3_fu_296                         |   9|          2|   32|         64|
    |d_fu_212                           |   9|          2|   32|         64|
    |f_fu_292                           |   9|          2|   32|         64|
    |g_fu_288                           |   9|          2|   32|         64|
    |h_3_fu_284                         |   9|          2|   32|         64|
    |h_fu_208                           |   9|          2|   32|         64|
    |i_1_fu_216                         |   9|          2|    7|         14|
    |w_33_fu_224                        |   9|          2|   32|         64|
    |w_34_fu_228                        |   9|          2|   32|         64|
    |w_35_fu_232                        |   9|          2|   32|         64|
    |w_36_fu_236                        |   9|          2|   32|         64|
    |w_37_fu_240                        |   9|          2|   32|         64|
    |w_38_fu_244                        |   9|          2|   32|         64|
    |w_39_fu_248                        |   9|          2|   32|         64|
    |w_40_fu_252                        |   9|          2|   32|         64|
    |w_41_fu_256                        |   9|          2|   32|         64|
    |w_42_fu_260                        |   9|          2|   32|         64|
    |w_43_fu_264                        |   9|          2|   32|         64|
    |w_44_fu_268                        |   9|          2|   32|         64|
    |w_45_fu_272                        |   9|          2|   32|         64|
    |w_46_fu_276                        |   9|          2|   32|         64|
    |w_47_fu_280                        |   9|          2|   32|         64|
    |w_fu_220                           |   9|          2|   32|         64|
    +-----------------------------------+----+-----------+-----+-----------+
    |Total                              | 266|         59|  810|       1652|
    +-----------------------------------+----+-----------+-----+-----------+

    * Register: 
    +-----------------------------------+----+----+-----+-----------+
    |                Name               | FF | LUT| Bits| Const Bits|
    +-----------------------------------+----+----+-----+-----------+
    |ap_CS_fsm                          |   1|   0|    1|          0|
    |ap_done_reg                        |   1|   0|    1|          0|
    |ap_enable_reg_pp0_iter1            |   1|   0|    1|          0|
    |ap_enable_reg_pp0_iter2            |   1|   0|    1|          0|
    |ap_loop_exit_ready_pp0_iter2_reg   |   1|   0|    1|          0|
    |ap_phi_reg_pp0_iter1_wt_2_reg_473  |  32|   0|   32|          0|
    |ap_phi_reg_pp0_iter2_wt_2_reg_473  |  32|   0|   32|          0|
    |b_fu_304                           |  32|   0|   32|          0|
    |c_fu_300                           |  32|   0|   32|          0|
    |d_3_fu_296                         |  32|   0|   32|          0|
    |d_fu_212                           |  32|   0|   32|          0|
    |f_fu_292                           |  32|   0|   32|          0|
    |g_fu_288                           |  32|   0|   32|          0|
    |h_3_fu_284                         |  32|   0|   32|          0|
    |h_fu_208                           |  32|   0|   32|          0|
    |i_1_fu_216                         |   7|   0|    7|          0|
    |icmp_ln133_reg_1791                |   1|   0|    1|          0|
    |w_33_fu_224                        |  32|   0|   32|          0|
    |w_34_fu_228                        |  32|   0|   32|          0|
    |w_35_fu_232                        |  32|   0|   32|          0|
    |w_36_fu_236                        |  32|   0|   32|          0|
    |w_37_fu_240                        |  32|   0|   32|          0|
    |w_38_fu_244                        |  32|   0|   32|          0|
    |w_39_fu_248                        |  32|   0|   32|          0|
    |w_40_fu_252                        |  32|   0|   32|          0|
    |w_41_fu_256                        |  32|   0|   32|          0|
    |w_42_fu_260                        |  32|   0|   32|          0|
    |w_43_fu_264                        |  32|   0|   32|          0|
    |w_44_fu_268                        |  32|   0|   32|          0|
    |w_45_fu_272                        |  32|   0|   32|          0|
    |w_46_fu_276                        |  32|   0|   32|          0|
    |w_47_fu_280                        |  32|   0|   32|          0|
    |w_fu_220                           |  32|   0|   32|          0|
    +-----------------------------------+----+----+-----+-----------+
    |Total                              | 845|   0|  845|          0|
    +-----------------------------------+----+----+-----+-----------+



================================================================
== Interface
================================================================
* Summary: 
+----------------+-----+-----+------------+------------------------------------------------+--------------+
|    RTL Ports   | Dir | Bits|  Protocol  |                  Source Object                 |    C Type    |
+----------------+-----+-----+------------+------------------------------------------------+--------------+
|ap_clk          |   in|    1|  ap_ctrl_hs|  sha256_compress_words.1_Pipeline_SHA256_ROUNDS|  return value|
|ap_rst          |   in|    1|  ap_ctrl_hs|  sha256_compress_words.1_Pipeline_SHA256_ROUNDS|  return value|
|ap_start        |   in|    1|  ap_ctrl_hs|  sha256_compress_words.1_Pipeline_SHA256_ROUNDS|  return value|
|ap_done         |  out|    1|  ap_ctrl_hs|  sha256_compress_words.1_Pipeline_SHA256_ROUNDS|  return value|
|ap_idle         |  out|    1|  ap_ctrl_hs|  sha256_compress_words.1_Pipeline_SHA256_ROUNDS|  return value|
|ap_ready        |  out|    1|  ap_ctrl_hs|  sha256_compress_words.1_Pipeline_SHA256_ROUNDS|  return value|
|w_15_reload     |   in|   32|     ap_none|                                     w_15_reload|        scalar|
|w_14_reload     |   in|   32|     ap_none|                                     w_14_reload|        scalar|
|w_13_reload     |   in|   32|     ap_none|                                     w_13_reload|        scalar|
|w_12_reload     |   in|   32|     ap_none|                                     w_12_reload|        scalar|
|w_11_reload     |   in|   32|     ap_none|                                     w_11_reload|        scalar|
|w_10_reload     |   in|   32|     ap_none|                                     w_10_reload|        scalar|
|w_9_reload      |   in|   32|     ap_none|                                      w_9_reload|        scalar|
|w_8_reload      |   in|   32|     ap_none|                                      w_8_reload|        scalar|
|w_7_reload      |   in|   32|     ap_none|                                      w_7_reload|        scalar|
|w_6_reload      |   in|   32|     ap_none|                                      w_6_reload|        scalar|
|w_5_reload      |   in|   32|     ap_none|                                      w_5_reload|        scalar|
|w_4_reload      |   in|   32|     ap_none|                                      w_4_reload|        scalar|
|w_3_reload      |   in|   32|     ap_none|                                      w_3_reload|        scalar|
|w_2_reload      |   in|   32|     ap_none|                                      w_2_reload|        scalar|
|w_1_reload      |   in|   32|     ap_none|                                      w_1_reload|        scalar|
|w_reload        |   in|   32|     ap_none|                                        w_reload|        scalar|
|a_2_out         |  out|   32|      ap_vld|                                         a_2_out|       pointer|
|a_2_out_ap_vld  |  out|    1|      ap_vld|                                         a_2_out|       pointer|
|b_out           |  out|   32|      ap_vld|                                           b_out|       pointer|
|b_out_ap_vld    |  out|    1|      ap_vld|                                           b_out|       pointer|
|c_out           |  out|   32|      ap_vld|                                           c_out|       pointer|
|c_out_ap_vld    |  out|    1|      ap_vld|                                           c_out|       pointer|
|d_out           |  out|   32|      ap_vld|                                           d_out|       pointer|
|d_out_ap_vld    |  out|    1|      ap_vld|                                           d_out|       pointer|
|e_2_out         |  out|   32|      ap_vld|                                         e_2_out|       pointer|
|e_2_out_ap_vld  |  out|    1|      ap_vld|                                         e_2_out|       pointer|
|f_out           |  out|   32|      ap_vld|                                           f_out|       pointer|
|f_out_ap_vld    |  out|    1|      ap_vld|                                           f_out|       pointer|
|g_out           |  out|   32|      ap_vld|                                           g_out|       pointer|
|g_out_ap_vld    |  out|    1|      ap_vld|                                           g_out|       pointer|
|h_out           |  out|   32|      ap_vld|                                           h_out|       pointer|
|h_out_ap_vld    |  out|    1|      ap_vld|                                           h_out|       pointer|
+----------------+-----+-----+------------+------------------------------------------------+--------------+

============================================================
+ Verbose Summary: Synthesis Manager
============================================================
InlineROM: 1
ExposeGlobal: 0
============================================================
+ Verbose Summary: CDFG Model
============================================================
IsTopModel: 0
ResetActiveHigh: 1
IsCombinational: 2
IsDatapathOnly: 2
HasWiredReturn: 1
HasMFsm: 2
HasVarLatency: 1
IsPipeline: 0
IsRtlPipelined: 0
IsInstanceOverlapped: 0
IsDontTouch: 0
HasImplIP: 0
IsGatedGlobalClock: 0

+ Individual pipeline summary: 
  * Pipeline-0: initiation interval (II) = 1, depth = 3


============================================================
+ Verbose Summary: Schedule
============================================================
* Number of FSM states : 3
* Pipeline : 1
  Pipeline-0 : II = 1, D = 3, States = { 1 2 3 }
* Dataflow Pipeline: 0

* FSM state transitions: 
1 --> 2 
2 --> 3 
3 --> 

* FSM state operations: 

State 1 <SV = 0> <Delay = 0.42>
ST_1 : Operation 5 [1/1] (0.00ns)   --->   "%h = alloca i32 1" [dylan-hls/mine.cpp:130]   --->   Operation 5 'alloca' 'h' <Predicate = true> <Delay = 0.00>
ST_1 : Operation 6 [1/1] (0.00ns)   --->   "%d = alloca i32 1" [dylan-hls/mine.cpp:126]   --->   Operation 6 'alloca' 'd' <Predicate = true> <Delay = 0.00>
ST_1 : Operation 7 [1/1] (0.00ns)   --->   "%i_1 = alloca i32 1" [dylan-hls/mine.cpp:133]   --->   Operation 7 'alloca' 'i_1' <Predicate = true> <Delay = 0.00>
ST_1 : Operation 8 [1/1] (0.00ns)   --->   "%w = alloca i32 1" [dylan-hls/mine.cpp:114]   --->   Operation 8 'alloca' 'w' <Predicate = true> <Delay = 0.00>
ST_1 : Operation 9 [1/1] (0.00ns)   --->   "%w_33 = alloca i32 1" [dylan-hls/mine.cpp:114]   --->   Operation 9 'alloca' 'w_33' <Predicate = true> <Delay = 0.00>
ST_1 : Operation 10 [1/1] (0.00ns)   --->   "%w_34 = alloca i32 1" [dylan-hls/mine.cpp:114]   --->   Operation 10 'alloca' 'w_34' <Predicate = true> <Delay = 0.00>
ST_1 : Operation 11 [1/1] (0.00ns)   --->   "%w_35 = alloca i32 1" [dylan-hls/mine.cpp:114]   --->   Operation 11 'alloca' 'w_35' <Predicate = true> <Delay = 0.00>
ST_1 : Operation 12 [1/1] (0.00ns)   --->   "%w_36 = alloca i32 1" [dylan-hls/mine.cpp:114]   --->   Operation 12 'alloca' 'w_36' <Predicate = true> <Delay = 0.00>
ST_1 : Operation 13 [1/1] (0.00ns)   --->   "%w_37 = alloca i32 1" [dylan-hls/mine.cpp:114]   --->   Operation 13 'alloca' 'w_37' <Predicate = true> <Delay = 0.00>
ST_1 : Operation 14 [1/1] (0.00ns)   --->   "%w_38 = alloca i32 1" [dylan-hls/mine.cpp:114]   --->   Operation 14 'alloca' 'w_38' <Predicate = true> <Delay = 0.00>
ST_1 : Operation 15 [1/1] (0.00ns)   --->   "%w_39 = alloca i32 1" [dylan-hls/mine.cpp:114]   --->   Operation 15 'alloca' 'w_39' <Predicate = true> <Delay = 0.00>
ST_1 : Operation 16 [1/1] (0.00ns)   --->   "%w_40 = alloca i32 1" [dylan-hls/mine.cpp:114]   --->   Operation 16 'alloca' 'w_40' <Predicate = true> <Delay = 0.00>
ST_1 : Operation 17 [1/1] (0.00ns)   --->   "%w_41 = alloca i32 1" [dylan-hls/mine.cpp:114]   --->   Operation 17 'alloca' 'w_41' <Predicate = true> <Delay = 0.00>
ST_1 : Operation 18 [1/1] (0.00ns)   --->   "%w_42 = alloca i32 1" [dylan-hls/mine.cpp:114]   --->   Operation 18 'alloca' 'w_42' <Predicate = true> <Delay = 0.00>
ST_1 : Operation 19 [1/1] (0.00ns)   --->   "%w_43 = alloca i32 1" [dylan-hls/mine.cpp:114]   --->   Operation 19 'alloca' 'w_43' <Predicate = true> <Delay = 0.00>
ST_1 : Operation 20 [1/1] (0.00ns)   --->   "%w_44 = alloca i32 1" [dylan-hls/mine.cpp:114]   --->   Operation 20 'alloca' 'w_44' <Predicate = true> <Delay = 0.00>
ST_1 : Operation 21 [1/1] (0.00ns)   --->   "%w_45 = alloca i32 1" [dylan-hls/mine.cpp:114]   --->   Operation 21 'alloca' 'w_45' <Predicate = true> <Delay = 0.00>
ST_1 : Operation 22 [1/1] (0.00ns)   --->   "%w_46 = alloca i32 1" [dylan-hls/mine.cpp:114]   --->   Operation 22 'alloca' 'w_46' <Predicate = true> <Delay = 0.00>
ST_1 : Operation 23 [1/1] (0.00ns)   --->   "%w_47 = alloca i32 1" [dylan-hls/mine.cpp:114]   --->   Operation 23 'alloca' 'w_47' <Predicate = true> <Delay = 0.00>
ST_1 : Operation 24 [1/1] (0.00ns)   --->   "%h_3 = alloca i32 1" [dylan-hls/mine.cpp:130]   --->   Operation 24 'alloca' 'h_3' <Predicate = true> <Delay = 0.00>
ST_1 : Operation 25 [1/1] (0.00ns)   --->   "%g = alloca i32 1" [dylan-hls/mine.cpp:129]   --->   Operation 25 'alloca' 'g' <Predicate = true> <Delay = 0.00>
ST_1 : Operation 26 [1/1] (0.00ns)   --->   "%f = alloca i32 1" [dylan-hls/mine.cpp:128]   --->   Operation 26 'alloca' 'f' <Predicate = true> <Delay = 0.00>
ST_1 : Operation 27 [1/1] (0.00ns)   --->   "%d_3 = alloca i32 1" [dylan-hls/mine.cpp:126]   --->   Operation 27 'alloca' 'd_3' <Predicate = true> <Delay = 0.00>
ST_1 : Operation 28 [1/1] (0.00ns)   --->   "%c = alloca i32 1" [dylan-hls/mine.cpp:125]   --->   Operation 28 'alloca' 'c' <Predicate = true> <Delay = 0.00>
ST_1 : Operation 29 [1/1] (0.00ns)   --->   "%b = alloca i32 1" [dylan-hls/mine.cpp:124]   --->   Operation 29 'alloca' 'b' <Predicate = true> <Delay = 0.00>
ST_1 : Operation 30 [1/1] (0.00ns)   --->   "%w_reload_read = read i32 @_ssdm_op_Read.ap_auto.i32, i32 %w_reload"   --->   Operation 30 'read' 'w_reload_read' <Predicate = true> <Delay = 0.00>
ST_1 : Operation 31 [1/1] (0.00ns)   --->   "%w_1_reload_read = read i32 @_ssdm_op_Read.ap_auto.i32, i32 %w_1_reload"   --->   Operation 31 'read' 'w_1_reload_read' <Predicate = true> <Delay = 0.00>
ST_1 : Operation 32 [1/1] (0.00ns)   --->   "%w_2_reload_read = read i32 @_ssdm_op_Read.ap_auto.i32, i32 %w_2_reload"   --->   Operation 32 'read' 'w_2_reload_read' <Predicate = true> <Delay = 0.00>
ST_1 : Operation 33 [1/1] (0.00ns)   --->   "%w_3_reload_read = read i32 @_ssdm_op_Read.ap_auto.i32, i32 %w_3_reload"   --->   Operation 33 'read' 'w_3_reload_read' <Predicate = true> <Delay = 0.00>
ST_1 : Operation 34 [1/1] (0.00ns)   --->   "%w_4_reload_read = read i32 @_ssdm_op_Read.ap_auto.i32, i32 %w_4_reload"   --->   Operation 34 'read' 'w_4_reload_read' <Predicate = true> <Delay = 0.00>
ST_1 : Operation 35 [1/1] (0.00ns)   --->   "%w_5_reload_read = read i32 @_ssdm_op_Read.ap_auto.i32, i32 %w_5_reload"   --->   Operation 35 'read' 'w_5_reload_read' <Predicate = true> <Delay = 0.00>
ST_1 : Operation 36 [1/1] (0.00ns)   --->   "%w_6_reload_read = read i32 @_ssdm_op_Read.ap_auto.i32, i32 %w_6_reload"   --->   Operation 36 'read' 'w_6_reload_read' <Predicate = true> <Delay = 0.00>
ST_1 : Operation 37 [1/1] (0.00ns)   --->   "%w_7_reload_read = read i32 @_ssdm_op_Read.ap_auto.i32, i32 %w_7_reload"   --->   Operation 37 'read' 'w_7_reload_read' <Predicate = true> <Delay = 0.00>
ST_1 : Operation 38 [1/1] (0.00ns)   --->   "%w_8_reload_read = read i32 @_ssdm_op_Read.ap_auto.i32, i32 %w_8_reload"   --->   Operation 38 'read' 'w_8_reload_read' <Predicate = true> <Delay = 0.00>
ST_1 : Operation 39 [1/1] (0.00ns)   --->   "%w_9_reload_read = read i32 @_ssdm_op_Read.ap_auto.i32, i32 %w_9_reload"   --->   Operation 39 'read' 'w_9_reload_read' <Predicate = true> <Delay = 0.00>
ST_1 : Operation 40 [1/1] (0.00ns)   --->   "%w_10_reload_read = read i32 @_ssdm_op_Read.ap_auto.i32, i32 %w_10_reload"   --->   Operation 40 'read' 'w_10_reload_read' <Predicate = true> <Delay = 0.00>
ST_1 : Operation 41 [1/1] (0.00ns)   --->   "%w_11_reload_read = read i32 @_ssdm_op_Read.ap_auto.i32, i32 %w_11_reload"   --->   Operation 41 'read' 'w_11_reload_read' <Predicate = true> <Delay = 0.00>
ST_1 : Operation 42 [1/1] (0.00ns)   --->   "%w_12_reload_read = read i32 @_ssdm_op_Read.ap_auto.i32, i32 %w_12_reload"   --->   Operation 42 'read' 'w_12_reload_read' <Predicate = true> <Delay = 0.00>
ST_1 : Operation 43 [1/1] (0.00ns)   --->   "%w_13_reload_read = read i32 @_ssdm_op_Read.ap_auto.i32, i32 %w_13_reload"   --->   Operation 43 'read' 'w_13_reload_read' <Predicate = true> <Delay = 0.00>
ST_1 : Operation 44 [1/1] (0.00ns)   --->   "%w_14_reload_read = read i32 @_ssdm_op_Read.ap_auto.i32, i32 %w_14_reload"   --->   Operation 44 'read' 'w_14_reload_read' <Predicate = true> <Delay = 0.00>
ST_1 : Operation 45 [1/1] (0.00ns)   --->   "%w_15_reload_read = read i32 @_ssdm_op_Read.ap_auto.i32, i32 %w_15_reload"   --->   Operation 45 'read' 'w_15_reload_read' <Predicate = true> <Delay = 0.00>
ST_1 : Operation 46 [1/1] (0.42ns)   --->   "%store_ln124 = store i32 1779033703, i32 %b" [dylan-hls/mine.cpp:124]   --->   Operation 46 'store' 'store_ln124' <Predicate = true> <Delay = 0.42>
ST_1 : Operation 47 [1/1] (0.42ns)   --->   "%store_ln125 = store i32 3144134277, i32 %c" [dylan-hls/mine.cpp:125]   --->   Operation 47 'store' 'store_ln125' <Predicate = true> <Delay = 0.42>
ST_1 : Operation 48 [1/1] (0.42ns)   --->   "%store_ln126 = store i32 1013904242, i32 %d_3" [dylan-hls/mine.cpp:126]   --->   Operation 48 'store' 'store_ln126' <Predicate = true> <Delay = 0.42>
ST_1 : Operation 49 [1/1] (0.42ns)   --->   "%store_ln128 = store i32 1359893119, i32 %f" [dylan-hls/mine.cpp:128]   --->   Operation 49 'store' 'store_ln128' <Predicate = true> <Delay = 0.42>
ST_1 : Operation 50 [1/1] (0.42ns)   --->   "%store_ln129 = store i32 2600822924, i32 %g" [dylan-hls/mine.cpp:129]   --->   Operation 50 'store' 'store_ln129' <Predicate = true> <Delay = 0.42>
ST_1 : Operation 51 [1/1] (0.42ns)   --->   "%store_ln130 = store i32 528734635, i32 %h_3" [dylan-hls/mine.cpp:130]   --->   Operation 51 'store' 'store_ln130' <Predicate = true> <Delay = 0.42>
ST_1 : Operation 52 [1/1] (0.42ns)   --->   "%store_ln114 = store i32 %w_15_reload_read, i32 %w_47" [dylan-hls/mine.cpp:114]   --->   Operation 52 'store' 'store_ln114' <Predicate = true> <Delay = 0.42>
ST_1 : Operation 53 [1/1] (0.42ns)   --->   "%store_ln114 = store i32 %w_14_reload_read, i32 %w_46" [dylan-hls/mine.cpp:114]   --->   Operation 53 'store' 'store_ln114' <Predicate = true> <Delay = 0.42>
ST_1 : Operation 54 [1/1] (0.42ns)   --->   "%store_ln114 = store i32 %w_13_reload_read, i32 %w_45" [dylan-hls/mine.cpp:114]   --->   Operation 54 'store' 'store_ln114' <Predicate = true> <Delay = 0.42>
ST_1 : Operation 55 [1/1] (0.42ns)   --->   "%store_ln114 = store i32 %w_12_reload_read, i32 %w_44" [dylan-hls/mine.cpp:114]   --->   Operation 55 'store' 'store_ln114' <Predicate = true> <Delay = 0.42>
ST_1 : Operation 56 [1/1] (0.42ns)   --->   "%store_ln114 = store i32 %w_11_reload_read, i32 %w_43" [dylan-hls/mine.cpp:114]   --->   Operation 56 'store' 'store_ln114' <Predicate = true> <Delay = 0.42>
ST_1 : Operation 57 [1/1] (0.42ns)   --->   "%store_ln114 = store i32 %w_10_reload_read, i32 %w_42" [dylan-hls/mine.cpp:114]   --->   Operation 57 'store' 'store_ln114' <Predicate = true> <Delay = 0.42>
ST_1 : Operation 58 [1/1] (0.42ns)   --->   "%store_ln114 = store i32 %w_9_reload_read, i32 %w_41" [dylan-hls/mine.cpp:114]   --->   Operation 58 'store' 'store_ln114' <Predicate = true> <Delay = 0.42>
ST_1 : Operation 59 [1/1] (0.42ns)   --->   "%store_ln114 = store i32 %w_8_reload_read, i32 %w_40" [dylan-hls/mine.cpp:114]   --->   Operation 59 'store' 'store_ln114' <Predicate = true> <Delay = 0.42>
ST_1 : Operation 60 [1/1] (0.42ns)   --->   "%store_ln114 = store i32 %w_7_reload_read, i32 %w_39" [dylan-hls/mine.cpp:114]   --->   Operation 60 'store' 'store_ln114' <Predicate = true> <Delay = 0.42>
ST_1 : Operation 61 [1/1] (0.42ns)   --->   "%store_ln114 = store i32 %w_6_reload_read, i32 %w_38" [dylan-hls/mine.cpp:114]   --->   Operation 61 'store' 'store_ln114' <Predicate = true> <Delay = 0.42>
ST_1 : Operation 62 [1/1] (0.42ns)   --->   "%store_ln114 = store i32 %w_5_reload_read, i32 %w_37" [dylan-hls/mine.cpp:114]   --->   Operation 62 'store' 'store_ln114' <Predicate = true> <Delay = 0.42>
ST_1 : Operation 63 [1/1] (0.42ns)   --->   "%store_ln114 = store i32 %w_4_reload_read, i32 %w_36" [dylan-hls/mine.cpp:114]   --->   Operation 63 'store' 'store_ln114' <Predicate = true> <Delay = 0.42>
ST_1 : Operation 64 [1/1] (0.42ns)   --->   "%store_ln114 = store i32 %w_3_reload_read, i32 %w_35" [dylan-hls/mine.cpp:114]   --->   Operation 64 'store' 'store_ln114' <Predicate = true> <Delay = 0.42>
ST_1 : Operation 65 [1/1] (0.42ns)   --->   "%store_ln114 = store i32 %w_2_reload_read, i32 %w_34" [dylan-hls/mine.cpp:114]   --->   Operation 65 'store' 'store_ln114' <Predicate = true> <Delay = 0.42>
ST_1 : Operation 66 [1/1] (0.42ns)   --->   "%store_ln114 = store i32 %w_1_reload_read, i32 %w_33" [dylan-hls/mine.cpp:114]   --->   Operation 66 'store' 'store_ln114' <Predicate = true> <Delay = 0.42>
ST_1 : Operation 67 [1/1] (0.42ns)   --->   "%store_ln114 = store i32 %w_reload_read, i32 %w" [dylan-hls/mine.cpp:114]   --->   Operation 67 'store' 'store_ln114' <Predicate = true> <Delay = 0.42>
ST_1 : Operation 68 [1/1] (0.42ns)   --->   "%store_ln133 = store i7 0, i7 %i_1" [dylan-hls/mine.cpp:133]   --->   Operation 68 'store' 'store_ln133' <Predicate = true> <Delay = 0.42>
ST_1 : Operation 69 [1/1] (0.42ns)   --->   "%store_ln126 = store i32 2773480762, i32 %d" [dylan-hls/mine.cpp:126]   --->   Operation 69 'store' 'store_ln126' <Predicate = true> <Delay = 0.42>
ST_1 : Operation 70 [1/1] (0.42ns)   --->   "%store_ln130 = store i32 1541459225, i32 %h" [dylan-hls/mine.cpp:130]   --->   Operation 70 'store' 'store_ln130' <Predicate = true> <Delay = 0.42>
ST_1 : Operation 71 [1/1] (0.00ns)   --->   "%br_ln0 = br void %for.body15"   --->   Operation 71 'br' 'br_ln0' <Predicate = true> <Delay = 0.00>

State 2 <SV = 1> <Delay = 2.66>
ST_2 : Operation 72 [1/1] (0.00ns)   --->   "%i = load i7 %i_1" [dylan-hls/mine.cpp:133]   --->   Operation 72 'load' 'i' <Predicate = true> <Delay = 0.00>
ST_2 : Operation 73 [1/1] (0.77ns)   --->   "%icmp_ln133 = icmp_eq  i7 %i, i7 64" [dylan-hls/mine.cpp:133]   --->   Operation 73 'icmp' 'icmp_ln133' <Predicate = true> <Delay = 0.77> <CoreInst = "Cmp">   --->   Core 9 'Cmp' <Latency = 0> <II = 1> <Delay = 0.76> <FuncUnit> <Opcode : 'seteq' 'setne' 'setle' 'setge' 'setlt' 'setgt'> <InPorts = 2> <OutPorts = 1>
ST_2 : Operation 74 [1/1] (0.77ns)   --->   "%add_ln133 = add i7 %i, i7 1" [dylan-hls/mine.cpp:133]   --->   Operation 74 'add' 'add_ln133' <Predicate = true> <Delay = 0.77> <CoreInst = "Adder">   --->   Core 1 'Adder' <Latency = 0> <II = 1> <Delay = 0.77> <FuncUnit> <Opcode : 'add' 'sub'> <InPorts = 2> <OutPorts = 1>
ST_2 : Operation 75 [1/1] (0.00ns)   --->   "%br_ln133 = br i1 %icmp_ln133, void %for.body15.split, void %for.end72.exitStub" [dylan-hls/mine.cpp:133]   --->   Operation 75 'br' 'br_ln133' <Predicate = true> <Delay = 0.00>
ST_2 : Operation 76 [1/1] (0.00ns)   --->   "%zext_ln133 = zext i7 %i" [dylan-hls/mine.cpp:133]   --->   Operation 76 'zext' 'zext_ln133' <Predicate = (!icmp_ln133)> <Delay = 0.00>
ST_2 : Operation 77 [1/1] (0.00ns)   --->   "%trunc_ln133 = trunc i7 %i" [dylan-hls/mine.cpp:133]   --->   Operation 77 'trunc' 'trunc_ln133' <Predicate = (!icmp_ln133)> <Delay = 0.00>
ST_2 : Operation 78 [1/1] (0.00ns)   --->   "%specpipeline_ln134 = specpipeline void @_ssdm_op_SpecPipeline, i32 1, i32 0, i32 0, i32 0, i32 4294967295, void @empty" [dylan-hls/mine.cpp:134]   --->   Operation 78 'specpipeline' 'specpipeline_ln134' <Predicate = (!icmp_ln133)> <Delay = 0.00>
ST_2 : Operation 79 [1/1] (0.00ns)   --->   "%speclooptripcount_ln114 = speclooptripcount void @_ssdm_op_SpecLoopTripCount, i64 64, i64 64, i64 64" [dylan-hls/mine.cpp:114]   --->   Operation 79 'speclooptripcount' 'speclooptripcount_ln114' <Predicate = (!icmp_ln133)> <Delay = 0.00>
ST_2 : Operation 80 [1/1] (0.00ns)   --->   "%specloopname_ln133 = specloopname void @_ssdm_op_SpecLoopName, void @empty_23" [dylan-hls/mine.cpp:133]   --->   Operation 80 'specloopname' 'specloopname_ln133' <Predicate = (!icmp_ln133)> <Delay = 0.00>
ST_2 : Operation 81 [1/1] (0.00ns)   --->   "%tmp_2 = partselect i3 @_ssdm_op_PartSelect.i3.i7.i32.i32, i7 %i, i32 4, i32 6" [dylan-hls/mine.cpp:138]   --->   Operation 81 'partselect' 'tmp_2' <Predicate = (!icmp_ln133)> <Delay = 0.00>
ST_2 : Operation 82 [1/1] (0.67ns)   --->   "%icmp_ln138 = icmp_eq  i3 %tmp_2, i3 0" [dylan-hls/mine.cpp:138]   --->   Operation 82 'icmp' 'icmp_ln138' <Predicate = (!icmp_ln133)> <Delay = 0.67> <CoreInst = "Cmp">   --->   Core 9 'Cmp' <Latency = 0> <II = 1> <Delay = 0.67> <FuncUnit> <Opcode : 'seteq' 'setne' 'setle' 'setge' 'setlt' 'setgt'> <InPorts = 2> <OutPorts = 1>
ST_2 : Operation 83 [1/1] (0.00ns)   --->   "%w_load = load i32 %w" [dylan-hls/mine.cpp:139]   --->   Operation 83 'load' 'w_load' <Predicate = (!icmp_ln133)> <Delay = 0.00>
ST_2 : Operation 84 [1/1] (0.00ns)   --->   "%w_33_load = load i32 %w_33" [dylan-hls/mine.cpp:139]   --->   Operation 84 'load' 'w_33_load' <Predicate = (!icmp_ln133)> <Delay = 0.00>
ST_2 : Operation 85 [1/1] (0.00ns)   --->   "%w_34_load = load i32 %w_34" [dylan-hls/mine.cpp:139]   --->   Operation 85 'load' 'w_34_load' <Predicate = (!icmp_ln133)> <Delay = 0.00>
ST_2 : Operation 86 [1/1] (0.00ns)   --->   "%w_35_load = load i32 %w_35" [dylan-hls/mine.cpp:139]   --->   Operation 86 'load' 'w_35_load' <Predicate = (!icmp_ln133)> <Delay = 0.00>
ST_2 : Operation 87 [1/1] (0.00ns)   --->   "%w_36_load = load i32 %w_36" [dylan-hls/mine.cpp:139]   --->   Operation 87 'load' 'w_36_load' <Predicate = (!icmp_ln133)> <Delay = 0.00>
ST_2 : Operation 88 [1/1] (0.00ns)   --->   "%w_37_load = load i32 %w_37" [dylan-hls/mine.cpp:139]   --->   Operation 88 'load' 'w_37_load' <Predicate = (!icmp_ln133)> <Delay = 0.00>
ST_2 : Operation 89 [1/1] (0.00ns)   --->   "%w_38_load = load i32 %w_38" [dylan-hls/mine.cpp:139]   --->   Operation 89 'load' 'w_38_load' <Predicate = (!icmp_ln133)> <Delay = 0.00>
ST_2 : Operation 90 [1/1] (0.00ns)   --->   "%w_39_load = load i32 %w_39" [dylan-hls/mine.cpp:139]   --->   Operation 90 'load' 'w_39_load' <Predicate = (!icmp_ln133)> <Delay = 0.00>
ST_2 : Operation 91 [1/1] (0.00ns)   --->   "%w_40_load = load i32 %w_40" [dylan-hls/mine.cpp:139]   --->   Operation 91 'load' 'w_40_load' <Predicate = (!icmp_ln133)> <Delay = 0.00>
ST_2 : Operation 92 [1/1] (0.00ns)   --->   "%w_41_load = load i32 %w_41" [dylan-hls/mine.cpp:139]   --->   Operation 92 'load' 'w_41_load' <Predicate = (!icmp_ln133)> <Delay = 0.00>
ST_2 : Operation 93 [1/1] (0.00ns)   --->   "%w_42_load = load i32 %w_42" [dylan-hls/mine.cpp:139]   --->   Operation 93 'load' 'w_42_load' <Predicate = (!icmp_ln133)> <Delay = 0.00>
ST_2 : Operation 94 [1/1] (0.00ns)   --->   "%w_43_load = load i32 %w_43" [dylan-hls/mine.cpp:139]   --->   Operation 94 'load' 'w_43_load' <Predicate = (!icmp_ln133)> <Delay = 0.00>
ST_2 : Operation 95 [1/1] (0.00ns)   --->   "%w_44_load = load i32 %w_44" [dylan-hls/mine.cpp:139]   --->   Operation 95 'load' 'w_44_load' <Predicate = (!icmp_ln133)> <Delay = 0.00>
ST_2 : Operation 96 [1/1] (0.00ns)   --->   "%w_45_load = load i32 %w_45" [dylan-hls/mine.cpp:139]   --->   Operation 96 'load' 'w_45_load' <Predicate = (!icmp_ln133)> <Delay = 0.00>
ST_2 : Operation 97 [1/1] (0.00ns)   --->   "%w_46_load = load i32 %w_46" [dylan-hls/mine.cpp:139]   --->   Operation 97 'load' 'w_46_load' <Predicate = (!icmp_ln133)> <Delay = 0.00>
ST_2 : Operation 98 [1/1] (0.00ns)   --->   "%w_47_load = load i32 %w_47" [dylan-hls/mine.cpp:139]   --->   Operation 98 'load' 'w_47_load' <Predicate = (!icmp_ln133)> <Delay = 0.00>
ST_2 : Operation 99 [1/1] (0.00ns)   --->   "%br_ln138 = br i1 %icmp_ln138, void %if.else, void %if.then" [dylan-hls/mine.cpp:138]   --->   Operation 99 'br' 'br_ln138' <Predicate = (!icmp_ln133)> <Delay = 0.00>
ST_2 : Operation 100 [1/1] (0.48ns)   --->   "%x15 = sparsemux i32 @_ssdm_op_SparseMux.ap_auto.16i32.i32.i4, i4 15, i32 %w_load, i4 0, i32 %w_33_load, i4 1, i32 %w_34_load, i4 2, i32 %w_35_load, i4 3, i32 %w_36_load, i4 4, i32 %w_37_load, i4 5, i32 %w_38_load, i4 6, i32 %w_39_load, i4 7, i32 %w_40_load, i4 8, i32 %w_41_load, i4 9, i32 %w_42_load, i4 10, i32 %w_43_load, i4 11, i32 %w_44_load, i4 12, i32 %w_45_load, i4 13, i32 %w_46_load, i4 14, i32 %w_47_load, i32 0, i4 %trunc_ln133" [dylan-hls/mine.cpp:143]   --->   Operation 100 'sparsemux' 'x15' <Predicate = (!icmp_ln133 & !icmp_ln138)> <Delay = 0.48> <CoreInst = "BinarySparseMux_DontCare">   --->   Core 149 'BinarySparseMux_DontCare' <Latency = 0> <II = 1> <Delay = 0.48> <FuncUnit> <Opcode : 'sparsemux'> <InPorts = 2> <OutPorts = 1>
ST_2 : Operation 101 [1/1] (0.48ns)   --->   "%x2 = sparsemux i32 @_ssdm_op_SparseMux.ap_auto.16i32.i32.i4, i4 2, i32 %w_load, i4 3, i32 %w_33_load, i4 4, i32 %w_34_load, i4 5, i32 %w_35_load, i4 6, i32 %w_36_load, i4 7, i32 %w_37_load, i4 8, i32 %w_38_load, i4 9, i32 %w_39_load, i4 10, i32 %w_40_load, i4 11, i32 %w_41_load, i4 12, i32 %w_42_load, i4 13, i32 %w_43_load, i4 14, i32 %w_44_load, i4 15, i32 %w_45_load, i4 0, i32 %w_46_load, i4 1, i32 %w_47_load, i32 0, i4 %trunc_ln133" [dylan-hls/mine.cpp:144]   --->   Operation 101 'sparsemux' 'x2' <Predicate = (!icmp_ln133 & !icmp_ln138)> <Delay = 0.48> <CoreInst = "BinarySparseMux_DontCare">   --->   Core 149 'BinarySparseMux_DontCare' <Latency = 0> <II = 1> <Delay = 0.48> <FuncUnit> <Opcode : 'sparsemux'> <InPorts = 2> <OutPorts = 1>
ST_2 : Operation 102 [1/1] (0.00ns) (grouped into LUT with out node add_ln159)   --->   "%lshr_ln = partselect i25 @_ssdm_op_PartSelect.i25.i32.i32.i32, i32 %x15, i32 7, i32 31" [dylan-hls/mine.cpp:33->dylan-hls/mine.cpp:147]   --->   Operation 102 'partselect' 'lshr_ln' <Predicate = (!icmp_ln133 & !icmp_ln138)> <Delay = 0.00>
ST_2 : Operation 103 [1/1] (0.00ns) (grouped into LUT with out node add_ln159)   --->   "%trunc_ln33 = trunc i32 %x15" [dylan-hls/mine.cpp:33->dylan-hls/mine.cpp:147]   --->   Operation 103 'trunc' 'trunc_ln33' <Predicate = (!icmp_ln133 & !icmp_ln138)> <Delay = 0.00>
ST_2 : Operation 104 [1/1] (0.00ns) (grouped into LUT with out node add_ln159)   --->   "%lshr_ln33_1 = partselect i14 @_ssdm_op_PartSelect.i14.i32.i32.i32, i32 %x15, i32 18, i32 31" [dylan-hls/mine.cpp:33->dylan-hls/mine.cpp:148]   --->   Operation 104 'partselect' 'lshr_ln33_1' <Predicate = (!icmp_ln133 & !icmp_ln138)> <Delay = 0.00>
ST_2 : Operation 105 [1/1] (0.00ns) (grouped into LUT with out node add_ln159)   --->   "%trunc_ln33_10 = trunc i32 %x15" [dylan-hls/mine.cpp:33->dylan-hls/mine.cpp:148]   --->   Operation 105 'trunc' 'trunc_ln33_10' <Predicate = (!icmp_ln133 & !icmp_ln138)> <Delay = 0.00>
ST_2 : Operation 106 [1/1] (0.00ns) (grouped into LUT with out node add_ln159)   --->   "%lshr_ln1 = partselect i29 @_ssdm_op_PartSelect.i29.i32.i32.i32, i32 %x15, i32 3, i32 31" [dylan-hls/mine.cpp:149]   --->   Operation 106 'partselect' 'lshr_ln1' <Predicate = (!icmp_ln133 & !icmp_ln138)> <Delay = 0.00>
ST_2 : Operation 107 [1/1] (0.00ns) (grouped into LUT with out node add_ln159)   --->   "%zext_ln149 = zext i29 %lshr_ln1" [dylan-hls/mine.cpp:149]   --->   Operation 107 'zext' 'zext_ln149' <Predicate = (!icmp_ln133 & !icmp_ln138)> <Delay = 0.00>
ST_2 : Operation 108 [1/1] (0.00ns) (grouped into LUT with out node xor_ln159_3)   --->   "%lshr_ln33_2 = partselect i15 @_ssdm_op_PartSelect.i15.i32.i32.i32, i32 %x2, i32 17, i32 31" [dylan-hls/mine.cpp:33->dylan-hls/mine.cpp:152]   --->   Operation 108 'partselect' 'lshr_ln33_2' <Predicate = (!icmp_ln133 & !icmp_ln138)> <Delay = 0.00>
ST_2 : Operation 109 [1/1] (0.00ns) (grouped into LUT with out node xor_ln159_3)   --->   "%trunc_ln33_11 = trunc i32 %x2" [dylan-hls/mine.cpp:33->dylan-hls/mine.cpp:152]   --->   Operation 109 'trunc' 'trunc_ln33_11' <Predicate = (!icmp_ln133 & !icmp_ln138)> <Delay = 0.00>
ST_2 : Operation 110 [1/1] (0.00ns) (grouped into LUT with out node xor_ln159_3)   --->   "%lshr_ln33_3 = partselect i13 @_ssdm_op_PartSelect.i13.i32.i32.i32, i32 %x2, i32 19, i32 31" [dylan-hls/mine.cpp:33->dylan-hls/mine.cpp:153]   --->   Operation 110 'partselect' 'lshr_ln33_3' <Predicate = (!icmp_ln133 & !icmp_ln138)> <Delay = 0.00>
ST_2 : Operation 111 [1/1] (0.00ns) (grouped into LUT with out node xor_ln159_3)   --->   "%trunc_ln33_12 = trunc i32 %x2" [dylan-hls/mine.cpp:33->dylan-hls/mine.cpp:153]   --->   Operation 111 'trunc' 'trunc_ln33_12' <Predicate = (!icmp_ln133 & !icmp_ln138)> <Delay = 0.00>
ST_2 : Operation 112 [1/1] (0.00ns) (grouped into LUT with out node xor_ln159_3)   --->   "%lshr_ln2 = partselect i22 @_ssdm_op_PartSelect.i22.i32.i32.i32, i32 %x2, i32 10, i32 31" [dylan-hls/mine.cpp:154]   --->   Operation 112 'partselect' 'lshr_ln2' <Predicate = (!icmp_ln133 & !icmp_ln138)> <Delay = 0.00>
ST_2 : Operation 113 [1/1] (0.00ns) (grouped into LUT with out node xor_ln159_3)   --->   "%zext_ln154 = zext i22 %lshr_ln2" [dylan-hls/mine.cpp:154]   --->   Operation 113 'zext' 'zext_ln154' <Predicate = (!icmp_ln133 & !icmp_ln138)> <Delay = 0.00>
ST_2 : Operation 114 [1/1] (0.48ns)   --->   "%tmp = sparsemux i32 @_ssdm_op_SparseMux.ap_auto.16i32.i32.i4, i4 0, i32 %w_load, i4 1, i32 %w_33_load, i4 2, i32 %w_34_load, i4 3, i32 %w_35_load, i4 4, i32 %w_36_load, i4 5, i32 %w_37_load, i4 6, i32 %w_38_load, i4 7, i32 %w_39_load, i4 8, i32 %w_40_load, i4 9, i32 %w_41_load, i4 10, i32 %w_42_load, i4 11, i32 %w_43_load, i4 12, i32 %w_44_load, i4 13, i32 %w_45_load, i4 14, i32 %w_46_load, i4 15, i32 %w_47_load, i32 0, i4 %trunc_ln133" [dylan-hls/mine.cpp:157]   --->   Operation 114 'sparsemux' 'tmp' <Predicate = (!icmp_ln133 & !icmp_ln138)> <Delay = 0.48> <CoreInst = "BinarySparseMux_DontCare">   --->   Core 149 'BinarySparseMux_DontCare' <Latency = 0> <II = 1> <Delay = 0.48> <FuncUnit> <Opcode : 'sparsemux'> <InPorts = 2> <OutPorts = 1>
ST_2 : Operation 115 [1/1] (0.48ns)   --->   "%tmp_s = sparsemux i32 @_ssdm_op_SparseMux.ap_auto.16i32.i32.i4, i4 7, i32 %w_load, i4 8, i32 %w_33_load, i4 9, i32 %w_34_load, i4 10, i32 %w_35_load, i4 11, i32 %w_36_load, i4 12, i32 %w_37_load, i4 13, i32 %w_38_load, i4 14, i32 %w_39_load, i4 15, i32 %w_40_load, i4 0, i32 %w_41_load, i4 1, i32 %w_42_load, i4 2, i32 %w_43_load, i4 3, i32 %w_44_load, i4 4, i32 %w_45_load, i4 5, i32 %w_46_load, i4 6, i32 %w_47_load, i32 0, i4 %trunc_ln133" [dylan-hls/mine.cpp:159]   --->   Operation 115 'sparsemux' 'tmp_s' <Predicate = (!icmp_ln133 & !icmp_ln138)> <Delay = 0.48> <CoreInst = "BinarySparseMux_DontCare">   --->   Core 149 'BinarySparseMux_DontCare' <Latency = 0> <II = 1> <Delay = 0.48> <FuncUnit> <Opcode : 'sparsemux'> <InPorts = 2> <OutPorts = 1>
ST_2 : Operation 116 [1/1] (0.00ns) (grouped into LUT with out node add_ln159)   --->   "%or_ln = bitconcatenate i32 @_ssdm_op_BitConcatenate.i32.i18.i14, i18 %trunc_ln33_10, i14 %lshr_ln33_1" [dylan-hls/mine.cpp:159]   --->   Operation 116 'bitconcatenate' 'or_ln' <Predicate = (!icmp_ln133 & !icmp_ln138)> <Delay = 0.00>
ST_2 : Operation 117 [1/1] (0.00ns) (grouped into LUT with out node add_ln159)   --->   "%or_ln159_1 = bitconcatenate i32 @_ssdm_op_BitConcatenate.i32.i7.i25, i7 %trunc_ln33, i25 %lshr_ln" [dylan-hls/mine.cpp:159]   --->   Operation 117 'bitconcatenate' 'or_ln159_1' <Predicate = (!icmp_ln133 & !icmp_ln138)> <Delay = 0.00>
ST_2 : Operation 118 [1/1] (0.00ns) (grouped into LUT with out node xor_ln159_3)   --->   "%or_ln159_2 = bitconcatenate i32 @_ssdm_op_BitConcatenate.i32.i19.i13, i19 %trunc_ln33_12, i13 %lshr_ln33_3" [dylan-hls/mine.cpp:159]   --->   Operation 118 'bitconcatenate' 'or_ln159_2' <Predicate = (!icmp_ln133 & !icmp_ln138)> <Delay = 0.00>
ST_2 : Operation 119 [1/1] (0.00ns) (grouped into LUT with out node add_ln159)   --->   "%xor_ln159 = xor i32 %or_ln159_1, i32 %zext_ln149" [dylan-hls/mine.cpp:159]   --->   Operation 119 'xor' 'xor_ln159' <Predicate = (!icmp_ln133 & !icmp_ln138)> <Delay = 0.00> <CoreInst = "LogicGate">   --->   Core 74 'LogicGate' <Latency = 0> <II = 1> <Delay = 0.35> <FuncUnit> <Opcode : 'and' 'or' 'xor'> <InPorts = 2> <OutPorts = 1>
ST_2 : Operation 120 [1/1] (0.00ns) (grouped into LUT with out node add_ln159)   --->   "%xor_ln159_1 = xor i32 %xor_ln159, i32 %or_ln" [dylan-hls/mine.cpp:159]   --->   Operation 120 'xor' 'xor_ln159_1' <Predicate = (!icmp_ln133 & !icmp_ln138)> <Delay = 0.00> <CoreInst = "LogicGate">   --->   Core 74 'LogicGate' <Latency = 0> <II = 1> <Delay = 0.35> <FuncUnit> <Opcode : 'and' 'or' 'xor'> <InPorts = 2> <OutPorts = 1>
ST_2 : Operation 121 [1/1] (0.00ns) (grouped into LUT with out node xor_ln159_3)   --->   "%or_ln159_3 = bitconcatenate i32 @_ssdm_op_BitConcatenate.i32.i17.i15, i17 %trunc_ln33_11, i15 %lshr_ln33_2" [dylan-hls/mine.cpp:159]   --->   Operation 121 'bitconcatenate' 'or_ln159_3' <Predicate = (!icmp_ln133 & !icmp_ln138)> <Delay = 0.00>
ST_2 : Operation 122 [1/1] (0.00ns) (grouped into LUT with out node xor_ln159_3)   --->   "%xor_ln159_2 = xor i32 %zext_ln154, i32 %or_ln159_3" [dylan-hls/mine.cpp:159]   --->   Operation 122 'xor' 'xor_ln159_2' <Predicate = (!icmp_ln133 & !icmp_ln138)> <Delay = 0.00> <CoreInst = "LogicGate">   --->   Core 74 'LogicGate' <Latency = 0> <II = 1> <Delay = 0.35> <FuncUnit> <Opcode : 'and' 'or' 'xor'> <InPorts = 2> <OutPorts = 1>
ST_2 : Operation 123 [1/1] (0.35ns) (out node of the LUT)   --->   "%xor_ln159_3 = xor i32 %xor_ln159_2, i32 %or_ln159_2" [dylan-hls/mine.cpp:159]   --->   Operation 123 'xor' 'xor_ln159_3' <Predicate = (!icmp_ln133 & !icmp_ln138)> <Delay = 0.35> <CoreInst = "LogicGate">   --->   Core 74 'LogicGate' <Latency = 0> <II = 1> <Delay = 0.35> <FuncUnit> <Opcode : 'and' 'or' 'xor'> <InPorts = 2> <OutPorts = 1>
ST_2 : Operation 124 [1/1] (0.00ns) (grouped into TernaryAdder)   --->   "%add_ln159_1 = add i32 %tmp_s, i32 %xor_ln159_3" [dylan-hls/mine.cpp:159]   --->   Operation 124 'add' 'add_ln159_1' <Predicate = (!icmp_ln133 & !icmp_ln138)> <Delay = 0.00> <CoreInst = "TAddSub">   --->   Core 10 'TAddSub' <Latency = 0> <II = 1> <Delay = 0.36> <IPBlock> <Opcode : 'add' 'sub'> <InPorts = 3> <OutPorts = 1> <Sync> <CReg>
ST_2 : Operation 125 [1/1] (1.01ns) (out node of the LUT)   --->   "%add_ln159 = add i32 %xor_ln159_1, i32 %tmp" [dylan-hls/mine.cpp:159]   --->   Operation 125 'add' 'add_ln159' <Predicate = (!icmp_ln133 & !icmp_ln138)> <Delay = 1.01> <CoreInst = "Adder">   --->   Core 1 'Adder' <Latency = 0> <II = 1> <Delay = 1.01> <FuncUnit> <Opcode : 'add' 'sub'> <InPorts = 2> <OutPorts = 1>
ST_2 : Operation 126 [1/1] (0.73ns) (root node of TernaryAdder)   --->   "%wt_5 = add i32 %add_ln159, i32 %add_ln159_1" [dylan-hls/mine.cpp:159]   --->   Operation 126 'add' 'wt_5' <Predicate = (!icmp_ln133 & !icmp_ln138)> <Delay = 0.73> <CoreInst = "TAddSub">   --->   Core 10 'TAddSub' <Latency = 0> <II = 1> <Delay = 0.36> <IPBlock> <Opcode : 'add' 'sub'> <InPorts = 3> <OutPorts = 1> <Sync> <CReg>
ST_2 : Operation 127 [1/1] (0.79ns)   --->   "%switch_ln162 = switch i4 %trunc_ln133, void %arrayidx34.case.15, i4 0, void %arrayidx34.case.0, i4 1, void %arrayidx34.case.1, i4 2, void %arrayidx34.case.2, i4 3, void %arrayidx34.case.3, i4 4, void %arrayidx34.case.4, i4 5, void %arrayidx34.case.5, i4 6, void %arrayidx34.case.6, i4 7, void %arrayidx34.case.7, i4 8, void %arrayidx34.case.8, i4 9, void %arrayidx34.case.9, i4 10, void %arrayidx34.case.10, i4 11, void %arrayidx34.case.11, i4 12, void %arrayidx34.case.12, i4 13, void %arrayidx34.case.13, i4 14, void %if.else.for.inc70_crit_edge" [dylan-hls/mine.cpp:162]   --->   Operation 127 'switch' 'switch_ln162' <Predicate = (!icmp_ln133 & !icmp_ln138)> <Delay = 0.79>
ST_2 : Operation 128 [1/1] (0.42ns)   --->   "%store_ln114 = store i32 %wt_5, i32 %w_46" [dylan-hls/mine.cpp:114]   --->   Operation 128 'store' 'store_ln114' <Predicate = (!icmp_ln133 & !icmp_ln138 & trunc_ln133 == 14)> <Delay = 0.42>
ST_2 : Operation 129 [1/1] (0.42ns)   --->   "%br_ln162 = br void %for.inc70" [dylan-hls/mine.cpp:162]   --->   Operation 129 'br' 'br_ln162' <Predicate = (!icmp_ln133 & !icmp_ln138 & trunc_ln133 == 14)> <Delay = 0.42>
ST_2 : Operation 130 [1/1] (0.42ns)   --->   "%store_ln114 = store i32 %wt_5, i32 %w_45" [dylan-hls/mine.cpp:114]   --->   Operation 130 'store' 'store_ln114' <Predicate = (!icmp_ln133 & !icmp_ln138 & trunc_ln133 == 13)> <Delay = 0.42>
ST_2 : Operation 131 [1/1] (0.42ns)   --->   "%br_ln162 = br void %for.inc70" [dylan-hls/mine.cpp:162]   --->   Operation 131 'br' 'br_ln162' <Predicate = (!icmp_ln133 & !icmp_ln138 & trunc_ln133 == 13)> <Delay = 0.42>
ST_2 : Operation 132 [1/1] (0.42ns)   --->   "%store_ln114 = store i32 %wt_5, i32 %w_44" [dylan-hls/mine.cpp:114]   --->   Operation 132 'store' 'store_ln114' <Predicate = (!icmp_ln133 & !icmp_ln138 & trunc_ln133 == 12)> <Delay = 0.42>
ST_2 : Operation 133 [1/1] (0.42ns)   --->   "%br_ln162 = br void %for.inc70" [dylan-hls/mine.cpp:162]   --->   Operation 133 'br' 'br_ln162' <Predicate = (!icmp_ln133 & !icmp_ln138 & trunc_ln133 == 12)> <Delay = 0.42>
ST_2 : Operation 134 [1/1] (0.42ns)   --->   "%store_ln114 = store i32 %wt_5, i32 %w_43" [dylan-hls/mine.cpp:114]   --->   Operation 134 'store' 'store_ln114' <Predicate = (!icmp_ln133 & !icmp_ln138 & trunc_ln133 == 11)> <Delay = 0.42>
ST_2 : Operation 135 [1/1] (0.42ns)   --->   "%br_ln162 = br void %for.inc70" [dylan-hls/mine.cpp:162]   --->   Operation 135 'br' 'br_ln162' <Predicate = (!icmp_ln133 & !icmp_ln138 & trunc_ln133 == 11)> <Delay = 0.42>
ST_2 : Operation 136 [1/1] (0.42ns)   --->   "%store_ln114 = store i32 %wt_5, i32 %w_42" [dylan-hls/mine.cpp:114]   --->   Operation 136 'store' 'store_ln114' <Predicate = (!icmp_ln133 & !icmp_ln138 & trunc_ln133 == 10)> <Delay = 0.42>
ST_2 : Operation 137 [1/1] (0.42ns)   --->   "%br_ln162 = br void %for.inc70" [dylan-hls/mine.cpp:162]   --->   Operation 137 'br' 'br_ln162' <Predicate = (!icmp_ln133 & !icmp_ln138 & trunc_ln133 == 10)> <Delay = 0.42>
ST_2 : Operation 138 [1/1] (0.42ns)   --->   "%store_ln114 = store i32 %wt_5, i32 %w_41" [dylan-hls/mine.cpp:114]   --->   Operation 138 'store' 'store_ln114' <Predicate = (!icmp_ln133 & !icmp_ln138 & trunc_ln133 == 9)> <Delay = 0.42>
ST_2 : Operation 139 [1/1] (0.42ns)   --->   "%br_ln162 = br void %for.inc70" [dylan-hls/mine.cpp:162]   --->   Operation 139 'br' 'br_ln162' <Predicate = (!icmp_ln133 & !icmp_ln138 & trunc_ln133 == 9)> <Delay = 0.42>
ST_2 : Operation 140 [1/1] (0.42ns)   --->   "%store_ln114 = store i32 %wt_5, i32 %w_40" [dylan-hls/mine.cpp:114]   --->   Operation 140 'store' 'store_ln114' <Predicate = (!icmp_ln133 & !icmp_ln138 & trunc_ln133 == 8)> <Delay = 0.42>
ST_2 : Operation 141 [1/1] (0.42ns)   --->   "%br_ln162 = br void %for.inc70" [dylan-hls/mine.cpp:162]   --->   Operation 141 'br' 'br_ln162' <Predicate = (!icmp_ln133 & !icmp_ln138 & trunc_ln133 == 8)> <Delay = 0.42>
ST_2 : Operation 142 [1/1] (0.42ns)   --->   "%store_ln114 = store i32 %wt_5, i32 %w_39" [dylan-hls/mine.cpp:114]   --->   Operation 142 'store' 'store_ln114' <Predicate = (!icmp_ln133 & !icmp_ln138 & trunc_ln133 == 7)> <Delay = 0.42>
ST_2 : Operation 143 [1/1] (0.42ns)   --->   "%br_ln162 = br void %for.inc70" [dylan-hls/mine.cpp:162]   --->   Operation 143 'br' 'br_ln162' <Predicate = (!icmp_ln133 & !icmp_ln138 & trunc_ln133 == 7)> <Delay = 0.42>
ST_2 : Operation 144 [1/1] (0.42ns)   --->   "%store_ln114 = store i32 %wt_5, i32 %w_38" [dylan-hls/mine.cpp:114]   --->   Operation 144 'store' 'store_ln114' <Predicate = (!icmp_ln133 & !icmp_ln138 & trunc_ln133 == 6)> <Delay = 0.42>
ST_2 : Operation 145 [1/1] (0.42ns)   --->   "%br_ln162 = br void %for.inc70" [dylan-hls/mine.cpp:162]   --->   Operation 145 'br' 'br_ln162' <Predicate = (!icmp_ln133 & !icmp_ln138 & trunc_ln133 == 6)> <Delay = 0.42>
ST_2 : Operation 146 [1/1] (0.42ns)   --->   "%store_ln114 = store i32 %wt_5, i32 %w_37" [dylan-hls/mine.cpp:114]   --->   Operation 146 'store' 'store_ln114' <Predicate = (!icmp_ln133 & !icmp_ln138 & trunc_ln133 == 5)> <Delay = 0.42>
ST_2 : Operation 147 [1/1] (0.42ns)   --->   "%br_ln162 = br void %for.inc70" [dylan-hls/mine.cpp:162]   --->   Operation 147 'br' 'br_ln162' <Predicate = (!icmp_ln133 & !icmp_ln138 & trunc_ln133 == 5)> <Delay = 0.42>
ST_2 : Operation 148 [1/1] (0.42ns)   --->   "%store_ln114 = store i32 %wt_5, i32 %w_36" [dylan-hls/mine.cpp:114]   --->   Operation 148 'store' 'store_ln114' <Predicate = (!icmp_ln133 & !icmp_ln138 & trunc_ln133 == 4)> <Delay = 0.42>
ST_2 : Operation 149 [1/1] (0.42ns)   --->   "%br_ln162 = br void %for.inc70" [dylan-hls/mine.cpp:162]   --->   Operation 149 'br' 'br_ln162' <Predicate = (!icmp_ln133 & !icmp_ln138 & trunc_ln133 == 4)> <Delay = 0.42>
ST_2 : Operation 150 [1/1] (0.42ns)   --->   "%store_ln114 = store i32 %wt_5, i32 %w_35" [dylan-hls/mine.cpp:114]   --->   Operation 150 'store' 'store_ln114' <Predicate = (!icmp_ln133 & !icmp_ln138 & trunc_ln133 == 3)> <Delay = 0.42>
ST_2 : Operation 151 [1/1] (0.42ns)   --->   "%br_ln162 = br void %for.inc70" [dylan-hls/mine.cpp:162]   --->   Operation 151 'br' 'br_ln162' <Predicate = (!icmp_ln133 & !icmp_ln138 & trunc_ln133 == 3)> <Delay = 0.42>
ST_2 : Operation 152 [1/1] (0.42ns)   --->   "%store_ln114 = store i32 %wt_5, i32 %w_34" [dylan-hls/mine.cpp:114]   --->   Operation 152 'store' 'store_ln114' <Predicate = (!icmp_ln133 & !icmp_ln138 & trunc_ln133 == 2)> <Delay = 0.42>
ST_2 : Operation 153 [1/1] (0.42ns)   --->   "%br_ln162 = br void %for.inc70" [dylan-hls/mine.cpp:162]   --->   Operation 153 'br' 'br_ln162' <Predicate = (!icmp_ln133 & !icmp_ln138 & trunc_ln133 == 2)> <Delay = 0.42>
ST_2 : Operation 154 [1/1] (0.42ns)   --->   "%store_ln114 = store i32 %wt_5, i32 %w_33" [dylan-hls/mine.cpp:114]   --->   Operation 154 'store' 'store_ln114' <Predicate = (!icmp_ln133 & !icmp_ln138 & trunc_ln133 == 1)> <Delay = 0.42>
ST_2 : Operation 155 [1/1] (0.42ns)   --->   "%br_ln162 = br void %for.inc70" [dylan-hls/mine.cpp:162]   --->   Operation 155 'br' 'br_ln162' <Predicate = (!icmp_ln133 & !icmp_ln138 & trunc_ln133 == 1)> <Delay = 0.42>
ST_2 : Operation 156 [1/1] (0.42ns)   --->   "%store_ln114 = store i32 %wt_5, i32 %w" [dylan-hls/mine.cpp:114]   --->   Operation 156 'store' 'store_ln114' <Predicate = (!icmp_ln133 & !icmp_ln138 & trunc_ln133 == 0)> <Delay = 0.42>
ST_2 : Operation 157 [1/1] (0.42ns)   --->   "%br_ln162 = br void %for.inc70" [dylan-hls/mine.cpp:162]   --->   Operation 157 'br' 'br_ln162' <Predicate = (!icmp_ln133 & !icmp_ln138 & trunc_ln133 == 0)> <Delay = 0.42>
ST_2 : Operation 158 [1/1] (0.42ns)   --->   "%store_ln114 = store i32 %wt_5, i32 %w_47" [dylan-hls/mine.cpp:114]   --->   Operation 158 'store' 'store_ln114' <Predicate = (!icmp_ln133 & !icmp_ln138 & trunc_ln133 == 15)> <Delay = 0.42>
ST_2 : Operation 159 [1/1] (0.42ns)   --->   "%br_ln162 = br void %for.inc70" [dylan-hls/mine.cpp:162]   --->   Operation 159 'br' 'br_ln162' <Predicate = (!icmp_ln133 & !icmp_ln138 & trunc_ln133 == 15)> <Delay = 0.42>
ST_2 : Operation 160 [1/1] (0.48ns)   --->   "%wt = sparsemux i32 @_ssdm_op_SparseMux.ap_auto.16i32.i32.i4, i4 0, i32 %w_load, i4 1, i32 %w_33_load, i4 2, i32 %w_34_load, i4 3, i32 %w_35_load, i4 4, i32 %w_36_load, i4 5, i32 %w_37_load, i4 6, i32 %w_38_load, i4 7, i32 %w_39_load, i4 8, i32 %w_40_load, i4 9, i32 %w_41_load, i4 10, i32 %w_42_load, i4 11, i32 %w_43_load, i4 12, i32 %w_44_load, i4 13, i32 %w_45_load, i4 14, i32 %w_46_load, i4 15, i32 %w_47_load, i32 0, i4 %trunc_ln133" [dylan-hls/mine.cpp:139]   --->   Operation 160 'sparsemux' 'wt' <Predicate = (!icmp_ln133 & icmp_ln138)> <Delay = 0.48> <CoreInst = "BinarySparseMux_DontCare">   --->   Core 149 'BinarySparseMux_DontCare' <Latency = 0> <II = 1> <Delay = 0.48> <FuncUnit> <Opcode : 'sparsemux'> <InPorts = 2> <OutPorts = 1>
ST_2 : Operation 161 [1/1] (0.42ns)   --->   "%br_ln140 = br void %for.inc70" [dylan-hls/mine.cpp:140]   --->   Operation 161 'br' 'br_ln140' <Predicate = (!icmp_ln133 & icmp_ln138)> <Delay = 0.42>
ST_2 : Operation 162 [1/1] (0.00ns)   --->   "%K_addr = getelementptr i32 %K, i64 0, i64 %zext_ln133" [dylan-hls/mine.cpp:173]   --->   Operation 162 'getelementptr' 'K_addr' <Predicate = (!icmp_ln133)> <Delay = 0.00>
ST_2 : Operation 163 [2/2] (1.23ns)   --->   "%K_load = load i6 %K_addr" [dylan-hls/mine.cpp:173]   --->   Operation 163 'load' 'K_load' <Predicate = (!icmp_ln133)> <Delay = 1.23> <CoreInst = "ROM">   --->   Core 100 'ROM' <Latency = 1> <II = 1> <Delay = 1.23> <Storage> <Opcode : 'load'> <Ports = 0> <Width = 32> <Depth = 64> <ROM>
ST_2 : Operation 164 [1/1] (0.42ns)   --->   "%store_ln133 = store i7 %add_ln133, i7 %i_1" [dylan-hls/mine.cpp:133]   --->   Operation 164 'store' 'store_ln133' <Predicate = (!icmp_ln133)> <Delay = 0.42>

State 3 <SV = 2> <Delay = 3.41>
ST_3 : Operation 165 [1/1] (0.00ns)   --->   "%h_4 = load i32 %h_3" [dylan-hls/mine.cpp:173]   --->   Operation 165 'load' 'h_4' <Predicate = true> <Delay = 0.00>
ST_3 : Operation 166 [1/1] (0.00ns)   --->   "%g_4 = load i32 %g" [dylan-hls/mine.cpp:173]   --->   Operation 166 'load' 'g_4' <Predicate = true> <Delay = 0.00>
ST_3 : Operation 167 [1/1] (0.00ns)   --->   "%f_4 = load i32 %f" [dylan-hls/mine.cpp:173]   --->   Operation 167 'load' 'f_4' <Predicate = true> <Delay = 0.00>
ST_3 : Operation 168 [1/1] (0.00ns)   --->   "%d_4 = load i32 %d_3" [dylan-hls/mine.cpp:195]   --->   Operation 168 'load' 'd_4' <Predicate = true> <Delay = 0.00>
ST_3 : Operation 169 [1/1] (0.00ns)   --->   "%c_4 = load i32 %c" [dylan-hls/mine.cpp:195]   --->   Operation 169 'load' 'c_4' <Predicate = true> <Delay = 0.00>
ST_3 : Operation 170 [1/1] (0.00ns)   --->   "%b_4 = load i32 %b" [dylan-hls/mine.cpp:195]   --->   Operation 170 'load' 'b_4' <Predicate = true> <Delay = 0.00>
ST_3 : Operation 171 [1/1] (0.00ns)   --->   "%wt_2 = phi i32 %wt, void %if.then, i32 %wt_5, void %arrayidx34.case.15, i32 %wt_5, void %arrayidx34.case.13, i32 %wt_5, void %arrayidx34.case.12, i32 %wt_5, void %arrayidx34.case.11, i32 %wt_5, void %arrayidx34.case.10, i32 %wt_5, void %arrayidx34.case.9, i32 %wt_5, void %arrayidx34.case.8, i32 %wt_5, void %arrayidx34.case.7, i32 %wt_5, void %arrayidx34.case.6, i32 %wt_5, void %arrayidx34.case.5, i32 %wt_5, void %arrayidx34.case.4, i32 %wt_5, void %arrayidx34.case.3, i32 %wt_5, void %arrayidx34.case.2, i32 %wt_5, void %arrayidx34.case.1, i32 %wt_5, void %arrayidx34.case.0, i32 %wt_5, void %if.else.for.inc70_crit_edge"   --->   Operation 171 'phi' 'wt_2' <Predicate = (!icmp_ln133)> <Delay = 0.00>
ST_3 : Operation 172 [1/1] (0.00ns)   --->   "%h_load = load i32 %h" [dylan-hls/mine.cpp:173]   --->   Operation 172 'load' 'h_load' <Predicate = (!icmp_ln133)> <Delay = 0.00>
ST_3 : Operation 173 [1/1] (0.00ns)   --->   "%d_load = load i32 %d" [dylan-hls/mine.cpp:190]   --->   Operation 173 'load' 'd_load' <Predicate = (!icmp_ln133)> <Delay = 0.00>
ST_3 : Operation 174 [1/1] (0.00ns) (grouped into LUT with out node xor_ln173_3)   --->   "%lshr_ln33_4 = partselect i26 @_ssdm_op_PartSelect.i26.i32.i32.i32, i32 %f_4, i32 6, i32 31" [dylan-hls/mine.cpp:33->dylan-hls/mine.cpp:166]   --->   Operation 174 'partselect' 'lshr_ln33_4' <Predicate = (!icmp_ln133)> <Delay = 0.00>
ST_3 : Operation 175 [1/1] (0.00ns) (grouped into LUT with out node xor_ln173_3)   --->   "%trunc_ln33_13 = trunc i32 %f_4" [dylan-hls/mine.cpp:33->dylan-hls/mine.cpp:166]   --->   Operation 175 'trunc' 'trunc_ln33_13' <Predicate = (!icmp_ln133)> <Delay = 0.00>
ST_3 : Operation 176 [1/1] (0.00ns) (grouped into LUT with out node xor_ln173_3)   --->   "%lshr_ln33_5 = partselect i21 @_ssdm_op_PartSelect.i21.i32.i32.i32, i32 %f_4, i32 11, i32 31" [dylan-hls/mine.cpp:33->dylan-hls/mine.cpp:167]   --->   Operation 176 'partselect' 'lshr_ln33_5' <Predicate = (!icmp_ln133)> <Delay = 0.00>
ST_3 : Operation 177 [1/1] (0.00ns) (grouped into LUT with out node xor_ln173_3)   --->   "%trunc_ln33_14 = trunc i32 %f_4" [dylan-hls/mine.cpp:33->dylan-hls/mine.cpp:167]   --->   Operation 177 'trunc' 'trunc_ln33_14' <Predicate = (!icmp_ln133)> <Delay = 0.00>
ST_3 : Operation 178 [1/1] (0.00ns) (grouped into LUT with out node xor_ln173_3)   --->   "%lshr_ln33_6 = partselect i7 @_ssdm_op_PartSelect.i7.i32.i32.i32, i32 %f_4, i32 25, i32 31" [dylan-hls/mine.cpp:33->dylan-hls/mine.cpp:168]   --->   Operation 178 'partselect' 'lshr_ln33_6' <Predicate = (!icmp_ln133)> <Delay = 0.00>
ST_3 : Operation 179 [1/1] (0.00ns) (grouped into LUT with out node xor_ln173_3)   --->   "%trunc_ln33_15 = trunc i32 %f_4" [dylan-hls/mine.cpp:33->dylan-hls/mine.cpp:168]   --->   Operation 179 'trunc' 'trunc_ln33_15' <Predicate = (!icmp_ln133)> <Delay = 0.00>
ST_3 : Operation 180 [1/2] ( I:1.23ns O:1.23ns )   --->   "%K_load = load i6 %K_addr" [dylan-hls/mine.cpp:173]   --->   Operation 180 'load' 'K_load' <Predicate = (!icmp_ln133)> <Delay = 1.23> <CoreInst = "ROM">   --->   Core 100 'ROM' <Latency = 1> <II = 1> <Delay = 1.23> <Storage> <Opcode : 'load'> <Ports = 0> <Width = 32> <Depth = 64> <ROM>
ST_3 : Operation 181 [1/1] (0.00ns) (grouped into LUT with out node xor_ln173_1)   --->   "%xor_ln173 = xor i32 %f_4, i32 4294967295" [dylan-hls/mine.cpp:173]   --->   Operation 181 'xor' 'xor_ln173' <Predicate = (!icmp_ln133)> <Delay = 0.00> <CoreInst = "LogicGate">   --->   Core 74 'LogicGate' <Latency = 0> <II = 1> <Delay = 0.35> <FuncUnit> <Opcode : 'and' 'or' 'xor'> <InPorts = 2> <OutPorts = 1>
ST_3 : Operation 182 [1/1] (0.00ns) (grouped into LUT with out node xor_ln173_1)   --->   "%and_ln173 = and i32 %h_4, i32 %xor_ln173" [dylan-hls/mine.cpp:173]   --->   Operation 182 'and' 'and_ln173' <Predicate = (!icmp_ln133)> <Delay = 0.00> <CoreInst = "LogicGate">   --->   Core 74 'LogicGate' <Latency = 0> <II = 1> <Delay = 0.35> <FuncUnit> <Opcode : 'and' 'or' 'xor'> <InPorts = 2> <OutPorts = 1>
ST_3 : Operation 183 [1/1] (0.00ns) (grouped into LUT with out node xor_ln173_1)   --->   "%and_ln173_1 = and i32 %g_4, i32 %f_4" [dylan-hls/mine.cpp:173]   --->   Operation 183 'and' 'and_ln173_1' <Predicate = (!icmp_ln133)> <Delay = 0.00> <CoreInst = "LogicGate">   --->   Core 74 'LogicGate' <Latency = 0> <II = 1> <Delay = 0.35> <FuncUnit> <Opcode : 'and' 'or' 'xor'> <InPorts = 2> <OutPorts = 1>
ST_3 : Operation 184 [1/1] (0.00ns) (grouped into LUT with out node xor_ln173_3)   --->   "%or_ln1 = bitconcatenate i32 @_ssdm_op_BitConcatenate.i32.i6.i26, i6 %trunc_ln33_13, i26 %lshr_ln33_4" [dylan-hls/mine.cpp:173]   --->   Operation 184 'bitconcatenate' 'or_ln1' <Predicate = (!icmp_ln133)> <Delay = 0.00>
ST_3 : Operation 185 [1/1] (0.00ns) (grouped into LUT with out node xor_ln173_3)   --->   "%or_ln173_1 = bitconcatenate i32 @_ssdm_op_BitConcatenate.i32.i11.i21, i11 %trunc_ln33_14, i21 %lshr_ln33_5" [dylan-hls/mine.cpp:173]   --->   Operation 185 'bitconcatenate' 'or_ln173_1' <Predicate = (!icmp_ln133)> <Delay = 0.00>
ST_3 : Operation 186 [1/1] (0.35ns) (out node of the LUT)   --->   "%xor_ln173_1 = xor i32 %and_ln173, i32 %and_ln173_1" [dylan-hls/mine.cpp:173]   --->   Operation 186 'xor' 'xor_ln173_1' <Predicate = (!icmp_ln133)> <Delay = 0.35> <CoreInst = "LogicGate">   --->   Core 74 'LogicGate' <Latency = 0> <II = 1> <Delay = 0.35> <FuncUnit> <Opcode : 'and' 'or' 'xor'> <InPorts = 2> <OutPorts = 1>
ST_3 : Operation 187 [1/1] (0.00ns) (grouped into LUT with out node xor_ln173_3)   --->   "%or_ln173_2 = bitconcatenate i32 @_ssdm_op_BitConcatenate.i32.i25.i7, i25 %trunc_ln33_15, i7 %lshr_ln33_6" [dylan-hls/mine.cpp:173]   --->   Operation 187 'bitconcatenate' 'or_ln173_2' <Predicate = (!icmp_ln133)> <Delay = 0.00>
ST_3 : Operation 188 [1/1] (0.00ns) (grouped into LUT with out node xor_ln173_3)   --->   "%xor_ln173_2 = xor i32 %or_ln173_1, i32 %or_ln173_2" [dylan-hls/mine.cpp:173]   --->   Operation 188 'xor' 'xor_ln173_2' <Predicate = (!icmp_ln133)> <Delay = 0.00> <CoreInst = "LogicGate">   --->   Core 74 'LogicGate' <Latency = 0> <II = 1> <Delay = 0.35> <FuncUnit> <Opcode : 'and' 'or' 'xor'> <InPorts = 2> <OutPorts = 1>
ST_3 : Operation 189 [1/1] (0.35ns) (out node of the LUT)   --->   "%xor_ln173_3 = xor i32 %xor_ln173_2, i32 %or_ln1" [dylan-hls/mine.cpp:173]   --->   Operation 189 'xor' 'xor_ln173_3' <Predicate = (!icmp_ln133)> <Delay = 0.35> <CoreInst = "LogicGate">   --->   Core 74 'LogicGate' <Latency = 0> <II = 1> <Delay = 0.35> <FuncUnit> <Opcode : 'and' 'or' 'xor'> <InPorts = 2> <OutPorts = 1>
ST_3 : Operation 190 [1/1] (0.00ns) (grouped into TernaryAdder)   --->   "%add_ln173 = add i32 %K_load, i32 %xor_ln173_3" [dylan-hls/mine.cpp:173]   --->   Operation 190 'add' 'add_ln173' <Predicate = (!icmp_ln133)> <Delay = 0.00> <CoreInst = "TAddSub">   --->   Core 10 'TAddSub' <Latency = 0> <II = 1> <Delay = 0.36> <IPBlock> <Opcode : 'add' 'sub'> <InPorts = 3> <OutPorts = 1> <Sync> <CReg>
ST_3 : Operation 191 [1/1] (0.00ns) (grouped into TernaryAdder)   --->   "%add_ln173_1 = add i32 %h_load, i32 %xor_ln173_1" [dylan-hls/mine.cpp:173]   --->   Operation 191 'add' 'add_ln173_1' <Predicate = (!icmp_ln133)> <Delay = 0.00> <CoreInst = "TAddSub">   --->   Core 10 'TAddSub' <Latency = 0> <II = 1> <Delay = 0.36> <IPBlock> <Opcode : 'add' 'sub'> <InPorts = 3> <OutPorts = 1> <Sync> <CReg>
ST_3 : Operation 192 [1/1] (0.73ns) (root node of TernaryAdder)   --->   "%add_ln173_2 = add i32 %wt_2, i32 %add_ln173_1" [dylan-hls/mine.cpp:173]   --->   Operation 192 'add' 'add_ln173_2' <Predicate = (!icmp_ln133)> <Delay = 0.73> <CoreInst = "TAddSub">   --->   Core 10 'TAddSub' <Latency = 0> <II = 1> <Delay = 0.36> <IPBlock> <Opcode : 'add' 'sub'> <InPorts = 3> <OutPorts = 1> <Sync> <CReg>
ST_3 : Operation 193 [1/1] (0.73ns) (root node of TernaryAdder)   --->   "%t1 = add i32 %add_ln173_2, i32 %add_ln173" [dylan-hls/mine.cpp:173]   --->   Operation 193 'add' 't1' <Predicate = (!icmp_ln133)> <Delay = 0.73> <CoreInst = "TAddSub">   --->   Core 10 'TAddSub' <Latency = 0> <II = 1> <Delay = 0.36> <IPBlock> <Opcode : 'add' 'sub'> <InPorts = 3> <OutPorts = 1> <Sync> <CReg>
ST_3 : Operation 194 [1/1] (0.00ns) (grouped into LUT with out node xor_ln195_3)   --->   "%lshr_ln33_7 = partselect i30 @_ssdm_op_PartSelect.i30.i32.i32.i32, i32 %b_4, i32 2, i32 31" [dylan-hls/mine.cpp:33->dylan-hls/mine.cpp:176]   --->   Operation 194 'partselect' 'lshr_ln33_7' <Predicate = (!icmp_ln133)> <Delay = 0.00>
ST_3 : Operation 195 [1/1] (0.00ns) (grouped into LUT with out node xor_ln195_3)   --->   "%trunc_ln33_16 = trunc i32 %b_4" [dylan-hls/mine.cpp:33->dylan-hls/mine.cpp:176]   --->   Operation 195 'trunc' 'trunc_ln33_16' <Predicate = (!icmp_ln133)> <Delay = 0.00>
ST_3 : Operation 196 [1/1] (0.00ns) (grouped into LUT with out node xor_ln195_3)   --->   "%lshr_ln33_8 = partselect i19 @_ssdm_op_PartSelect.i19.i32.i32.i32, i32 %b_4, i32 13, i32 31" [dylan-hls/mine.cpp:33->dylan-hls/mine.cpp:177]   --->   Operation 196 'partselect' 'lshr_ln33_8' <Predicate = (!icmp_ln133)> <Delay = 0.00>
ST_3 : Operation 197 [1/1] (0.00ns) (grouped into LUT with out node xor_ln195_3)   --->   "%trunc_ln33_17 = trunc i32 %b_4" [dylan-hls/mine.cpp:33->dylan-hls/mine.cpp:177]   --->   Operation 197 'trunc' 'trunc_ln33_17' <Predicate = (!icmp_ln133)> <Delay = 0.00>
ST_3 : Operation 198 [1/1] (0.00ns) (grouped into LUT with out node xor_ln195_3)   --->   "%lshr_ln33_9 = partselect i10 @_ssdm_op_PartSelect.i10.i32.i32.i32, i32 %b_4, i32 22, i32 31" [dylan-hls/mine.cpp:33->dylan-hls/mine.cpp:178]   --->   Operation 198 'partselect' 'lshr_ln33_9' <Predicate = (!icmp_ln133)> <Delay = 0.00>
ST_3 : Operation 199 [1/1] (0.00ns) (grouped into LUT with out node xor_ln195_3)   --->   "%trunc_ln33_18 = trunc i32 %b_4" [dylan-hls/mine.cpp:33->dylan-hls/mine.cpp:178]   --->   Operation 199 'trunc' 'trunc_ln33_18' <Predicate = (!icmp_ln133)> <Delay = 0.00>
ST_3 : Operation 200 [1/1] (1.01ns)   --->   "%e = add i32 %t1, i32 %d_load" [dylan-hls/mine.cpp:190]   --->   Operation 200 'add' 'e' <Predicate = (!icmp_ln133)> <Delay = 1.01> <CoreInst = "Adder">   --->   Core 1 'Adder' <Latency = 0> <II = 1> <Delay = 1.01> <FuncUnit> <Opcode : 'add' 'sub'> <InPorts = 2> <OutPorts = 1>
ST_3 : Operation 201 [1/1] (0.00ns) (grouped into LUT with out node xor_ln195_1)   --->   "%xor_ln195 = xor i32 %d_4, i32 %c_4" [dylan-hls/mine.cpp:195]   --->   Operation 201 'xor' 'xor_ln195' <Predicate = (!icmp_ln133)> <Delay = 0.00> <CoreInst = "LogicGate">   --->   Core 74 'LogicGate' <Latency = 0> <II = 1> <Delay = 0.35> <FuncUnit> <Opcode : 'and' 'or' 'xor'> <InPorts = 2> <OutPorts = 1>
ST_3 : Operation 202 [1/1] (0.00ns) (grouped into LUT with out node xor_ln195_1)   --->   "%and_ln195 = and i32 %xor_ln195, i32 %b_4" [dylan-hls/mine.cpp:195]   --->   Operation 202 'and' 'and_ln195' <Predicate = (!icmp_ln133)> <Delay = 0.00> <CoreInst = "LogicGate">   --->   Core 74 'LogicGate' <Latency = 0> <II = 1> <Delay = 0.35> <FuncUnit> <Opcode : 'and' 'or' 'xor'> <InPorts = 2> <OutPorts = 1>
ST_3 : Operation 203 [1/1] (0.00ns) (grouped into LUT with out node xor_ln195_1)   --->   "%and_ln195_1 = and i32 %d_4, i32 %c_4" [dylan-hls/mine.cpp:195]   --->   Operation 203 'and' 'and_ln195_1' <Predicate = (!icmp_ln133)> <Delay = 0.00> <CoreInst = "LogicGate">   --->   Core 74 'LogicGate' <Latency = 0> <II = 1> <Delay = 0.35> <FuncUnit> <Opcode : 'and' 'or' 'xor'> <InPorts = 2> <OutPorts = 1>
ST_3 : Operation 204 [1/1] (0.00ns) (grouped into LUT with out node xor_ln195_3)   --->   "%or_ln2 = bitconcatenate i32 @_ssdm_op_BitConcatenate.i32.i2.i30, i2 %trunc_ln33_16, i30 %lshr_ln33_7" [dylan-hls/mine.cpp:195]   --->   Operation 204 'bitconcatenate' 'or_ln2' <Predicate = (!icmp_ln133)> <Delay = 0.00>
ST_3 : Operation 205 [1/1] (0.00ns) (grouped into LUT with out node xor_ln195_3)   --->   "%or_ln195_1 = bitconcatenate i32 @_ssdm_op_BitConcatenate.i32.i13.i19, i13 %trunc_ln33_17, i19 %lshr_ln33_8" [dylan-hls/mine.cpp:195]   --->   Operation 205 'bitconcatenate' 'or_ln195_1' <Predicate = (!icmp_ln133)> <Delay = 0.00>
ST_3 : Operation 206 [1/1] (0.35ns) (out node of the LUT)   --->   "%xor_ln195_1 = xor i32 %and_ln195, i32 %and_ln195_1" [dylan-hls/mine.cpp:195]   --->   Operation 206 'xor' 'xor_ln195_1' <Predicate = (!icmp_ln133)> <Delay = 0.35> <CoreInst = "LogicGate">   --->   Core 74 'LogicGate' <Latency = 0> <II = 1> <Delay = 0.35> <FuncUnit> <Opcode : 'and' 'or' 'xor'> <InPorts = 2> <OutPorts = 1>
ST_3 : Operation 207 [1/1] (0.00ns) (grouped into LUT with out node xor_ln195_3)   --->   "%or_ln195_2 = bitconcatenate i32 @_ssdm_op_BitConcatenate.i32.i22.i10, i22 %trunc_ln33_18, i10 %lshr_ln33_9" [dylan-hls/mine.cpp:195]   --->   Operation 207 'bitconcatenate' 'or_ln195_2' <Predicate = (!icmp_ln133)> <Delay = 0.00>
ST_3 : Operation 208 [1/1] (0.00ns) (grouped into LUT with out node xor_ln195_3)   --->   "%xor_ln195_2 = xor i32 %or_ln195_1, i32 %or_ln195_2" [dylan-hls/mine.cpp:195]   --->   Operation 208 'xor' 'xor_ln195_2' <Predicate = (!icmp_ln133)> <Delay = 0.00> <CoreInst = "LogicGate">   --->   Core 74 'LogicGate' <Latency = 0> <II = 1> <Delay = 0.35> <FuncUnit> <Opcode : 'and' 'or' 'xor'> <InPorts = 2> <OutPorts = 1>
ST_3 : Operation 209 [1/1] (0.35ns) (out node of the LUT)   --->   "%xor_ln195_3 = xor i32 %xor_ln195_2, i32 %or_ln2" [dylan-hls/mine.cpp:195]   --->   Operation 209 'xor' 'xor_ln195_3' <Predicate = (!icmp_ln133)> <Delay = 0.35> <CoreInst = "LogicGate">   --->   Core 74 'LogicGate' <Latency = 0> <II = 1> <Delay = 0.35> <FuncUnit> <Opcode : 'and' 'or' 'xor'> <InPorts = 2> <OutPorts = 1>
ST_3 : Operation 210 [1/1] (0.00ns) (grouped into TernaryAdder)   --->   "%add_ln195 = add i32 %t1, i32 %xor_ln195_3" [dylan-hls/mine.cpp:195]   --->   Operation 210 'add' 'add_ln195' <Predicate = (!icmp_ln133)> <Delay = 0.00> <CoreInst = "TAddSub">   --->   Core 10 'TAddSub' <Latency = 0> <II = 1> <Delay = 0.36> <IPBlock> <Opcode : 'add' 'sub'> <InPorts = 3> <OutPorts = 1> <Sync> <CReg>
ST_3 : Operation 211 [1/1] (0.73ns) (root node of TernaryAdder)   --->   "%a = add i32 %add_ln195, i32 %xor_ln195_1" [dylan-hls/mine.cpp:195]   --->   Operation 211 'add' 'a' <Predicate = (!icmp_ln133)> <Delay = 0.73> <CoreInst = "TAddSub">   --->   Core 10 'TAddSub' <Latency = 0> <II = 1> <Delay = 0.36> <IPBlock> <Opcode : 'add' 'sub'> <InPorts = 3> <OutPorts = 1> <Sync> <CReg>
ST_3 : Operation 212 [1/1] (0.42ns)   --->   "%store_ln124 = store i32 %a, i32 %b" [dylan-hls/mine.cpp:124]   --->   Operation 212 'store' 'store_ln124' <Predicate = (!icmp_ln133)> <Delay = 0.42>
ST_3 : Operation 213 [1/1] (0.42ns)   --->   "%store_ln125 = store i32 %b_4, i32 %c" [dylan-hls/mine.cpp:125]   --->   Operation 213 'store' 'store_ln125' <Predicate = (!icmp_ln133)> <Delay = 0.42>
ST_3 : Operation 214 [1/1] (0.42ns)   --->   "%store_ln126 = store i32 %c_4, i32 %d_3" [dylan-hls/mine.cpp:126]   --->   Operation 214 'store' 'store_ln126' <Predicate = (!icmp_ln133)> <Delay = 0.42>
ST_3 : Operation 215 [1/1] (0.42ns)   --->   "%store_ln128 = store i32 %e, i32 %f" [dylan-hls/mine.cpp:128]   --->   Operation 215 'store' 'store_ln128' <Predicate = (!icmp_ln133)> <Delay = 0.42>
ST_3 : Operation 216 [1/1] (0.42ns)   --->   "%store_ln129 = store i32 %f_4, i32 %g" [dylan-hls/mine.cpp:129]   --->   Operation 216 'store' 'store_ln129' <Predicate = (!icmp_ln133)> <Delay = 0.42>
ST_3 : Operation 217 [1/1] (0.42ns)   --->   "%store_ln130 = store i32 %g_4, i32 %h_3" [dylan-hls/mine.cpp:130]   --->   Operation 217 'store' 'store_ln130' <Predicate = (!icmp_ln133)> <Delay = 0.42>
ST_3 : Operation 218 [1/1] (0.42ns)   --->   "%store_ln126 = store i32 %d_4, i32 %d" [dylan-hls/mine.cpp:126]   --->   Operation 218 'store' 'store_ln126' <Predicate = (!icmp_ln133)> <Delay = 0.42>
ST_3 : Operation 219 [1/1] (0.42ns)   --->   "%store_ln130 = store i32 %h_4, i32 %h" [dylan-hls/mine.cpp:130]   --->   Operation 219 'store' 'store_ln130' <Predicate = (!icmp_ln133)> <Delay = 0.42>
ST_3 : Operation 220 [1/1] (0.00ns)   --->   "%br_ln133 = br void %for.body15" [dylan-hls/mine.cpp:133]   --->   Operation 220 'br' 'br_ln133' <Predicate = (!icmp_ln133)> <Delay = 0.00>
ST_3 : Operation 221 [1/1] (0.00ns)   --->   "%h_load_2 = load i32 %h"   --->   Operation 221 'load' 'h_load_2' <Predicate = (icmp_ln133)> <Delay = 0.00>
ST_3 : Operation 222 [1/1] (0.00ns)   --->   "%d_load_2 = load i32 %d"   --->   Operation 222 'load' 'd_load_2' <Predicate = (icmp_ln133)> <Delay = 0.00>
ST_3 : Operation 223 [1/1] (0.00ns)   --->   "%write_ln195 = write void @_ssdm_op_Write.ap_auto.i32P0A, i32 %a_2_out, i32 %b_4" [dylan-hls/mine.cpp:195]   --->   Operation 223 'write' 'write_ln195' <Predicate = (icmp_ln133)> <Delay = 0.00>
ST_3 : Operation 224 [1/1] (0.00ns)   --->   "%write_ln195 = write void @_ssdm_op_Write.ap_auto.i32P0A, i32 %b_out, i32 %c_4" [dylan-hls/mine.cpp:195]   --->   Operation 224 'write' 'write_ln195' <Predicate = (icmp_ln133)> <Delay = 0.00>
ST_3 : Operation 225 [1/1] (0.00ns)   --->   "%write_ln195 = write void @_ssdm_op_Write.ap_auto.i32P0A, i32 %c_out, i32 %d_4" [dylan-hls/mine.cpp:195]   --->   Operation 225 'write' 'write_ln195' <Predicate = (icmp_ln133)> <Delay = 0.00>
ST_3 : Operation 226 [1/1] (0.00ns)   --->   "%write_ln0 = write void @_ssdm_op_Write.ap_auto.i32P0A, i32 %d_out, i32 %d_load_2"   --->   Operation 226 'write' 'write_ln0' <Predicate = (icmp_ln133)> <Delay = 0.00>
ST_3 : Operation 227 [1/1] (0.00ns)   --->   "%write_ln173 = write void @_ssdm_op_Write.ap_auto.i32P0A, i32 %e_2_out, i32 %f_4" [dylan-hls/mine.cpp:173]   --->   Operation 227 'write' 'write_ln173' <Predicate = (icmp_ln133)> <Delay = 0.00>
ST_3 : Operation 228 [1/1] (0.00ns)   --->   "%write_ln173 = write void @_ssdm_op_Write.ap_auto.i32P0A, i32 %f_out, i32 %g_4" [dylan-hls/mine.cpp:173]   --->   Operation 228 'write' 'write_ln173' <Predicate = (icmp_ln133)> <Delay = 0.00>
ST_3 : Operation 229 [1/1] (0.00ns)   --->   "%write_ln173 = write void @_ssdm_op_Write.ap_auto.i32P0A, i32 %g_out, i32 %h_4" [dylan-hls/mine.cpp:173]   --->   Operation 229 'write' 'write_ln173' <Predicate = (icmp_ln133)> <Delay = 0.00>
ST_3 : Operation 230 [1/1] (0.00ns)   --->   "%write_ln0 = write void @_ssdm_op_Write.ap_auto.i32P0A, i32 %h_out, i32 %h_load_2"   --->   Operation 230 'write' 'write_ln0' <Predicate = (icmp_ln133)> <Delay = 0.00>
ST_3 : Operation 231 [1/1] (0.42ns)   --->   "%ret_ln0 = ret"   --->   Operation 231 'ret' 'ret_ln0' <Predicate = (icmp_ln133)> <Delay = 0.42>


============================================================
+ Verbose Summary: Binding
============================================================
STG Binding: 
---------------- STG Properties BEGIN ----------------
- Is combinational: 0
- Is one-state seq: 0
- Is datapath-only: 0
- Is pipelined: 0
- Is top level: 0
Port [ Return ] is wired: 1; IO mode=ap_ctrl_hs:ce=0
Port [ w_15_reload]:  wired=1; compound=0; hidden=0; nouse=0; global=0; static=0; extern=0; dir=0; type=0; pingpong=0; private_global=0; IO mode=ap_none:ce=0
Port [ w_14_reload]:  wired=1; compound=0; hidden=0; nouse=0; global=0; static=0; extern=0; dir=0; type=0; pingpong=0; private_global=0; IO mode=ap_none:ce=0
Port [ w_13_reload]:  wired=1; compound=0; hidden=0; nouse=0; global=0; static=0; extern=0; dir=0; type=0; pingpong=0; private_global=0; IO mode=ap_none:ce=0
Port [ w_12_reload]:  wired=1; compound=0; hidden=0; nouse=0; global=0; static=0; extern=0; dir=0; type=0; pingpong=0; private_global=0; IO mode=ap_none:ce=0
Port [ w_11_reload]:  wired=1; compound=0; hidden=0; nouse=0; global=0; static=0; extern=0; dir=0; type=0; pingpong=0; private_global=0; IO mode=ap_none:ce=0
Port [ w_10_reload]:  wired=1; compound=0; hidden=0; nouse=0; global=0; static=0; extern=0; dir=0; type=0; pingpong=0; private_global=0; IO mode=ap_none:ce=0
Port [ w_9_reload]:  wired=1; compound=0; hidden=0; nouse=0; global=0; static=0; extern=0; dir=0; type=0; pingpong=0; private_global=0; IO mode=ap_none:ce=0
Port [ w_8_reload]:  wired=1; compound=0; hidden=0; nouse=0; global=0; static=0; extern=0; dir=0; type=0; pingpong=0; private_global=0; IO mode=ap_none:ce=0
Port [ w_7_reload]:  wired=1; compound=0; hidden=0; nouse=0; global=0; static=0; extern=0; dir=0; type=0; pingpong=0; private_global=0; IO mode=ap_none:ce=0
Port [ w_6_reload]:  wired=1; compound=0; hidden=0; nouse=0; global=0; static=0; extern=0; dir=0; type=0; pingpong=0; private_global=0; IO mode=ap_none:ce=0
Port [ w_5_reload]:  wired=1; compound=0; hidden=0; nouse=0; global=0; static=0; extern=0; dir=0; type=0; pingpong=0; private_global=0; IO mode=ap_none:ce=0
Port [ w_4_reload]:  wired=1; compound=0; hidden=0; nouse=0; global=0; static=0; extern=0; dir=0; type=0; pingpong=0; private_global=0; IO mode=ap_none:ce=0
Port [ w_3_reload]:  wired=1; compound=0; hidden=0; nouse=0; global=0; static=0; extern=0; dir=0; type=0; pingpong=0; private_global=0; IO mode=ap_none:ce=0
Port [ w_2_reload]:  wired=1; compound=0; hidden=0; nouse=0; global=0; static=0; extern=0; dir=0; type=0; pingpong=0; private_global=0; IO mode=ap_none:ce=0
Port [ w_1_reload]:  wired=1; compound=0; hidden=0; nouse=0; global=0; static=0; extern=0; dir=0; type=0; pingpong=0; private_global=0; IO mode=ap_none:ce=0
Port [ w_reload]:  wired=1; compound=0; hidden=0; nouse=0; global=0; static=0; extern=0; dir=0; type=0; pingpong=0; private_global=0; IO mode=ap_none:ce=0
Port [ a_2_out]:  wired=1; compound=0; hidden=0; nouse=0; global=0; static=0; extern=0; dir=1; type=0; pingpong=0; private_global=0; IO mode=ap_vld:ce=0
Port [ b_out]:  wired=1; compound=0; hidden=0; nouse=0; global=0; static=0; extern=0; dir=1; type=0; pingpong=0; private_global=0; IO mode=ap_vld:ce=0
Port [ c_out]:  wired=1; compound=0; hidden=0; nouse=0; global=0; static=0; extern=0; dir=1; type=0; pingpong=0; private_global=0; IO mode=ap_vld:ce=0
Port [ d_out]:  wired=1; compound=0; hidden=0; nouse=0; global=0; static=0; extern=0; dir=1; type=0; pingpong=0; private_global=0; IO mode=ap_vld:ce=0
Port [ e_2_out]:  wired=1; compound=0; hidden=0; nouse=0; global=0; static=0; extern=0; dir=1; type=0; pingpong=0; private_global=0; IO mode=ap_vld:ce=0
Port [ f_out]:  wired=1; compound=0; hidden=0; nouse=0; global=0; static=0; extern=0; dir=1; type=0; pingpong=0; private_global=0; IO mode=ap_vld:ce=0
Port [ g_out]:  wired=1; compound=0; hidden=0; nouse=0; global=0; static=0; extern=0; dir=1; type=0; pingpong=0; private_global=0; IO mode=ap_vld:ce=0
Port [ h_out]:  wired=1; compound=0; hidden=0; nouse=0; global=0; static=0; extern=0; dir=1; type=0; pingpong=0; private_global=0; IO mode=ap_vld:ce=0
Port [ K]:  wired=0; compound=1; hidden=1; nouse=0; global=1; static=1; extern=0; dir=0; type=1; pingpong=0; private_global=0; MemPort=[1]; IO mode=ap_memory:ce=0
---------------- STG Properties END ------------------

---------------- Datapath Model BEGIN ----------------

<LifeTime>
<method=bitvector/>
h                       (alloca           ) [ 0111]
d                       (alloca           ) [ 0111]
i_1                     (alloca           ) [ 0110]
w                       (alloca           ) [ 0110]
w_33                    (alloca           ) [ 0110]
w_34                    (alloca           ) [ 0110]
w_35                    (alloca           ) [ 0110]
w_36                    (alloca           ) [ 0110]
w_37                    (alloca           ) [ 0110]
w_38                    (alloca           ) [ 0110]
w_39                    (alloca           ) [ 0110]
w_40                    (alloca           ) [ 0110]
w_41                    (alloca           ) [ 0110]
w_42                    (alloca           ) [ 0110]
w_43                    (alloca           ) [ 0110]
w_44                    (alloca           ) [ 0110]
w_45                    (alloca           ) [ 0110]
w_46                    (alloca           ) [ 0110]
w_47                    (alloca           ) [ 0110]
h_3                     (alloca           ) [ 0111]
g                       (alloca           ) [ 0111]
f                       (alloca           ) [ 0111]
d_3                     (alloca           ) [ 0111]
c                       (alloca           ) [ 0111]
b                       (alloca           ) [ 0111]
w_reload_read           (read             ) [ 0000]
w_1_reload_read         (read             ) [ 0000]
w_2_reload_read         (read             ) [ 0000]
w_3_reload_read         (read             ) [ 0000]
w_4_reload_read         (read             ) [ 0000]
w_5_reload_read         (read             ) [ 0000]
w_6_reload_read         (read             ) [ 0000]
w_7_reload_read         (read             ) [ 0000]
w_8_reload_read         (read             ) [ 0000]
w_9_reload_read         (read             ) [ 0000]
w_10_reload_read        (read             ) [ 0000]
w_11_reload_read        (read             ) [ 0000]
w_12_reload_read        (read             ) [ 0000]
w_13_reload_read        (read             ) [ 0000]
w_14_reload_read        (read             ) [ 0000]
w_15_reload_read        (read             ) [ 0000]
store_ln124             (store            ) [ 0000]
store_ln125             (store            ) [ 0000]
store_ln126             (store            ) [ 0000]
store_ln128             (store            ) [ 0000]
store_ln129             (store            ) [ 0000]
store_ln130             (store            ) [ 0000]
store_ln114             (store            ) [ 0000]
store_ln114             (store            ) [ 0000]
store_ln114             (store            ) [ 0000]
store_ln114             (store            ) [ 0000]
store_ln114             (store            ) [ 0000]
store_ln114             (store            ) [ 0000]
store_ln114             (store            ) [ 0000]
store_ln114             (store            ) [ 0000]
store_ln114             (store            ) [ 0000]
store_ln114             (store            ) [ 0000]
store_ln114             (store            ) [ 0000]
store_ln114             (store            ) [ 0000]
store_ln114             (store            ) [ 0000]
store_ln114             (store            ) [ 0000]
store_ln114             (store            ) [ 0000]
store_ln114             (store            ) [ 0000]
store_ln133             (store            ) [ 0000]
store_ln126             (store            ) [ 0000]
store_ln130             (store            ) [ 0000]
br_ln0                  (br               ) [ 0000]
i                       (load             ) [ 0000]
icmp_ln133              (icmp             ) [ 0111]
add_ln133               (add              ) [ 0000]
br_ln133                (br               ) [ 0000]
zext_ln133              (zext             ) [ 0000]
trunc_ln133             (trunc            ) [ 0111]
specpipeline_ln134      (specpipeline     ) [ 0000]
speclooptripcount_ln114 (speclooptripcount) [ 0000]
specloopname_ln133      (specloopname     ) [ 0000]
tmp_2                   (partselect       ) [ 0000]
icmp_ln138              (icmp             ) [ 0111]
w_load                  (load             ) [ 0000]
w_33_load               (load             ) [ 0000]
w_34_load               (load             ) [ 0000]
w_35_load               (load             ) [ 0000]
w_36_load               (load             ) [ 0000]
w_37_load               (load             ) [ 0000]
w_38_load               (load             ) [ 0000]
w_39_load               (load             ) [ 0000]
w_40_load               (load             ) [ 0000]
w_41_load               (load             ) [ 0000]
w_42_load               (load             ) [ 0000]
w_43_load               (load             ) [ 0000]
w_44_load               (load             ) [ 0000]
w_45_load               (load             ) [ 0000]
w_46_load               (load             ) [ 0000]
w_47_load               (load             ) [ 0000]
br_ln138                (br               ) [ 0000]
x15                     (sparsemux        ) [ 0000]
x2                      (sparsemux        ) [ 0000]
lshr_ln                 (partselect       ) [ 0000]
trunc_ln33              (trunc            ) [ 0000]
lshr_ln33_1             (partselect       ) [ 0000]
trunc_ln33_10           (trunc            ) [ 0000]
lshr_ln1                (partselect       ) [ 0000]
zext_ln149              (zext             ) [ 0000]
lshr_ln33_2             (partselect       ) [ 0000]
trunc_ln33_11           (trunc            ) [ 0000]
lshr_ln33_3             (partselect       ) [ 0000]
trunc_ln33_12           (trunc            ) [ 0000]
lshr_ln2                (partselect       ) [ 0000]
zext_ln154              (zext             ) [ 0000]
tmp                     (sparsemux        ) [ 0000]
tmp_s                   (sparsemux        ) [ 0000]
or_ln                   (bitconcatenate   ) [ 0000]
or_ln159_1              (bitconcatenate   ) [ 0000]
or_ln159_2              (bitconcatenate   ) [ 0000]
xor_ln159               (xor              ) [ 0000]
xor_ln159_1             (xor              ) [ 0000]
or_ln159_3              (bitconcatenate   ) [ 0000]
xor_ln159_2             (xor              ) [ 0000]
xor_ln159_3             (xor              ) [ 0000]
add_ln159_1             (add              ) [ 0000]
add_ln159               (add              ) [ 0000]
wt_5                    (add              ) [ 0111]
switch_ln162            (switch           ) [ 0000]
store_ln114             (store            ) [ 0000]
br_ln162                (br               ) [ 0111]
store_ln114             (store            ) [ 0000]
br_ln162                (br               ) [ 0111]
store_ln114             (store            ) [ 0000]
br_ln162                (br               ) [ 0111]
store_ln114             (store            ) [ 0000]
br_ln162                (br               ) [ 0111]
store_ln114             (store            ) [ 0000]
br_ln162                (br               ) [ 0111]
store_ln114             (store            ) [ 0000]
br_ln162                (br               ) [ 0111]
store_ln114             (store            ) [ 0000]
br_ln162                (br               ) [ 0111]
store_ln114             (store            ) [ 0000]
br_ln162                (br               ) [ 0111]
store_ln114             (store            ) [ 0000]
br_ln162                (br               ) [ 0111]
store_ln114             (store            ) [ 0000]
br_ln162                (br               ) [ 0111]
store_ln114             (store            ) [ 0000]
br_ln162                (br               ) [ 0111]
store_ln114             (store            ) [ 0000]
br_ln162                (br               ) [ 0111]
store_ln114             (store            ) [ 0000]
br_ln162                (br               ) [ 0111]
store_ln114             (store            ) [ 0000]
br_ln162                (br               ) [ 0111]
store_ln114             (store            ) [ 0000]
br_ln162                (br               ) [ 0111]
store_ln114             (store            ) [ 0000]
br_ln162                (br               ) [ 0111]
wt                      (sparsemux        ) [ 0111]
br_ln140                (br               ) [ 0111]
K_addr                  (getelementptr    ) [ 0101]
store_ln133             (store            ) [ 0000]
h_4                     (load             ) [ 0000]
g_4                     (load             ) [ 0000]
f_4                     (load             ) [ 0000]
d_4                     (load             ) [ 0000]
c_4                     (load             ) [ 0000]
b_4                     (load             ) [ 0000]
wt_2                    (phi              ) [ 0101]
h_load                  (load             ) [ 0000]
d_load                  (load             ) [ 0000]
lshr_ln33_4             (partselect       ) [ 0000]
trunc_ln33_13           (trunc            ) [ 0000]
lshr_ln33_5             (partselect       ) [ 0000]
trunc_ln33_14           (trunc            ) [ 0000]
lshr_ln33_6             (partselect       ) [ 0000]
trunc_ln33_15           (trunc            ) [ 0000]
K_load                  (load             ) [ 0000]
xor_ln173               (xor              ) [ 0000]
and_ln173               (and              ) [ 0000]
and_ln173_1             (and              ) [ 0000]
or_ln1                  (bitconcatenate   ) [ 0000]
or_ln173_1              (bitconcatenate   ) [ 0000]
xor_ln173_1             (xor              ) [ 0000]
or_ln173_2              (bitconcatenate   ) [ 0000]
xor_ln173_2             (xor              ) [ 0000]
xor_ln173_3             (xor              ) [ 0000]
add_ln173               (add              ) [ 0000]
add_ln173_1             (add              ) [ 0000]
add_ln173_2             (add              ) [ 0000]
t1                      (add              ) [ 0000]
lshr_ln33_7             (partselect       ) [ 0000]
trunc_ln33_16           (trunc            ) [ 0000]
lshr_ln33_8             (partselect       ) [ 0000]
trunc_ln33_17           (trunc            ) [ 0000]
lshr_ln33_9             (partselect       ) [ 0000]
trunc_ln33_18           (trunc            ) [ 0000]
e                       (add              ) [ 0000]
xor_ln195               (xor              ) [ 0000]
and_ln195               (and              ) [ 0000]
and_ln195_1             (and              ) [ 0000]
or_ln2                  (bitconcatenate   ) [ 0000]
or_ln195_1              (bitconcatenate   ) [ 0000]
xor_ln195_1             (xor              ) [ 0000]
or_ln195_2              (bitconcatenate   ) [ 0000]
xor_ln195_2             (xor              ) [ 0000]
xor_ln195_3             (xor              ) [ 0000]
add_ln195               (add              ) [ 0000]
a                       (add              ) [ 0000]
store_ln124             (store            ) [ 0000]
store_ln125             (store            ) [ 0000]
store_ln126             (store            ) [ 0000]
store_ln128             (store            ) [ 0000]
store_ln129             (store            ) [ 0000]
store_ln130             (store            ) [ 0000]
store_ln126             (store            ) [ 0000]
store_ln130             (store            ) [ 0000]
br_ln133                (br               ) [ 0000]
h_load_2                (load             ) [ 0000]
d_load_2                (load             ) [ 0000]
write_ln195             (write            ) [ 0000]
write_ln195             (write            ) [ 0000]
write_ln195             (write            ) [ 0000]
write_ln0               (write            ) [ 0000]
write_ln173             (write            ) [ 0000]
write_ln173             (write            ) [ 0000]
write_ln173             (write            ) [ 0000]
write_ln0               (write            ) [ 0000]
ret_ln0                 (ret              ) [ 0000]
</LifeTime>

<model>

<comp_list>
<comp id="0" class="1000" name="w_15_reload">
<pin_list>
<pin id="1" dir="1" index="0" bw="1" slack="0"/>
</pin_list>
<bind>
<StgValue><ssdm name="w_15_reload"/></StgValue>
</bind>
</comp>

<comp id="2" class="1000" name="w_14_reload">
<pin_list>
<pin id="3" dir="1" index="0" bw="1" slack="0"/>
</pin_list>
<bind>
<StgValue><ssdm name="w_14_reload"/></StgValue>
</bind>
</comp>

<comp id="4" class="1000" name="w_13_reload">
<pin_list>
<pin id="5" dir="1" index="0" bw="1" slack="0"/>
</pin_list>
<bind>
<StgValue><ssdm name="w_13_reload"/></StgValue>
</bind>
</comp>

<comp id="6" class="1000" name="w_12_reload">
<pin_list>
<pin id="7" dir="1" index="0" bw="1" slack="0"/>
</pin_list>
<bind>
<StgValue><ssdm name="w_12_reload"/></StgValue>
</bind>
</comp>

<comp id="8" class="1000" name="w_11_reload">
<pin_list>
<pin id="9" dir="1" index="0" bw="1" slack="0"/>
</pin_list>
<bind>
<StgValue><ssdm name="w_11_reload"/></StgValue>
</bind>
</comp>

<comp id="10" class="1000" name="w_10_reload">
<pin_list>
<pin id="11" dir="1" index="0" bw="1" slack="0"/>
</pin_list>
<bind>
<StgValue><ssdm name="w_10_reload"/></StgValue>
</bind>
</comp>

<comp id="12" class="1000" name="w_9_reload">
<pin_list>
<pin id="13" dir="1" index="0" bw="1" slack="0"/>
</pin_list>
<bind>
<StgValue><ssdm name="w_9_reload"/></StgValue>
</bind>
</comp>

<comp id="14" class="1000" name="w_8_reload">
<pin_list>
<pin id="15" dir="1" index="0" bw="1" slack="0"/>
</pin_list>
<bind>
<StgValue><ssdm name="w_8_reload"/></StgValue>
</bind>
</comp>

<comp id="16" class="1000" name="w_7_reload">
<pin_list>
<pin id="17" dir="1" index="0" bw="1" slack="0"/>
</pin_list>
<bind>
<StgValue><ssdm name="w_7_reload"/></StgValue>
</bind>
</comp>

<comp id="18" class="1000" name="w_6_reload">
<pin_list>
<pin id="19" dir="1" index="0" bw="1" slack="0"/>
</pin_list>
<bind>
<StgValue><ssdm name="w_6_reload"/></StgValue>
</bind>
</comp>

<comp id="20" class="1000" name="w_5_reload">
<pin_list>
<pin id="21" dir="1" index="0" bw="1" slack="0"/>
</pin_list>
<bind>
<StgValue><ssdm name="w_5_reload"/></StgValue>
</bind>
</comp>

<comp id="22" class="1000" name="w_4_reload">
<pin_list>
<pin id="23" dir="1" index="0" bw="1" slack="0"/>
</pin_list>
<bind>
<StgValue><ssdm name="w_4_reload"/></StgValue>
</bind>
</comp>

<comp id="24" class="1000" name="w_3_reload">
<pin_list>
<pin id="25" dir="1" index="0" bw="1" slack="0"/>
</pin_list>
<bind>
<StgValue><ssdm name="w_3_reload"/></StgValue>
</bind>
</comp>

<comp id="26" class="1000" name="w_2_reload">
<pin_list>
<pin id="27" dir="1" index="0" bw="1" slack="0"/>
</pin_list>
<bind>
<StgValue><ssdm name="w_2_reload"/></StgValue>
</bind>
</comp>

<comp id="28" class="1000" name="w_1_reload">
<pin_list>
<pin id="29" dir="1" index="0" bw="1" slack="0"/>
</pin_list>
<bind>
<StgValue><ssdm name="w_1_reload"/></StgValue>
</bind>
</comp>

<comp id="30" class="1000" name="w_reload">
<pin_list>
<pin id="31" dir="1" index="0" bw="1" slack="0"/>
</pin_list>
<bind>
<StgValue><ssdm name="w_reload"/></StgValue>
</bind>
</comp>

<comp id="32" class="1000" name="a_2_out">
<pin_list>
<pin id="33" dir="1" index="0" bw="1" slack="0"/>
</pin_list>
<bind>
<StgValue><ssdm name="a_2_out"/></StgValue>
</bind>
</comp>

<comp id="34" class="1000" name="b_out">
<pin_list>
<pin id="35" dir="1" index="0" bw="1" slack="0"/>
</pin_list>
<bind>
<StgValue><ssdm name="b_out"/></StgValue>
</bind>
</comp>

<comp id="36" class="1000" name="c_out">
<pin_list>
<pin id="37" dir="1" index="0" bw="1" slack="0"/>
</pin_list>
<bind>
<StgValue><ssdm name="c_out"/></StgValue>
</bind>
</comp>

<comp id="38" class="1000" name="d_out">
<pin_list>
<pin id="39" dir="1" index="0" bw="1" slack="0"/>
</pin_list>
<bind>
<StgValue><ssdm name="d_out"/></StgValue>
</bind>
</comp>

<comp id="40" class="1000" name="e_2_out">
<pin_list>
<pin id="41" dir="1" index="0" bw="1" slack="0"/>
</pin_list>
<bind>
<StgValue><ssdm name="e_2_out"/></StgValue>
</bind>
</comp>

<comp id="42" class="1000" name="f_out">
<pin_list>
<pin id="43" dir="1" index="0" bw="1" slack="0"/>
</pin_list>
<bind>
<StgValue><ssdm name="f_out"/></StgValue>
</bind>
</comp>

<comp id="44" class="1000" name="g_out">
<pin_list>
<pin id="45" dir="1" index="0" bw="1" slack="0"/>
</pin_list>
<bind>
<StgValue><ssdm name="g_out"/></StgValue>
</bind>
</comp>

<comp id="46" class="1000" name="h_out">
<pin_list>
<pin id="47" dir="1" index="0" bw="1" slack="0"/>
</pin_list>
<bind>
<StgValue><ssdm name="h_out"/></StgValue>
</bind>
</comp>

<comp id="48" class="1000" name="K">
<pin_list>
<pin id="49" dir="1" index="0" bw="1" slack="0"/>
</pin_list>
<bind>
<StgValue><ssdm name="K"/><MemPortTyVec>1 </MemPortTyVec>
</StgValue>
</bind>
</comp>

<comp id="50" class="1001" name="const_50">
<pin_list>
<pin id="51" dir="1" index="0" bw="1" slack="0"/>
</pin_list>
<bind>
<StgValue><ssdm name=""/></StgValue>
</bind>
</comp>

<comp id="52" class="1001" name="const_52">
<pin_list>
<pin id="53" dir="1" index="0" bw="1" slack="0"/>
</pin_list>
<bind>
<StgValue><ssdm name="_ssdm_op_Read.ap_auto.i32"/></StgValue>
</bind>
</comp>

<comp id="54" class="1001" name="const_54">
<pin_list>
<pin id="55" dir="1" index="0" bw="1" slack="0"/>
</pin_list>
<bind>
<StgValue><ssdm name=""/></StgValue>
</bind>
</comp>

<comp id="56" class="1001" name="const_56">
<pin_list>
<pin id="57" dir="1" index="0" bw="1" slack="0"/>
</pin_list>
<bind>
<StgValue><ssdm name=""/></StgValue>
</bind>
</comp>

<comp id="58" class="1001" name="const_58">
<pin_list>
<pin id="59" dir="1" index="0" bw="1" slack="0"/>
</pin_list>
<bind>
<StgValue><ssdm name=""/></StgValue>
</bind>
</comp>

<comp id="60" class="1001" name="const_60">
<pin_list>
<pin id="61" dir="1" index="0" bw="1" slack="0"/>
</pin_list>
<bind>
<StgValue><ssdm name=""/></StgValue>
</bind>
</comp>

<comp id="62" class="1001" name="const_62">
<pin_list>
<pin id="63" dir="1" index="0" bw="1" slack="0"/>
</pin_list>
<bind>
<StgValue><ssdm name=""/></StgValue>
</bind>
</comp>

<comp id="64" class="1001" name="const_64">
<pin_list>
<pin id="65" dir="1" index="0" bw="1" slack="0"/>
</pin_list>
<bind>
<StgValue><ssdm name=""/></StgValue>
</bind>
</comp>

<comp id="66" class="1001" name="const_66">
<pin_list>
<pin id="67" dir="1" index="0" bw="1" slack="0"/>
</pin_list>
<bind>
<StgValue><ssdm name=""/></StgValue>
</bind>
</comp>

<comp id="68" class="1001" name="const_68">
<pin_list>
<pin id="69" dir="1" index="0" bw="1" slack="0"/>
</pin_list>
<bind>
<StgValue><ssdm name=""/></StgValue>
</bind>
</comp>

<comp id="70" class="1001" name="const_70">
<pin_list>
<pin id="71" dir="1" index="0" bw="1" slack="0"/>
</pin_list>
<bind>
<StgValue><ssdm name=""/></StgValue>
</bind>
</comp>

<comp id="72" class="1001" name="const_72">
<pin_list>
<pin id="73" dir="1" index="0" bw="1" slack="0"/>
</pin_list>
<bind>
<StgValue><ssdm name=""/></StgValue>
</bind>
</comp>

<comp id="74" class="1001" name="const_74">
<pin_list>
<pin id="75" dir="1" index="0" bw="1" slack="0"/>
</pin_list>
<bind>
<StgValue><ssdm name=""/></StgValue>
</bind>
</comp>

<comp id="76" class="1001" name="const_76">
<pin_list>
<pin id="77" dir="1" index="0" bw="1" slack="2147483647"/>
</pin_list>
<bind>
<StgValue><ssdm name="_ssdm_op_SpecPipeline"/></StgValue>
</bind>
</comp>

<comp id="78" class="1001" name="const_78">
<pin_list>
<pin id="79" dir="1" index="0" bw="1" slack="2147483647"/>
</pin_list>
<bind>
<StgValue><ssdm name=""/></StgValue>
</bind>
</comp>

<comp id="80" class="1001" name="const_80">
<pin_list>
<pin id="81" dir="1" index="0" bw="1" slack="0"/>
</pin_list>
<bind>
<StgValue><ssdm name=""/></StgValue>
</bind>
</comp>

<comp id="82" class="1001" name="const_82">
<pin_list>
<pin id="83" dir="1" index="0" bw="1" slack="2147483647"/>
</pin_list>
<bind>
<StgValue><ssdm name="empty"/></StgValue>
</bind>
</comp>

<comp id="84" class="1001" name="const_84">
<pin_list>
<pin id="85" dir="1" index="0" bw="1" slack="2147483647"/>
</pin_list>
<bind>
<StgValue><ssdm name="_ssdm_op_SpecLoopTripCount"/></StgValue>
</bind>
</comp>

<comp id="86" class="1001" name="const_86">
<pin_list>
<pin id="87" dir="1" index="0" bw="1" slack="2147483647"/>
</pin_list>
<bind>
<StgValue><ssdm name=""/></StgValue>
</bind>
</comp>

<comp id="88" class="1001" name="const_88">
<pin_list>
<pin id="89" dir="1" index="0" bw="1" slack="2147483647"/>
</pin_list>
<bind>
<StgValue><ssdm name="_ssdm_op_SpecLoopName"/></StgValue>
</bind>
</comp>

<comp id="90" class="1001" name="const_90">
<pin_list>
<pin id="91" dir="1" index="0" bw="1" slack="2147483647"/>
</pin_list>
<bind>
<StgValue><ssdm name="empty_23"/></StgValue>
</bind>
</comp>

<comp id="92" class="1001" name="const_92">
<pin_list>
<pin id="93" dir="1" index="0" bw="1" slack="0"/>
</pin_list>
<bind>
<StgValue><ssdm name="_ssdm_op_PartSelect.i3.i7.i32.i32"/></StgValue>
</bind>
</comp>

<comp id="94" class="1001" name="const_94">
<pin_list>
<pin id="95" dir="1" index="0" bw="1" slack="0"/>
</pin_list>
<bind>
<StgValue><ssdm name=""/></StgValue>
</bind>
</comp>

<comp id="96" class="1001" name="const_96">
<pin_list>
<pin id="97" dir="1" index="0" bw="1" slack="0"/>
</pin_list>
<bind>
<StgValue><ssdm name=""/></StgValue>
</bind>
</comp>

<comp id="98" class="1001" name="const_98">
<pin_list>
<pin id="99" dir="1" index="0" bw="1" slack="0"/>
</pin_list>
<bind>
<StgValue><ssdm name=""/></StgValue>
</bind>
</comp>

<comp id="100" class="1001" name="const_100">
<pin_list>
<pin id="101" dir="1" index="0" bw="1" slack="0"/>
</pin_list>
<bind>
<StgValue><ssdm name="_ssdm_op_SparseMux.ap_auto.16i32.i32.i4"/></StgValue>
</bind>
</comp>

<comp id="102" class="1001" name="const_102">
<pin_list>
<pin id="103" dir="1" index="0" bw="1" slack="0"/>
</pin_list>
<bind>
<StgValue><ssdm name=""/></StgValue>
</bind>
</comp>

<comp id="104" class="1001" name="const_104">
<pin_list>
<pin id="105" dir="1" index="0" bw="1" slack="0"/>
</pin_list>
<bind>
<StgValue><ssdm name=""/></StgValue>
</bind>
</comp>

<comp id="106" class="1001" name="const_106">
<pin_list>
<pin id="107" dir="1" index="0" bw="1" slack="0"/>
</pin_list>
<bind>
<StgValue><ssdm name=""/></StgValue>
</bind>
</comp>

<comp id="108" class="1001" name="const_108">
<pin_list>
<pin id="109" dir="1" index="0" bw="1" slack="0"/>
</pin_list>
<bind>
<StgValue><ssdm name=""/></StgValue>
</bind>
</comp>

<comp id="110" class="1001" name="const_110">
<pin_list>
<pin id="111" dir="1" index="0" bw="1" slack="0"/>
</pin_list>
<bind>
<StgValue><ssdm name=""/></StgValue>
</bind>
</comp>

<comp id="112" class="1001" name="const_112">
<pin_list>
<pin id="113" dir="1" index="0" bw="1" slack="0"/>
</pin_list>
<bind>
<StgValue><ssdm name=""/></StgValue>
</bind>
</comp>

<comp id="114" class="1001" name="const_114">
<pin_list>
<pin id="115" dir="1" index="0" bw="1" slack="0"/>
</pin_list>
<bind>
<StgValue><ssdm name=""/></StgValue>
</bind>
</comp>

<comp id="116" class="1001" name="const_116">
<pin_list>
<pin id="117" dir="1" index="0" bw="1" slack="0"/>
</pin_list>
<bind>
<StgValue><ssdm name=""/></StgValue>
</bind>
</comp>

<comp id="118" class="1001" name="const_118">
<pin_list>
<pin id="119" dir="1" index="0" bw="1" slack="0"/>
</pin_list>
<bind>
<StgValue><ssdm name=""/></StgValue>
</bind>
</comp>

<comp id="120" class="1001" name="const_120">
<pin_list>
<pin id="121" dir="1" index="0" bw="1" slack="0"/>
</pin_list>
<bind>
<StgValue><ssdm name=""/></StgValue>
</bind>
</comp>

<comp id="122" class="1001" name="const_122">
<pin_list>
<pin id="123" dir="1" index="0" bw="1" slack="0"/>
</pin_list>
<bind>
<StgValue><ssdm name=""/></StgValue>
</bind>
</comp>

<comp id="124" class="1001" name="const_124">
<pin_list>
<pin id="125" dir="1" index="0" bw="1" slack="0"/>
</pin_list>
<bind>
<StgValue><ssdm name=""/></StgValue>
</bind>
</comp>

<comp id="126" class="1001" name="const_126">
<pin_list>
<pin id="127" dir="1" index="0" bw="1" slack="0"/>
</pin_list>
<bind>
<StgValue><ssdm name=""/></StgValue>
</bind>
</comp>

<comp id="128" class="1001" name="const_128">
<pin_list>
<pin id="129" dir="1" index="0" bw="1" slack="0"/>
</pin_list>
<bind>
<StgValue><ssdm name=""/></StgValue>
</bind>
</comp>

<comp id="130" class="1001" name="const_130">
<pin_list>
<pin id="131" dir="1" index="0" bw="1" slack="0"/>
</pin_list>
<bind>
<StgValue><ssdm name=""/></StgValue>
</bind>
</comp>

<comp id="132" class="1001" name="const_132">
<pin_list>
<pin id="133" dir="1" index="0" bw="1" slack="0"/>
</pin_list>
<bind>
<StgValue><ssdm name=""/></StgValue>
</bind>
</comp>

<comp id="134" class="1001" name="const_134">
<pin_list>
<pin id="135" dir="1" index="0" bw="1" slack="0"/>
</pin_list>
<bind>
<StgValue><ssdm name=""/></StgValue>
</bind>
</comp>

<comp id="136" class="1001" name="const_136">
<pin_list>
<pin id="137" dir="1" index="0" bw="1" slack="0"/>
</pin_list>
<bind>
<StgValue><ssdm name="_ssdm_op_PartSelect.i25.i32.i32.i32"/></StgValue>
</bind>
</comp>

<comp id="138" class="1001" name="const_138">
<pin_list>
<pin id="139" dir="1" index="0" bw="1" slack="0"/>
</pin_list>
<bind>
<StgValue><ssdm name=""/></StgValue>
</bind>
</comp>

<comp id="140" class="1001" name="const_140">
<pin_list>
<pin id="141" dir="1" index="0" bw="1" slack="0"/>
</pin_list>
<bind>
<StgValue><ssdm name=""/></StgValue>
</bind>
</comp>

<comp id="142" class="1001" name="const_142">
<pin_list>
<pin id="143" dir="1" index="0" bw="1" slack="0"/>
</pin_list>
<bind>
<StgValue><ssdm name="_ssdm_op_PartSelect.i14.i32.i32.i32"/></StgValue>
</bind>
</comp>

<comp id="144" class="1001" name="const_144">
<pin_list>
<pin id="145" dir="1" index="0" bw="1" slack="0"/>
</pin_list>
<bind>
<StgValue><ssdm name=""/></StgValue>
</bind>
</comp>

<comp id="146" class="1001" name="const_146">
<pin_list>
<pin id="147" dir="1" index="0" bw="1" slack="0"/>
</pin_list>
<bind>
<StgValue><ssdm name="_ssdm_op_PartSelect.i29.i32.i32.i32"/></StgValue>
</bind>
</comp>

<comp id="148" class="1001" name="const_148">
<pin_list>
<pin id="149" dir="1" index="0" bw="1" slack="0"/>
</pin_list>
<bind>
<StgValue><ssdm name=""/></StgValue>
</bind>
</comp>

<comp id="150" class="1001" name="const_150">
<pin_list>
<pin id="151" dir="1" index="0" bw="1" slack="0"/>
</pin_list>
<bind>
<StgValue><ssdm name="_ssdm_op_PartSelect.i15.i32.i32.i32"/></StgValue>
</bind>
</comp>

<comp id="152" class="1001" name="const_152">
<pin_list>
<pin id="153" dir="1" index="0" bw="1" slack="0"/>
</pin_list>
<bind>
<StgValue><ssdm name=""/></StgValue>
</bind>
</comp>

<comp id="154" class="1001" name="const_154">
<pin_list>
<pin id="155" dir="1" index="0" bw="1" slack="0"/>
</pin_list>
<bind>
<StgValue><ssdm name="_ssdm_op_PartSelect.i13.i32.i32.i32"/></StgValue>
</bind>
</comp>

<comp id="156" class="1001" name="const_156">
<pin_list>
<pin id="157" dir="1" index="0" bw="1" slack="0"/>
</pin_list>
<bind>
<StgValue><ssdm name=""/></StgValue>
</bind>
</comp>

<comp id="158" class="1001" name="const_158">
<pin_list>
<pin id="159" dir="1" index="0" bw="1" slack="0"/>
</pin_list>
<bind>
<StgValue><ssdm name="_ssdm_op_PartSelect.i22.i32.i32.i32"/></StgValue>
</bind>
</comp>

<comp id="160" class="1001" name="const_160">
<pin_list>
<pin id="161" dir="1" index="0" bw="1" slack="0"/>
</pin_list>
<bind>
<StgValue><ssdm name=""/></StgValue>
</bind>
</comp>

<comp id="162" class="1001" name="const_162">
<pin_list>
<pin id="163" dir="1" index="0" bw="1" slack="0"/>
</pin_list>
<bind>
<StgValue><ssdm name="_ssdm_op_BitConcatenate.i32.i18.i14"/></StgValue>
</bind>
</comp>

<comp id="164" class="1001" name="const_164">
<pin_list>
<pin id="165" dir="1" index="0" bw="1" slack="0"/>
</pin_list>
<bind>
<StgValue><ssdm name="_ssdm_op_BitConcatenate.i32.i7.i25"/></StgValue>
</bind>
</comp>

<comp id="166" class="1001" name="const_166">
<pin_list>
<pin id="167" dir="1" index="0" bw="1" slack="0"/>
</pin_list>
<bind>
<StgValue><ssdm name="_ssdm_op_BitConcatenate.i32.i19.i13"/></StgValue>
</bind>
</comp>

<comp id="168" class="1001" name="const_168">
<pin_list>
<pin id="169" dir="1" index="0" bw="1" slack="0"/>
</pin_list>
<bind>
<StgValue><ssdm name="_ssdm_op_BitConcatenate.i32.i17.i15"/></StgValue>
</bind>
</comp>

<comp id="170" class="1001" name="const_170">
<pin_list>
<pin id="171" dir="1" index="0" bw="1" slack="0"/>
</pin_list>
<bind>
<StgValue><ssdm name=""/></StgValue>
</bind>
</comp>

<comp id="172" class="1001" name="const_172">
<pin_list>
<pin id="173" dir="1" index="0" bw="1" slack="0"/>
</pin_list>
<bind>
<StgValue><ssdm name="_ssdm_op_PartSelect.i26.i32.i32.i32"/></StgValue>
</bind>
</comp>

<comp id="174" class="1001" name="const_174">
<pin_list>
<pin id="175" dir="1" index="0" bw="1" slack="0"/>
</pin_list>
<bind>
<StgValue><ssdm name="_ssdm_op_PartSelect.i21.i32.i32.i32"/></StgValue>
</bind>
</comp>

<comp id="176" class="1001" name="const_176">
<pin_list>
<pin id="177" dir="1" index="0" bw="1" slack="0"/>
</pin_list>
<bind>
<StgValue><ssdm name=""/></StgValue>
</bind>
</comp>

<comp id="178" class="1001" name="const_178">
<pin_list>
<pin id="179" dir="1" index="0" bw="1" slack="0"/>
</pin_list>
<bind>
<StgValue><ssdm name="_ssdm_op_PartSelect.i7.i32.i32.i32"/></StgValue>
</bind>
</comp>

<comp id="180" class="1001" name="const_180">
<pin_list>
<pin id="181" dir="1" index="0" bw="1" slack="0"/>
</pin_list>
<bind>
<StgValue><ssdm name=""/></StgValue>
</bind>
</comp>

<comp id="182" class="1001" name="const_182">
<pin_list>
<pin id="183" dir="1" index="0" bw="1" slack="0"/>
</pin_list>
<bind>
<StgValue><ssdm name="_ssdm_op_BitConcatenate.i32.i6.i26"/></StgValue>
</bind>
</comp>

<comp id="184" class="1001" name="const_184">
<pin_list>
<pin id="185" dir="1" index="0" bw="1" slack="0"/>
</pin_list>
<bind>
<StgValue><ssdm name="_ssdm_op_BitConcatenate.i32.i11.i21"/></StgValue>
</bind>
</comp>

<comp id="186" class="1001" name="const_186">
<pin_list>
<pin id="187" dir="1" index="0" bw="1" slack="0"/>
</pin_list>
<bind>
<StgValue><ssdm name="_ssdm_op_BitConcatenate.i32.i25.i7"/></StgValue>
</bind>
</comp>

<comp id="188" class="1001" name="const_188">
<pin_list>
<pin id="189" dir="1" index="0" bw="1" slack="0"/>
</pin_list>
<bind>
<StgValue><ssdm name="_ssdm_op_PartSelect.i30.i32.i32.i32"/></StgValue>
</bind>
</comp>

<comp id="190" class="1001" name="const_190">
<pin_list>
<pin id="191" dir="1" index="0" bw="1" slack="0"/>
</pin_list>
<bind>
<StgValue><ssdm name=""/></StgValue>
</bind>
</comp>

<comp id="192" class="1001" name="const_192">
<pin_list>
<pin id="193" dir="1" index="0" bw="1" slack="0"/>
</pin_list>
<bind>
<StgValue><ssdm name="_ssdm_op_PartSelect.i19.i32.i32.i32"/></StgValue>
</bind>
</comp>

<comp id="194" class="1001" name="const_194">
<pin_list>
<pin id="195" dir="1" index="0" bw="1" slack="0"/>
</pin_list>
<bind>
<StgValue><ssdm name=""/></StgValue>
</bind>
</comp>

<comp id="196" class="1001" name="const_196">
<pin_list>
<pin id="197" dir="1" index="0" bw="1" slack="0"/>
</pin_list>
<bind>
<StgValue><ssdm name="_ssdm_op_PartSelect.i10.i32.i32.i32"/></StgValue>
</bind>
</comp>

<comp id="198" class="1001" name="const_198">
<pin_list>
<pin id="199" dir="1" index="0" bw="1" slack="0"/>
</pin_list>
<bind>
<StgValue><ssdm name=""/></StgValue>
</bind>
</comp>

<comp id="200" class="1001" name="const_200">
<pin_list>
<pin id="201" dir="1" index="0" bw="1" slack="0"/>
</pin_list>
<bind>
<StgValue><ssdm name="_ssdm_op_BitConcatenate.i32.i2.i30"/></StgValue>
</bind>
</comp>

<comp id="202" class="1001" name="const_202">
<pin_list>
<pin id="203" dir="1" index="0" bw="1" slack="0"/>
</pin_list>
<bind>
<StgValue><ssdm name="_ssdm_op_BitConcatenate.i32.i13.i19"/></StgValue>
</bind>
</comp>

<comp id="204" class="1001" name="const_204">
<pin_list>
<pin id="205" dir="1" index="0" bw="1" slack="0"/>
</pin_list>
<bind>
<StgValue><ssdm name="_ssdm_op_BitConcatenate.i32.i22.i10"/></StgValue>
</bind>
</comp>

<comp id="206" class="1001" name="const_206">
<pin_list>
<pin id="207" dir="1" index="0" bw="1" slack="0"/>
</pin_list>
<bind>
<StgValue><ssdm name="_ssdm_op_Write.ap_auto.i32P0A"/></StgValue>
</bind>
</comp>

<comp id="208" class="1004" name="h_fu_208">
<pin_list>
<pin id="209" dir="0" index="0" bw="1" slack="0"/>
<pin id="210" dir="1" index="1" bw="32" slack="0"/>
</pin_list>
<bind>
<opcode="alloca(26) " fcode="alloca"/>
<opset="h/1 "/>
</bind>
</comp>

<comp id="212" class="1004" name="d_fu_212">
<pin_list>
<pin id="213" dir="0" index="0" bw="1" slack="0"/>
<pin id="214" dir="1" index="1" bw="32" slack="0"/>
</pin_list>
<bind>
<opcode="alloca(26) " fcode="alloca"/>
<opset="d/1 "/>
</bind>
</comp>

<comp id="216" class="1004" name="i_1_fu_216">
<pin_list>
<pin id="217" dir="0" index="0" bw="1" slack="0"/>
<pin id="218" dir="1" index="1" bw="7" slack="0"/>
</pin_list>
<bind>
<opcode="alloca(26) " fcode="alloca"/>
<opset="i_1/1 "/>
</bind>
</comp>

<comp id="220" class="1004" name="w_fu_220">
<pin_list>
<pin id="221" dir="0" index="0" bw="1" slack="0"/>
<pin id="222" dir="1" index="1" bw="32" slack="0"/>
</pin_list>
<bind>
<opcode="alloca(26) " fcode="alloca"/>
<opset="w/1 "/>
</bind>
</comp>

<comp id="224" class="1004" name="w_33_fu_224">
<pin_list>
<pin id="225" dir="0" index="0" bw="1" slack="0"/>
<pin id="226" dir="1" index="1" bw="32" slack="0"/>
</pin_list>
<bind>
<opcode="alloca(26) " fcode="alloca"/>
<opset="w_33/1 "/>
</bind>
</comp>

<comp id="228" class="1004" name="w_34_fu_228">
<pin_list>
<pin id="229" dir="0" index="0" bw="1" slack="0"/>
<pin id="230" dir="1" index="1" bw="32" slack="0"/>
</pin_list>
<bind>
<opcode="alloca(26) " fcode="alloca"/>
<opset="w_34/1 "/>
</bind>
</comp>

<comp id="232" class="1004" name="w_35_fu_232">
<pin_list>
<pin id="233" dir="0" index="0" bw="1" slack="0"/>
<pin id="234" dir="1" index="1" bw="32" slack="0"/>
</pin_list>
<bind>
<opcode="alloca(26) " fcode="alloca"/>
<opset="w_35/1 "/>
</bind>
</comp>

<comp id="236" class="1004" name="w_36_fu_236">
<pin_list>
<pin id="237" dir="0" index="0" bw="1" slack="0"/>
<pin id="238" dir="1" index="1" bw="32" slack="0"/>
</pin_list>
<bind>
<opcode="alloca(26) " fcode="alloca"/>
<opset="w_36/1 "/>
</bind>
</comp>

<comp id="240" class="1004" name="w_37_fu_240">
<pin_list>
<pin id="241" dir="0" index="0" bw="1" slack="0"/>
<pin id="242" dir="1" index="1" bw="32" slack="0"/>
</pin_list>
<bind>
<opcode="alloca(26) " fcode="alloca"/>
<opset="w_37/1 "/>
</bind>
</comp>

<comp id="244" class="1004" name="w_38_fu_244">
<pin_list>
<pin id="245" dir="0" index="0" bw="1" slack="0"/>
<pin id="246" dir="1" index="1" bw="32" slack="0"/>
</pin_list>
<bind>
<opcode="alloca(26) " fcode="alloca"/>
<opset="w_38/1 "/>
</bind>
</comp>

<comp id="248" class="1004" name="w_39_fu_248">
<pin_list>
<pin id="249" dir="0" index="0" bw="1" slack="0"/>
<pin id="250" dir="1" index="1" bw="32" slack="0"/>
</pin_list>
<bind>
<opcode="alloca(26) " fcode="alloca"/>
<opset="w_39/1 "/>
</bind>
</comp>

<comp id="252" class="1004" name="w_40_fu_252">
<pin_list>
<pin id="253" dir="0" index="0" bw="1" slack="0"/>
<pin id="254" dir="1" index="1" bw="32" slack="0"/>
</pin_list>
<bind>
<opcode="alloca(26) " fcode="alloca"/>
<opset="w_40/1 "/>
</bind>
</comp>

<comp id="256" class="1004" name="w_41_fu_256">
<pin_list>
<pin id="257" dir="0" index="0" bw="1" slack="0"/>
<pin id="258" dir="1" index="1" bw="32" slack="0"/>
</pin_list>
<bind>
<opcode="alloca(26) " fcode="alloca"/>
<opset="w_41/1 "/>
</bind>
</comp>

<comp id="260" class="1004" name="w_42_fu_260">
<pin_list>
<pin id="261" dir="0" index="0" bw="1" slack="0"/>
<pin id="262" dir="1" index="1" bw="32" slack="0"/>
</pin_list>
<bind>
<opcode="alloca(26) " fcode="alloca"/>
<opset="w_42/1 "/>
</bind>
</comp>

<comp id="264" class="1004" name="w_43_fu_264">
<pin_list>
<pin id="265" dir="0" index="0" bw="1" slack="0"/>
<pin id="266" dir="1" index="1" bw="32" slack="0"/>
</pin_list>
<bind>
<opcode="alloca(26) " fcode="alloca"/>
<opset="w_43/1 "/>
</bind>
</comp>

<comp id="268" class="1004" name="w_44_fu_268">
<pin_list>
<pin id="269" dir="0" index="0" bw="1" slack="0"/>
<pin id="270" dir="1" index="1" bw="32" slack="0"/>
</pin_list>
<bind>
<opcode="alloca(26) " fcode="alloca"/>
<opset="w_44/1 "/>
</bind>
</comp>

<comp id="272" class="1004" name="w_45_fu_272">
<pin_list>
<pin id="273" dir="0" index="0" bw="1" slack="0"/>
<pin id="274" dir="1" index="1" bw="32" slack="0"/>
</pin_list>
<bind>
<opcode="alloca(26) " fcode="alloca"/>
<opset="w_45/1 "/>
</bind>
</comp>

<comp id="276" class="1004" name="w_46_fu_276">
<pin_list>
<pin id="277" dir="0" index="0" bw="1" slack="0"/>
<pin id="278" dir="1" index="1" bw="32" slack="0"/>
</pin_list>
<bind>
<opcode="alloca(26) " fcode="alloca"/>
<opset="w_46/1 "/>
</bind>
</comp>

<comp id="280" class="1004" name="w_47_fu_280">
<pin_list>
<pin id="281" dir="0" index="0" bw="1" slack="0"/>
<pin id="282" dir="1" index="1" bw="32" slack="0"/>
</pin_list>
<bind>
<opcode="alloca(26) " fcode="alloca"/>
<opset="w_47/1 "/>
</bind>
</comp>

<comp id="284" class="1004" name="h_3_fu_284">
<pin_list>
<pin id="285" dir="0" index="0" bw="1" slack="0"/>
<pin id="286" dir="1" index="1" bw="32" slack="0"/>
</pin_list>
<bind>
<opcode="alloca(26) " fcode="alloca"/>
<opset="h_3/1 "/>
</bind>
</comp>

<comp id="288" class="1004" name="g_fu_288">
<pin_list>
<pin id="289" dir="0" index="0" bw="1" slack="0"/>
<pin id="290" dir="1" index="1" bw="32" slack="0"/>
</pin_list>
<bind>
<opcode="alloca(26) " fcode="alloca"/>
<opset="g/1 "/>
</bind>
</comp>

<comp id="292" class="1004" name="f_fu_292">
<pin_list>
<pin id="293" dir="0" index="0" bw="1" slack="0"/>
<pin id="294" dir="1" index="1" bw="32" slack="0"/>
</pin_list>
<bind>
<opcode="alloca(26) " fcode="alloca"/>
<opset="f/1 "/>
</bind>
</comp>

<comp id="296" class="1004" name="d_3_fu_296">
<pin_list>
<pin id="297" dir="0" index="0" bw="1" slack="0"/>
<pin id="298" dir="1" index="1" bw="32" slack="0"/>
</pin_list>
<bind>
<opcode="alloca(26) " fcode="alloca"/>
<opset="d_3/1 "/>
</bind>
</comp>

<comp id="300" class="1004" name="c_fu_300">
<pin_list>
<pin id="301" dir="0" index="0" bw="1" slack="0"/>
<pin id="302" dir="1" index="1" bw="32" slack="0"/>
</pin_list>
<bind>
<opcode="alloca(26) " fcode="alloca"/>
<opset="c/1 "/>
</bind>
</comp>

<comp id="304" class="1004" name="b_fu_304">
<pin_list>
<pin id="305" dir="0" index="0" bw="1" slack="0"/>
<pin id="306" dir="1" index="1" bw="32" slack="0"/>
</pin_list>
<bind>
<opcode="alloca(26) " fcode="alloca"/>
<opset="b/1 "/>
</bind>
</comp>

<comp id="308" class="1004" name="w_reload_read_read_fu_308">
<pin_list>
<pin id="309" dir="0" index="0" bw="32" slack="0"/>
<pin id="310" dir="0" index="1" bw="32" slack="0"/>
<pin id="311" dir="1" index="2" bw="32" slack="0"/>
</pin_list>
<bind>
<opcode="read(1150) " fcode="read"/>
<opset="w_reload_read/1 "/>
</bind>
</comp>

<comp id="314" class="1004" name="w_1_reload_read_read_fu_314">
<pin_list>
<pin id="315" dir="0" index="0" bw="32" slack="0"/>
<pin id="316" dir="0" index="1" bw="32" slack="0"/>
<pin id="317" dir="1" index="2" bw="32" slack="0"/>
</pin_list>
<bind>
<opcode="read(1150) " fcode="read"/>
<opset="w_1_reload_read/1 "/>
</bind>
</comp>

<comp id="320" class="1004" name="w_2_reload_read_read_fu_320">
<pin_list>
<pin id="321" dir="0" index="0" bw="32" slack="0"/>
<pin id="322" dir="0" index="1" bw="32" slack="0"/>
<pin id="323" dir="1" index="2" bw="32" slack="0"/>
</pin_list>
<bind>
<opcode="read(1150) " fcode="read"/>
<opset="w_2_reload_read/1 "/>
</bind>
</comp>

<comp id="326" class="1004" name="w_3_reload_read_read_fu_326">
<pin_list>
<pin id="327" dir="0" index="0" bw="32" slack="0"/>
<pin id="328" dir="0" index="1" bw="32" slack="0"/>
<pin id="329" dir="1" index="2" bw="32" slack="0"/>
</pin_list>
<bind>
<opcode="read(1150) " fcode="read"/>
<opset="w_3_reload_read/1 "/>
</bind>
</comp>

<comp id="332" class="1004" name="w_4_reload_read_read_fu_332">
<pin_list>
<pin id="333" dir="0" index="0" bw="32" slack="0"/>
<pin id="334" dir="0" index="1" bw="32" slack="0"/>
<pin id="335" dir="1" index="2" bw="32" slack="0"/>
</pin_list>
<bind>
<opcode="read(1150) " fcode="read"/>
<opset="w_4_reload_read/1 "/>
</bind>
</comp>

<comp id="338" class="1004" name="w_5_reload_read_read_fu_338">
<pin_list>
<pin id="339" dir="0" index="0" bw="32" slack="0"/>
<pin id="340" dir="0" index="1" bw="32" slack="0"/>
<pin id="341" dir="1" index="2" bw="32" slack="0"/>
</pin_list>
<bind>
<opcode="read(1150) " fcode="read"/>
<opset="w_5_reload_read/1 "/>
</bind>
</comp>

<comp id="344" class="1004" name="w_6_reload_read_read_fu_344">
<pin_list>
<pin id="345" dir="0" index="0" bw="32" slack="0"/>
<pin id="346" dir="0" index="1" bw="32" slack="0"/>
<pin id="347" dir="1" index="2" bw="32" slack="0"/>
</pin_list>
<bind>
<opcode="read(1150) " fcode="read"/>
<opset="w_6_reload_read/1 "/>
</bind>
</comp>

<comp id="350" class="1004" name="w_7_reload_read_read_fu_350">
<pin_list>
<pin id="351" dir="0" index="0" bw="32" slack="0"/>
<pin id="352" dir="0" index="1" bw="32" slack="0"/>
<pin id="353" dir="1" index="2" bw="32" slack="0"/>
</pin_list>
<bind>
<opcode="read(1150) " fcode="read"/>
<opset="w_7_reload_read/1 "/>
</bind>
</comp>

<comp id="356" class="1004" name="w_8_reload_read_read_fu_356">
<pin_list>
<pin id="357" dir="0" index="0" bw="32" slack="0"/>
<pin id="358" dir="0" index="1" bw="32" slack="0"/>
<pin id="359" dir="1" index="2" bw="32" slack="0"/>
</pin_list>
<bind>
<opcode="read(1150) " fcode="read"/>
<opset="w_8_reload_read/1 "/>
</bind>
</comp>

<comp id="362" class="1004" name="w_9_reload_read_read_fu_362">
<pin_list>
<pin id="363" dir="0" index="0" bw="32" slack="0"/>
<pin id="364" dir="0" index="1" bw="32" slack="0"/>
<pin id="365" dir="1" index="2" bw="32" slack="0"/>
</pin_list>
<bind>
<opcode="read(1150) " fcode="read"/>
<opset="w_9_reload_read/1 "/>
</bind>
</comp>

<comp id="368" class="1004" name="w_10_reload_read_read_fu_368">
<pin_list>
<pin id="369" dir="0" index="0" bw="32" slack="0"/>
<pin id="370" dir="0" index="1" bw="32" slack="0"/>
<pin id="371" dir="1" index="2" bw="32" slack="0"/>
</pin_list>
<bind>
<opcode="read(1150) " fcode="read"/>
<opset="w_10_reload_read/1 "/>
</bind>
</comp>

<comp id="374" class="1004" name="w_11_reload_read_read_fu_374">
<pin_list>
<pin id="375" dir="0" index="0" bw="32" slack="0"/>
<pin id="376" dir="0" index="1" bw="32" slack="0"/>
<pin id="377" dir="1" index="2" bw="32" slack="0"/>
</pin_list>
<bind>
<opcode="read(1150) " fcode="read"/>
<opset="w_11_reload_read/1 "/>
</bind>
</comp>

<comp id="380" class="1004" name="w_12_reload_read_read_fu_380">
<pin_list>
<pin id="381" dir="0" index="0" bw="32" slack="0"/>
<pin id="382" dir="0" index="1" bw="32" slack="0"/>
<pin id="383" dir="1" index="2" bw="32" slack="0"/>
</pin_list>
<bind>
<opcode="read(1150) " fcode="read"/>
<opset="w_12_reload_read/1 "/>
</bind>
</comp>

<comp id="386" class="1004" name="w_13_reload_read_read_fu_386">
<pin_list>
<pin id="387" dir="0" index="0" bw="32" slack="0"/>
<pin id="388" dir="0" index="1" bw="32" slack="0"/>
<pin id="389" dir="1" index="2" bw="32" slack="0"/>
</pin_list>
<bind>
<opcode="read(1150) " fcode="read"/>
<opset="w_13_reload_read/1 "/>
</bind>
</comp>

<comp id="392" class="1004" name="w_14_reload_read_read_fu_392">
<pin_list>
<pin id="393" dir="0" index="0" bw="32" slack="0"/>
<pin id="394" dir="0" index="1" bw="32" slack="0"/>
<pin id="395" dir="1" index="2" bw="32" slack="0"/>
</pin_list>
<bind>
<opcode="read(1150) " fcode="read"/>
<opset="w_14_reload_read/1 "/>
</bind>
</comp>

<comp id="398" class="1004" name="w_15_reload_read_read_fu_398">
<pin_list>
<pin id="399" dir="0" index="0" bw="32" slack="0"/>
<pin id="400" dir="0" index="1" bw="32" slack="0"/>
<pin id="401" dir="1" index="2" bw="32" slack="0"/>
</pin_list>
<bind>
<opcode="read(1150) " fcode="read"/>
<opset="w_15_reload_read/1 "/>
</bind>
</comp>

<comp id="404" class="1004" name="write_ln195_write_fu_404">
<pin_list>
<pin id="405" dir="0" index="0" bw="0" slack="0"/>
<pin id="406" dir="0" index="1" bw="32" slack="0"/>
<pin id="407" dir="0" index="2" bw="32" slack="0"/>
<pin id="408" dir="1" index="3" bw="0" slack="2147483647"/>
</pin_list>
<bind>
<opcode="write(1151) " fcode="write"/>
<opset="write_ln195/3 "/>
</bind>
</comp>

<comp id="411" class="1004" name="write_ln195_write_fu_411">
<pin_list>
<pin id="412" dir="0" index="0" bw="0" slack="0"/>
<pin id="413" dir="0" index="1" bw="32" slack="0"/>
<pin id="414" dir="0" index="2" bw="32" slack="0"/>
<pin id="415" dir="1" index="3" bw="0" slack="2147483647"/>
</pin_list>
<bind>
<opcode="write(1151) " fcode="write"/>
<opset="write_ln195/3 "/>
</bind>
</comp>

<comp id="418" class="1004" name="write_ln195_write_fu_418">
<pin_list>
<pin id="419" dir="0" index="0" bw="0" slack="0"/>
<pin id="420" dir="0" index="1" bw="32" slack="0"/>
<pin id="421" dir="0" index="2" bw="32" slack="0"/>
<pin id="422" dir="1" index="3" bw="0" slack="2147483647"/>
</pin_list>
<bind>
<opcode="write(1151) " fcode="write"/>
<opset="write_ln195/3 "/>
</bind>
</comp>

<comp id="425" class="1004" name="write_ln0_write_fu_425">
<pin_list>
<pin id="426" dir="0" index="0" bw="0" slack="0"/>
<pin id="427" dir="0" index="1" bw="32" slack="0"/>
<pin id="428" dir="0" index="2" bw="32" slack="0"/>
<pin id="429" dir="1" index="3" bw="0" slack="2147483647"/>
</pin_list>
<bind>
<opcode="write(1151) " fcode="write"/>
<opset="write_ln0/3 "/>
</bind>
</comp>

<comp id="432" class="1004" name="write_ln173_write_fu_432">
<pin_list>
<pin id="433" dir="0" index="0" bw="0" slack="0"/>
<pin id="434" dir="0" index="1" bw="32" slack="0"/>
<pin id="435" dir="0" index="2" bw="32" slack="0"/>
<pin id="436" dir="1" index="3" bw="0" slack="2147483647"/>
</pin_list>
<bind>
<opcode="write(1151) " fcode="write"/>
<opset="write_ln173/3 "/>
</bind>
</comp>

<comp id="439" class="1004" name="write_ln173_write_fu_439">
<pin_list>
<pin id="440" dir="0" index="0" bw="0" slack="0"/>
<pin id="441" dir="0" index="1" bw="32" slack="0"/>
<pin id="442" dir="0" index="2" bw="32" slack="0"/>
<pin id="443" dir="1" index="3" bw="0" slack="2147483647"/>
</pin_list>
<bind>
<opcode="write(1151) " fcode="write"/>
<opset="write_ln173/3 "/>
</bind>
</comp>

<comp id="446" class="1004" name="write_ln173_write_fu_446">
<pin_list>
<pin id="447" dir="0" index="0" bw="0" slack="0"/>
<pin id="448" dir="0" index="1" bw="32" slack="0"/>
<pin id="449" dir="0" index="2" bw="32" slack="0"/>
<pin id="450" dir="1" index="3" bw="0" slack="2147483647"/>
</pin_list>
<bind>
<opcode="write(1151) " fcode="write"/>
<opset="write_ln173/3 "/>
</bind>
</comp>

<comp id="453" class="1004" name="write_ln0_write_fu_453">
<pin_list>
<pin id="454" dir="0" index="0" bw="0" slack="0"/>
<pin id="455" dir="0" index="1" bw="32" slack="0"/>
<pin id="456" dir="0" index="2" bw="32" slack="0"/>
<pin id="457" dir="1" index="3" bw="0" slack="2147483647"/>
</pin_list>
<bind>
<opcode="write(1151) " fcode="write"/>
<opset="write_ln0/3 "/>
</bind>
</comp>

<comp id="460" class="1004" name="K_addr_gep_fu_460">
<pin_list>
<pin id="461" dir="0" index="0" bw="32" slack="0"/>
<pin id="462" dir="0" index="1" bw="1" slack="0"/>
<pin id="463" dir="0" index="2" bw="7" slack="0"/>
<pin id="464" dir="1" index="3" bw="6" slack="0"/>
</pin_list>
<bind>
<opcode="getelementptr(29) " fcode="getelementptr"/>
<opset="K_addr/2 "/>
</bind>
</comp>

<comp id="467" class="1004" name="grp_access_fu_467">
<pin_list>
<pin id="468" dir="0" index="0" bw="6" slack="0"/>
<pin id="469" dir="0" index="1" bw="32" slack="2147483647"/>
<pin id="470" dir="0" index="2" bw="0" slack="2147483647"/>
<pin id="471" dir="1" index="3" bw="32" slack="0"/>
</pin_list>
<bind>
<opcode="load(27) " fcode="load"/>
<opset="K_load/2 "/>
</bind>
</comp>

<comp id="473" class="1005" name="wt_2_reg_473">
<pin_list>
<pin id="474" dir="0" index="0" bw="32" slack="2147483647"/>
<pin id="475" dir="1" index="1" bw="32" slack="2147483647"/>
</pin_list>
<bind>
<opset="wt_2 (phireg) "/>
</bind>
</comp>

<comp id="476" class="1004" name="wt_2_phi_fu_476">
<pin_list>
<pin id="477" dir="0" index="0" bw="32" slack="1"/>
<pin id="478" dir="0" index="1" bw="0" slack="2147483647"/>
<pin id="479" dir="0" index="2" bw="32" slack="1"/>
<pin id="480" dir="0" index="3" bw="0" slack="2147483647"/>
<pin id="481" dir="0" index="4" bw="32" slack="1"/>
<pin id="482" dir="0" index="5" bw="0" slack="2147483647"/>
<pin id="483" dir="0" index="6" bw="32" slack="1"/>
<pin id="484" dir="0" index="7" bw="0" slack="2147483647"/>
<pin id="485" dir="0" index="8" bw="32" slack="1"/>
<pin id="486" dir="0" index="9" bw="0" slack="2147483647"/>
<pin id="487" dir="0" index="10" bw="32" slack="1"/>
<pin id="488" dir="0" index="11" bw="0" slack="2147483647"/>
<pin id="489" dir="0" index="12" bw="32" slack="1"/>
<pin id="490" dir="0" index="13" bw="0" slack="2147483647"/>
<pin id="491" dir="0" index="14" bw="32" slack="1"/>
<pin id="492" dir="0" index="15" bw="0" slack="2147483647"/>
<pin id="493" dir="0" index="16" bw="32" slack="1"/>
<pin id="494" dir="0" index="17" bw="0" slack="2147483647"/>
<pin id="495" dir="0" index="18" bw="32" slack="1"/>
<pin id="496" dir="0" index="19" bw="0" slack="2147483647"/>
<pin id="497" dir="0" index="20" bw="32" slack="1"/>
<pin id="498" dir="0" index="21" bw="0" slack="2147483647"/>
<pin id="499" dir="0" index="22" bw="32" slack="1"/>
<pin id="500" dir="0" index="23" bw="0" slack="2147483647"/>
<pin id="501" dir="0" index="24" bw="32" slack="1"/>
<pin id="502" dir="0" index="25" bw="0" slack="2147483647"/>
<pin id="503" dir="0" index="26" bw="32" slack="1"/>
<pin id="504" dir="0" index="27" bw="0" slack="2147483647"/>
<pin id="505" dir="0" index="28" bw="32" slack="1"/>
<pin id="506" dir="0" index="29" bw="0" slack="2147483647"/>
<pin id="507" dir="0" index="30" bw="32" slack="1"/>
<pin id="508" dir="0" index="31" bw="0" slack="2147483647"/>
<pin id="509" dir="0" index="32" bw="32" slack="1"/>
<pin id="510" dir="0" index="33" bw="0" slack="2147483647"/>
<pin id="511" dir="1" index="34" bw="32" slack="0"/>
</pin_list>
<bind>
<opcode="phi(47) " fcode="phi"/>
<opset="wt_2/3 "/>
</bind>
</comp>

<comp id="512" class="1004" name="grp_fu_512">
<pin_list>
<pin id="513" dir="0" index="0" bw="32" slack="0"/>
<pin id="514" dir="0" index="1" bw="4" slack="0"/>
<pin id="515" dir="0" index="2" bw="32" slack="0"/>
<pin id="516" dir="0" index="3" bw="4" slack="0"/>
<pin id="517" dir="0" index="4" bw="32" slack="0"/>
<pin id="518" dir="0" index="5" bw="4" slack="0"/>
<pin id="519" dir="0" index="6" bw="32" slack="0"/>
<pin id="520" dir="0" index="7" bw="4" slack="0"/>
<pin id="521" dir="0" index="8" bw="32" slack="0"/>
<pin id="522" dir="0" index="9" bw="4" slack="0"/>
<pin id="523" dir="0" index="10" bw="32" slack="0"/>
<pin id="524" dir="0" index="11" bw="4" slack="0"/>
<pin id="525" dir="0" index="12" bw="32" slack="0"/>
<pin id="526" dir="0" index="13" bw="4" slack="0"/>
<pin id="527" dir="0" index="14" bw="32" slack="0"/>
<pin id="528" dir="0" index="15" bw="4" slack="0"/>
<pin id="529" dir="0" index="16" bw="32" slack="0"/>
<pin id="530" dir="0" index="17" bw="4" slack="0"/>
<pin id="531" dir="0" index="18" bw="32" slack="0"/>
<pin id="532" dir="0" index="19" bw="4" slack="0"/>
<pin id="533" dir="0" index="20" bw="32" slack="0"/>
<pin id="534" dir="0" index="21" bw="4" slack="0"/>
<pin id="535" dir="0" index="22" bw="32" slack="0"/>
<pin id="536" dir="0" index="23" bw="4" slack="0"/>
<pin id="537" dir="0" index="24" bw="32" slack="0"/>
<pin id="538" dir="0" index="25" bw="4" slack="0"/>
<pin id="539" dir="0" index="26" bw="32" slack="0"/>
<pin id="540" dir="0" index="27" bw="4" slack="0"/>
<pin id="541" dir="0" index="28" bw="32" slack="0"/>
<pin id="542" dir="0" index="29" bw="4" slack="0"/>
<pin id="543" dir="0" index="30" bw="32" slack="0"/>
<pin id="544" dir="0" index="31" bw="4" slack="0"/>
<pin id="545" dir="0" index="32" bw="32" slack="0"/>
<pin id="546" dir="0" index="33" bw="32" slack="0"/>
<pin id="547" dir="0" index="34" bw="4" slack="0"/>
<pin id="548" dir="1" index="35" bw="32" slack="0"/>
</pin_list>
<bind>
<opcode="sparsemux(1197) " fcode="sparsemux"/>
<opset="tmp/2 wt/2 "/>
</bind>
</comp>

<comp id="567" class="1004" name="store_ln124_store_fu_567">
<pin_list>
<pin id="568" dir="0" index="0" bw="32" slack="0"/>
<pin id="569" dir="0" index="1" bw="32" slack="0"/>
<pin id="570" dir="1" index="2" bw="0" slack="2147483647"/>
</pin_list>
<bind>
<opcode="store(28) " fcode="store"/>
<opset="store_ln124/1 "/>
</bind>
</comp>

<comp id="572" class="1004" name="store_ln125_store_fu_572">
<pin_list>
<pin id="573" dir="0" index="0" bw="32" slack="0"/>
<pin id="574" dir="0" index="1" bw="32" slack="0"/>
<pin id="575" dir="1" index="2" bw="0" slack="2147483647"/>
</pin_list>
<bind>
<opcode="store(28) " fcode="store"/>
<opset="store_ln125/1 "/>
</bind>
</comp>

<comp id="577" class="1004" name="store_ln126_store_fu_577">
<pin_list>
<pin id="578" dir="0" index="0" bw="31" slack="0"/>
<pin id="579" dir="0" index="1" bw="32" slack="0"/>
<pin id="580" dir="1" index="2" bw="0" slack="2147483647"/>
</pin_list>
<bind>
<opcode="store(28) " fcode="store"/>
<opset="store_ln126/1 "/>
</bind>
</comp>

<comp id="582" class="1004" name="store_ln128_store_fu_582">
<pin_list>
<pin id="583" dir="0" index="0" bw="32" slack="0"/>
<pin id="584" dir="0" index="1" bw="32" slack="0"/>
<pin id="585" dir="1" index="2" bw="0" slack="2147483647"/>
</pin_list>
<bind>
<opcode="store(28) " fcode="store"/>
<opset="store_ln128/1 "/>
</bind>
</comp>

<comp id="587" class="1004" name="store_ln129_store_fu_587">
<pin_list>
<pin id="588" dir="0" index="0" bw="32" slack="0"/>
<pin id="589" dir="0" index="1" bw="32" slack="0"/>
<pin id="590" dir="1" index="2" bw="0" slack="2147483647"/>
</pin_list>
<bind>
<opcode="store(28) " fcode="store"/>
<opset="store_ln129/1 "/>
</bind>
</comp>

<comp id="592" class="1004" name="store_ln130_store_fu_592">
<pin_list>
<pin id="593" dir="0" index="0" bw="30" slack="0"/>
<pin id="594" dir="0" index="1" bw="32" slack="0"/>
<pin id="595" dir="1" index="2" bw="0" slack="2147483647"/>
</pin_list>
<bind>
<opcode="store(28) " fcode="store"/>
<opset="store_ln130/1 "/>
</bind>
</comp>

<comp id="597" class="1004" name="store_ln114_store_fu_597">
<pin_list>
<pin id="598" dir="0" index="0" bw="32" slack="0"/>
<pin id="599" dir="0" index="1" bw="32" slack="0"/>
<pin id="600" dir="1" index="2" bw="0" slack="2147483647"/>
</pin_list>
<bind>
<opcode="store(28) " fcode="store"/>
<opset="store_ln114/1 "/>
</bind>
</comp>

<comp id="602" class="1004" name="store_ln114_store_fu_602">
<pin_list>
<pin id="603" dir="0" index="0" bw="32" slack="0"/>
<pin id="604" dir="0" index="1" bw="32" slack="0"/>
<pin id="605" dir="1" index="2" bw="0" slack="2147483647"/>
</pin_list>
<bind>
<opcode="store(28) " fcode="store"/>
<opset="store_ln114/1 "/>
</bind>
</comp>

<comp id="607" class="1004" name="store_ln114_store_fu_607">
<pin_list>
<pin id="608" dir="0" index="0" bw="32" slack="0"/>
<pin id="609" dir="0" index="1" bw="32" slack="0"/>
<pin id="610" dir="1" index="2" bw="0" slack="2147483647"/>
</pin_list>
<bind>
<opcode="store(28) " fcode="store"/>
<opset="store_ln114/1 "/>
</bind>
</comp>

<comp id="612" class="1004" name="store_ln114_store_fu_612">
<pin_list>
<pin id="613" dir="0" index="0" bw="32" slack="0"/>
<pin id="614" dir="0" index="1" bw="32" slack="0"/>
<pin id="615" dir="1" index="2" bw="0" slack="2147483647"/>
</pin_list>
<bind>
<opcode="store(28) " fcode="store"/>
<opset="store_ln114/1 "/>
</bind>
</comp>

<comp id="617" class="1004" name="store_ln114_store_fu_617">
<pin_list>
<pin id="618" dir="0" index="0" bw="32" slack="0"/>
<pin id="619" dir="0" index="1" bw="32" slack="0"/>
<pin id="620" dir="1" index="2" bw="0" slack="2147483647"/>
</pin_list>
<bind>
<opcode="store(28) " fcode="store"/>
<opset="store_ln114/1 "/>
</bind>
</comp>

<comp id="622" class="1004" name="store_ln114_store_fu_622">
<pin_list>
<pin id="623" dir="0" index="0" bw="32" slack="0"/>
<pin id="624" dir="0" index="1" bw="32" slack="0"/>
<pin id="625" dir="1" index="2" bw="0" slack="2147483647"/>
</pin_list>
<bind>
<opcode="store(28) " fcode="store"/>
<opset="store_ln114/1 "/>
</bind>
</comp>

<comp id="627" class="1004" name="store_ln114_store_fu_627">
<pin_list>
<pin id="628" dir="0" index="0" bw="32" slack="0"/>
<pin id="629" dir="0" index="1" bw="32" slack="0"/>
<pin id="630" dir="1" index="2" bw="0" slack="2147483647"/>
</pin_list>
<bind>
<opcode="store(28) " fcode="store"/>
<opset="store_ln114/1 "/>
</bind>
</comp>

<comp id="632" class="1004" name="store_ln114_store_fu_632">
<pin_list>
<pin id="633" dir="0" index="0" bw="32" slack="0"/>
<pin id="634" dir="0" index="1" bw="32" slack="0"/>
<pin id="635" dir="1" index="2" bw="0" slack="2147483647"/>
</pin_list>
<bind>
<opcode="store(28) " fcode="store"/>
<opset="store_ln114/1 "/>
</bind>
</comp>

<comp id="637" class="1004" name="store_ln114_store_fu_637">
<pin_list>
<pin id="638" dir="0" index="0" bw="32" slack="0"/>
<pin id="639" dir="0" index="1" bw="32" slack="0"/>
<pin id="640" dir="1" index="2" bw="0" slack="2147483647"/>
</pin_list>
<bind>
<opcode="store(28) " fcode="store"/>
<opset="store_ln114/1 "/>
</bind>
</comp>

<comp id="642" class="1004" name="store_ln114_store_fu_642">
<pin_list>
<pin id="643" dir="0" index="0" bw="32" slack="0"/>
<pin id="644" dir="0" index="1" bw="32" slack="0"/>
<pin id="645" dir="1" index="2" bw="0" slack="2147483647"/>
</pin_list>
<bind>
<opcode="store(28) " fcode="store"/>
<opset="store_ln114/1 "/>
</bind>
</comp>

<comp id="647" class="1004" name="store_ln114_store_fu_647">
<pin_list>
<pin id="648" dir="0" index="0" bw="32" slack="0"/>
<pin id="649" dir="0" index="1" bw="32" slack="0"/>
<pin id="650" dir="1" index="2" bw="0" slack="2147483647"/>
</pin_list>
<bind>
<opcode="store(28) " fcode="store"/>
<opset="store_ln114/1 "/>
</bind>
</comp>

<comp id="652" class="1004" name="store_ln114_store_fu_652">
<pin_list>
<pin id="653" dir="0" index="0" bw="32" slack="0"/>
<pin id="654" dir="0" index="1" bw="32" slack="0"/>
<pin id="655" dir="1" index="2" bw="0" slack="2147483647"/>
</pin_list>
<bind>
<opcode="store(28) " fcode="store"/>
<opset="store_ln114/1 "/>
</bind>
</comp>

<comp id="657" class="1004" name="store_ln114_store_fu_657">
<pin_list>
<pin id="658" dir="0" index="0" bw="32" slack="0"/>
<pin id="659" dir="0" index="1" bw="32" slack="0"/>
<pin id="660" dir="1" index="2" bw="0" slack="2147483647"/>
</pin_list>
<bind>
<opcode="store(28) " fcode="store"/>
<opset="store_ln114/1 "/>
</bind>
</comp>

<comp id="662" class="1004" name="store_ln114_store_fu_662">
<pin_list>
<pin id="663" dir="0" index="0" bw="32" slack="0"/>
<pin id="664" dir="0" index="1" bw="32" slack="0"/>
<pin id="665" dir="1" index="2" bw="0" slack="2147483647"/>
</pin_list>
<bind>
<opcode="store(28) " fcode="store"/>
<opset="store_ln114/1 "/>
</bind>
</comp>

<comp id="667" class="1004" name="store_ln114_store_fu_667">
<pin_list>
<pin id="668" dir="0" index="0" bw="32" slack="0"/>
<pin id="669" dir="0" index="1" bw="32" slack="0"/>
<pin id="670" dir="1" index="2" bw="0" slack="2147483647"/>
</pin_list>
<bind>
<opcode="store(28) " fcode="store"/>
<opset="store_ln114/1 "/>
</bind>
</comp>

<comp id="672" class="1004" name="store_ln114_store_fu_672">
<pin_list>
<pin id="673" dir="0" index="0" bw="32" slack="0"/>
<pin id="674" dir="0" index="1" bw="32" slack="0"/>
<pin id="675" dir="1" index="2" bw="0" slack="2147483647"/>
</pin_list>
<bind>
<opcode="store(28) " fcode="store"/>
<opset="store_ln114/1 "/>
</bind>
</comp>

<comp id="677" class="1004" name="store_ln133_store_fu_677">
<pin_list>
<pin id="678" dir="0" index="0" bw="1" slack="0"/>
<pin id="679" dir="0" index="1" bw="7" slack="0"/>
<pin id="680" dir="1" index="2" bw="0" slack="2147483647"/>
</pin_list>
<bind>
<opcode="store(28) " fcode="store"/>
<opset="store_ln133/1 "/>
</bind>
</comp>

<comp id="682" class="1004" name="store_ln126_store_fu_682">
<pin_list>
<pin id="683" dir="0" index="0" bw="32" slack="0"/>
<pin id="684" dir="0" index="1" bw="32" slack="0"/>
<pin id="685" dir="1" index="2" bw="0" slack="2147483647"/>
</pin_list>
<bind>
<opcode="store(28) " fcode="store"/>
<opset="store_ln126/1 "/>
</bind>
</comp>

<comp id="687" class="1004" name="store_ln130_store_fu_687">
<pin_list>
<pin id="688" dir="0" index="0" bw="32" slack="0"/>
<pin id="689" dir="0" index="1" bw="32" slack="0"/>
<pin id="690" dir="1" index="2" bw="0" slack="2147483647"/>
</pin_list>
<bind>
<opcode="store(28) " fcode="store"/>
<opset="store_ln130/1 "/>
</bind>
</comp>

<comp id="692" class="1004" name="i_load_fu_692">
<pin_list>
<pin id="693" dir="0" index="0" bw="7" slack="1"/>
<pin id="694" dir="1" index="1" bw="7" slack="0"/>
</pin_list>
<bind>
<opcode="load(27) " fcode="load"/>
<opset="i/2 "/>
</bind>
</comp>

<comp id="695" class="1004" name="icmp_ln133_fu_695">
<pin_list>
<pin id="696" dir="0" index="0" bw="7" slack="0"/>
<pin id="697" dir="0" index="1" bw="7" slack="0"/>
<pin id="698" dir="1" index="2" bw="1" slack="1"/>
</pin_list>
<bind>
<opcode="icmp(45) " fcode="icmp"/>
<opset="icmp_ln133/2 "/>
</bind>
</comp>

<comp id="701" class="1004" name="add_ln133_fu_701">
<pin_list>
<pin id="702" dir="0" index="0" bw="7" slack="0"/>
<pin id="703" dir="0" index="1" bw="1" slack="0"/>
<pin id="704" dir="1" index="2" bw="7" slack="0"/>
</pin_list>
<bind>
<opcode="add(8) " fcode="add"/>
<opset="add_ln133/2 "/>
</bind>
</comp>

<comp id="707" class="1004" name="zext_ln133_fu_707">
<pin_list>
<pin id="708" dir="0" index="0" bw="7" slack="0"/>
<pin id="709" dir="1" index="1" bw="64" slack="0"/>
</pin_list>
<bind>
<opcode="zext(34) " fcode="zext"/>
<opset="zext_ln133/2 "/>
</bind>
</comp>

<comp id="712" class="1004" name="trunc_ln133_fu_712">
<pin_list>
<pin id="713" dir="0" index="0" bw="7" slack="0"/>
<pin id="714" dir="1" index="1" bw="4" slack="0"/>
</pin_list>
<bind>
<opcode="trunc(33) " fcode="trunc"/>
<opset="trunc_ln133/2 "/>
</bind>
</comp>

<comp id="717" class="1004" name="tmp_2_fu_717">
<pin_list>
<pin id="718" dir="0" index="0" bw="3" slack="0"/>
<pin id="719" dir="0" index="1" bw="7" slack="0"/>
<pin id="720" dir="0" index="2" bw="4" slack="0"/>
<pin id="721" dir="0" index="3" bw="4" slack="0"/>
<pin id="722" dir="1" index="4" bw="3" slack="0"/>
</pin_list>
<bind>
<opcode="partselect(1002) " fcode="partselect"/>
<opset="tmp_2/2 "/>
</bind>
</comp>

<comp id="727" class="1004" name="icmp_ln138_fu_727">
<pin_list>
<pin id="728" dir="0" index="0" bw="3" slack="0"/>
<pin id="729" dir="0" index="1" bw="3" slack="0"/>
<pin id="730" dir="1" index="2" bw="1" slack="1"/>
</pin_list>
<bind>
<opcode="icmp(45) " fcode="icmp"/>
<opset="icmp_ln138/2 "/>
</bind>
</comp>

<comp id="733" class="1004" name="w_load_load_fu_733">
<pin_list>
<pin id="734" dir="0" index="0" bw="32" slack="1"/>
<pin id="735" dir="1" index="1" bw="32" slack="0"/>
</pin_list>
<bind>
<opcode="load(27) " fcode="load"/>
<opset="w_load/2 "/>
</bind>
</comp>

<comp id="737" class="1004" name="w_33_load_load_fu_737">
<pin_list>
<pin id="738" dir="0" index="0" bw="32" slack="1"/>
<pin id="739" dir="1" index="1" bw="32" slack="0"/>
</pin_list>
<bind>
<opcode="load(27) " fcode="load"/>
<opset="w_33_load/2 "/>
</bind>
</comp>

<comp id="741" class="1004" name="w_34_load_load_fu_741">
<pin_list>
<pin id="742" dir="0" index="0" bw="32" slack="1"/>
<pin id="743" dir="1" index="1" bw="32" slack="0"/>
</pin_list>
<bind>
<opcode="load(27) " fcode="load"/>
<opset="w_34_load/2 "/>
</bind>
</comp>

<comp id="745" class="1004" name="w_35_load_load_fu_745">
<pin_list>
<pin id="746" dir="0" index="0" bw="32" slack="1"/>
<pin id="747" dir="1" index="1" bw="32" slack="0"/>
</pin_list>
<bind>
<opcode="load(27) " fcode="load"/>
<opset="w_35_load/2 "/>
</bind>
</comp>

<comp id="749" class="1004" name="w_36_load_load_fu_749">
<pin_list>
<pin id="750" dir="0" index="0" bw="32" slack="1"/>
<pin id="751" dir="1" index="1" bw="32" slack="0"/>
</pin_list>
<bind>
<opcode="load(27) " fcode="load"/>
<opset="w_36_load/2 "/>
</bind>
</comp>

<comp id="753" class="1004" name="w_37_load_load_fu_753">
<pin_list>
<pin id="754" dir="0" index="0" bw="32" slack="1"/>
<pin id="755" dir="1" index="1" bw="32" slack="0"/>
</pin_list>
<bind>
<opcode="load(27) " fcode="load"/>
<opset="w_37_load/2 "/>
</bind>
</comp>

<comp id="757" class="1004" name="w_38_load_load_fu_757">
<pin_list>
<pin id="758" dir="0" index="0" bw="32" slack="1"/>
<pin id="759" dir="1" index="1" bw="32" slack="0"/>
</pin_list>
<bind>
<opcode="load(27) " fcode="load"/>
<opset="w_38_load/2 "/>
</bind>
</comp>

<comp id="761" class="1004" name="w_39_load_load_fu_761">
<pin_list>
<pin id="762" dir="0" index="0" bw="32" slack="1"/>
<pin id="763" dir="1" index="1" bw="32" slack="0"/>
</pin_list>
<bind>
<opcode="load(27) " fcode="load"/>
<opset="w_39_load/2 "/>
</bind>
</comp>

<comp id="765" class="1004" name="w_40_load_load_fu_765">
<pin_list>
<pin id="766" dir="0" index="0" bw="32" slack="1"/>
<pin id="767" dir="1" index="1" bw="32" slack="0"/>
</pin_list>
<bind>
<opcode="load(27) " fcode="load"/>
<opset="w_40_load/2 "/>
</bind>
</comp>

<comp id="769" class="1004" name="w_41_load_load_fu_769">
<pin_list>
<pin id="770" dir="0" index="0" bw="32" slack="1"/>
<pin id="771" dir="1" index="1" bw="32" slack="0"/>
</pin_list>
<bind>
<opcode="load(27) " fcode="load"/>
<opset="w_41_load/2 "/>
</bind>
</comp>

<comp id="773" class="1004" name="w_42_load_load_fu_773">
<pin_list>
<pin id="774" dir="0" index="0" bw="32" slack="1"/>
<pin id="775" dir="1" index="1" bw="32" slack="0"/>
</pin_list>
<bind>
<opcode="load(27) " fcode="load"/>
<opset="w_42_load/2 "/>
</bind>
</comp>

<comp id="777" class="1004" name="w_43_load_load_fu_777">
<pin_list>
<pin id="778" dir="0" index="0" bw="32" slack="1"/>
<pin id="779" dir="1" index="1" bw="32" slack="0"/>
</pin_list>
<bind>
<opcode="load(27) " fcode="load"/>
<opset="w_43_load/2 "/>
</bind>
</comp>

<comp id="781" class="1004" name="w_44_load_load_fu_781">
<pin_list>
<pin id="782" dir="0" index="0" bw="32" slack="1"/>
<pin id="783" dir="1" index="1" bw="32" slack="0"/>
</pin_list>
<bind>
<opcode="load(27) " fcode="load"/>
<opset="w_44_load/2 "/>
</bind>
</comp>

<comp id="785" class="1004" name="w_45_load_load_fu_785">
<pin_list>
<pin id="786" dir="0" index="0" bw="32" slack="1"/>
<pin id="787" dir="1" index="1" bw="32" slack="0"/>
</pin_list>
<bind>
<opcode="load(27) " fcode="load"/>
<opset="w_45_load/2 "/>
</bind>
</comp>

<comp id="789" class="1004" name="w_46_load_load_fu_789">
<pin_list>
<pin id="790" dir="0" index="0" bw="32" slack="1"/>
<pin id="791" dir="1" index="1" bw="32" slack="0"/>
</pin_list>
<bind>
<opcode="load(27) " fcode="load"/>
<opset="w_46_load/2 "/>
</bind>
</comp>

<comp id="793" class="1004" name="w_47_load_load_fu_793">
<pin_list>
<pin id="794" dir="0" index="0" bw="32" slack="1"/>
<pin id="795" dir="1" index="1" bw="32" slack="0"/>
</pin_list>
<bind>
<opcode="load(27) " fcode="load"/>
<opset="w_47_load/2 "/>
</bind>
</comp>

<comp id="797" class="1004" name="x15_fu_797">
<pin_list>
<pin id="798" dir="0" index="0" bw="32" slack="0"/>
<pin id="799" dir="0" index="1" bw="4" slack="0"/>
<pin id="800" dir="0" index="2" bw="32" slack="0"/>
<pin id="801" dir="0" index="3" bw="4" slack="0"/>
<pin id="802" dir="0" index="4" bw="32" slack="0"/>
<pin id="803" dir="0" index="5" bw="4" slack="0"/>
<pin id="804" dir="0" index="6" bw="32" slack="0"/>
<pin id="805" dir="0" index="7" bw="4" slack="0"/>
<pin id="806" dir="0" index="8" bw="32" slack="0"/>
<pin id="807" dir="0" index="9" bw="4" slack="0"/>
<pin id="808" dir="0" index="10" bw="32" slack="0"/>
<pin id="809" dir="0" index="11" bw="4" slack="0"/>
<pin id="810" dir="0" index="12" bw="32" slack="0"/>
<pin id="811" dir="0" index="13" bw="4" slack="0"/>
<pin id="812" dir="0" index="14" bw="32" slack="0"/>
<pin id="813" dir="0" index="15" bw="4" slack="0"/>
<pin id="814" dir="0" index="16" bw="32" slack="0"/>
<pin id="815" dir="0" index="17" bw="4" slack="0"/>
<pin id="816" dir="0" index="18" bw="32" slack="0"/>
<pin id="817" dir="0" index="19" bw="4" slack="0"/>
<pin id="818" dir="0" index="20" bw="32" slack="0"/>
<pin id="819" dir="0" index="21" bw="4" slack="0"/>
<pin id="820" dir="0" index="22" bw="32" slack="0"/>
<pin id="821" dir="0" index="23" bw="4" slack="0"/>
<pin id="822" dir="0" index="24" bw="32" slack="0"/>
<pin id="823" dir="0" index="25" bw="4" slack="0"/>
<pin id="824" dir="0" index="26" bw="32" slack="0"/>
<pin id="825" dir="0" index="27" bw="4" slack="0"/>
<pin id="826" dir="0" index="28" bw="32" slack="0"/>
<pin id="827" dir="0" index="29" bw="4" slack="0"/>
<pin id="828" dir="0" index="30" bw="32" slack="0"/>
<pin id="829" dir="0" index="31" bw="4" slack="0"/>
<pin id="830" dir="0" index="32" bw="32" slack="0"/>
<pin id="831" dir="0" index="33" bw="32" slack="0"/>
<pin id="832" dir="0" index="34" bw="4" slack="0"/>
<pin id="833" dir="1" index="35" bw="32" slack="0"/>
</pin_list>
<bind>
<opcode="sparsemux(1197) " fcode="sparsemux"/>
<opset="x15/2 "/>
</bind>
</comp>

<comp id="869" class="1004" name="x2_fu_869">
<pin_list>
<pin id="870" dir="0" index="0" bw="32" slack="0"/>
<pin id="871" dir="0" index="1" bw="4" slack="0"/>
<pin id="872" dir="0" index="2" bw="32" slack="0"/>
<pin id="873" dir="0" index="3" bw="4" slack="0"/>
<pin id="874" dir="0" index="4" bw="32" slack="0"/>
<pin id="875" dir="0" index="5" bw="4" slack="0"/>
<pin id="876" dir="0" index="6" bw="32" slack="0"/>
<pin id="877" dir="0" index="7" bw="4" slack="0"/>
<pin id="878" dir="0" index="8" bw="32" slack="0"/>
<pin id="879" dir="0" index="9" bw="4" slack="0"/>
<pin id="880" dir="0" index="10" bw="32" slack="0"/>
<pin id="881" dir="0" index="11" bw="4" slack="0"/>
<pin id="882" dir="0" index="12" bw="32" slack="0"/>
<pin id="883" dir="0" index="13" bw="4" slack="0"/>
<pin id="884" dir="0" index="14" bw="32" slack="0"/>
<pin id="885" dir="0" index="15" bw="4" slack="0"/>
<pin id="886" dir="0" index="16" bw="32" slack="0"/>
<pin id="887" dir="0" index="17" bw="4" slack="0"/>
<pin id="888" dir="0" index="18" bw="32" slack="0"/>
<pin id="889" dir="0" index="19" bw="4" slack="0"/>
<pin id="890" dir="0" index="20" bw="32" slack="0"/>
<pin id="891" dir="0" index="21" bw="4" slack="0"/>
<pin id="892" dir="0" index="22" bw="32" slack="0"/>
<pin id="893" dir="0" index="23" bw="4" slack="0"/>
<pin id="894" dir="0" index="24" bw="32" slack="0"/>
<pin id="895" dir="0" index="25" bw="4" slack="0"/>
<pin id="896" dir="0" index="26" bw="32" slack="0"/>
<pin id="897" dir="0" index="27" bw="4" slack="0"/>
<pin id="898" dir="0" index="28" bw="32" slack="0"/>
<pin id="899" dir="0" index="29" bw="4" slack="0"/>
<pin id="900" dir="0" index="30" bw="32" slack="0"/>
<pin id="901" dir="0" index="31" bw="4" slack="0"/>
<pin id="902" dir="0" index="32" bw="32" slack="0"/>
<pin id="903" dir="0" index="33" bw="32" slack="0"/>
<pin id="904" dir="0" index="34" bw="4" slack="0"/>
<pin id="905" dir="1" index="35" bw="32" slack="0"/>
</pin_list>
<bind>
<opcode="sparsemux(1197) " fcode="sparsemux"/>
<opset="x2/2 "/>
</bind>
</comp>

<comp id="941" class="1004" name="lshr_ln_fu_941">
<pin_list>
<pin id="942" dir="0" index="0" bw="25" slack="0"/>
<pin id="943" dir="0" index="1" bw="32" slack="0"/>
<pin id="944" dir="0" index="2" bw="4" slack="0"/>
<pin id="945" dir="0" index="3" bw="6" slack="0"/>
<pin id="946" dir="1" index="4" bw="25" slack="0"/>
</pin_list>
<bind>
<opcode="partselect(1002) " fcode="partselect"/>
<opset="lshr_ln/2 "/>
</bind>
</comp>

<comp id="951" class="1004" name="trunc_ln33_fu_951">
<pin_list>
<pin id="952" dir="0" index="0" bw="32" slack="0"/>
<pin id="953" dir="1" index="1" bw="7" slack="0"/>
</pin_list>
<bind>
<opcode="trunc(33) " fcode="trunc"/>
<opset="trunc_ln33/2 "/>
</bind>
</comp>

<comp id="955" class="1004" name="lshr_ln33_1_fu_955">
<pin_list>
<pin id="956" dir="0" index="0" bw="14" slack="0"/>
<pin id="957" dir="0" index="1" bw="32" slack="0"/>
<pin id="958" dir="0" index="2" bw="6" slack="0"/>
<pin id="959" dir="0" index="3" bw="6" slack="0"/>
<pin id="960" dir="1" index="4" bw="14" slack="0"/>
</pin_list>
<bind>
<opcode="partselect(1002) " fcode="partselect"/>
<opset="lshr_ln33_1/2 "/>
</bind>
</comp>

<comp id="965" class="1004" name="trunc_ln33_10_fu_965">
<pin_list>
<pin id="966" dir="0" index="0" bw="32" slack="0"/>
<pin id="967" dir="1" index="1" bw="18" slack="0"/>
</pin_list>
<bind>
<opcode="trunc(33) " fcode="trunc"/>
<opset="trunc_ln33_10/2 "/>
</bind>
</comp>

<comp id="969" class="1004" name="lshr_ln1_fu_969">
<pin_list>
<pin id="970" dir="0" index="0" bw="29" slack="0"/>
<pin id="971" dir="0" index="1" bw="32" slack="0"/>
<pin id="972" dir="0" index="2" bw="3" slack="0"/>
<pin id="973" dir="0" index="3" bw="6" slack="0"/>
<pin id="974" dir="1" index="4" bw="29" slack="0"/>
</pin_list>
<bind>
<opcode="partselect(1002) " fcode="partselect"/>
<opset="lshr_ln1/2 "/>
</bind>
</comp>

<comp id="979" class="1004" name="zext_ln149_fu_979">
<pin_list>
<pin id="980" dir="0" index="0" bw="29" slack="0"/>
<pin id="981" dir="1" index="1" bw="32" slack="0"/>
</pin_list>
<bind>
<opcode="zext(34) " fcode="zext"/>
<opset="zext_ln149/2 "/>
</bind>
</comp>

<comp id="983" class="1004" name="lshr_ln33_2_fu_983">
<pin_list>
<pin id="984" dir="0" index="0" bw="15" slack="0"/>
<pin id="985" dir="0" index="1" bw="32" slack="0"/>
<pin id="986" dir="0" index="2" bw="6" slack="0"/>
<pin id="987" dir="0" index="3" bw="6" slack="0"/>
<pin id="988" dir="1" index="4" bw="15" slack="0"/>
</pin_list>
<bind>
<opcode="partselect(1002) " fcode="partselect"/>
<opset="lshr_ln33_2/2 "/>
</bind>
</comp>

<comp id="993" class="1004" name="trunc_ln33_11_fu_993">
<pin_list>
<pin id="994" dir="0" index="0" bw="32" slack="0"/>
<pin id="995" dir="1" index="1" bw="17" slack="0"/>
</pin_list>
<bind>
<opcode="trunc(33) " fcode="trunc"/>
<opset="trunc_ln33_11/2 "/>
</bind>
</comp>

<comp id="997" class="1004" name="lshr_ln33_3_fu_997">
<pin_list>
<pin id="998" dir="0" index="0" bw="13" slack="0"/>
<pin id="999" dir="0" index="1" bw="32" slack="0"/>
<pin id="1000" dir="0" index="2" bw="6" slack="0"/>
<pin id="1001" dir="0" index="3" bw="6" slack="0"/>
<pin id="1002" dir="1" index="4" bw="13" slack="0"/>
</pin_list>
<bind>
<opcode="partselect(1002) " fcode="partselect"/>
<opset="lshr_ln33_3/2 "/>
</bind>
</comp>

<comp id="1007" class="1004" name="trunc_ln33_12_fu_1007">
<pin_list>
<pin id="1008" dir="0" index="0" bw="32" slack="0"/>
<pin id="1009" dir="1" index="1" bw="19" slack="0"/>
</pin_list>
<bind>
<opcode="trunc(33) " fcode="trunc"/>
<opset="trunc_ln33_12/2 "/>
</bind>
</comp>

<comp id="1011" class="1004" name="lshr_ln2_fu_1011">
<pin_list>
<pin id="1012" dir="0" index="0" bw="22" slack="0"/>
<pin id="1013" dir="0" index="1" bw="32" slack="0"/>
<pin id="1014" dir="0" index="2" bw="5" slack="0"/>
<pin id="1015" dir="0" index="3" bw="6" slack="0"/>
<pin id="1016" dir="1" index="4" bw="22" slack="0"/>
</pin_list>
<bind>
<opcode="partselect(1002) " fcode="partselect"/>
<opset="lshr_ln2/2 "/>
</bind>
</comp>

<comp id="1021" class="1004" name="zext_ln154_fu_1021">
<pin_list>
<pin id="1022" dir="0" index="0" bw="22" slack="0"/>
<pin id="1023" dir="1" index="1" bw="32" slack="0"/>
</pin_list>
<bind>
<opcode="zext(34) " fcode="zext"/>
<opset="zext_ln154/2 "/>
</bind>
</comp>

<comp id="1025" class="1004" name="tmp_s_fu_1025">
<pin_list>
<pin id="1026" dir="0" index="0" bw="32" slack="0"/>
<pin id="1027" dir="0" index="1" bw="4" slack="0"/>
<pin id="1028" dir="0" index="2" bw="32" slack="0"/>
<pin id="1029" dir="0" index="3" bw="4" slack="0"/>
<pin id="1030" dir="0" index="4" bw="32" slack="0"/>
<pin id="1031" dir="0" index="5" bw="4" slack="0"/>
<pin id="1032" dir="0" index="6" bw="32" slack="0"/>
<pin id="1033" dir="0" index="7" bw="4" slack="0"/>
<pin id="1034" dir="0" index="8" bw="32" slack="0"/>
<pin id="1035" dir="0" index="9" bw="4" slack="0"/>
<pin id="1036" dir="0" index="10" bw="32" slack="0"/>
<pin id="1037" dir="0" index="11" bw="4" slack="0"/>
<pin id="1038" dir="0" index="12" bw="32" slack="0"/>
<pin id="1039" dir="0" index="13" bw="4" slack="0"/>
<pin id="1040" dir="0" index="14" bw="32" slack="0"/>
<pin id="1041" dir="0" index="15" bw="4" slack="0"/>
<pin id="1042" dir="0" index="16" bw="32" slack="0"/>
<pin id="1043" dir="0" index="17" bw="4" slack="0"/>
<pin id="1044" dir="0" index="18" bw="32" slack="0"/>
<pin id="1045" dir="0" index="19" bw="4" slack="0"/>
<pin id="1046" dir="0" index="20" bw="32" slack="0"/>
<pin id="1047" dir="0" index="21" bw="4" slack="0"/>
<pin id="1048" dir="0" index="22" bw="32" slack="0"/>
<pin id="1049" dir="0" index="23" bw="4" slack="0"/>
<pin id="1050" dir="0" index="24" bw="32" slack="0"/>
<pin id="1051" dir="0" index="25" bw="4" slack="0"/>
<pin id="1052" dir="0" index="26" bw="32" slack="0"/>
<pin id="1053" dir="0" index="27" bw="4" slack="0"/>
<pin id="1054" dir="0" index="28" bw="32" slack="0"/>
<pin id="1055" dir="0" index="29" bw="4" slack="0"/>
<pin id="1056" dir="0" index="30" bw="32" slack="0"/>
<pin id="1057" dir="0" index="31" bw="4" slack="0"/>
<pin id="1058" dir="0" index="32" bw="32" slack="0"/>
<pin id="1059" dir="0" index="33" bw="32" slack="0"/>
<pin id="1060" dir="0" index="34" bw="4" slack="0"/>
<pin id="1061" dir="1" index="35" bw="32" slack="0"/>
</pin_list>
<bind>
<opcode="sparsemux(1197) " fcode="sparsemux"/>
<opset="tmp_s/2 "/>
</bind>
</comp>

<comp id="1097" class="1004" name="or_ln_fu_1097">
<pin_list>
<pin id="1098" dir="0" index="0" bw="32" slack="0"/>
<pin id="1099" dir="0" index="1" bw="18" slack="0"/>
<pin id="1100" dir="0" index="2" bw="14" slack="0"/>
<pin id="1101" dir="1" index="3" bw="32" slack="0"/>
</pin_list>
<bind>
<opcode="bitconcatenate(1004) " fcode="bitconcatenate"/>
<opset="or_ln/2 "/>
</bind>
</comp>

<comp id="1105" class="1004" name="or_ln159_1_fu_1105">
<pin_list>
<pin id="1106" dir="0" index="0" bw="32" slack="0"/>
<pin id="1107" dir="0" index="1" bw="7" slack="0"/>
<pin id="1108" dir="0" index="2" bw="25" slack="0"/>
<pin id="1109" dir="1" index="3" bw="32" slack="0"/>
</pin_list>
<bind>
<opcode="bitconcatenate(1004) " fcode="bitconcatenate"/>
<opset="or_ln159_1/2 "/>
</bind>
</comp>

<comp id="1113" class="1004" name="or_ln159_2_fu_1113">
<pin_list>
<pin id="1114" dir="0" index="0" bw="32" slack="0"/>
<pin id="1115" dir="0" index="1" bw="19" slack="0"/>
<pin id="1116" dir="0" index="2" bw="13" slack="0"/>
<pin id="1117" dir="1" index="3" bw="32" slack="0"/>
</pin_list>
<bind>
<opcode="bitconcatenate(1004) " fcode="bitconcatenate"/>
<opset="or_ln159_2/2 "/>
</bind>
</comp>

<comp id="1121" class="1004" name="xor_ln159_fu_1121">
<pin_list>
<pin id="1122" dir="0" index="0" bw="32" slack="0"/>
<pin id="1123" dir="0" index="1" bw="32" slack="0"/>
<pin id="1124" dir="1" index="2" bw="32" slack="0"/>
</pin_list>
<bind>
<opcode="xor(25) " fcode="xor"/>
<opset="xor_ln159/2 "/>
</bind>
</comp>

<comp id="1127" class="1004" name="xor_ln159_1_fu_1127">
<pin_list>
<pin id="1128" dir="0" index="0" bw="32" slack="0"/>
<pin id="1129" dir="0" index="1" bw="32" slack="0"/>
<pin id="1130" dir="1" index="2" bw="32" slack="0"/>
</pin_list>
<bind>
<opcode="xor(25) " fcode="xor"/>
<opset="xor_ln159_1/2 "/>
</bind>
</comp>

<comp id="1133" class="1004" name="or_ln159_3_fu_1133">
<pin_list>
<pin id="1134" dir="0" index="0" bw="32" slack="0"/>
<pin id="1135" dir="0" index="1" bw="17" slack="0"/>
<pin id="1136" dir="0" index="2" bw="15" slack="0"/>
<pin id="1137" dir="1" index="3" bw="32" slack="0"/>
</pin_list>
<bind>
<opcode="bitconcatenate(1004) " fcode="bitconcatenate"/>
<opset="or_ln159_3/2 "/>
</bind>
</comp>

<comp id="1141" class="1004" name="xor_ln159_2_fu_1141">
<pin_list>
<pin id="1142" dir="0" index="0" bw="32" slack="0"/>
<pin id="1143" dir="0" index="1" bw="32" slack="0"/>
<pin id="1144" dir="1" index="2" bw="32" slack="0"/>
</pin_list>
<bind>
<opcode="xor(25) " fcode="xor"/>
<opset="xor_ln159_2/2 "/>
</bind>
</comp>

<comp id="1147" class="1004" name="xor_ln159_3_fu_1147">
<pin_list>
<pin id="1148" dir="0" index="0" bw="32" slack="0"/>
<pin id="1149" dir="0" index="1" bw="32" slack="0"/>
<pin id="1150" dir="1" index="2" bw="32" slack="0"/>
</pin_list>
<bind>
<opcode="xor(25) " fcode="xor"/>
<opset="xor_ln159_3/2 "/>
</bind>
</comp>

<comp id="1153" class="1004" name="add_ln159_1_fu_1153">
<pin_list>
<pin id="1154" dir="0" index="0" bw="32" slack="0"/>
<pin id="1155" dir="0" index="1" bw="32" slack="0"/>
<pin id="1156" dir="1" index="2" bw="32" slack="0"/>
</pin_list>
<bind>
<opcode="add(8) " fcode="add"/>
<opset="add_ln159_1/2 "/>
</bind>
</comp>

<comp id="1159" class="1004" name="add_ln159_fu_1159">
<pin_list>
<pin id="1160" dir="0" index="0" bw="32" slack="0"/>
<pin id="1161" dir="0" index="1" bw="32" slack="0"/>
<pin id="1162" dir="1" index="2" bw="32" slack="0"/>
</pin_list>
<bind>
<opcode="add(8) " fcode="add"/>
<opset="add_ln159/2 "/>
</bind>
</comp>

<comp id="1165" class="1004" name="wt_5_fu_1165">
<pin_list>
<pin id="1166" dir="0" index="0" bw="32" slack="0"/>
<pin id="1167" dir="0" index="1" bw="32" slack="0"/>
<pin id="1168" dir="1" index="2" bw="32" slack="0"/>
</pin_list>
<bind>
<opcode="add(8) " fcode="add"/>
<opset="wt_5/2 "/>
</bind>
</comp>

<comp id="1171" class="1004" name="switch_ln162_fu_1171">
<pin_list>
<pin id="1172" dir="0" index="0" bw="4" slack="0"/>
<pin id="1173" dir="0" index="1" bw="1" slack="0"/>
<pin id="1174" dir="0" index="2" bw="1" slack="0"/>
<pin id="1175" dir="0" index="3" bw="3" slack="0"/>
<pin id="1176" dir="0" index="4" bw="3" slack="0"/>
<pin id="1177" dir="0" index="5" bw="4" slack="0"/>
<pin id="1178" dir="0" index="6" bw="4" slack="0"/>
<pin id="1179" dir="0" index="7" bw="4" slack="0"/>
<pin id="1180" dir="0" index="8" bw="4" slack="0"/>
<pin id="1181" dir="0" index="9" bw="4" slack="0"/>
<pin id="1182" dir="0" index="10" bw="4" slack="0"/>
<pin id="1183" dir="0" index="11" bw="4" slack="0"/>
<pin id="1184" dir="0" index="12" bw="4" slack="0"/>
<pin id="1185" dir="0" index="13" bw="3" slack="0"/>
<pin id="1186" dir="0" index="14" bw="3" slack="0"/>
<pin id="1187" dir="0" index="15" bw="2" slack="0"/>
<pin id="1188" dir="1" index="16" bw="0" slack="2147483647"/>
</pin_list>
<bind>
<opcode="switch(3) " fcode="switch"/>
<opset="switch_ln162/2 "/>
</bind>
</comp>

<comp id="1205" class="1004" name="store_ln114_store_fu_1205">
<pin_list>
<pin id="1206" dir="0" index="0" bw="32" slack="0"/>
<pin id="1207" dir="0" index="1" bw="32" slack="1"/>
<pin id="1208" dir="1" index="2" bw="0" slack="2147483647"/>
</pin_list>
<bind>
<opcode="store(28) " fcode="store"/>
<opset="store_ln114/2 "/>
</bind>
</comp>

<comp id="1210" class="1004" name="store_ln114_store_fu_1210">
<pin_list>
<pin id="1211" dir="0" index="0" bw="32" slack="0"/>
<pin id="1212" dir="0" index="1" bw="32" slack="1"/>
<pin id="1213" dir="1" index="2" bw="0" slack="2147483647"/>
</pin_list>
<bind>
<opcode="store(28) " fcode="store"/>
<opset="store_ln114/2 "/>
</bind>
</comp>

<comp id="1215" class="1004" name="store_ln114_store_fu_1215">
<pin_list>
<pin id="1216" dir="0" index="0" bw="32" slack="0"/>
<pin id="1217" dir="0" index="1" bw="32" slack="1"/>
<pin id="1218" dir="1" index="2" bw="0" slack="2147483647"/>
</pin_list>
<bind>
<opcode="store(28) " fcode="store"/>
<opset="store_ln114/2 "/>
</bind>
</comp>

<comp id="1220" class="1004" name="store_ln114_store_fu_1220">
<pin_list>
<pin id="1221" dir="0" index="0" bw="32" slack="0"/>
<pin id="1222" dir="0" index="1" bw="32" slack="1"/>
<pin id="1223" dir="1" index="2" bw="0" slack="2147483647"/>
</pin_list>
<bind>
<opcode="store(28) " fcode="store"/>
<opset="store_ln114/2 "/>
</bind>
</comp>

<comp id="1225" class="1004" name="store_ln114_store_fu_1225">
<pin_list>
<pin id="1226" dir="0" index="0" bw="32" slack="0"/>
<pin id="1227" dir="0" index="1" bw="32" slack="1"/>
<pin id="1228" dir="1" index="2" bw="0" slack="2147483647"/>
</pin_list>
<bind>
<opcode="store(28) " fcode="store"/>
<opset="store_ln114/2 "/>
</bind>
</comp>

<comp id="1230" class="1004" name="store_ln114_store_fu_1230">
<pin_list>
<pin id="1231" dir="0" index="0" bw="32" slack="0"/>
<pin id="1232" dir="0" index="1" bw="32" slack="1"/>
<pin id="1233" dir="1" index="2" bw="0" slack="2147483647"/>
</pin_list>
<bind>
<opcode="store(28) " fcode="store"/>
<opset="store_ln114/2 "/>
</bind>
</comp>

<comp id="1235" class="1004" name="store_ln114_store_fu_1235">
<pin_list>
<pin id="1236" dir="0" index="0" bw="32" slack="0"/>
<pin id="1237" dir="0" index="1" bw="32" slack="1"/>
<pin id="1238" dir="1" index="2" bw="0" slack="2147483647"/>
</pin_list>
<bind>
<opcode="store(28) " fcode="store"/>
<opset="store_ln114/2 "/>
</bind>
</comp>

<comp id="1240" class="1004" name="store_ln114_store_fu_1240">
<pin_list>
<pin id="1241" dir="0" index="0" bw="32" slack="0"/>
<pin id="1242" dir="0" index="1" bw="32" slack="1"/>
<pin id="1243" dir="1" index="2" bw="0" slack="2147483647"/>
</pin_list>
<bind>
<opcode="store(28) " fcode="store"/>
<opset="store_ln114/2 "/>
</bind>
</comp>

<comp id="1245" class="1004" name="store_ln114_store_fu_1245">
<pin_list>
<pin id="1246" dir="0" index="0" bw="32" slack="0"/>
<pin id="1247" dir="0" index="1" bw="32" slack="1"/>
<pin id="1248" dir="1" index="2" bw="0" slack="2147483647"/>
</pin_list>
<bind>
<opcode="store(28) " fcode="store"/>
<opset="store_ln114/2 "/>
</bind>
</comp>

<comp id="1250" class="1004" name="store_ln114_store_fu_1250">
<pin_list>
<pin id="1251" dir="0" index="0" bw="32" slack="0"/>
<pin id="1252" dir="0" index="1" bw="32" slack="1"/>
<pin id="1253" dir="1" index="2" bw="0" slack="2147483647"/>
</pin_list>
<bind>
<opcode="store(28) " fcode="store"/>
<opset="store_ln114/2 "/>
</bind>
</comp>

<comp id="1255" class="1004" name="store_ln114_store_fu_1255">
<pin_list>
<pin id="1256" dir="0" index="0" bw="32" slack="0"/>
<pin id="1257" dir="0" index="1" bw="32" slack="1"/>
<pin id="1258" dir="1" index="2" bw="0" slack="2147483647"/>
</pin_list>
<bind>
<opcode="store(28) " fcode="store"/>
<opset="store_ln114/2 "/>
</bind>
</comp>

<comp id="1260" class="1004" name="store_ln114_store_fu_1260">
<pin_list>
<pin id="1261" dir="0" index="0" bw="32" slack="0"/>
<pin id="1262" dir="0" index="1" bw="32" slack="1"/>
<pin id="1263" dir="1" index="2" bw="0" slack="2147483647"/>
</pin_list>
<bind>
<opcode="store(28) " fcode="store"/>
<opset="store_ln114/2 "/>
</bind>
</comp>

<comp id="1265" class="1004" name="store_ln114_store_fu_1265">
<pin_list>
<pin id="1266" dir="0" index="0" bw="32" slack="0"/>
<pin id="1267" dir="0" index="1" bw="32" slack="1"/>
<pin id="1268" dir="1" index="2" bw="0" slack="2147483647"/>
</pin_list>
<bind>
<opcode="store(28) " fcode="store"/>
<opset="store_ln114/2 "/>
</bind>
</comp>

<comp id="1270" class="1004" name="store_ln114_store_fu_1270">
<pin_list>
<pin id="1271" dir="0" index="0" bw="32" slack="0"/>
<pin id="1272" dir="0" index="1" bw="32" slack="1"/>
<pin id="1273" dir="1" index="2" bw="0" slack="2147483647"/>
</pin_list>
<bind>
<opcode="store(28) " fcode="store"/>
<opset="store_ln114/2 "/>
</bind>
</comp>

<comp id="1275" class="1004" name="store_ln114_store_fu_1275">
<pin_list>
<pin id="1276" dir="0" index="0" bw="32" slack="0"/>
<pin id="1277" dir="0" index="1" bw="32" slack="1"/>
<pin id="1278" dir="1" index="2" bw="0" slack="2147483647"/>
</pin_list>
<bind>
<opcode="store(28) " fcode="store"/>
<opset="store_ln114/2 "/>
</bind>
</comp>

<comp id="1280" class="1004" name="store_ln114_store_fu_1280">
<pin_list>
<pin id="1281" dir="0" index="0" bw="32" slack="0"/>
<pin id="1282" dir="0" index="1" bw="32" slack="1"/>
<pin id="1283" dir="1" index="2" bw="0" slack="2147483647"/>
</pin_list>
<bind>
<opcode="store(28) " fcode="store"/>
<opset="store_ln114/2 "/>
</bind>
</comp>

<comp id="1285" class="1004" name="store_ln133_store_fu_1285">
<pin_list>
<pin id="1286" dir="0" index="0" bw="7" slack="0"/>
<pin id="1287" dir="0" index="1" bw="7" slack="1"/>
<pin id="1288" dir="1" index="2" bw="0" slack="2147483647"/>
</pin_list>
<bind>
<opcode="store(28) " fcode="store"/>
<opset="store_ln133/2 "/>
</bind>
</comp>

<comp id="1290" class="1004" name="h_4_load_fu_1290">
<pin_list>
<pin id="1291" dir="0" index="0" bw="32" slack="2"/>
<pin id="1292" dir="1" index="1" bw="32" slack="0"/>
</pin_list>
<bind>
<opcode="load(27) " fcode="load"/>
<opset="h_4/3 "/>
</bind>
</comp>

<comp id="1294" class="1004" name="g_4_load_fu_1294">
<pin_list>
<pin id="1295" dir="0" index="0" bw="32" slack="2"/>
<pin id="1296" dir="1" index="1" bw="32" slack="0"/>
</pin_list>
<bind>
<opcode="load(27) " fcode="load"/>
<opset="g_4/3 "/>
</bind>
</comp>

<comp id="1298" class="1004" name="f_4_load_fu_1298">
<pin_list>
<pin id="1299" dir="0" index="0" bw="32" slack="2"/>
<pin id="1300" dir="1" index="1" bw="32" slack="0"/>
</pin_list>
<bind>
<opcode="load(27) " fcode="load"/>
<opset="f_4/3 "/>
</bind>
</comp>

<comp id="1302" class="1004" name="d_4_load_fu_1302">
<pin_list>
<pin id="1303" dir="0" index="0" bw="32" slack="2"/>
<pin id="1304" dir="1" index="1" bw="32" slack="0"/>
</pin_list>
<bind>
<opcode="load(27) " fcode="load"/>
<opset="d_4/3 "/>
</bind>
</comp>

<comp id="1306" class="1004" name="c_4_load_fu_1306">
<pin_list>
<pin id="1307" dir="0" index="0" bw="32" slack="2"/>
<pin id="1308" dir="1" index="1" bw="32" slack="0"/>
</pin_list>
<bind>
<opcode="load(27) " fcode="load"/>
<opset="c_4/3 "/>
</bind>
</comp>

<comp id="1310" class="1004" name="b_4_load_fu_1310">
<pin_list>
<pin id="1311" dir="0" index="0" bw="32" slack="2"/>
<pin id="1312" dir="1" index="1" bw="32" slack="0"/>
</pin_list>
<bind>
<opcode="load(27) " fcode="load"/>
<opset="b_4/3 "/>
</bind>
</comp>

<comp id="1314" class="1004" name="h_load_load_fu_1314">
<pin_list>
<pin id="1315" dir="0" index="0" bw="32" slack="2"/>
<pin id="1316" dir="1" index="1" bw="32" slack="0"/>
</pin_list>
<bind>
<opcode="load(27) " fcode="load"/>
<opset="h_load/3 "/>
</bind>
</comp>

<comp id="1317" class="1004" name="d_load_load_fu_1317">
<pin_list>
<pin id="1318" dir="0" index="0" bw="32" slack="2"/>
<pin id="1319" dir="1" index="1" bw="32" slack="0"/>
</pin_list>
<bind>
<opcode="load(27) " fcode="load"/>
<opset="d_load/3 "/>
</bind>
</comp>

<comp id="1320" class="1004" name="lshr_ln33_4_fu_1320">
<pin_list>
<pin id="1321" dir="0" index="0" bw="26" slack="0"/>
<pin id="1322" dir="0" index="1" bw="32" slack="0"/>
<pin id="1323" dir="0" index="2" bw="4" slack="0"/>
<pin id="1324" dir="0" index="3" bw="6" slack="0"/>
<pin id="1325" dir="1" index="4" bw="26" slack="0"/>
</pin_list>
<bind>
<opcode="partselect(1002) " fcode="partselect"/>
<opset="lshr_ln33_4/3 "/>
</bind>
</comp>

<comp id="1330" class="1004" name="trunc_ln33_13_fu_1330">
<pin_list>
<pin id="1331" dir="0" index="0" bw="32" slack="0"/>
<pin id="1332" dir="1" index="1" bw="6" slack="0"/>
</pin_list>
<bind>
<opcode="trunc(33) " fcode="trunc"/>
<opset="trunc_ln33_13/3 "/>
</bind>
</comp>

<comp id="1334" class="1004" name="lshr_ln33_5_fu_1334">
<pin_list>
<pin id="1335" dir="0" index="0" bw="21" slack="0"/>
<pin id="1336" dir="0" index="1" bw="32" slack="0"/>
<pin id="1337" dir="0" index="2" bw="5" slack="0"/>
<pin id="1338" dir="0" index="3" bw="6" slack="0"/>
<pin id="1339" dir="1" index="4" bw="21" slack="0"/>
</pin_list>
<bind>
<opcode="partselect(1002) " fcode="partselect"/>
<opset="lshr_ln33_5/3 "/>
</bind>
</comp>

<comp id="1344" class="1004" name="trunc_ln33_14_fu_1344">
<pin_list>
<pin id="1345" dir="0" index="0" bw="32" slack="0"/>
<pin id="1346" dir="1" index="1" bw="11" slack="0"/>
</pin_list>
<bind>
<opcode="trunc(33) " fcode="trunc"/>
<opset="trunc_ln33_14/3 "/>
</bind>
</comp>

<comp id="1348" class="1004" name="lshr_ln33_6_fu_1348">
<pin_list>
<pin id="1349" dir="0" index="0" bw="7" slack="0"/>
<pin id="1350" dir="0" index="1" bw="32" slack="0"/>
<pin id="1351" dir="0" index="2" bw="6" slack="0"/>
<pin id="1352" dir="0" index="3" bw="6" slack="0"/>
<pin id="1353" dir="1" index="4" bw="7" slack="0"/>
</pin_list>
<bind>
<opcode="partselect(1002) " fcode="partselect"/>
<opset="lshr_ln33_6/3 "/>
</bind>
</comp>

<comp id="1358" class="1004" name="trunc_ln33_15_fu_1358">
<pin_list>
<pin id="1359" dir="0" index="0" bw="32" slack="0"/>
<pin id="1360" dir="1" index="1" bw="25" slack="0"/>
</pin_list>
<bind>
<opcode="trunc(33) " fcode="trunc"/>
<opset="trunc_ln33_15/3 "/>
</bind>
</comp>

<comp id="1362" class="1004" name="xor_ln173_fu_1362">
<pin_list>
<pin id="1363" dir="0" index="0" bw="32" slack="0"/>
<pin id="1364" dir="0" index="1" bw="32" slack="0"/>
<pin id="1365" dir="1" index="2" bw="32" slack="0"/>
</pin_list>
<bind>
<opcode="xor(25) " fcode="xor"/>
<opset="xor_ln173/3 "/>
</bind>
</comp>

<comp id="1368" class="1004" name="and_ln173_fu_1368">
<pin_list>
<pin id="1369" dir="0" index="0" bw="32" slack="0"/>
<pin id="1370" dir="0" index="1" bw="32" slack="0"/>
<pin id="1371" dir="1" index="2" bw="32" slack="0"/>
</pin_list>
<bind>
<opcode="and(23) " fcode="and"/>
<opset="and_ln173/3 "/>
</bind>
</comp>

<comp id="1374" class="1004" name="and_ln173_1_fu_1374">
<pin_list>
<pin id="1375" dir="0" index="0" bw="32" slack="0"/>
<pin id="1376" dir="0" index="1" bw="32" slack="0"/>
<pin id="1377" dir="1" index="2" bw="32" slack="0"/>
</pin_list>
<bind>
<opcode="and(23) " fcode="and"/>
<opset="and_ln173_1/3 "/>
</bind>
</comp>

<comp id="1380" class="1004" name="or_ln1_fu_1380">
<pin_list>
<pin id="1381" dir="0" index="0" bw="32" slack="0"/>
<pin id="1382" dir="0" index="1" bw="6" slack="0"/>
<pin id="1383" dir="0" index="2" bw="26" slack="0"/>
<pin id="1384" dir="1" index="3" bw="32" slack="0"/>
</pin_list>
<bind>
<opcode="bitconcatenate(1004) " fcode="bitconcatenate"/>
<opset="or_ln1/3 "/>
</bind>
</comp>

<comp id="1388" class="1004" name="or_ln173_1_fu_1388">
<pin_list>
<pin id="1389" dir="0" index="0" bw="32" slack="0"/>
<pin id="1390" dir="0" index="1" bw="11" slack="0"/>
<pin id="1391" dir="0" index="2" bw="21" slack="0"/>
<pin id="1392" dir="1" index="3" bw="32" slack="0"/>
</pin_list>
<bind>
<opcode="bitconcatenate(1004) " fcode="bitconcatenate"/>
<opset="or_ln173_1/3 "/>
</bind>
</comp>

<comp id="1396" class="1004" name="xor_ln173_1_fu_1396">
<pin_list>
<pin id="1397" dir="0" index="0" bw="32" slack="0"/>
<pin id="1398" dir="0" index="1" bw="32" slack="0"/>
<pin id="1399" dir="1" index="2" bw="32" slack="0"/>
</pin_list>
<bind>
<opcode="xor(25) " fcode="xor"/>
<opset="xor_ln173_1/3 "/>
</bind>
</comp>

<comp id="1402" class="1004" name="or_ln173_2_fu_1402">
<pin_list>
<pin id="1403" dir="0" index="0" bw="32" slack="0"/>
<pin id="1404" dir="0" index="1" bw="25" slack="0"/>
<pin id="1405" dir="0" index="2" bw="7" slack="0"/>
<pin id="1406" dir="1" index="3" bw="32" slack="0"/>
</pin_list>
<bind>
<opcode="bitconcatenate(1004) " fcode="bitconcatenate"/>
<opset="or_ln173_2/3 "/>
</bind>
</comp>

<comp id="1410" class="1004" name="xor_ln173_2_fu_1410">
<pin_list>
<pin id="1411" dir="0" index="0" bw="32" slack="0"/>
<pin id="1412" dir="0" index="1" bw="32" slack="0"/>
<pin id="1413" dir="1" index="2" bw="32" slack="0"/>
</pin_list>
<bind>
<opcode="xor(25) " fcode="xor"/>
<opset="xor_ln173_2/3 "/>
</bind>
</comp>

<comp id="1416" class="1004" name="xor_ln173_3_fu_1416">
<pin_list>
<pin id="1417" dir="0" index="0" bw="32" slack="0"/>
<pin id="1418" dir="0" index="1" bw="32" slack="0"/>
<pin id="1419" dir="1" index="2" bw="32" slack="0"/>
</pin_list>
<bind>
<opcode="xor(25) " fcode="xor"/>
<opset="xor_ln173_3/3 "/>
</bind>
</comp>

<comp id="1422" class="1004" name="add_ln173_fu_1422">
<pin_list>
<pin id="1423" dir="0" index="0" bw="32" slack="0"/>
<pin id="1424" dir="0" index="1" bw="32" slack="0"/>
<pin id="1425" dir="1" index="2" bw="32" slack="0"/>
</pin_list>
<bind>
<opcode="add(8) " fcode="add"/>
<opset="add_ln173/3 "/>
</bind>
</comp>

<comp id="1428" class="1004" name="add_ln173_1_fu_1428">
<pin_list>
<pin id="1429" dir="0" index="0" bw="32" slack="0"/>
<pin id="1430" dir="0" index="1" bw="32" slack="0"/>
<pin id="1431" dir="1" index="2" bw="32" slack="0"/>
</pin_list>
<bind>
<opcode="add(8) " fcode="add"/>
<opset="add_ln173_1/3 "/>
</bind>
</comp>

<comp id="1434" class="1004" name="add_ln173_2_fu_1434">
<pin_list>
<pin id="1435" dir="0" index="0" bw="32" slack="0"/>
<pin id="1436" dir="0" index="1" bw="32" slack="0"/>
<pin id="1437" dir="1" index="2" bw="32" slack="0"/>
</pin_list>
<bind>
<opcode="add(8) " fcode="add"/>
<opset="add_ln173_2/3 "/>
</bind>
</comp>

<comp id="1440" class="1004" name="t1_fu_1440">
<pin_list>
<pin id="1441" dir="0" index="0" bw="32" slack="0"/>
<pin id="1442" dir="0" index="1" bw="32" slack="0"/>
<pin id="1443" dir="1" index="2" bw="32" slack="0"/>
</pin_list>
<bind>
<opcode="add(8) " fcode="add"/>
<opset="t1/3 "/>
</bind>
</comp>

<comp id="1446" class="1004" name="lshr_ln33_7_fu_1446">
<pin_list>
<pin id="1447" dir="0" index="0" bw="30" slack="0"/>
<pin id="1448" dir="0" index="1" bw="32" slack="0"/>
<pin id="1449" dir="0" index="2" bw="3" slack="0"/>
<pin id="1450" dir="0" index="3" bw="6" slack="0"/>
<pin id="1451" dir="1" index="4" bw="30" slack="0"/>
</pin_list>
<bind>
<opcode="partselect(1002) " fcode="partselect"/>
<opset="lshr_ln33_7/3 "/>
</bind>
</comp>

<comp id="1456" class="1004" name="trunc_ln33_16_fu_1456">
<pin_list>
<pin id="1457" dir="0" index="0" bw="32" slack="0"/>
<pin id="1458" dir="1" index="1" bw="2" slack="0"/>
</pin_list>
<bind>
<opcode="trunc(33) " fcode="trunc"/>
<opset="trunc_ln33_16/3 "/>
</bind>
</comp>

<comp id="1460" class="1004" name="lshr_ln33_8_fu_1460">
<pin_list>
<pin id="1461" dir="0" index="0" bw="19" slack="0"/>
<pin id="1462" dir="0" index="1" bw="32" slack="0"/>
<pin id="1463" dir="0" index="2" bw="5" slack="0"/>
<pin id="1464" dir="0" index="3" bw="6" slack="0"/>
<pin id="1465" dir="1" index="4" bw="19" slack="0"/>
</pin_list>
<bind>
<opcode="partselect(1002) " fcode="partselect"/>
<opset="lshr_ln33_8/3 "/>
</bind>
</comp>

<comp id="1470" class="1004" name="trunc_ln33_17_fu_1470">
<pin_list>
<pin id="1471" dir="0" index="0" bw="32" slack="0"/>
<pin id="1472" dir="1" index="1" bw="13" slack="0"/>
</pin_list>
<bind>
<opcode="trunc(33) " fcode="trunc"/>
<opset="trunc_ln33_17/3 "/>
</bind>
</comp>

<comp id="1474" class="1004" name="lshr_ln33_9_fu_1474">
<pin_list>
<pin id="1475" dir="0" index="0" bw="10" slack="0"/>
<pin id="1476" dir="0" index="1" bw="32" slack="0"/>
<pin id="1477" dir="0" index="2" bw="6" slack="0"/>
<pin id="1478" dir="0" index="3" bw="6" slack="0"/>
<pin id="1479" dir="1" index="4" bw="10" slack="0"/>
</pin_list>
<bind>
<opcode="partselect(1002) " fcode="partselect"/>
<opset="lshr_ln33_9/3 "/>
</bind>
</comp>

<comp id="1484" class="1004" name="trunc_ln33_18_fu_1484">
<pin_list>
<pin id="1485" dir="0" index="0" bw="32" slack="0"/>
<pin id="1486" dir="1" index="1" bw="22" slack="0"/>
</pin_list>
<bind>
<opcode="trunc(33) " fcode="trunc"/>
<opset="trunc_ln33_18/3 "/>
</bind>
</comp>

<comp id="1488" class="1004" name="e_fu_1488">
<pin_list>
<pin id="1489" dir="0" index="0" bw="32" slack="0"/>
<pin id="1490" dir="0" index="1" bw="32" slack="0"/>
<pin id="1491" dir="1" index="2" bw="32" slack="0"/>
</pin_list>
<bind>
<opcode="add(8) " fcode="add"/>
<opset="e/3 "/>
</bind>
</comp>

<comp id="1494" class="1004" name="xor_ln195_fu_1494">
<pin_list>
<pin id="1495" dir="0" index="0" bw="32" slack="0"/>
<pin id="1496" dir="0" index="1" bw="32" slack="0"/>
<pin id="1497" dir="1" index="2" bw="32" slack="0"/>
</pin_list>
<bind>
<opcode="xor(25) " fcode="xor"/>
<opset="xor_ln195/3 "/>
</bind>
</comp>

<comp id="1500" class="1004" name="and_ln195_fu_1500">
<pin_list>
<pin id="1501" dir="0" index="0" bw="32" slack="0"/>
<pin id="1502" dir="0" index="1" bw="32" slack="0"/>
<pin id="1503" dir="1" index="2" bw="32" slack="0"/>
</pin_list>
<bind>
<opcode="and(23) " fcode="and"/>
<opset="and_ln195/3 "/>
</bind>
</comp>

<comp id="1506" class="1004" name="and_ln195_1_fu_1506">
<pin_list>
<pin id="1507" dir="0" index="0" bw="32" slack="0"/>
<pin id="1508" dir="0" index="1" bw="32" slack="0"/>
<pin id="1509" dir="1" index="2" bw="32" slack="0"/>
</pin_list>
<bind>
<opcode="and(23) " fcode="and"/>
<opset="and_ln195_1/3 "/>
</bind>
</comp>

<comp id="1512" class="1004" name="or_ln2_fu_1512">
<pin_list>
<pin id="1513" dir="0" index="0" bw="32" slack="0"/>
<pin id="1514" dir="0" index="1" bw="2" slack="0"/>
<pin id="1515" dir="0" index="2" bw="30" slack="0"/>
<pin id="1516" dir="1" index="3" bw="32" slack="0"/>
</pin_list>
<bind>
<opcode="bitconcatenate(1004) " fcode="bitconcatenate"/>
<opset="or_ln2/3 "/>
</bind>
</comp>

<comp id="1520" class="1004" name="or_ln195_1_fu_1520">
<pin_list>
<pin id="1521" dir="0" index="0" bw="32" slack="0"/>
<pin id="1522" dir="0" index="1" bw="13" slack="0"/>
<pin id="1523" dir="0" index="2" bw="19" slack="0"/>
<pin id="1524" dir="1" index="3" bw="32" slack="0"/>
</pin_list>
<bind>
<opcode="bitconcatenate(1004) " fcode="bitconcatenate"/>
<opset="or_ln195_1/3 "/>
</bind>
</comp>

<comp id="1528" class="1004" name="xor_ln195_1_fu_1528">
<pin_list>
<pin id="1529" dir="0" index="0" bw="32" slack="0"/>
<pin id="1530" dir="0" index="1" bw="32" slack="0"/>
<pin id="1531" dir="1" index="2" bw="32" slack="0"/>
</pin_list>
<bind>
<opcode="xor(25) " fcode="xor"/>
<opset="xor_ln195_1/3 "/>
</bind>
</comp>

<comp id="1534" class="1004" name="or_ln195_2_fu_1534">
<pin_list>
<pin id="1535" dir="0" index="0" bw="32" slack="0"/>
<pin id="1536" dir="0" index="1" bw="22" slack="0"/>
<pin id="1537" dir="0" index="2" bw="10" slack="0"/>
<pin id="1538" dir="1" index="3" bw="32" slack="0"/>
</pin_list>
<bind>
<opcode="bitconcatenate(1004) " fcode="bitconcatenate"/>
<opset="or_ln195_2/3 "/>
</bind>
</comp>

<comp id="1542" class="1004" name="xor_ln195_2_fu_1542">
<pin_list>
<pin id="1543" dir="0" index="0" bw="32" slack="0"/>
<pin id="1544" dir="0" index="1" bw="32" slack="0"/>
<pin id="1545" dir="1" index="2" bw="32" slack="0"/>
</pin_list>
<bind>
<opcode="xor(25) " fcode="xor"/>
<opset="xor_ln195_2/3 "/>
</bind>
</comp>

<comp id="1548" class="1004" name="xor_ln195_3_fu_1548">
<pin_list>
<pin id="1549" dir="0" index="0" bw="32" slack="0"/>
<pin id="1550" dir="0" index="1" bw="32" slack="0"/>
<pin id="1551" dir="1" index="2" bw="32" slack="0"/>
</pin_list>
<bind>
<opcode="xor(25) " fcode="xor"/>
<opset="xor_ln195_3/3 "/>
</bind>
</comp>

<comp id="1554" class="1004" name="add_ln195_fu_1554">
<pin_list>
<pin id="1555" dir="0" index="0" bw="32" slack="0"/>
<pin id="1556" dir="0" index="1" bw="32" slack="0"/>
<pin id="1557" dir="1" index="2" bw="32" slack="0"/>
</pin_list>
<bind>
<opcode="add(8) " fcode="add"/>
<opset="add_ln195/3 "/>
</bind>
</comp>

<comp id="1560" class="1004" name="a_fu_1560">
<pin_list>
<pin id="1561" dir="0" index="0" bw="32" slack="0"/>
<pin id="1562" dir="0" index="1" bw="32" slack="0"/>
<pin id="1563" dir="1" index="2" bw="32" slack="0"/>
</pin_list>
<bind>
<opcode="add(8) " fcode="add"/>
<opset="a/3 "/>
</bind>
</comp>

<comp id="1566" class="1004" name="store_ln124_store_fu_1566">
<pin_list>
<pin id="1567" dir="0" index="0" bw="32" slack="0"/>
<pin id="1568" dir="0" index="1" bw="32" slack="2"/>
<pin id="1569" dir="1" index="2" bw="0" slack="2147483647"/>
</pin_list>
<bind>
<opcode="store(28) " fcode="store"/>
<opset="store_ln124/3 "/>
</bind>
</comp>

<comp id="1571" class="1004" name="store_ln125_store_fu_1571">
<pin_list>
<pin id="1572" dir="0" index="0" bw="32" slack="0"/>
<pin id="1573" dir="0" index="1" bw="32" slack="2"/>
<pin id="1574" dir="1" index="2" bw="0" slack="2147483647"/>
</pin_list>
<bind>
<opcode="store(28) " fcode="store"/>
<opset="store_ln125/3 "/>
</bind>
</comp>

<comp id="1576" class="1004" name="store_ln126_store_fu_1576">
<pin_list>
<pin id="1577" dir="0" index="0" bw="32" slack="0"/>
<pin id="1578" dir="0" index="1" bw="32" slack="2"/>
<pin id="1579" dir="1" index="2" bw="0" slack="2147483647"/>
</pin_list>
<bind>
<opcode="store(28) " fcode="store"/>
<opset="store_ln126/3 "/>
</bind>
</comp>

<comp id="1581" class="1004" name="store_ln128_store_fu_1581">
<pin_list>
<pin id="1582" dir="0" index="0" bw="32" slack="0"/>
<pin id="1583" dir="0" index="1" bw="32" slack="2"/>
<pin id="1584" dir="1" index="2" bw="0" slack="2147483647"/>
</pin_list>
<bind>
<opcode="store(28) " fcode="store"/>
<opset="store_ln128/3 "/>
</bind>
</comp>

<comp id="1586" class="1004" name="store_ln129_store_fu_1586">
<pin_list>
<pin id="1587" dir="0" index="0" bw="32" slack="0"/>
<pin id="1588" dir="0" index="1" bw="32" slack="2"/>
<pin id="1589" dir="1" index="2" bw="0" slack="2147483647"/>
</pin_list>
<bind>
<opcode="store(28) " fcode="store"/>
<opset="store_ln129/3 "/>
</bind>
</comp>

<comp id="1591" class="1004" name="store_ln130_store_fu_1591">
<pin_list>
<pin id="1592" dir="0" index="0" bw="32" slack="0"/>
<pin id="1593" dir="0" index="1" bw="32" slack="2"/>
<pin id="1594" dir="1" index="2" bw="0" slack="2147483647"/>
</pin_list>
<bind>
<opcode="store(28) " fcode="store"/>
<opset="store_ln130/3 "/>
</bind>
</comp>

<comp id="1596" class="1004" name="store_ln126_store_fu_1596">
<pin_list>
<pin id="1597" dir="0" index="0" bw="32" slack="0"/>
<pin id="1598" dir="0" index="1" bw="32" slack="2"/>
<pin id="1599" dir="1" index="2" bw="0" slack="2147483647"/>
</pin_list>
<bind>
<opcode="store(28) " fcode="store"/>
<opset="store_ln126/3 "/>
</bind>
</comp>

<comp id="1601" class="1004" name="store_ln130_store_fu_1601">
<pin_list>
<pin id="1602" dir="0" index="0" bw="32" slack="0"/>
<pin id="1603" dir="0" index="1" bw="32" slack="2"/>
<pin id="1604" dir="1" index="2" bw="0" slack="2147483647"/>
</pin_list>
<bind>
<opcode="store(28) " fcode="store"/>
<opset="store_ln130/3 "/>
</bind>
</comp>

<comp id="1606" class="1004" name="h_load_2_load_fu_1606">
<pin_list>
<pin id="1607" dir="0" index="0" bw="32" slack="2"/>
<pin id="1608" dir="1" index="1" bw="32" slack="0"/>
</pin_list>
<bind>
<opcode="load(27) " fcode="load"/>
<opset="h_load_2/3 "/>
</bind>
</comp>

<comp id="1610" class="1004" name="d_load_2_load_fu_1610">
<pin_list>
<pin id="1611" dir="0" index="0" bw="32" slack="2"/>
<pin id="1612" dir="1" index="1" bw="32" slack="0"/>
</pin_list>
<bind>
<opcode="load(27) " fcode="load"/>
<opset="d_load_2/3 "/>
</bind>
</comp>

<comp id="1614" class="1005" name="h_reg_1614">
<pin_list>
<pin id="1615" dir="0" index="0" bw="32" slack="0"/>
<pin id="1616" dir="1" index="1" bw="32" slack="0"/>
</pin_list>
<bind>
<opset="h "/>
</bind>
</comp>

<comp id="1622" class="1005" name="d_reg_1622">
<pin_list>
<pin id="1623" dir="0" index="0" bw="32" slack="0"/>
<pin id="1624" dir="1" index="1" bw="32" slack="0"/>
</pin_list>
<bind>
<opset="d "/>
</bind>
</comp>

<comp id="1630" class="1005" name="i_1_reg_1630">
<pin_list>
<pin id="1631" dir="0" index="0" bw="7" slack="0"/>
<pin id="1632" dir="1" index="1" bw="7" slack="0"/>
</pin_list>
<bind>
<opset="i_1 "/>
</bind>
</comp>

<comp id="1637" class="1005" name="w_reg_1637">
<pin_list>
<pin id="1638" dir="0" index="0" bw="32" slack="0"/>
<pin id="1639" dir="1" index="1" bw="32" slack="0"/>
</pin_list>
<bind>
<opset="w "/>
</bind>
</comp>

<comp id="1644" class="1005" name="w_33_reg_1644">
<pin_list>
<pin id="1645" dir="0" index="0" bw="32" slack="0"/>
<pin id="1646" dir="1" index="1" bw="32" slack="0"/>
</pin_list>
<bind>
<opset="w_33 "/>
</bind>
</comp>

<comp id="1651" class="1005" name="w_34_reg_1651">
<pin_list>
<pin id="1652" dir="0" index="0" bw="32" slack="0"/>
<pin id="1653" dir="1" index="1" bw="32" slack="0"/>
</pin_list>
<bind>
<opset="w_34 "/>
</bind>
</comp>

<comp id="1658" class="1005" name="w_35_reg_1658">
<pin_list>
<pin id="1659" dir="0" index="0" bw="32" slack="0"/>
<pin id="1660" dir="1" index="1" bw="32" slack="0"/>
</pin_list>
<bind>
<opset="w_35 "/>
</bind>
</comp>

<comp id="1665" class="1005" name="w_36_reg_1665">
<pin_list>
<pin id="1666" dir="0" index="0" bw="32" slack="0"/>
<pin id="1667" dir="1" index="1" bw="32" slack="0"/>
</pin_list>
<bind>
<opset="w_36 "/>
</bind>
</comp>

<comp id="1672" class="1005" name="w_37_reg_1672">
<pin_list>
<pin id="1673" dir="0" index="0" bw="32" slack="0"/>
<pin id="1674" dir="1" index="1" bw="32" slack="0"/>
</pin_list>
<bind>
<opset="w_37 "/>
</bind>
</comp>

<comp id="1679" class="1005" name="w_38_reg_1679">
<pin_list>
<pin id="1680" dir="0" index="0" bw="32" slack="0"/>
<pin id="1681" dir="1" index="1" bw="32" slack="0"/>
</pin_list>
<bind>
<opset="w_38 "/>
</bind>
</comp>

<comp id="1686" class="1005" name="w_39_reg_1686">
<pin_list>
<pin id="1687" dir="0" index="0" bw="32" slack="0"/>
<pin id="1688" dir="1" index="1" bw="32" slack="0"/>
</pin_list>
<bind>
<opset="w_39 "/>
</bind>
</comp>

<comp id="1693" class="1005" name="w_40_reg_1693">
<pin_list>
<pin id="1694" dir="0" index="0" bw="32" slack="0"/>
<pin id="1695" dir="1" index="1" bw="32" slack="0"/>
</pin_list>
<bind>
<opset="w_40 "/>
</bind>
</comp>

<comp id="1700" class="1005" name="w_41_reg_1700">
<pin_list>
<pin id="1701" dir="0" index="0" bw="32" slack="0"/>
<pin id="1702" dir="1" index="1" bw="32" slack="0"/>
</pin_list>
<bind>
<opset="w_41 "/>
</bind>
</comp>

<comp id="1707" class="1005" name="w_42_reg_1707">
<pin_list>
<pin id="1708" dir="0" index="0" bw="32" slack="0"/>
<pin id="1709" dir="1" index="1" bw="32" slack="0"/>
</pin_list>
<bind>
<opset="w_42 "/>
</bind>
</comp>

<comp id="1714" class="1005" name="w_43_reg_1714">
<pin_list>
<pin id="1715" dir="0" index="0" bw="32" slack="0"/>
<pin id="1716" dir="1" index="1" bw="32" slack="0"/>
</pin_list>
<bind>
<opset="w_43 "/>
</bind>
</comp>

<comp id="1721" class="1005" name="w_44_reg_1721">
<pin_list>
<pin id="1722" dir="0" index="0" bw="32" slack="0"/>
<pin id="1723" dir="1" index="1" bw="32" slack="0"/>
</pin_list>
<bind>
<opset="w_44 "/>
</bind>
</comp>

<comp id="1728" class="1005" name="w_45_reg_1728">
<pin_list>
<pin id="1729" dir="0" index="0" bw="32" slack="0"/>
<pin id="1730" dir="1" index="1" bw="32" slack="0"/>
</pin_list>
<bind>
<opset="w_45 "/>
</bind>
</comp>

<comp id="1735" class="1005" name="w_46_reg_1735">
<pin_list>
<pin id="1736" dir="0" index="0" bw="32" slack="0"/>
<pin id="1737" dir="1" index="1" bw="32" slack="0"/>
</pin_list>
<bind>
<opset="w_46 "/>
</bind>
</comp>

<comp id="1742" class="1005" name="w_47_reg_1742">
<pin_list>
<pin id="1743" dir="0" index="0" bw="32" slack="0"/>
<pin id="1744" dir="1" index="1" bw="32" slack="0"/>
</pin_list>
<bind>
<opset="w_47 "/>
</bind>
</comp>

<comp id="1749" class="1005" name="h_3_reg_1749">
<pin_list>
<pin id="1750" dir="0" index="0" bw="32" slack="0"/>
<pin id="1751" dir="1" index="1" bw="32" slack="0"/>
</pin_list>
<bind>
<opset="h_3 "/>
</bind>
</comp>

<comp id="1756" class="1005" name="g_reg_1756">
<pin_list>
<pin id="1757" dir="0" index="0" bw="32" slack="0"/>
<pin id="1758" dir="1" index="1" bw="32" slack="0"/>
</pin_list>
<bind>
<opset="g "/>
</bind>
</comp>

<comp id="1763" class="1005" name="f_reg_1763">
<pin_list>
<pin id="1764" dir="0" index="0" bw="32" slack="0"/>
<pin id="1765" dir="1" index="1" bw="32" slack="0"/>
</pin_list>
<bind>
<opset="f "/>
</bind>
</comp>

<comp id="1770" class="1005" name="d_3_reg_1770">
<pin_list>
<pin id="1771" dir="0" index="0" bw="32" slack="0"/>
<pin id="1772" dir="1" index="1" bw="32" slack="0"/>
</pin_list>
<bind>
<opset="d_3 "/>
</bind>
</comp>

<comp id="1777" class="1005" name="c_reg_1777">
<pin_list>
<pin id="1778" dir="0" index="0" bw="32" slack="0"/>
<pin id="1779" dir="1" index="1" bw="32" slack="0"/>
</pin_list>
<bind>
<opset="c "/>
</bind>
</comp>

<comp id="1784" class="1005" name="b_reg_1784">
<pin_list>
<pin id="1785" dir="0" index="0" bw="32" slack="0"/>
<pin id="1786" dir="1" index="1" bw="32" slack="0"/>
</pin_list>
<bind>
<opset="b "/>
</bind>
</comp>

<comp id="1791" class="1005" name="icmp_ln133_reg_1791">
<pin_list>
<pin id="1792" dir="0" index="0" bw="1" slack="1"/>
<pin id="1793" dir="1" index="1" bw="1" slack="2147483647"/>
</pin_list>
<bind>
<opset="icmp_ln133 "/>
</bind>
</comp>

<comp id="1795" class="1005" name="trunc_ln133_reg_1795">
<pin_list>
<pin id="1796" dir="0" index="0" bw="4" slack="1"/>
<pin id="1797" dir="1" index="1" bw="4" slack="2147483647"/>
</pin_list>
<bind>
<opset="trunc_ln133 "/>
</bind>
</comp>

<comp id="1799" class="1005" name="icmp_ln138_reg_1799">
<pin_list>
<pin id="1800" dir="0" index="0" bw="1" slack="1"/>
<pin id="1801" dir="1" index="1" bw="1" slack="2147483647"/>
</pin_list>
<bind>
<opset="icmp_ln138 "/>
</bind>
</comp>

<comp id="1803" class="1005" name="wt_5_reg_1803">
<pin_list>
<pin id="1804" dir="0" index="0" bw="32" slack="1"/>
<pin id="1805" dir="1" index="1" bw="32" slack="1"/>
</pin_list>
<bind>
<opset="wt_5 "/>
</bind>
</comp>

<comp id="1823" class="1005" name="wt_reg_1823">
<pin_list>
<pin id="1824" dir="0" index="0" bw="32" slack="1"/>
<pin id="1825" dir="1" index="1" bw="32" slack="1"/>
</pin_list>
<bind>
<opset="wt "/>
</bind>
</comp>

<comp id="1828" class="1005" name="K_addr_reg_1828">
<pin_list>
<pin id="1829" dir="0" index="0" bw="6" slack="1"/>
<pin id="1830" dir="1" index="1" bw="6" slack="1"/>
</pin_list>
<bind>
<opset="K_addr "/>
</bind>
</comp>

</comp_list>

<net_list>
<net id="211"><net_src comp="50" pin="0"/><net_sink comp="208" pin=0"/></net>

<net id="215"><net_src comp="50" pin="0"/><net_sink comp="212" pin=0"/></net>

<net id="219"><net_src comp="50" pin="0"/><net_sink comp="216" pin=0"/></net>

<net id="223"><net_src comp="50" pin="0"/><net_sink comp="220" pin=0"/></net>

<net id="227"><net_src comp="50" pin="0"/><net_sink comp="224" pin=0"/></net>

<net id="231"><net_src comp="50" pin="0"/><net_sink comp="228" pin=0"/></net>

<net id="235"><net_src comp="50" pin="0"/><net_sink comp="232" pin=0"/></net>

<net id="239"><net_src comp="50" pin="0"/><net_sink comp="236" pin=0"/></net>

<net id="243"><net_src comp="50" pin="0"/><net_sink comp="240" pin=0"/></net>

<net id="247"><net_src comp="50" pin="0"/><net_sink comp="244" pin=0"/></net>

<net id="251"><net_src comp="50" pin="0"/><net_sink comp="248" pin=0"/></net>

<net id="255"><net_src comp="50" pin="0"/><net_sink comp="252" pin=0"/></net>

<net id="259"><net_src comp="50" pin="0"/><net_sink comp="256" pin=0"/></net>

<net id="263"><net_src comp="50" pin="0"/><net_sink comp="260" pin=0"/></net>

<net id="267"><net_src comp="50" pin="0"/><net_sink comp="264" pin=0"/></net>

<net id="271"><net_src comp="50" pin="0"/><net_sink comp="268" pin=0"/></net>

<net id="275"><net_src comp="50" pin="0"/><net_sink comp="272" pin=0"/></net>

<net id="279"><net_src comp="50" pin="0"/><net_sink comp="276" pin=0"/></net>

<net id="283"><net_src comp="50" pin="0"/><net_sink comp="280" pin=0"/></net>

<net id="287"><net_src comp="50" pin="0"/><net_sink comp="284" pin=0"/></net>

<net id="291"><net_src comp="50" pin="0"/><net_sink comp="288" pin=0"/></net>

<net id="295"><net_src comp="50" pin="0"/><net_sink comp="292" pin=0"/></net>

<net id="299"><net_src comp="50" pin="0"/><net_sink comp="296" pin=0"/></net>

<net id="303"><net_src comp="50" pin="0"/><net_sink comp="300" pin=0"/></net>

<net id="307"><net_src comp="50" pin="0"/><net_sink comp="304" pin=0"/></net>

<net id="312"><net_src comp="52" pin="0"/><net_sink comp="308" pin=0"/></net>

<net id="313"><net_src comp="30" pin="0"/><net_sink comp="308" pin=1"/></net>

<net id="318"><net_src comp="52" pin="0"/><net_sink comp="314" pin=0"/></net>

<net id="319"><net_src comp="28" pin="0"/><net_sink comp="314" pin=1"/></net>

<net id="324"><net_src comp="52" pin="0"/><net_sink comp="320" pin=0"/></net>

<net id="325"><net_src comp="26" pin="0"/><net_sink comp="320" pin=1"/></net>

<net id="330"><net_src comp="52" pin="0"/><net_sink comp="326" pin=0"/></net>

<net id="331"><net_src comp="24" pin="0"/><net_sink comp="326" pin=1"/></net>

<net id="336"><net_src comp="52" pin="0"/><net_sink comp="332" pin=0"/></net>

<net id="337"><net_src comp="22" pin="0"/><net_sink comp="332" pin=1"/></net>

<net id="342"><net_src comp="52" pin="0"/><net_sink comp="338" pin=0"/></net>

<net id="343"><net_src comp="20" pin="0"/><net_sink comp="338" pin=1"/></net>

<net id="348"><net_src comp="52" pin="0"/><net_sink comp="344" pin=0"/></net>

<net id="349"><net_src comp="18" pin="0"/><net_sink comp="344" pin=1"/></net>

<net id="354"><net_src comp="52" pin="0"/><net_sink comp="350" pin=0"/></net>

<net id="355"><net_src comp="16" pin="0"/><net_sink comp="350" pin=1"/></net>

<net id="360"><net_src comp="52" pin="0"/><net_sink comp="356" pin=0"/></net>

<net id="361"><net_src comp="14" pin="0"/><net_sink comp="356" pin=1"/></net>

<net id="366"><net_src comp="52" pin="0"/><net_sink comp="362" pin=0"/></net>

<net id="367"><net_src comp="12" pin="0"/><net_sink comp="362" pin=1"/></net>

<net id="372"><net_src comp="52" pin="0"/><net_sink comp="368" pin=0"/></net>

<net id="373"><net_src comp="10" pin="0"/><net_sink comp="368" pin=1"/></net>

<net id="378"><net_src comp="52" pin="0"/><net_sink comp="374" pin=0"/></net>

<net id="379"><net_src comp="8" pin="0"/><net_sink comp="374" pin=1"/></net>

<net id="384"><net_src comp="52" pin="0"/><net_sink comp="380" pin=0"/></net>

<net id="385"><net_src comp="6" pin="0"/><net_sink comp="380" pin=1"/></net>

<net id="390"><net_src comp="52" pin="0"/><net_sink comp="386" pin=0"/></net>

<net id="391"><net_src comp="4" pin="0"/><net_sink comp="386" pin=1"/></net>

<net id="396"><net_src comp="52" pin="0"/><net_sink comp="392" pin=0"/></net>

<net id="397"><net_src comp="2" pin="0"/><net_sink comp="392" pin=1"/></net>

<net id="402"><net_src comp="52" pin="0"/><net_sink comp="398" pin=0"/></net>

<net id="403"><net_src comp="0" pin="0"/><net_sink comp="398" pin=1"/></net>

<net id="409"><net_src comp="206" pin="0"/><net_sink comp="404" pin=0"/></net>

<net id="410"><net_src comp="32" pin="0"/><net_sink comp="404" pin=1"/></net>

<net id="416"><net_src comp="206" pin="0"/><net_sink comp="411" pin=0"/></net>

<net id="417"><net_src comp="34" pin="0"/><net_sink comp="411" pin=1"/></net>

<net id="423"><net_src comp="206" pin="0"/><net_sink comp="418" pin=0"/></net>

<net id="424"><net_src comp="36" pin="0"/><net_sink comp="418" pin=1"/></net>

<net id="430"><net_src comp="206" pin="0"/><net_sink comp="425" pin=0"/></net>

<net id="431"><net_src comp="38" pin="0"/><net_sink comp="425" pin=1"/></net>

<net id="437"><net_src comp="206" pin="0"/><net_sink comp="432" pin=0"/></net>

<net id="438"><net_src comp="40" pin="0"/><net_sink comp="432" pin=1"/></net>

<net id="444"><net_src comp="206" pin="0"/><net_sink comp="439" pin=0"/></net>

<net id="445"><net_src comp="42" pin="0"/><net_sink comp="439" pin=1"/></net>

<net id="451"><net_src comp="206" pin="0"/><net_sink comp="446" pin=0"/></net>

<net id="452"><net_src comp="44" pin="0"/><net_sink comp="446" pin=1"/></net>

<net id="458"><net_src comp="206" pin="0"/><net_sink comp="453" pin=0"/></net>

<net id="459"><net_src comp="46" pin="0"/><net_sink comp="453" pin=1"/></net>

<net id="465"><net_src comp="48" pin="0"/><net_sink comp="460" pin=0"/></net>

<net id="466"><net_src comp="170" pin="0"/><net_sink comp="460" pin=1"/></net>

<net id="472"><net_src comp="460" pin="3"/><net_sink comp="467" pin=0"/></net>

<net id="549"><net_src comp="100" pin="0"/><net_sink comp="512" pin=0"/></net>

<net id="550"><net_src comp="104" pin="0"/><net_sink comp="512" pin=1"/></net>

<net id="551"><net_src comp="106" pin="0"/><net_sink comp="512" pin=3"/></net>

<net id="552"><net_src comp="108" pin="0"/><net_sink comp="512" pin=5"/></net>

<net id="553"><net_src comp="110" pin="0"/><net_sink comp="512" pin=7"/></net>

<net id="554"><net_src comp="112" pin="0"/><net_sink comp="512" pin=9"/></net>

<net id="555"><net_src comp="114" pin="0"/><net_sink comp="512" pin=11"/></net>

<net id="556"><net_src comp="116" pin="0"/><net_sink comp="512" pin=13"/></net>

<net id="557"><net_src comp="118" pin="0"/><net_sink comp="512" pin=15"/></net>

<net id="558"><net_src comp="120" pin="0"/><net_sink comp="512" pin=17"/></net>

<net id="559"><net_src comp="122" pin="0"/><net_sink comp="512" pin=19"/></net>

<net id="560"><net_src comp="124" pin="0"/><net_sink comp="512" pin=21"/></net>

<net id="561"><net_src comp="126" pin="0"/><net_sink comp="512" pin=23"/></net>

<net id="562"><net_src comp="128" pin="0"/><net_sink comp="512" pin=25"/></net>

<net id="563"><net_src comp="130" pin="0"/><net_sink comp="512" pin=27"/></net>

<net id="564"><net_src comp="132" pin="0"/><net_sink comp="512" pin=29"/></net>

<net id="565"><net_src comp="102" pin="0"/><net_sink comp="512" pin=31"/></net>

<net id="566"><net_src comp="134" pin="0"/><net_sink comp="512" pin=33"/></net>

<net id="571"><net_src comp="54" pin="0"/><net_sink comp="567" pin=0"/></net>

<net id="576"><net_src comp="56" pin="0"/><net_sink comp="572" pin=0"/></net>

<net id="581"><net_src comp="58" pin="0"/><net_sink comp="577" pin=0"/></net>

<net id="586"><net_src comp="60" pin="0"/><net_sink comp="582" pin=0"/></net>

<net id="591"><net_src comp="62" pin="0"/><net_sink comp="587" pin=0"/></net>

<net id="596"><net_src comp="64" pin="0"/><net_sink comp="592" pin=0"/></net>

<net id="601"><net_src comp="398" pin="2"/><net_sink comp="597" pin=0"/></net>

<net id="606"><net_src comp="392" pin="2"/><net_sink comp="602" pin=0"/></net>

<net id="611"><net_src comp="386" pin="2"/><net_sink comp="607" pin=0"/></net>

<net id="616"><net_src comp="380" pin="2"/><net_sink comp="612" pin=0"/></net>

<net id="621"><net_src comp="374" pin="2"/><net_sink comp="617" pin=0"/></net>

<net id="626"><net_src comp="368" pin="2"/><net_sink comp="622" pin=0"/></net>

<net id="631"><net_src comp="362" pin="2"/><net_sink comp="627" pin=0"/></net>

<net id="636"><net_src comp="356" pin="2"/><net_sink comp="632" pin=0"/></net>

<net id="641"><net_src comp="350" pin="2"/><net_sink comp="637" pin=0"/></net>

<net id="646"><net_src comp="344" pin="2"/><net_sink comp="642" pin=0"/></net>

<net id="651"><net_src comp="338" pin="2"/><net_sink comp="647" pin=0"/></net>

<net id="656"><net_src comp="332" pin="2"/><net_sink comp="652" pin=0"/></net>

<net id="661"><net_src comp="326" pin="2"/><net_sink comp="657" pin=0"/></net>

<net id="666"><net_src comp="320" pin="2"/><net_sink comp="662" pin=0"/></net>

<net id="671"><net_src comp="314" pin="2"/><net_sink comp="667" pin=0"/></net>

<net id="676"><net_src comp="308" pin="2"/><net_sink comp="672" pin=0"/></net>

<net id="681"><net_src comp="66" pin="0"/><net_sink comp="677" pin=0"/></net>

<net id="686"><net_src comp="68" pin="0"/><net_sink comp="682" pin=0"/></net>

<net id="691"><net_src comp="70" pin="0"/><net_sink comp="687" pin=0"/></net>

<net id="699"><net_src comp="692" pin="1"/><net_sink comp="695" pin=0"/></net>

<net id="700"><net_src comp="72" pin="0"/><net_sink comp="695" pin=1"/></net>

<net id="705"><net_src comp="692" pin="1"/><net_sink comp="701" pin=0"/></net>

<net id="706"><net_src comp="74" pin="0"/><net_sink comp="701" pin=1"/></net>

<net id="710"><net_src comp="692" pin="1"/><net_sink comp="707" pin=0"/></net>

<net id="711"><net_src comp="707" pin="1"/><net_sink comp="460" pin=2"/></net>

<net id="715"><net_src comp="692" pin="1"/><net_sink comp="712" pin=0"/></net>

<net id="716"><net_src comp="712" pin="1"/><net_sink comp="512" pin=34"/></net>

<net id="723"><net_src comp="92" pin="0"/><net_sink comp="717" pin=0"/></net>

<net id="724"><net_src comp="692" pin="1"/><net_sink comp="717" pin=1"/></net>

<net id="725"><net_src comp="94" pin="0"/><net_sink comp="717" pin=2"/></net>

<net id="726"><net_src comp="96" pin="0"/><net_sink comp="717" pin=3"/></net>

<net id="731"><net_src comp="717" pin="4"/><net_sink comp="727" pin=0"/></net>

<net id="732"><net_src comp="98" pin="0"/><net_sink comp="727" pin=1"/></net>

<net id="736"><net_src comp="733" pin="1"/><net_sink comp="512" pin=2"/></net>

<net id="740"><net_src comp="737" pin="1"/><net_sink comp="512" pin=4"/></net>

<net id="744"><net_src comp="741" pin="1"/><net_sink comp="512" pin=6"/></net>

<net id="748"><net_src comp="745" pin="1"/><net_sink comp="512" pin=8"/></net>

<net id="752"><net_src comp="749" pin="1"/><net_sink comp="512" pin=10"/></net>

<net id="756"><net_src comp="753" pin="1"/><net_sink comp="512" pin=12"/></net>

<net id="760"><net_src comp="757" pin="1"/><net_sink comp="512" pin=14"/></net>

<net id="764"><net_src comp="761" pin="1"/><net_sink comp="512" pin=16"/></net>

<net id="768"><net_src comp="765" pin="1"/><net_sink comp="512" pin=18"/></net>

<net id="772"><net_src comp="769" pin="1"/><net_sink comp="512" pin=20"/></net>

<net id="776"><net_src comp="773" pin="1"/><net_sink comp="512" pin=22"/></net>

<net id="780"><net_src comp="777" pin="1"/><net_sink comp="512" pin=24"/></net>

<net id="784"><net_src comp="781" pin="1"/><net_sink comp="512" pin=26"/></net>

<net id="788"><net_src comp="785" pin="1"/><net_sink comp="512" pin=28"/></net>

<net id="792"><net_src comp="789" pin="1"/><net_sink comp="512" pin=30"/></net>

<net id="796"><net_src comp="793" pin="1"/><net_sink comp="512" pin=32"/></net>

<net id="834"><net_src comp="100" pin="0"/><net_sink comp="797" pin=0"/></net>

<net id="835"><net_src comp="102" pin="0"/><net_sink comp="797" pin=1"/></net>

<net id="836"><net_src comp="733" pin="1"/><net_sink comp="797" pin=2"/></net>

<net id="837"><net_src comp="104" pin="0"/><net_sink comp="797" pin=3"/></net>

<net id="838"><net_src comp="737" pin="1"/><net_sink comp="797" pin=4"/></net>

<net id="839"><net_src comp="106" pin="0"/><net_sink comp="797" pin=5"/></net>

<net id="840"><net_src comp="741" pin="1"/><net_sink comp="797" pin=6"/></net>

<net id="841"><net_src comp="108" pin="0"/><net_sink comp="797" pin=7"/></net>

<net id="842"><net_src comp="745" pin="1"/><net_sink comp="797" pin=8"/></net>

<net id="843"><net_src comp="110" pin="0"/><net_sink comp="797" pin=9"/></net>

<net id="844"><net_src comp="749" pin="1"/><net_sink comp="797" pin=10"/></net>

<net id="845"><net_src comp="112" pin="0"/><net_sink comp="797" pin=11"/></net>

<net id="846"><net_src comp="753" pin="1"/><net_sink comp="797" pin=12"/></net>

<net id="847"><net_src comp="114" pin="0"/><net_sink comp="797" pin=13"/></net>

<net id="848"><net_src comp="757" pin="1"/><net_sink comp="797" pin=14"/></net>

<net id="849"><net_src comp="116" pin="0"/><net_sink comp="797" pin=15"/></net>

<net id="850"><net_src comp="761" pin="1"/><net_sink comp="797" pin=16"/></net>

<net id="851"><net_src comp="118" pin="0"/><net_sink comp="797" pin=17"/></net>

<net id="852"><net_src comp="765" pin="1"/><net_sink comp="797" pin=18"/></net>

<net id="853"><net_src comp="120" pin="0"/><net_sink comp="797" pin=19"/></net>

<net id="854"><net_src comp="769" pin="1"/><net_sink comp="797" pin=20"/></net>

<net id="855"><net_src comp="122" pin="0"/><net_sink comp="797" pin=21"/></net>

<net id="856"><net_src comp="773" pin="1"/><net_sink comp="797" pin=22"/></net>

<net id="857"><net_src comp="124" pin="0"/><net_sink comp="797" pin=23"/></net>

<net id="858"><net_src comp="777" pin="1"/><net_sink comp="797" pin=24"/></net>

<net id="859"><net_src comp="126" pin="0"/><net_sink comp="797" pin=25"/></net>

<net id="860"><net_src comp="781" pin="1"/><net_sink comp="797" pin=26"/></net>

<net id="861"><net_src comp="128" pin="0"/><net_sink comp="797" pin=27"/></net>

<net id="862"><net_src comp="785" pin="1"/><net_sink comp="797" pin=28"/></net>

<net id="863"><net_src comp="130" pin="0"/><net_sink comp="797" pin=29"/></net>

<net id="864"><net_src comp="789" pin="1"/><net_sink comp="797" pin=30"/></net>

<net id="865"><net_src comp="132" pin="0"/><net_sink comp="797" pin=31"/></net>

<net id="866"><net_src comp="793" pin="1"/><net_sink comp="797" pin=32"/></net>

<net id="867"><net_src comp="134" pin="0"/><net_sink comp="797" pin=33"/></net>

<net id="868"><net_src comp="712" pin="1"/><net_sink comp="797" pin=34"/></net>

<net id="906"><net_src comp="100" pin="0"/><net_sink comp="869" pin=0"/></net>

<net id="907"><net_src comp="108" pin="0"/><net_sink comp="869" pin=1"/></net>

<net id="908"><net_src comp="733" pin="1"/><net_sink comp="869" pin=2"/></net>

<net id="909"><net_src comp="110" pin="0"/><net_sink comp="869" pin=3"/></net>

<net id="910"><net_src comp="737" pin="1"/><net_sink comp="869" pin=4"/></net>

<net id="911"><net_src comp="112" pin="0"/><net_sink comp="869" pin=5"/></net>

<net id="912"><net_src comp="741" pin="1"/><net_sink comp="869" pin=6"/></net>

<net id="913"><net_src comp="114" pin="0"/><net_sink comp="869" pin=7"/></net>

<net id="914"><net_src comp="745" pin="1"/><net_sink comp="869" pin=8"/></net>

<net id="915"><net_src comp="116" pin="0"/><net_sink comp="869" pin=9"/></net>

<net id="916"><net_src comp="749" pin="1"/><net_sink comp="869" pin=10"/></net>

<net id="917"><net_src comp="118" pin="0"/><net_sink comp="869" pin=11"/></net>

<net id="918"><net_src comp="753" pin="1"/><net_sink comp="869" pin=12"/></net>

<net id="919"><net_src comp="120" pin="0"/><net_sink comp="869" pin=13"/></net>

<net id="920"><net_src comp="757" pin="1"/><net_sink comp="869" pin=14"/></net>

<net id="921"><net_src comp="122" pin="0"/><net_sink comp="869" pin=15"/></net>

<net id="922"><net_src comp="761" pin="1"/><net_sink comp="869" pin=16"/></net>

<net id="923"><net_src comp="124" pin="0"/><net_sink comp="869" pin=17"/></net>

<net id="924"><net_src comp="765" pin="1"/><net_sink comp="869" pin=18"/></net>

<net id="925"><net_src comp="126" pin="0"/><net_sink comp="869" pin=19"/></net>

<net id="926"><net_src comp="769" pin="1"/><net_sink comp="869" pin=20"/></net>

<net id="927"><net_src comp="128" pin="0"/><net_sink comp="869" pin=21"/></net>

<net id="928"><net_src comp="773" pin="1"/><net_sink comp="869" pin=22"/></net>

<net id="929"><net_src comp="130" pin="0"/><net_sink comp="869" pin=23"/></net>

<net id="930"><net_src comp="777" pin="1"/><net_sink comp="869" pin=24"/></net>

<net id="931"><net_src comp="132" pin="0"/><net_sink comp="869" pin=25"/></net>

<net id="932"><net_src comp="781" pin="1"/><net_sink comp="869" pin=26"/></net>

<net id="933"><net_src comp="102" pin="0"/><net_sink comp="869" pin=27"/></net>

<net id="934"><net_src comp="785" pin="1"/><net_sink comp="869" pin=28"/></net>

<net id="935"><net_src comp="104" pin="0"/><net_sink comp="869" pin=29"/></net>

<net id="936"><net_src comp="789" pin="1"/><net_sink comp="869" pin=30"/></net>

<net id="937"><net_src comp="106" pin="0"/><net_sink comp="869" pin=31"/></net>

<net id="938"><net_src comp="793" pin="1"/><net_sink comp="869" pin=32"/></net>

<net id="939"><net_src comp="134" pin="0"/><net_sink comp="869" pin=33"/></net>

<net id="940"><net_src comp="712" pin="1"/><net_sink comp="869" pin=34"/></net>

<net id="947"><net_src comp="136" pin="0"/><net_sink comp="941" pin=0"/></net>

<net id="948"><net_src comp="797" pin="35"/><net_sink comp="941" pin=1"/></net>

<net id="949"><net_src comp="138" pin="0"/><net_sink comp="941" pin=2"/></net>

<net id="950"><net_src comp="140" pin="0"/><net_sink comp="941" pin=3"/></net>

<net id="954"><net_src comp="797" pin="35"/><net_sink comp="951" pin=0"/></net>

<net id="961"><net_src comp="142" pin="0"/><net_sink comp="955" pin=0"/></net>

<net id="962"><net_src comp="797" pin="35"/><net_sink comp="955" pin=1"/></net>

<net id="963"><net_src comp="144" pin="0"/><net_sink comp="955" pin=2"/></net>

<net id="964"><net_src comp="140" pin="0"/><net_sink comp="955" pin=3"/></net>

<net id="968"><net_src comp="797" pin="35"/><net_sink comp="965" pin=0"/></net>

<net id="975"><net_src comp="146" pin="0"/><net_sink comp="969" pin=0"/></net>

<net id="976"><net_src comp="797" pin="35"/><net_sink comp="969" pin=1"/></net>

<net id="977"><net_src comp="148" pin="0"/><net_sink comp="969" pin=2"/></net>

<net id="978"><net_src comp="140" pin="0"/><net_sink comp="969" pin=3"/></net>

<net id="982"><net_src comp="969" pin="4"/><net_sink comp="979" pin=0"/></net>

<net id="989"><net_src comp="150" pin="0"/><net_sink comp="983" pin=0"/></net>

<net id="990"><net_src comp="869" pin="35"/><net_sink comp="983" pin=1"/></net>

<net id="991"><net_src comp="152" pin="0"/><net_sink comp="983" pin=2"/></net>

<net id="992"><net_src comp="140" pin="0"/><net_sink comp="983" pin=3"/></net>

<net id="996"><net_src comp="869" pin="35"/><net_sink comp="993" pin=0"/></net>

<net id="1003"><net_src comp="154" pin="0"/><net_sink comp="997" pin=0"/></net>

<net id="1004"><net_src comp="869" pin="35"/><net_sink comp="997" pin=1"/></net>

<net id="1005"><net_src comp="156" pin="0"/><net_sink comp="997" pin=2"/></net>

<net id="1006"><net_src comp="140" pin="0"/><net_sink comp="997" pin=3"/></net>

<net id="1010"><net_src comp="869" pin="35"/><net_sink comp="1007" pin=0"/></net>

<net id="1017"><net_src comp="158" pin="0"/><net_sink comp="1011" pin=0"/></net>

<net id="1018"><net_src comp="869" pin="35"/><net_sink comp="1011" pin=1"/></net>

<net id="1019"><net_src comp="160" pin="0"/><net_sink comp="1011" pin=2"/></net>

<net id="1020"><net_src comp="140" pin="0"/><net_sink comp="1011" pin=3"/></net>

<net id="1024"><net_src comp="1011" pin="4"/><net_sink comp="1021" pin=0"/></net>

<net id="1062"><net_src comp="100" pin="0"/><net_sink comp="1025" pin=0"/></net>

<net id="1063"><net_src comp="118" pin="0"/><net_sink comp="1025" pin=1"/></net>

<net id="1064"><net_src comp="733" pin="1"/><net_sink comp="1025" pin=2"/></net>

<net id="1065"><net_src comp="120" pin="0"/><net_sink comp="1025" pin=3"/></net>

<net id="1066"><net_src comp="737" pin="1"/><net_sink comp="1025" pin=4"/></net>

<net id="1067"><net_src comp="122" pin="0"/><net_sink comp="1025" pin=5"/></net>

<net id="1068"><net_src comp="741" pin="1"/><net_sink comp="1025" pin=6"/></net>

<net id="1069"><net_src comp="124" pin="0"/><net_sink comp="1025" pin=7"/></net>

<net id="1070"><net_src comp="745" pin="1"/><net_sink comp="1025" pin=8"/></net>

<net id="1071"><net_src comp="126" pin="0"/><net_sink comp="1025" pin=9"/></net>

<net id="1072"><net_src comp="749" pin="1"/><net_sink comp="1025" pin=10"/></net>

<net id="1073"><net_src comp="128" pin="0"/><net_sink comp="1025" pin=11"/></net>

<net id="1074"><net_src comp="753" pin="1"/><net_sink comp="1025" pin=12"/></net>

<net id="1075"><net_src comp="130" pin="0"/><net_sink comp="1025" pin=13"/></net>

<net id="1076"><net_src comp="757" pin="1"/><net_sink comp="1025" pin=14"/></net>

<net id="1077"><net_src comp="132" pin="0"/><net_sink comp="1025" pin=15"/></net>

<net id="1078"><net_src comp="761" pin="1"/><net_sink comp="1025" pin=16"/></net>

<net id="1079"><net_src comp="102" pin="0"/><net_sink comp="1025" pin=17"/></net>

<net id="1080"><net_src comp="765" pin="1"/><net_sink comp="1025" pin=18"/></net>

<net id="1081"><net_src comp="104" pin="0"/><net_sink comp="1025" pin=19"/></net>

<net id="1082"><net_src comp="769" pin="1"/><net_sink comp="1025" pin=20"/></net>

<net id="1083"><net_src comp="106" pin="0"/><net_sink comp="1025" pin=21"/></net>

<net id="1084"><net_src comp="773" pin="1"/><net_sink comp="1025" pin=22"/></net>

<net id="1085"><net_src comp="108" pin="0"/><net_sink comp="1025" pin=23"/></net>

<net id="1086"><net_src comp="777" pin="1"/><net_sink comp="1025" pin=24"/></net>

<net id="1087"><net_src comp="110" pin="0"/><net_sink comp="1025" pin=25"/></net>

<net id="1088"><net_src comp="781" pin="1"/><net_sink comp="1025" pin=26"/></net>

<net id="1089"><net_src comp="112" pin="0"/><net_sink comp="1025" pin=27"/></net>

<net id="1090"><net_src comp="785" pin="1"/><net_sink comp="1025" pin=28"/></net>

<net id="1091"><net_src comp="114" pin="0"/><net_sink comp="1025" pin=29"/></net>

<net id="1092"><net_src comp="789" pin="1"/><net_sink comp="1025" pin=30"/></net>

<net id="1093"><net_src comp="116" pin="0"/><net_sink comp="1025" pin=31"/></net>

<net id="1094"><net_src comp="793" pin="1"/><net_sink comp="1025" pin=32"/></net>

<net id="1095"><net_src comp="134" pin="0"/><net_sink comp="1025" pin=33"/></net>

<net id="1096"><net_src comp="712" pin="1"/><net_sink comp="1025" pin=34"/></net>

<net id="1102"><net_src comp="162" pin="0"/><net_sink comp="1097" pin=0"/></net>

<net id="1103"><net_src comp="965" pin="1"/><net_sink comp="1097" pin=1"/></net>

<net id="1104"><net_src comp="955" pin="4"/><net_sink comp="1097" pin=2"/></net>

<net id="1110"><net_src comp="164" pin="0"/><net_sink comp="1105" pin=0"/></net>

<net id="1111"><net_src comp="951" pin="1"/><net_sink comp="1105" pin=1"/></net>

<net id="1112"><net_src comp="941" pin="4"/><net_sink comp="1105" pin=2"/></net>

<net id="1118"><net_src comp="166" pin="0"/><net_sink comp="1113" pin=0"/></net>

<net id="1119"><net_src comp="1007" pin="1"/><net_sink comp="1113" pin=1"/></net>

<net id="1120"><net_src comp="997" pin="4"/><net_sink comp="1113" pin=2"/></net>

<net id="1125"><net_src comp="1105" pin="3"/><net_sink comp="1121" pin=0"/></net>

<net id="1126"><net_src comp="979" pin="1"/><net_sink comp="1121" pin=1"/></net>

<net id="1131"><net_src comp="1121" pin="2"/><net_sink comp="1127" pin=0"/></net>

<net id="1132"><net_src comp="1097" pin="3"/><net_sink comp="1127" pin=1"/></net>

<net id="1138"><net_src comp="168" pin="0"/><net_sink comp="1133" pin=0"/></net>

<net id="1139"><net_src comp="993" pin="1"/><net_sink comp="1133" pin=1"/></net>

<net id="1140"><net_src comp="983" pin="4"/><net_sink comp="1133" pin=2"/></net>

<net id="1145"><net_src comp="1021" pin="1"/><net_sink comp="1141" pin=0"/></net>

<net id="1146"><net_src comp="1133" pin="3"/><net_sink comp="1141" pin=1"/></net>

<net id="1151"><net_src comp="1141" pin="2"/><net_sink comp="1147" pin=0"/></net>

<net id="1152"><net_src comp="1113" pin="3"/><net_sink comp="1147" pin=1"/></net>

<net id="1157"><net_src comp="1025" pin="35"/><net_sink comp="1153" pin=0"/></net>

<net id="1158"><net_src comp="1147" pin="2"/><net_sink comp="1153" pin=1"/></net>

<net id="1163"><net_src comp="1127" pin="2"/><net_sink comp="1159" pin=0"/></net>

<net id="1164"><net_src comp="512" pin="35"/><net_sink comp="1159" pin=1"/></net>

<net id="1169"><net_src comp="1159" pin="2"/><net_sink comp="1165" pin=0"/></net>

<net id="1170"><net_src comp="1153" pin="2"/><net_sink comp="1165" pin=1"/></net>

<net id="1189"><net_src comp="712" pin="1"/><net_sink comp="1171" pin=0"/></net>

<net id="1190"><net_src comp="104" pin="0"/><net_sink comp="1171" pin=1"/></net>

<net id="1191"><net_src comp="106" pin="0"/><net_sink comp="1171" pin=2"/></net>

<net id="1192"><net_src comp="108" pin="0"/><net_sink comp="1171" pin=3"/></net>

<net id="1193"><net_src comp="110" pin="0"/><net_sink comp="1171" pin=4"/></net>

<net id="1194"><net_src comp="112" pin="0"/><net_sink comp="1171" pin=5"/></net>

<net id="1195"><net_src comp="114" pin="0"/><net_sink comp="1171" pin=6"/></net>

<net id="1196"><net_src comp="116" pin="0"/><net_sink comp="1171" pin=7"/></net>

<net id="1197"><net_src comp="118" pin="0"/><net_sink comp="1171" pin=8"/></net>

<net id="1198"><net_src comp="120" pin="0"/><net_sink comp="1171" pin=9"/></net>

<net id="1199"><net_src comp="122" pin="0"/><net_sink comp="1171" pin=10"/></net>

<net id="1200"><net_src comp="124" pin="0"/><net_sink comp="1171" pin=11"/></net>

<net id="1201"><net_src comp="126" pin="0"/><net_sink comp="1171" pin=12"/></net>

<net id="1202"><net_src comp="128" pin="0"/><net_sink comp="1171" pin=13"/></net>

<net id="1203"><net_src comp="130" pin="0"/><net_sink comp="1171" pin=14"/></net>

<net id="1204"><net_src comp="132" pin="0"/><net_sink comp="1171" pin=15"/></net>

<net id="1209"><net_src comp="1165" pin="2"/><net_sink comp="1205" pin=0"/></net>

<net id="1214"><net_src comp="1165" pin="2"/><net_sink comp="1210" pin=0"/></net>

<net id="1219"><net_src comp="1165" pin="2"/><net_sink comp="1215" pin=0"/></net>

<net id="1224"><net_src comp="1165" pin="2"/><net_sink comp="1220" pin=0"/></net>

<net id="1229"><net_src comp="1165" pin="2"/><net_sink comp="1225" pin=0"/></net>

<net id="1234"><net_src comp="1165" pin="2"/><net_sink comp="1230" pin=0"/></net>

<net id="1239"><net_src comp="1165" pin="2"/><net_sink comp="1235" pin=0"/></net>

<net id="1244"><net_src comp="1165" pin="2"/><net_sink comp="1240" pin=0"/></net>

<net id="1249"><net_src comp="1165" pin="2"/><net_sink comp="1245" pin=0"/></net>

<net id="1254"><net_src comp="1165" pin="2"/><net_sink comp="1250" pin=0"/></net>

<net id="1259"><net_src comp="1165" pin="2"/><net_sink comp="1255" pin=0"/></net>

<net id="1264"><net_src comp="1165" pin="2"/><net_sink comp="1260" pin=0"/></net>

<net id="1269"><net_src comp="1165" pin="2"/><net_sink comp="1265" pin=0"/></net>

<net id="1274"><net_src comp="1165" pin="2"/><net_sink comp="1270" pin=0"/></net>

<net id="1279"><net_src comp="1165" pin="2"/><net_sink comp="1275" pin=0"/></net>

<net id="1284"><net_src comp="1165" pin="2"/><net_sink comp="1280" pin=0"/></net>

<net id="1289"><net_src comp="701" pin="2"/><net_sink comp="1285" pin=0"/></net>

<net id="1293"><net_src comp="1290" pin="1"/><net_sink comp="446" pin=2"/></net>

<net id="1297"><net_src comp="1294" pin="1"/><net_sink comp="439" pin=2"/></net>

<net id="1301"><net_src comp="1298" pin="1"/><net_sink comp="432" pin=2"/></net>

<net id="1305"><net_src comp="1302" pin="1"/><net_sink comp="418" pin=2"/></net>

<net id="1309"><net_src comp="1306" pin="1"/><net_sink comp="411" pin=2"/></net>

<net id="1313"><net_src comp="1310" pin="1"/><net_sink comp="404" pin=2"/></net>

<net id="1326"><net_src comp="172" pin="0"/><net_sink comp="1320" pin=0"/></net>

<net id="1327"><net_src comp="1298" pin="1"/><net_sink comp="1320" pin=1"/></net>

<net id="1328"><net_src comp="96" pin="0"/><net_sink comp="1320" pin=2"/></net>

<net id="1329"><net_src comp="140" pin="0"/><net_sink comp="1320" pin=3"/></net>

<net id="1333"><net_src comp="1298" pin="1"/><net_sink comp="1330" pin=0"/></net>

<net id="1340"><net_src comp="174" pin="0"/><net_sink comp="1334" pin=0"/></net>

<net id="1341"><net_src comp="1298" pin="1"/><net_sink comp="1334" pin=1"/></net>

<net id="1342"><net_src comp="176" pin="0"/><net_sink comp="1334" pin=2"/></net>

<net id="1343"><net_src comp="140" pin="0"/><net_sink comp="1334" pin=3"/></net>

<net id="1347"><net_src comp="1298" pin="1"/><net_sink comp="1344" pin=0"/></net>

<net id="1354"><net_src comp="178" pin="0"/><net_sink comp="1348" pin=0"/></net>

<net id="1355"><net_src comp="1298" pin="1"/><net_sink comp="1348" pin=1"/></net>

<net id="1356"><net_src comp="180" pin="0"/><net_sink comp="1348" pin=2"/></net>

<net id="1357"><net_src comp="140" pin="0"/><net_sink comp="1348" pin=3"/></net>

<net id="1361"><net_src comp="1298" pin="1"/><net_sink comp="1358" pin=0"/></net>

<net id="1366"><net_src comp="1298" pin="1"/><net_sink comp="1362" pin=0"/></net>

<net id="1367"><net_src comp="80" pin="0"/><net_sink comp="1362" pin=1"/></net>

<net id="1372"><net_src comp="1290" pin="1"/><net_sink comp="1368" pin=0"/></net>

<net id="1373"><net_src comp="1362" pin="2"/><net_sink comp="1368" pin=1"/></net>

<net id="1378"><net_src comp="1294" pin="1"/><net_sink comp="1374" pin=0"/></net>

<net id="1379"><net_src comp="1298" pin="1"/><net_sink comp="1374" pin=1"/></net>

<net id="1385"><net_src comp="182" pin="0"/><net_sink comp="1380" pin=0"/></net>

<net id="1386"><net_src comp="1330" pin="1"/><net_sink comp="1380" pin=1"/></net>

<net id="1387"><net_src comp="1320" pin="4"/><net_sink comp="1380" pin=2"/></net>

<net id="1393"><net_src comp="184" pin="0"/><net_sink comp="1388" pin=0"/></net>

<net id="1394"><net_src comp="1344" pin="1"/><net_sink comp="1388" pin=1"/></net>

<net id="1395"><net_src comp="1334" pin="4"/><net_sink comp="1388" pin=2"/></net>

<net id="1400"><net_src comp="1368" pin="2"/><net_sink comp="1396" pin=0"/></net>

<net id="1401"><net_src comp="1374" pin="2"/><net_sink comp="1396" pin=1"/></net>

<net id="1407"><net_src comp="186" pin="0"/><net_sink comp="1402" pin=0"/></net>

<net id="1408"><net_src comp="1358" pin="1"/><net_sink comp="1402" pin=1"/></net>

<net id="1409"><net_src comp="1348" pin="4"/><net_sink comp="1402" pin=2"/></net>

<net id="1414"><net_src comp="1388" pin="3"/><net_sink comp="1410" pin=0"/></net>

<net id="1415"><net_src comp="1402" pin="3"/><net_sink comp="1410" pin=1"/></net>

<net id="1420"><net_src comp="1410" pin="2"/><net_sink comp="1416" pin=0"/></net>

<net id="1421"><net_src comp="1380" pin="3"/><net_sink comp="1416" pin=1"/></net>

<net id="1426"><net_src comp="467" pin="3"/><net_sink comp="1422" pin=0"/></net>

<net id="1427"><net_src comp="1416" pin="2"/><net_sink comp="1422" pin=1"/></net>

<net id="1432"><net_src comp="1314" pin="1"/><net_sink comp="1428" pin=0"/></net>

<net id="1433"><net_src comp="1396" pin="2"/><net_sink comp="1428" pin=1"/></net>

<net id="1438"><net_src comp="476" pin="34"/><net_sink comp="1434" pin=0"/></net>

<net id="1439"><net_src comp="1428" pin="2"/><net_sink comp="1434" pin=1"/></net>

<net id="1444"><net_src comp="1434" pin="2"/><net_sink comp="1440" pin=0"/></net>

<net id="1445"><net_src comp="1422" pin="2"/><net_sink comp="1440" pin=1"/></net>

<net id="1452"><net_src comp="188" pin="0"/><net_sink comp="1446" pin=0"/></net>

<net id="1453"><net_src comp="1310" pin="1"/><net_sink comp="1446" pin=1"/></net>

<net id="1454"><net_src comp="190" pin="0"/><net_sink comp="1446" pin=2"/></net>

<net id="1455"><net_src comp="140" pin="0"/><net_sink comp="1446" pin=3"/></net>

<net id="1459"><net_src comp="1310" pin="1"/><net_sink comp="1456" pin=0"/></net>

<net id="1466"><net_src comp="192" pin="0"/><net_sink comp="1460" pin=0"/></net>

<net id="1467"><net_src comp="1310" pin="1"/><net_sink comp="1460" pin=1"/></net>

<net id="1468"><net_src comp="194" pin="0"/><net_sink comp="1460" pin=2"/></net>

<net id="1469"><net_src comp="140" pin="0"/><net_sink comp="1460" pin=3"/></net>

<net id="1473"><net_src comp="1310" pin="1"/><net_sink comp="1470" pin=0"/></net>

<net id="1480"><net_src comp="196" pin="0"/><net_sink comp="1474" pin=0"/></net>

<net id="1481"><net_src comp="1310" pin="1"/><net_sink comp="1474" pin=1"/></net>

<net id="1482"><net_src comp="198" pin="0"/><net_sink comp="1474" pin=2"/></net>

<net id="1483"><net_src comp="140" pin="0"/><net_sink comp="1474" pin=3"/></net>

<net id="1487"><net_src comp="1310" pin="1"/><net_sink comp="1484" pin=0"/></net>

<net id="1492"><net_src comp="1440" pin="2"/><net_sink comp="1488" pin=0"/></net>

<net id="1493"><net_src comp="1317" pin="1"/><net_sink comp="1488" pin=1"/></net>

<net id="1498"><net_src comp="1302" pin="1"/><net_sink comp="1494" pin=0"/></net>

<net id="1499"><net_src comp="1306" pin="1"/><net_sink comp="1494" pin=1"/></net>

<net id="1504"><net_src comp="1494" pin="2"/><net_sink comp="1500" pin=0"/></net>

<net id="1505"><net_src comp="1310" pin="1"/><net_sink comp="1500" pin=1"/></net>

<net id="1510"><net_src comp="1302" pin="1"/><net_sink comp="1506" pin=0"/></net>

<net id="1511"><net_src comp="1306" pin="1"/><net_sink comp="1506" pin=1"/></net>

<net id="1517"><net_src comp="200" pin="0"/><net_sink comp="1512" pin=0"/></net>

<net id="1518"><net_src comp="1456" pin="1"/><net_sink comp="1512" pin=1"/></net>

<net id="1519"><net_src comp="1446" pin="4"/><net_sink comp="1512" pin=2"/></net>

<net id="1525"><net_src comp="202" pin="0"/><net_sink comp="1520" pin=0"/></net>

<net id="1526"><net_src comp="1470" pin="1"/><net_sink comp="1520" pin=1"/></net>

<net id="1527"><net_src comp="1460" pin="4"/><net_sink comp="1520" pin=2"/></net>

<net id="1532"><net_src comp="1500" pin="2"/><net_sink comp="1528" pin=0"/></net>

<net id="1533"><net_src comp="1506" pin="2"/><net_sink comp="1528" pin=1"/></net>

<net id="1539"><net_src comp="204" pin="0"/><net_sink comp="1534" pin=0"/></net>

<net id="1540"><net_src comp="1484" pin="1"/><net_sink comp="1534" pin=1"/></net>

<net id="1541"><net_src comp="1474" pin="4"/><net_sink comp="1534" pin=2"/></net>

<net id="1546"><net_src comp="1520" pin="3"/><net_sink comp="1542" pin=0"/></net>

<net id="1547"><net_src comp="1534" pin="3"/><net_sink comp="1542" pin=1"/></net>

<net id="1552"><net_src comp="1542" pin="2"/><net_sink comp="1548" pin=0"/></net>

<net id="1553"><net_src comp="1512" pin="3"/><net_sink comp="1548" pin=1"/></net>

<net id="1558"><net_src comp="1440" pin="2"/><net_sink comp="1554" pin=0"/></net>

<net id="1559"><net_src comp="1548" pin="2"/><net_sink comp="1554" pin=1"/></net>

<net id="1564"><net_src comp="1554" pin="2"/><net_sink comp="1560" pin=0"/></net>

<net id="1565"><net_src comp="1528" pin="2"/><net_sink comp="1560" pin=1"/></net>

<net id="1570"><net_src comp="1560" pin="2"/><net_sink comp="1566" pin=0"/></net>

<net id="1575"><net_src comp="1310" pin="1"/><net_sink comp="1571" pin=0"/></net>

<net id="1580"><net_src comp="1306" pin="1"/><net_sink comp="1576" pin=0"/></net>

<net id="1585"><net_src comp="1488" pin="2"/><net_sink comp="1581" pin=0"/></net>

<net id="1590"><net_src comp="1298" pin="1"/><net_sink comp="1586" pin=0"/></net>

<net id="1595"><net_src comp="1294" pin="1"/><net_sink comp="1591" pin=0"/></net>

<net id="1600"><net_src comp="1302" pin="1"/><net_sink comp="1596" pin=0"/></net>

<net id="1605"><net_src comp="1290" pin="1"/><net_sink comp="1601" pin=0"/></net>

<net id="1609"><net_src comp="1606" pin="1"/><net_sink comp="453" pin=2"/></net>

<net id="1613"><net_src comp="1610" pin="1"/><net_sink comp="425" pin=2"/></net>

<net id="1617"><net_src comp="208" pin="1"/><net_sink comp="1614" pin=0"/></net>

<net id="1618"><net_src comp="1614" pin="1"/><net_sink comp="687" pin=1"/></net>

<net id="1619"><net_src comp="1614" pin="1"/><net_sink comp="1314" pin=0"/></net>

<net id="1620"><net_src comp="1614" pin="1"/><net_sink comp="1601" pin=1"/></net>

<net id="1621"><net_src comp="1614" pin="1"/><net_sink comp="1606" pin=0"/></net>

<net id="1625"><net_src comp="212" pin="1"/><net_sink comp="1622" pin=0"/></net>

<net id="1626"><net_src comp="1622" pin="1"/><net_sink comp="682" pin=1"/></net>

<net id="1627"><net_src comp="1622" pin="1"/><net_sink comp="1317" pin=0"/></net>

<net id="1628"><net_src comp="1622" pin="1"/><net_sink comp="1596" pin=1"/></net>

<net id="1629"><net_src comp="1622" pin="1"/><net_sink comp="1610" pin=0"/></net>

<net id="1633"><net_src comp="216" pin="1"/><net_sink comp="1630" pin=0"/></net>

<net id="1634"><net_src comp="1630" pin="1"/><net_sink comp="677" pin=1"/></net>

<net id="1635"><net_src comp="1630" pin="1"/><net_sink comp="692" pin=0"/></net>

<net id="1636"><net_src comp="1630" pin="1"/><net_sink comp="1285" pin=1"/></net>

<net id="1640"><net_src comp="220" pin="1"/><net_sink comp="1637" pin=0"/></net>

<net id="1641"><net_src comp="1637" pin="1"/><net_sink comp="672" pin=1"/></net>

<net id="1642"><net_src comp="1637" pin="1"/><net_sink comp="733" pin=0"/></net>

<net id="1643"><net_src comp="1637" pin="1"/><net_sink comp="1275" pin=1"/></net>

<net id="1647"><net_src comp="224" pin="1"/><net_sink comp="1644" pin=0"/></net>

<net id="1648"><net_src comp="1644" pin="1"/><net_sink comp="667" pin=1"/></net>

<net id="1649"><net_src comp="1644" pin="1"/><net_sink comp="737" pin=0"/></net>

<net id="1650"><net_src comp="1644" pin="1"/><net_sink comp="1270" pin=1"/></net>

<net id="1654"><net_src comp="228" pin="1"/><net_sink comp="1651" pin=0"/></net>

<net id="1655"><net_src comp="1651" pin="1"/><net_sink comp="662" pin=1"/></net>

<net id="1656"><net_src comp="1651" pin="1"/><net_sink comp="741" pin=0"/></net>

<net id="1657"><net_src comp="1651" pin="1"/><net_sink comp="1265" pin=1"/></net>

<net id="1661"><net_src comp="232" pin="1"/><net_sink comp="1658" pin=0"/></net>

<net id="1662"><net_src comp="1658" pin="1"/><net_sink comp="657" pin=1"/></net>

<net id="1663"><net_src comp="1658" pin="1"/><net_sink comp="745" pin=0"/></net>

<net id="1664"><net_src comp="1658" pin="1"/><net_sink comp="1260" pin=1"/></net>

<net id="1668"><net_src comp="236" pin="1"/><net_sink comp="1665" pin=0"/></net>

<net id="1669"><net_src comp="1665" pin="1"/><net_sink comp="652" pin=1"/></net>

<net id="1670"><net_src comp="1665" pin="1"/><net_sink comp="749" pin=0"/></net>

<net id="1671"><net_src comp="1665" pin="1"/><net_sink comp="1255" pin=1"/></net>

<net id="1675"><net_src comp="240" pin="1"/><net_sink comp="1672" pin=0"/></net>

<net id="1676"><net_src comp="1672" pin="1"/><net_sink comp="647" pin=1"/></net>

<net id="1677"><net_src comp="1672" pin="1"/><net_sink comp="753" pin=0"/></net>

<net id="1678"><net_src comp="1672" pin="1"/><net_sink comp="1250" pin=1"/></net>

<net id="1682"><net_src comp="244" pin="1"/><net_sink comp="1679" pin=0"/></net>

<net id="1683"><net_src comp="1679" pin="1"/><net_sink comp="642" pin=1"/></net>

<net id="1684"><net_src comp="1679" pin="1"/><net_sink comp="757" pin=0"/></net>

<net id="1685"><net_src comp="1679" pin="1"/><net_sink comp="1245" pin=1"/></net>

<net id="1689"><net_src comp="248" pin="1"/><net_sink comp="1686" pin=0"/></net>

<net id="1690"><net_src comp="1686" pin="1"/><net_sink comp="637" pin=1"/></net>

<net id="1691"><net_src comp="1686" pin="1"/><net_sink comp="761" pin=0"/></net>

<net id="1692"><net_src comp="1686" pin="1"/><net_sink comp="1240" pin=1"/></net>

<net id="1696"><net_src comp="252" pin="1"/><net_sink comp="1693" pin=0"/></net>

<net id="1697"><net_src comp="1693" pin="1"/><net_sink comp="632" pin=1"/></net>

<net id="1698"><net_src comp="1693" pin="1"/><net_sink comp="765" pin=0"/></net>

<net id="1699"><net_src comp="1693" pin="1"/><net_sink comp="1235" pin=1"/></net>

<net id="1703"><net_src comp="256" pin="1"/><net_sink comp="1700" pin=0"/></net>

<net id="1704"><net_src comp="1700" pin="1"/><net_sink comp="627" pin=1"/></net>

<net id="1705"><net_src comp="1700" pin="1"/><net_sink comp="769" pin=0"/></net>

<net id="1706"><net_src comp="1700" pin="1"/><net_sink comp="1230" pin=1"/></net>

<net id="1710"><net_src comp="260" pin="1"/><net_sink comp="1707" pin=0"/></net>

<net id="1711"><net_src comp="1707" pin="1"/><net_sink comp="622" pin=1"/></net>

<net id="1712"><net_src comp="1707" pin="1"/><net_sink comp="773" pin=0"/></net>

<net id="1713"><net_src comp="1707" pin="1"/><net_sink comp="1225" pin=1"/></net>

<net id="1717"><net_src comp="264" pin="1"/><net_sink comp="1714" pin=0"/></net>

<net id="1718"><net_src comp="1714" pin="1"/><net_sink comp="617" pin=1"/></net>

<net id="1719"><net_src comp="1714" pin="1"/><net_sink comp="777" pin=0"/></net>

<net id="1720"><net_src comp="1714" pin="1"/><net_sink comp="1220" pin=1"/></net>

<net id="1724"><net_src comp="268" pin="1"/><net_sink comp="1721" pin=0"/></net>

<net id="1725"><net_src comp="1721" pin="1"/><net_sink comp="612" pin=1"/></net>

<net id="1726"><net_src comp="1721" pin="1"/><net_sink comp="781" pin=0"/></net>

<net id="1727"><net_src comp="1721" pin="1"/><net_sink comp="1215" pin=1"/></net>

<net id="1731"><net_src comp="272" pin="1"/><net_sink comp="1728" pin=0"/></net>

<net id="1732"><net_src comp="1728" pin="1"/><net_sink comp="607" pin=1"/></net>

<net id="1733"><net_src comp="1728" pin="1"/><net_sink comp="785" pin=0"/></net>

<net id="1734"><net_src comp="1728" pin="1"/><net_sink comp="1210" pin=1"/></net>

<net id="1738"><net_src comp="276" pin="1"/><net_sink comp="1735" pin=0"/></net>

<net id="1739"><net_src comp="1735" pin="1"/><net_sink comp="602" pin=1"/></net>

<net id="1740"><net_src comp="1735" pin="1"/><net_sink comp="789" pin=0"/></net>

<net id="1741"><net_src comp="1735" pin="1"/><net_sink comp="1205" pin=1"/></net>

<net id="1745"><net_src comp="280" pin="1"/><net_sink comp="1742" pin=0"/></net>

<net id="1746"><net_src comp="1742" pin="1"/><net_sink comp="597" pin=1"/></net>

<net id="1747"><net_src comp="1742" pin="1"/><net_sink comp="793" pin=0"/></net>

<net id="1748"><net_src comp="1742" pin="1"/><net_sink comp="1280" pin=1"/></net>

<net id="1752"><net_src comp="284" pin="1"/><net_sink comp="1749" pin=0"/></net>

<net id="1753"><net_src comp="1749" pin="1"/><net_sink comp="592" pin=1"/></net>

<net id="1754"><net_src comp="1749" pin="1"/><net_sink comp="1290" pin=0"/></net>

<net id="1755"><net_src comp="1749" pin="1"/><net_sink comp="1591" pin=1"/></net>

<net id="1759"><net_src comp="288" pin="1"/><net_sink comp="1756" pin=0"/></net>

<net id="1760"><net_src comp="1756" pin="1"/><net_sink comp="587" pin=1"/></net>

<net id="1761"><net_src comp="1756" pin="1"/><net_sink comp="1294" pin=0"/></net>

<net id="1762"><net_src comp="1756" pin="1"/><net_sink comp="1586" pin=1"/></net>

<net id="1766"><net_src comp="292" pin="1"/><net_sink comp="1763" pin=0"/></net>

<net id="1767"><net_src comp="1763" pin="1"/><net_sink comp="582" pin=1"/></net>

<net id="1768"><net_src comp="1763" pin="1"/><net_sink comp="1298" pin=0"/></net>

<net id="1769"><net_src comp="1763" pin="1"/><net_sink comp="1581" pin=1"/></net>

<net id="1773"><net_src comp="296" pin="1"/><net_sink comp="1770" pin=0"/></net>

<net id="1774"><net_src comp="1770" pin="1"/><net_sink comp="577" pin=1"/></net>

<net id="1775"><net_src comp="1770" pin="1"/><net_sink comp="1302" pin=0"/></net>

<net id="1776"><net_src comp="1770" pin="1"/><net_sink comp="1576" pin=1"/></net>

<net id="1780"><net_src comp="300" pin="1"/><net_sink comp="1777" pin=0"/></net>

<net id="1781"><net_src comp="1777" pin="1"/><net_sink comp="572" pin=1"/></net>

<net id="1782"><net_src comp="1777" pin="1"/><net_sink comp="1306" pin=0"/></net>

<net id="1783"><net_src comp="1777" pin="1"/><net_sink comp="1571" pin=1"/></net>

<net id="1787"><net_src comp="304" pin="1"/><net_sink comp="1784" pin=0"/></net>

<net id="1788"><net_src comp="1784" pin="1"/><net_sink comp="567" pin=1"/></net>

<net id="1789"><net_src comp="1784" pin="1"/><net_sink comp="1310" pin=0"/></net>

<net id="1790"><net_src comp="1784" pin="1"/><net_sink comp="1566" pin=1"/></net>

<net id="1794"><net_src comp="695" pin="2"/><net_sink comp="1791" pin=0"/></net>

<net id="1798"><net_src comp="712" pin="1"/><net_sink comp="1795" pin=0"/></net>

<net id="1802"><net_src comp="727" pin="2"/><net_sink comp="1799" pin=0"/></net>

<net id="1806"><net_src comp="1165" pin="2"/><net_sink comp="1803" pin=0"/></net>

<net id="1807"><net_src comp="1803" pin="1"/><net_sink comp="476" pin=2"/></net>

<net id="1808"><net_src comp="1803" pin="1"/><net_sink comp="476" pin=4"/></net>

<net id="1809"><net_src comp="1803" pin="1"/><net_sink comp="476" pin=6"/></net>

<net id="1810"><net_src comp="1803" pin="1"/><net_sink comp="476" pin=8"/></net>

<net id="1811"><net_src comp="1803" pin="1"/><net_sink comp="476" pin=10"/></net>

<net id="1812"><net_src comp="1803" pin="1"/><net_sink comp="476" pin=12"/></net>

<net id="1813"><net_src comp="1803" pin="1"/><net_sink comp="476" pin=14"/></net>

<net id="1814"><net_src comp="1803" pin="1"/><net_sink comp="476" pin=16"/></net>

<net id="1815"><net_src comp="1803" pin="1"/><net_sink comp="476" pin=18"/></net>

<net id="1816"><net_src comp="1803" pin="1"/><net_sink comp="476" pin=20"/></net>

<net id="1817"><net_src comp="1803" pin="1"/><net_sink comp="476" pin=22"/></net>

<net id="1818"><net_src comp="1803" pin="1"/><net_sink comp="476" pin=24"/></net>

<net id="1819"><net_src comp="1803" pin="1"/><net_sink comp="476" pin=26"/></net>

<net id="1820"><net_src comp="1803" pin="1"/><net_sink comp="476" pin=28"/></net>

<net id="1821"><net_src comp="1803" pin="1"/><net_sink comp="476" pin=30"/></net>

<net id="1822"><net_src comp="1803" pin="1"/><net_sink comp="476" pin=32"/></net>

<net id="1826"><net_src comp="512" pin="35"/><net_sink comp="1823" pin=0"/></net>

<net id="1827"><net_src comp="1823" pin="1"/><net_sink comp="476" pin=0"/></net>

<net id="1831"><net_src comp="460" pin="3"/><net_sink comp="1828" pin=0"/></net>

<net id="1832"><net_src comp="1828" pin="1"/><net_sink comp="467" pin=0"/></net>

</net_list>

</model> 
---------------- Datapath Model END ------------------

* FSMD analyzer results:
  - Output states:
	Port: a_2_out | {3 }
	Port: b_out | {3 }
	Port: c_out | {3 }
	Port: d_out | {3 }
	Port: e_2_out | {3 }
	Port: f_out | {3 }
	Port: g_out | {3 }
	Port: h_out | {3 }
	Port: K | {}
 - Input state : 
	Port: sha256_compress_words.1_Pipeline_SHA256_ROUNDS : w_15_reload | {1 }
	Port: sha256_compress_words.1_Pipeline_SHA256_ROUNDS : w_14_reload | {1 }
	Port: sha256_compress_words.1_Pipeline_SHA256_ROUNDS : w_13_reload | {1 }
	Port: sha256_compress_words.1_Pipeline_SHA256_ROUNDS : w_12_reload | {1 }
	Port: sha256_compress_words.1_Pipeline_SHA256_ROUNDS : w_11_reload | {1 }
	Port: sha256_compress_words.1_Pipeline_SHA256_ROUNDS : w_10_reload | {1 }
	Port: sha256_compress_words.1_Pipeline_SHA256_ROUNDS : w_9_reload | {1 }
	Port: sha256_compress_words.1_Pipeline_SHA256_ROUNDS : w_8_reload | {1 }
	Port: sha256_compress_words.1_Pipeline_SHA256_ROUNDS : w_7_reload | {1 }
	Port: sha256_compress_words.1_Pipeline_SHA256_ROUNDS : w_6_reload | {1 }
	Port: sha256_compress_words.1_Pipeline_SHA256_ROUNDS : w_5_reload | {1 }
	Port: sha256_compress_words.1_Pipeline_SHA256_ROUNDS : w_4_reload | {1 }
	Port: sha256_compress_words.1_Pipeline_SHA256_ROUNDS : w_3_reload | {1 }
	Port: sha256_compress_words.1_Pipeline_SHA256_ROUNDS : w_2_reload | {1 }
	Port: sha256_compress_words.1_Pipeline_SHA256_ROUNDS : w_1_reload | {1 }
	Port: sha256_compress_words.1_Pipeline_SHA256_ROUNDS : w_reload | {1 }
	Port: sha256_compress_words.1_Pipeline_SHA256_ROUNDS : K | {2 3 }
  - Chain level:
	State 1
		store_ln124 : 1
		store_ln125 : 1
		store_ln126 : 1
		store_ln128 : 1
		store_ln129 : 1
		store_ln130 : 1
		store_ln133 : 1
		store_ln126 : 1
		store_ln130 : 1
	State 2
		icmp_ln133 : 1
		add_ln133 : 1
		br_ln133 : 2
		zext_ln133 : 1
		trunc_ln133 : 1
		tmp_2 : 1
		icmp_ln138 : 2
		br_ln138 : 3
		x15 : 2
		x2 : 2
		lshr_ln : 3
		trunc_ln33 : 3
		lshr_ln33_1 : 3
		trunc_ln33_10 : 3
		lshr_ln1 : 3
		zext_ln149 : 4
		lshr_ln33_2 : 3
		trunc_ln33_11 : 3
		lshr_ln33_3 : 3
		trunc_ln33_12 : 3
		lshr_ln2 : 3
		zext_ln154 : 4
		tmp : 2
		tmp_s : 2
		or_ln : 4
		or_ln159_1 : 4
		or_ln159_2 : 4
		xor_ln159 : 5
		xor_ln159_1 : 5
		or_ln159_3 : 4
		xor_ln159_2 : 5
		xor_ln159_3 : 5
		add_ln159_1 : 5
		add_ln159 : 5
		wt_5 : 6
		switch_ln162 : 2
		store_ln114 : 7
		store_ln114 : 7
		store_ln114 : 7
		store_ln114 : 7
		store_ln114 : 7
		store_ln114 : 7
		store_ln114 : 7
		store_ln114 : 7
		store_ln114 : 7
		store_ln114 : 7
		store_ln114 : 7
		store_ln114 : 7
		store_ln114 : 7
		store_ln114 : 7
		store_ln114 : 7
		store_ln114 : 7
		wt : 2
		K_addr : 2
		K_load : 3
		store_ln133 : 2
	State 3
		lshr_ln33_4 : 1
		trunc_ln33_13 : 1
		lshr_ln33_5 : 1
		trunc_ln33_14 : 1
		lshr_ln33_6 : 1
		trunc_ln33_15 : 1
		xor_ln173 : 1
		and_ln173 : 1
		and_ln173_1 : 1
		or_ln1 : 2
		or_ln173_1 : 2
		xor_ln173_1 : 1
		or_ln173_2 : 2
		xor_ln173_2 : 3
		xor_ln173_3 : 3
		add_ln173 : 3
		add_ln173_1 : 1
		add_ln173_2 : 2
		t1 : 3
		lshr_ln33_7 : 1
		trunc_ln33_16 : 1
		lshr_ln33_8 : 1
		trunc_ln33_17 : 1
		lshr_ln33_9 : 1
		trunc_ln33_18 : 1
		e : 4
		xor_ln195 : 1
		and_ln195 : 1
		and_ln195_1 : 1
		or_ln2 : 2
		or_ln195_1 : 2
		xor_ln195_1 : 1
		or_ln195_2 : 2
		xor_ln195_2 : 3
		xor_ln195_3 : 3
		add_ln195 : 4
		a : 5
		store_ln124 : 6
		store_ln125 : 1
		store_ln126 : 1
		store_ln128 : 5
		store_ln129 : 1
		store_ln130 : 1
		store_ln126 : 1
		store_ln130 : 1
		write_ln195 : 1
		write_ln195 : 1
		write_ln195 : 1
		write_ln0 : 1
		write_ln173 : 1
		write_ln173 : 1
		write_ln173 : 1
		write_ln0 : 1


============================================================
+ Verbose Summary: Datapath Resource usage 
============================================================

* Functional unit list:
|----------|------------------------------|---------|---------|
| Operation|        Functional Unit       |    FF   |   LUT   |
|----------|------------------------------|---------|---------|
|          |       xor_ln159_fu_1121      |    0    |    32   |
|          |      xor_ln159_1_fu_1127     |    0    |    32   |
|          |      xor_ln159_2_fu_1141     |    0    |    32   |
|          |      xor_ln159_3_fu_1147     |    0    |    32   |
|          |       xor_ln173_fu_1362      |    0    |    32   |
|    xor   |      xor_ln173_1_fu_1396     |    0    |    32   |
|          |      xor_ln173_2_fu_1410     |    0    |    32   |
|          |      xor_ln173_3_fu_1416     |    0    |    32   |
|          |       xor_ln195_fu_1494      |    0    |    32   |
|          |      xor_ln195_1_fu_1528     |    0    |    32   |
|          |      xor_ln195_2_fu_1542     |    0    |    32   |
|          |      xor_ln195_3_fu_1548     |    0    |    32   |
|----------|------------------------------|---------|---------|
|          |       add_ln133_fu_701       |    0    |    14   |
|          |      add_ln159_1_fu_1153     |    0    |    32   |
|          |       add_ln159_fu_1159      |    0    |    39   |
|          |         wt_5_fu_1165         |    0    |    32   |
|          |       add_ln173_fu_1422      |    0    |    32   |
|    add   |      add_ln173_1_fu_1428     |    0    |    32   |
|          |      add_ln173_2_fu_1434     |    0    |    32   |
|          |          t1_fu_1440          |    0    |    32   |
|          |           e_fu_1488          |    0    |    39   |
|          |       add_ln195_fu_1554      |    0    |    32   |
|          |           a_fu_1560          |    0    |    32   |
|----------|------------------------------|---------|---------|
|          |          grp_fu_512          |    0    |    65   |
| sparsemux|          x15_fu_797          |    0    |    65   |
|          |           x2_fu_869          |    0    |    65   |
|          |         tmp_s_fu_1025        |    0    |    65   |
|----------|------------------------------|---------|---------|
|          |       and_ln173_fu_1368      |    0    |    32   |
|    and   |      and_ln173_1_fu_1374     |    0    |    32   |
|          |       and_ln195_fu_1500      |    0    |    32   |
|          |      and_ln195_1_fu_1506     |    0    |    32   |
|----------|------------------------------|---------|---------|
|   icmp   |       icmp_ln133_fu_695      |    0    |    14   |
|          |       icmp_ln138_fu_727      |    0    |    10   |
|----------|------------------------------|---------|---------|
|          |   w_reload_read_read_fu_308  |    0    |    0    |
|          |  w_1_reload_read_read_fu_314 |    0    |    0    |
|          |  w_2_reload_read_read_fu_320 |    0    |    0    |
|          |  w_3_reload_read_read_fu_326 |    0    |    0    |
|          |  w_4_reload_read_read_fu_332 |    0    |    0    |
|          |  w_5_reload_read_read_fu_338 |    0    |    0    |
|          |  w_6_reload_read_read_fu_344 |    0    |    0    |
|   read   |  w_7_reload_read_read_fu_350 |    0    |    0    |
|          |  w_8_reload_read_read_fu_356 |    0    |    0    |
|          |  w_9_reload_read_read_fu_362 |    0    |    0    |
|          | w_10_reload_read_read_fu_368 |    0    |    0    |
|          | w_11_reload_read_read_fu_374 |    0    |    0    |
|          | w_12_reload_read_read_fu_380 |    0    |    0    |
|          | w_13_reload_read_read_fu_386 |    0    |    0    |
|          | w_14_reload_read_read_fu_392 |    0    |    0    |
|          | w_15_reload_read_read_fu_398 |    0    |    0    |
|----------|------------------------------|---------|---------|
|          |   write_ln195_write_fu_404   |    0    |    0    |
|          |   write_ln195_write_fu_411   |    0    |    0    |
|          |   write_ln195_write_fu_418   |    0    |    0    |
|   write  |    write_ln0_write_fu_425    |    0    |    0    |
|          |   write_ln173_write_fu_432   |    0    |    0    |
|          |   write_ln173_write_fu_439   |    0    |    0    |
|          |   write_ln173_write_fu_446   |    0    |    0    |
|          |    write_ln0_write_fu_453    |    0    |    0    |
|----------|------------------------------|---------|---------|
|          |       zext_ln133_fu_707      |    0    |    0    |
|   zext   |       zext_ln149_fu_979      |    0    |    0    |
|          |      zext_ln154_fu_1021      |    0    |    0    |
|----------|------------------------------|---------|---------|
|          |      trunc_ln133_fu_712      |    0    |    0    |
|          |       trunc_ln33_fu_951      |    0    |    0    |
|          |     trunc_ln33_10_fu_965     |    0    |    0    |
|          |     trunc_ln33_11_fu_993     |    0    |    0    |
|          |     trunc_ln33_12_fu_1007    |    0    |    0    |
|   trunc  |     trunc_ln33_13_fu_1330    |    0    |    0    |
|          |     trunc_ln33_14_fu_1344    |    0    |    0    |
|          |     trunc_ln33_15_fu_1358    |    0    |    0    |
|          |     trunc_ln33_16_fu_1456    |    0    |    0    |
|          |     trunc_ln33_17_fu_1470    |    0    |    0    |
|          |     trunc_ln33_18_fu_1484    |    0    |    0    |
|----------|------------------------------|---------|---------|
|          |         tmp_2_fu_717         |    0    |    0    |
|          |        lshr_ln_fu_941        |    0    |    0    |
|          |      lshr_ln33_1_fu_955      |    0    |    0    |
|          |        lshr_ln1_fu_969       |    0    |    0    |
|          |      lshr_ln33_2_fu_983      |    0    |    0    |
|          |      lshr_ln33_3_fu_997      |    0    |    0    |
|partselect|       lshr_ln2_fu_1011       |    0    |    0    |
|          |      lshr_ln33_4_fu_1320     |    0    |    0    |
|          |      lshr_ln33_5_fu_1334     |    0    |    0    |
|          |      lshr_ln33_6_fu_1348     |    0    |    0    |
|          |      lshr_ln33_7_fu_1446     |    0    |    0    |
|          |      lshr_ln33_8_fu_1460     |    0    |    0    |
|          |      lshr_ln33_9_fu_1474     |    0    |    0    |
|----------|------------------------------|---------|---------|
|          |         or_ln_fu_1097        |    0    |    0    |
|          |      or_ln159_1_fu_1105      |    0    |    0    |
|          |      or_ln159_2_fu_1113      |    0    |    0    |
|          |      or_ln159_3_fu_1133      |    0    |    0    |
|bitconcatenate|        or_ln1_fu_1380        |    0    |    0    |
|          |      or_ln173_1_fu_1388      |    0    |    0    |
|          |      or_ln173_2_fu_1402      |    0    |    0    |
|          |        or_ln2_fu_1512        |    0    |    0    |
|          |      or_ln195_1_fu_1520      |    0    |    0    |
|          |      or_ln195_2_fu_1534      |    0    |    0    |
|----------|------------------------------|---------|---------|
|  switch  |     switch_ln162_fu_1171     |    0    |    0    |
|----------|------------------------------|---------|---------|
|   Total  |                              |    0    |   1144  |
|----------|------------------------------|---------|---------|

Memories:
N/A

* Register list:
+--------------------+--------+
|                    |   FF   |
+--------------------+--------+
|   K_addr_reg_1828  |    6   |
|     b_reg_1784     |   32   |
|     c_reg_1777     |   32   |
|    d_3_reg_1770    |   32   |
|     d_reg_1622     |   32   |
|     f_reg_1763     |   32   |
|     g_reg_1756     |   32   |
|    h_3_reg_1749    |   32   |
|     h_reg_1614     |   32   |
|    i_1_reg_1630    |    7   |
| icmp_ln133_reg_1791|    1   |
| icmp_ln138_reg_1799|    1   |
|trunc_ln133_reg_1795|    4   |
|    w_33_reg_1644   |   32   |
|    w_34_reg_1651   |   32   |
|    w_35_reg_1658   |   32   |
|    w_36_reg_1665   |   32   |
|    w_37_reg_1672   |   32   |
|    w_38_reg_1679   |   32   |
|    w_39_reg_1686   |   32   |
|    w_40_reg_1693   |   32   |
|    w_41_reg_1700   |   32   |
|    w_42_reg_1707   |   32   |
|    w_43_reg_1714   |   32   |
|    w_44_reg_1721   |   32   |
|    w_45_reg_1728   |   32   |
|    w_46_reg_1735   |   32   |
|    w_47_reg_1742   |   32   |
|     w_reg_1637     |   32   |
|    wt_2_reg_473    |   32   |
|    wt_5_reg_1803   |   32   |
|     wt_reg_1823    |   32   |
+--------------------+--------+
|        Total       |   883  |
+--------------------+--------+

* Multiplexer (MUX) list: 
|-------------------|------|------|------|--------||---------||---------||---------|
|        Comp       |  Pin | Size |  BW  | S x BW ||  Delay  ||    FF   ||   LUT   |
|-------------------|------|------|------|--------||---------||---------||---------|
| grp_access_fu_467 |  p0  |   2  |   6  |   12   ||    0    ||    9    |
|-------------------|------|------|------|--------||---------||---------||---------|
|       Total       |      |      |      |   12   ||  0.427  ||    0    ||    9    |
|-------------------|------|------|------|--------||---------||---------||---------|



* Summary:
+-----------+--------+--------+--------+
|           |  Delay |   FF   |   LUT  |
+-----------+--------+--------+--------+
|  Function |    -   |    0   |  1144  |
|   Memory  |    -   |    -   |    -   |
|Multiplexer|    0   |    0   |    9   |
|  Register |    -   |   883  |    -   |
+-----------+--------+--------+--------+
|   Total   |    0   |   883  |  1153  |
+-----------+--------+--------+--------+
