

================================================================
== Vitis HLS Report for 'sha256_compress_words_Pipeline_LOAD_INITIAL_WORDS'
================================================================
* Date:           Mon Aug  3 02:09:58 2026

* Version:        2025.2 (Build 6295257 on Nov 14 2025)
* Project:        mine
* Solution:       hls (Vitis Kernel Flow Target)
* Product family: zynquplus
* Target device:  xck26-sfvc784-2LV-c


================================================================
== Performance Estimates
================================================================
+ Timing: 
    * Summary: 
    +--------+---------+----------+------------+
    |  Clock |  Target | Estimated| Uncertainty|
    +--------+---------+----------+------------+
    |ap_clk  |  5.00 ns|  1.643 ns|     1.35 ns|
    +--------+---------+----------+------------+

+ Latency: 
    * Summary: 
    +---------+---------+-----------+-----------+-----+-----+-------------------+
    |  Latency (cycles) |   Latency (absolute)  |  Interval |      Pipeline     |
    |   min   |   max   |    min    |    max    | min | max |        Type       |
    +---------+---------+-----------+-----------+-----+-----+-------------------+
    |       18|       18|  90.000 ns|  90.000 ns|    0|    0|  loop pipeline stp|
    +---------+---------+-----------+-----------+-----+-----+-------------------+

    + Detail: 
        * Instance: 
        N/A

        * Loop: 
        +----------------------+---------+---------+----------+-----------+-----------+------+----------+
        |                      |  Latency (cycles) | Iteration|  Initiation Interval  | Trip |          |
        |       Loop Name      |   min   |   max   |  Latency |  achieved |   target  | Count| Pipelined|
        +----------------------+---------+---------+----------+-----------+-----------+------+----------+
        |- LOAD_INITIAL_WORDS  |       16|       16|         1|          1|          1|    16|       yes|
        +----------------------+---------+---------+----------+-----------+-----------+------+----------+

============================================================
+ Verbose Summary: Synthesis Manager
============================================================
InlineROM: 1
ExposeGlobal: 0
============================================================
+ Verbose Summary: CDFG Model
============================================================
IsTopModel: 0
ResetActiveHigh: 1
IsCombinational: 0
IsDatapathOnly: 0
HasWiredReturn: 1
HasMFsm: 2
HasVarLatency: 1
IsPipeline: 0
IsRtlPipelined: 0
IsInstanceOverlapped: 0
IsDontTouch: 0
HasImplIP: 0
IsGatedGlobalClock: 0

+ Individual pipeline summary: 
  * Pipeline-0: initiation interval (II) = 1, depth = 1


============================================================
+ Verbose Summary: Schedule
============================================================
* Number of FSM states : 1
* Pipeline : 1
  Pipeline-0 : II = 1, D = 1, States = { 1 }
* Dataflow Pipeline: 0

* FSM state transitions: 
1 --> 

* FSM state operations: 

State 1 <SV = 0> <Delay = 1.64>
ST_1 : Operation 4 [1/1] (0.00ns)   --->   "%i = alloca i32 1" [dylan-hls/mine.cpp:118]   --->   Operation 4 'alloca' 'i' <Predicate = true> <Delay = 0.00>
ST_1 : Operation 5 [1/1] (0.00ns)   --->   "%w = alloca i32 1" [dylan-hls/mine.cpp:114]   --->   Operation 5 'alloca' 'w' <Predicate = true> <Delay = 0.00>
ST_1 : Operation 6 [1/1] (0.00ns)   --->   "%w_17 = alloca i32 1" [dylan-hls/mine.cpp:114]   --->   Operation 6 'alloca' 'w_17' <Predicate = true> <Delay = 0.00>
ST_1 : Operation 7 [1/1] (0.00ns)   --->   "%w_18 = alloca i32 1" [dylan-hls/mine.cpp:114]   --->   Operation 7 'alloca' 'w_18' <Predicate = true> <Delay = 0.00>
ST_1 : Operation 8 [1/1] (0.00ns)   --->   "%w_19 = alloca i32 1" [dylan-hls/mine.cpp:114]   --->   Operation 8 'alloca' 'w_19' <Predicate = true> <Delay = 0.00>
ST_1 : Operation 9 [1/1] (0.00ns)   --->   "%w_20 = alloca i32 1" [dylan-hls/mine.cpp:114]   --->   Operation 9 'alloca' 'w_20' <Predicate = true> <Delay = 0.00>
ST_1 : Operation 10 [1/1] (0.00ns)   --->   "%w_21 = alloca i32 1" [dylan-hls/mine.cpp:114]   --->   Operation 10 'alloca' 'w_21' <Predicate = true> <Delay = 0.00>
ST_1 : Operation 11 [1/1] (0.00ns)   --->   "%w_22 = alloca i32 1" [dylan-hls/mine.cpp:114]   --->   Operation 11 'alloca' 'w_22' <Predicate = true> <Delay = 0.00>
ST_1 : Operation 12 [1/1] (0.00ns)   --->   "%w_23 = alloca i32 1" [dylan-hls/mine.cpp:114]   --->   Operation 12 'alloca' 'w_23' <Predicate = true> <Delay = 0.00>
ST_1 : Operation 13 [1/1] (0.00ns)   --->   "%w_24 = alloca i32 1" [dylan-hls/mine.cpp:114]   --->   Operation 13 'alloca' 'w_24' <Predicate = true> <Delay = 0.00>
ST_1 : Operation 14 [1/1] (0.00ns)   --->   "%w_25 = alloca i32 1" [dylan-hls/mine.cpp:114]   --->   Operation 14 'alloca' 'w_25' <Predicate = true> <Delay = 0.00>
ST_1 : Operation 15 [1/1] (0.00ns)   --->   "%w_26 = alloca i32 1" [dylan-hls/mine.cpp:114]   --->   Operation 15 'alloca' 'w_26' <Predicate = true> <Delay = 0.00>
ST_1 : Operation 16 [1/1] (0.00ns)   --->   "%w_27 = alloca i32 1" [dylan-hls/mine.cpp:114]   --->   Operation 16 'alloca' 'w_27' <Predicate = true> <Delay = 0.00>
ST_1 : Operation 17 [1/1] (0.00ns)   --->   "%w_28 = alloca i32 1" [dylan-hls/mine.cpp:114]   --->   Operation 17 'alloca' 'w_28' <Predicate = true> <Delay = 0.00>
ST_1 : Operation 18 [1/1] (0.00ns)   --->   "%w_29 = alloca i32 1" [dylan-hls/mine.cpp:114]   --->   Operation 18 'alloca' 'w_29' <Predicate = true> <Delay = 0.00>
ST_1 : Operation 19 [1/1] (0.00ns)   --->   "%w_30 = alloca i32 1" [dylan-hls/mine.cpp:114]   --->   Operation 19 'alloca' 'w_30' <Predicate = true> <Delay = 0.00>
ST_1 : Operation 20 [1/1] (0.00ns)   --->   "%w_31 = alloca i32 1" [dylan-hls/mine.cpp:114]   --->   Operation 20 'alloca' 'w_31' <Predicate = true> <Delay = 0.00>
ST_1 : Operation 21 [1/1] (0.00ns)   --->   "%block_words_read_1 = read i10 @_ssdm_op_Read.ap_auto.i10, i10 %block_words_read_18"   --->   Operation 21 'read' 'block_words_read_1' <Predicate = true> <Delay = 0.00>
ST_1 : Operation 22 [1/1] (0.00ns)   --->   "%block_words_read_2 = read i32 @_ssdm_op_Read.ap_auto.i32, i32 %block_words_read_17"   --->   Operation 22 'read' 'block_words_read_2' <Predicate = true> <Delay = 0.00>
ST_1 : Operation 23 [1/1] (0.00ns)   --->   "%block_words_read_3 = read i32 @_ssdm_op_Read.ap_auto.i32, i32 %block_words_read_16"   --->   Operation 23 'read' 'block_words_read_3' <Predicate = true> <Delay = 0.00>
ST_1 : Operation 24 [1/1] (0.00ns)   --->   "%block_words_read_4 = read i32 @_ssdm_op_Read.ap_auto.i32, i32 %block_words_read_15"   --->   Operation 24 'read' 'block_words_read_4' <Predicate = true> <Delay = 0.00>
ST_1 : Operation 25 [1/1] (0.00ns)   --->   "%block_words_read_5 = read i32 @_ssdm_op_Read.ap_auto.i32, i32 %block_words_read_14"   --->   Operation 25 'read' 'block_words_read_5' <Predicate = true> <Delay = 0.00>
ST_1 : Operation 26 [1/1] (0.00ns)   --->   "%block_words_read_6 = read i32 @_ssdm_op_Read.ap_auto.i32, i32 %block_words_read_13"   --->   Operation 26 'read' 'block_words_read_6' <Predicate = true> <Delay = 0.00>
ST_1 : Operation 27 [1/1] (0.00ns)   --->   "%block_words_read_7 = read i32 @_ssdm_op_Read.ap_auto.i32, i32 %block_words_read_12"   --->   Operation 27 'read' 'block_words_read_7' <Predicate = true> <Delay = 0.00>
ST_1 : Operation 28 [1/1] (0.00ns)   --->   "%block_words_read_8 = read i32 @_ssdm_op_Read.ap_auto.i32, i32 %block_words_read_11"   --->   Operation 28 'read' 'block_words_read_8' <Predicate = true> <Delay = 0.00>
ST_1 : Operation 29 [1/1] (0.00ns)   --->   "%block_words_read_9 = read i32 @_ssdm_op_Read.ap_auto.i32, i32 %block_words_read_10"   --->   Operation 29 'read' 'block_words_read_9' <Predicate = true> <Delay = 0.00>
ST_1 : Operation 30 [1/1] (0.00ns)   --->   "%block_words_read_19 = read i32 @_ssdm_op_Read.ap_auto.i32, i32 %block_words_read"   --->   Operation 30 'read' 'block_words_read_19' <Predicate = true> <Delay = 0.00>
ST_1 : Operation 31 [1/1] (0.00ns)   --->   "%block_words_read_18_cast = zext i10 %block_words_read_1"   --->   Operation 31 'zext' 'block_words_read_18_cast' <Predicate = true> <Delay = 0.00>
ST_1 : Operation 32 [1/1] (0.42ns)   --->   "%store_ln118 = store i5 0, i5 %i" [dylan-hls/mine.cpp:118]   --->   Operation 32 'store' 'store_ln118' <Predicate = true> <Delay = 0.42>
ST_1 : Operation 33 [1/1] (0.00ns)   --->   "%br_ln0 = br void %for.inc"   --->   Operation 33 'br' 'br_ln0' <Predicate = true> <Delay = 0.00>
ST_1 : Operation 34 [1/1] (0.00ns)   --->   "%i_2 = load i5 %i" [dylan-hls/mine.cpp:118]   --->   Operation 34 'load' 'i_2' <Predicate = true> <Delay = 0.00>
ST_1 : Operation 35 [1/1] (0.78ns)   --->   "%icmp_ln118 = icmp_eq  i5 %i_2, i5 16" [dylan-hls/mine.cpp:118]   --->   Operation 35 'icmp' 'icmp_ln118' <Predicate = true> <Delay = 0.78> <CoreInst = "Cmp">   --->   Core 9 'Cmp' <Latency = 0> <II = 1> <Delay = 0.78> <FuncUnit> <Opcode : 'seteq' 'setne' 'setle' 'setge' 'setlt' 'setgt'> <InPorts = 2> <OutPorts = 1>
ST_1 : Operation 36 [1/1] (0.78ns)   --->   "%add_ln118 = add i5 %i_2, i5 1" [dylan-hls/mine.cpp:118]   --->   Operation 36 'add' 'add_ln118' <Predicate = true> <Delay = 0.78> <CoreInst = "Adder">   --->   Core 1 'Adder' <Latency = 0> <II = 1> <Delay = 0.78> <FuncUnit> <Opcode : 'add' 'sub'> <InPorts = 2> <OutPorts = 1>
ST_1 : Operation 37 [1/1] (0.00ns)   --->   "%br_ln118 = br i1 %icmp_ln118, void %for.inc.split, void %for.body15.preheader.exitStub" [dylan-hls/mine.cpp:118]   --->   Operation 37 'br' 'br_ln118' <Predicate = true> <Delay = 0.00>
ST_1 : Operation 38 [1/1] (0.00ns)   --->   "%trunc_ln118 = trunc i5 %i_2" [dylan-hls/mine.cpp:118]   --->   Operation 38 'trunc' 'trunc_ln118' <Predicate = (!icmp_ln118)> <Delay = 0.00>
ST_1 : Operation 39 [1/1] (0.00ns)   --->   "%specpipeline_ln119 = specpipeline void @_ssdm_op_SpecPipeline, i32 1, i32 0, i32 0, i32 0, i32 4294967295, void @empty" [dylan-hls/mine.cpp:119]   --->   Operation 39 'specpipeline' 'specpipeline_ln119' <Predicate = (!icmp_ln118)> <Delay = 0.00>
ST_1 : Operation 40 [1/1] (0.00ns)   --->   "%speclooptripcount_ln114 = speclooptripcount void @_ssdm_op_SpecLoopTripCount, i64 16, i64 16, i64 16" [dylan-hls/mine.cpp:114]   --->   Operation 40 'speclooptripcount' 'speclooptripcount_ln114' <Predicate = (!icmp_ln118)> <Delay = 0.00>
ST_1 : Operation 41 [1/1] (0.00ns)   --->   "%specloopname_ln118 = specloopname void @_ssdm_op_SpecLoopName, void @empty_24" [dylan-hls/mine.cpp:118]   --->   Operation 41 'specloopname' 'specloopname_ln118' <Predicate = (!icmp_ln118)> <Delay = 0.00>
ST_1 : Operation 42 [1/1] (0.48ns)   --->   "%w_32 = sparsemux i32 @_ssdm_op_SparseMux.ap_auto.16i32.i32.i4, i4 0, i32 %block_words_read_19, i4 1, i32 %block_words_read_9, i4 2, i32 %block_words_read_8, i4 3, i32 %block_words_read_7, i4 4, i32 %block_words_read_6, i4 5, i32 %block_words_read_5, i4 6, i32 %block_words_read_4, i4 7, i32 %block_words_read_3, i4 8, i32 %block_words_read_2, i4 9, i32 0, i4 10, i32 0, i4 11, i32 0, i4 12, i32 0, i4 13, i32 0, i4 14, i32 0, i4 15, i32 %block_words_read_18_cast, i32 0, i4 %trunc_ln118" [dylan-hls/mine.cpp:120]   --->   Operation 42 'sparsemux' 'w_32' <Predicate = (!icmp_ln118)> <Delay = 0.48> <CoreInst = "BinarySparseMux_DontCare">   --->   Core 149 'BinarySparseMux_DontCare' <Latency = 0> <II = 1> <Delay = 0.48> <FuncUnit> <Opcode : 'sparsemux'> <InPorts = 2> <OutPorts = 1>
ST_1 : Operation 43 [1/1] (0.79ns)   --->   "%switch_ln120 = switch i4 %trunc_ln118, void %arrayidx2.case.15, i4 0, void %arrayidx2.case.0, i4 1, void %arrayidx2.case.1, i4 2, void %arrayidx2.case.2, i4 3, void %arrayidx2.case.3, i4 4, void %arrayidx2.case.4, i4 5, void %arrayidx2.case.5, i4 6, void %arrayidx2.case.6, i4 7, void %arrayidx2.case.7, i4 8, void %arrayidx2.case.8, i4 9, void %arrayidx2.case.9, i4 10, void %arrayidx2.case.10, i4 11, void %arrayidx2.case.11, i4 12, void %arrayidx2.case.12, i4 13, void %arrayidx2.case.13, i4 14, void %for.inc.split.arrayidx2.exit_crit_edge" [dylan-hls/mine.cpp:120]   --->   Operation 43 'switch' 'switch_ln120' <Predicate = (!icmp_ln118)> <Delay = 0.79>
ST_1 : Operation 44 [1/1] (0.00ns)   --->   "%store_ln114 = store i32 %w_32, i32 %w_30" [dylan-hls/mine.cpp:114]   --->   Operation 44 'store' 'store_ln114' <Predicate = (!icmp_ln118 & trunc_ln118 == 14)> <Delay = 0.00>
ST_1 : Operation 45 [1/1] (0.00ns)   --->   "%br_ln120 = br void %arrayidx2.exit" [dylan-hls/mine.cpp:120]   --->   Operation 45 'br' 'br_ln120' <Predicate = (!icmp_ln118 & trunc_ln118 == 14)> <Delay = 0.00>
ST_1 : Operation 46 [1/1] (0.00ns)   --->   "%store_ln114 = store i32 %w_32, i32 %w_29" [dylan-hls/mine.cpp:114]   --->   Operation 46 'store' 'store_ln114' <Predicate = (!icmp_ln118 & trunc_ln118 == 13)> <Delay = 0.00>
ST_1 : Operation 47 [1/1] (0.00ns)   --->   "%br_ln120 = br void %arrayidx2.exit" [dylan-hls/mine.cpp:120]   --->   Operation 47 'br' 'br_ln120' <Predicate = (!icmp_ln118 & trunc_ln118 == 13)> <Delay = 0.00>
ST_1 : Operation 48 [1/1] (0.00ns)   --->   "%store_ln114 = store i32 %w_32, i32 %w_28" [dylan-hls/mine.cpp:114]   --->   Operation 48 'store' 'store_ln114' <Predicate = (!icmp_ln118 & trunc_ln118 == 12)> <Delay = 0.00>
ST_1 : Operation 49 [1/1] (0.00ns)   --->   "%br_ln120 = br void %arrayidx2.exit" [dylan-hls/mine.cpp:120]   --->   Operation 49 'br' 'br_ln120' <Predicate = (!icmp_ln118 & trunc_ln118 == 12)> <Delay = 0.00>
ST_1 : Operation 50 [1/1] (0.00ns)   --->   "%store_ln114 = store i32 %w_32, i32 %w_27" [dylan-hls/mine.cpp:114]   --->   Operation 50 'store' 'store_ln114' <Predicate = (!icmp_ln118 & trunc_ln118 == 11)> <Delay = 0.00>
ST_1 : Operation 51 [1/1] (0.00ns)   --->   "%br_ln120 = br void %arrayidx2.exit" [dylan-hls/mine.cpp:120]   --->   Operation 51 'br' 'br_ln120' <Predicate = (!icmp_ln118 & trunc_ln118 == 11)> <Delay = 0.00>
ST_1 : Operation 52 [1/1] (0.00ns)   --->   "%store_ln114 = store i32 %w_32, i32 %w_26" [dylan-hls/mine.cpp:114]   --->   Operation 52 'store' 'store_ln114' <Predicate = (!icmp_ln118 & trunc_ln118 == 10)> <Delay = 0.00>
ST_1 : Operation 53 [1/1] (0.00ns)   --->   "%br_ln120 = br void %arrayidx2.exit" [dylan-hls/mine.cpp:120]   --->   Operation 53 'br' 'br_ln120' <Predicate = (!icmp_ln118 & trunc_ln118 == 10)> <Delay = 0.00>
ST_1 : Operation 54 [1/1] (0.00ns)   --->   "%store_ln114 = store i32 %w_32, i32 %w_25" [dylan-hls/mine.cpp:114]   --->   Operation 54 'store' 'store_ln114' <Predicate = (!icmp_ln118 & trunc_ln118 == 9)> <Delay = 0.00>
ST_1 : Operation 55 [1/1] (0.00ns)   --->   "%br_ln120 = br void %arrayidx2.exit" [dylan-hls/mine.cpp:120]   --->   Operation 55 'br' 'br_ln120' <Predicate = (!icmp_ln118 & trunc_ln118 == 9)> <Delay = 0.00>
ST_1 : Operation 56 [1/1] (0.00ns)   --->   "%store_ln114 = store i32 %w_32, i32 %w_24" [dylan-hls/mine.cpp:114]   --->   Operation 56 'store' 'store_ln114' <Predicate = (!icmp_ln118 & trunc_ln118 == 8)> <Delay = 0.00>
ST_1 : Operation 57 [1/1] (0.00ns)   --->   "%br_ln120 = br void %arrayidx2.exit" [dylan-hls/mine.cpp:120]   --->   Operation 57 'br' 'br_ln120' <Predicate = (!icmp_ln118 & trunc_ln118 == 8)> <Delay = 0.00>
ST_1 : Operation 58 [1/1] (0.00ns)   --->   "%store_ln114 = store i32 %w_32, i32 %w_23" [dylan-hls/mine.cpp:114]   --->   Operation 58 'store' 'store_ln114' <Predicate = (!icmp_ln118 & trunc_ln118 == 7)> <Delay = 0.00>
ST_1 : Operation 59 [1/1] (0.00ns)   --->   "%br_ln120 = br void %arrayidx2.exit" [dylan-hls/mine.cpp:120]   --->   Operation 59 'br' 'br_ln120' <Predicate = (!icmp_ln118 & trunc_ln118 == 7)> <Delay = 0.00>
ST_1 : Operation 60 [1/1] (0.00ns)   --->   "%store_ln114 = store i32 %w_32, i32 %w_22" [dylan-hls/mine.cpp:114]   --->   Operation 60 'store' 'store_ln114' <Predicate = (!icmp_ln118 & trunc_ln118 == 6)> <Delay = 0.00>
ST_1 : Operation 61 [1/1] (0.00ns)   --->   "%br_ln120 = br void %arrayidx2.exit" [dylan-hls/mine.cpp:120]   --->   Operation 61 'br' 'br_ln120' <Predicate = (!icmp_ln118 & trunc_ln118 == 6)> <Delay = 0.00>
ST_1 : Operation 62 [1/1] (0.00ns)   --->   "%store_ln114 = store i32 %w_32, i32 %w_21" [dylan-hls/mine.cpp:114]   --->   Operation 62 'store' 'store_ln114' <Predicate = (!icmp_ln118 & trunc_ln118 == 5)> <Delay = 0.00>
ST_1 : Operation 63 [1/1] (0.00ns)   --->   "%br_ln120 = br void %arrayidx2.exit" [dylan-hls/mine.cpp:120]   --->   Operation 63 'br' 'br_ln120' <Predicate = (!icmp_ln118 & trunc_ln118 == 5)> <Delay = 0.00>
ST_1 : Operation 64 [1/1] (0.00ns)   --->   "%store_ln114 = store i32 %w_32, i32 %w_20" [dylan-hls/mine.cpp:114]   --->   Operation 64 'store' 'store_ln114' <Predicate = (!icmp_ln118 & trunc_ln118 == 4)> <Delay = 0.00>
ST_1 : Operation 65 [1/1] (0.00ns)   --->   "%br_ln120 = br void %arrayidx2.exit" [dylan-hls/mine.cpp:120]   --->   Operation 65 'br' 'br_ln120' <Predicate = (!icmp_ln118 & trunc_ln118 == 4)> <Delay = 0.00>
ST_1 : Operation 66 [1/1] (0.00ns)   --->   "%store_ln114 = store i32 %w_32, i32 %w_19" [dylan-hls/mine.cpp:114]   --->   Operation 66 'store' 'store_ln114' <Predicate = (!icmp_ln118 & trunc_ln118 == 3)> <Delay = 0.00>
ST_1 : Operation 67 [1/1] (0.00ns)   --->   "%br_ln120 = br void %arrayidx2.exit" [dylan-hls/mine.cpp:120]   --->   Operation 67 'br' 'br_ln120' <Predicate = (!icmp_ln118 & trunc_ln118 == 3)> <Delay = 0.00>
ST_1 : Operation 68 [1/1] (0.00ns)   --->   "%store_ln114 = store i32 %w_32, i32 %w_18" [dylan-hls/mine.cpp:114]   --->   Operation 68 'store' 'store_ln114' <Predicate = (!icmp_ln118 & trunc_ln118 == 2)> <Delay = 0.00>
ST_1 : Operation 69 [1/1] (0.00ns)   --->   "%br_ln120 = br void %arrayidx2.exit" [dylan-hls/mine.cpp:120]   --->   Operation 69 'br' 'br_ln120' <Predicate = (!icmp_ln118 & trunc_ln118 == 2)> <Delay = 0.00>
ST_1 : Operation 70 [1/1] (0.00ns)   --->   "%store_ln114 = store i32 %w_32, i32 %w_17" [dylan-hls/mine.cpp:114]   --->   Operation 70 'store' 'store_ln114' <Predicate = (!icmp_ln118 & trunc_ln118 == 1)> <Delay = 0.00>
ST_1 : Operation 71 [1/1] (0.00ns)   --->   "%br_ln120 = br void %arrayidx2.exit" [dylan-hls/mine.cpp:120]   --->   Operation 71 'br' 'br_ln120' <Predicate = (!icmp_ln118 & trunc_ln118 == 1)> <Delay = 0.00>
ST_1 : Operation 72 [1/1] (0.00ns)   --->   "%store_ln114 = store i32 %w_32, i32 %w" [dylan-hls/mine.cpp:114]   --->   Operation 72 'store' 'store_ln114' <Predicate = (!icmp_ln118 & trunc_ln118 == 0)> <Delay = 0.00>
ST_1 : Operation 73 [1/1] (0.00ns)   --->   "%br_ln120 = br void %arrayidx2.exit" [dylan-hls/mine.cpp:120]   --->   Operation 73 'br' 'br_ln120' <Predicate = (!icmp_ln118 & trunc_ln118 == 0)> <Delay = 0.00>
ST_1 : Operation 74 [1/1] (0.00ns)   --->   "%store_ln114 = store i32 %w_32, i32 %w_31" [dylan-hls/mine.cpp:114]   --->   Operation 74 'store' 'store_ln114' <Predicate = (!icmp_ln118 & trunc_ln118 == 15)> <Delay = 0.00>
ST_1 : Operation 75 [1/1] (0.00ns)   --->   "%br_ln120 = br void %arrayidx2.exit" [dylan-hls/mine.cpp:120]   --->   Operation 75 'br' 'br_ln120' <Predicate = (!icmp_ln118 & trunc_ln118 == 15)> <Delay = 0.00>
ST_1 : Operation 76 [1/1] (0.42ns)   --->   "%store_ln118 = store i5 %add_ln118, i5 %i" [dylan-hls/mine.cpp:118]   --->   Operation 76 'store' 'store_ln118' <Predicate = (!icmp_ln118)> <Delay = 0.42>
ST_1 : Operation 77 [1/1] (0.00ns)   --->   "%br_ln118 = br void %for.inc" [dylan-hls/mine.cpp:118]   --->   Operation 77 'br' 'br_ln118' <Predicate = (!icmp_ln118)> <Delay = 0.00>
ST_1 : Operation 78 [1/1] (0.00ns)   --->   "%w_load = load i32 %w"   --->   Operation 78 'load' 'w_load' <Predicate = (icmp_ln118)> <Delay = 0.00>
ST_1 : Operation 79 [1/1] (0.00ns)   --->   "%w_17_load = load i32 %w_17"   --->   Operation 79 'load' 'w_17_load' <Predicate = (icmp_ln118)> <Delay = 0.00>
ST_1 : Operation 80 [1/1] (0.00ns)   --->   "%w_18_load = load i32 %w_18"   --->   Operation 80 'load' 'w_18_load' <Predicate = (icmp_ln118)> <Delay = 0.00>
ST_1 : Operation 81 [1/1] (0.00ns)   --->   "%w_19_load = load i32 %w_19"   --->   Operation 81 'load' 'w_19_load' <Predicate = (icmp_ln118)> <Delay = 0.00>
ST_1 : Operation 82 [1/1] (0.00ns)   --->   "%w_20_load = load i32 %w_20"   --->   Operation 82 'load' 'w_20_load' <Predicate = (icmp_ln118)> <Delay = 0.00>
ST_1 : Operation 83 [1/1] (0.00ns)   --->   "%w_21_load = load i32 %w_21"   --->   Operation 83 'load' 'w_21_load' <Predicate = (icmp_ln118)> <Delay = 0.00>
ST_1 : Operation 84 [1/1] (0.00ns)   --->   "%w_22_load = load i32 %w_22"   --->   Operation 84 'load' 'w_22_load' <Predicate = (icmp_ln118)> <Delay = 0.00>
ST_1 : Operation 85 [1/1] (0.00ns)   --->   "%w_23_load = load i32 %w_23"   --->   Operation 85 'load' 'w_23_load' <Predicate = (icmp_ln118)> <Delay = 0.00>
ST_1 : Operation 86 [1/1] (0.00ns)   --->   "%w_24_load = load i32 %w_24"   --->   Operation 86 'load' 'w_24_load' <Predicate = (icmp_ln118)> <Delay = 0.00>
ST_1 : Operation 87 [1/1] (0.00ns)   --->   "%w_25_load = load i32 %w_25"   --->   Operation 87 'load' 'w_25_load' <Predicate = (icmp_ln118)> <Delay = 0.00>
ST_1 : Operation 88 [1/1] (0.00ns)   --->   "%w_26_load = load i32 %w_26"   --->   Operation 88 'load' 'w_26_load' <Predicate = (icmp_ln118)> <Delay = 0.00>
ST_1 : Operation 89 [1/1] (0.00ns)   --->   "%w_27_load = load i32 %w_27"   --->   Operation 89 'load' 'w_27_load' <Predicate = (icmp_ln118)> <Delay = 0.00>
ST_1 : Operation 90 [1/1] (0.00ns)   --->   "%w_28_load = load i32 %w_28"   --->   Operation 90 'load' 'w_28_load' <Predicate = (icmp_ln118)> <Delay = 0.00>
ST_1 : Operation 91 [1/1] (0.00ns)   --->   "%w_29_load = load i32 %w_29"   --->   Operation 91 'load' 'w_29_load' <Predicate = (icmp_ln118)> <Delay = 0.00>
ST_1 : Operation 92 [1/1] (0.00ns)   --->   "%w_30_load = load i32 %w_30"   --->   Operation 92 'load' 'w_30_load' <Predicate = (icmp_ln118)> <Delay = 0.00>
ST_1 : Operation 93 [1/1] (0.00ns)   --->   "%w_31_load = load i32 %w_31"   --->   Operation 93 'load' 'w_31_load' <Predicate = (icmp_ln118)> <Delay = 0.00>
ST_1 : Operation 94 [1/1] (0.00ns)   --->   "%write_ln0 = write void @_ssdm_op_Write.ap_auto.i32P0A, i32 %w_80_out, i32 %w_31_load"   --->   Operation 94 'write' 'write_ln0' <Predicate = (icmp_ln118)> <Delay = 0.00>
ST_1 : Operation 95 [1/1] (0.00ns)   --->   "%write_ln0 = write void @_ssdm_op_Write.ap_auto.i32P0A, i32 %w_79_out, i32 %w_30_load"   --->   Operation 95 'write' 'write_ln0' <Predicate = (icmp_ln118)> <Delay = 0.00>
ST_1 : Operation 96 [1/1] (0.00ns)   --->   "%write_ln0 = write void @_ssdm_op_Write.ap_auto.i32P0A, i32 %w_78_out, i32 %w_29_load"   --->   Operation 96 'write' 'write_ln0' <Predicate = (icmp_ln118)> <Delay = 0.00>
ST_1 : Operation 97 [1/1] (0.00ns)   --->   "%write_ln0 = write void @_ssdm_op_Write.ap_auto.i32P0A, i32 %w_77_out, i32 %w_28_load"   --->   Operation 97 'write' 'write_ln0' <Predicate = (icmp_ln118)> <Delay = 0.00>
ST_1 : Operation 98 [1/1] (0.00ns)   --->   "%write_ln0 = write void @_ssdm_op_Write.ap_auto.i32P0A, i32 %w_76_out, i32 %w_27_load"   --->   Operation 98 'write' 'write_ln0' <Predicate = (icmp_ln118)> <Delay = 0.00>
ST_1 : Operation 99 [1/1] (0.00ns)   --->   "%write_ln0 = write void @_ssdm_op_Write.ap_auto.i32P0A, i32 %w_75_out, i32 %w_26_load"   --->   Operation 99 'write' 'write_ln0' <Predicate = (icmp_ln118)> <Delay = 0.00>
ST_1 : Operation 100 [1/1] (0.00ns)   --->   "%write_ln0 = write void @_ssdm_op_Write.ap_auto.i32P0A, i32 %w_74_out, i32 %w_25_load"   --->   Operation 100 'write' 'write_ln0' <Predicate = (icmp_ln118)> <Delay = 0.00>
ST_1 : Operation 101 [1/1] (0.00ns)   --->   "%write_ln0 = write void @_ssdm_op_Write.ap_auto.i32P0A, i32 %w_73_out, i32 %w_24_load"   --->   Operation 101 'write' 'write_ln0' <Predicate = (icmp_ln118)> <Delay = 0.00>
ST_1 : Operation 102 [1/1] (0.00ns)   --->   "%write_ln0 = write void @_ssdm_op_Write.ap_auto.i32P0A, i32 %w_72_out, i32 %w_23_load"   --->   Operation 102 'write' 'write_ln0' <Predicate = (icmp_ln118)> <Delay = 0.00>
ST_1 : Operation 103 [1/1] (0.00ns)   --->   "%write_ln0 = write void @_ssdm_op_Write.ap_auto.i32P0A, i32 %w_71_out, i32 %w_22_load"   --->   Operation 103 'write' 'write_ln0' <Predicate = (icmp_ln118)> <Delay = 0.00>
ST_1 : Operation 104 [1/1] (0.00ns)   --->   "%write_ln0 = write void @_ssdm_op_Write.ap_auto.i32P0A, i32 %w_70_out, i32 %w_21_load"   --->   Operation 104 'write' 'write_ln0' <Predicate = (icmp_ln118)> <Delay = 0.00>
ST_1 : Operation 105 [1/1] (0.00ns)   --->   "%write_ln0 = write void @_ssdm_op_Write.ap_auto.i32P0A, i32 %w_69_out, i32 %w_20_load"   --->   Operation 105 'write' 'write_ln0' <Predicate = (icmp_ln118)> <Delay = 0.00>
ST_1 : Operation 106 [1/1] (0.00ns)   --->   "%write_ln0 = write void @_ssdm_op_Write.ap_auto.i32P0A, i32 %w_68_out, i32 %w_19_load"   --->   Operation 106 'write' 'write_ln0' <Predicate = (icmp_ln118)> <Delay = 0.00>
ST_1 : Operation 107 [1/1] (0.00ns)   --->   "%write_ln0 = write void @_ssdm_op_Write.ap_auto.i32P0A, i32 %w_67_out, i32 %w_18_load"   --->   Operation 107 'write' 'write_ln0' <Predicate = (icmp_ln118)> <Delay = 0.00>
ST_1 : Operation 108 [1/1] (0.00ns)   --->   "%write_ln0 = write void @_ssdm_op_Write.ap_auto.i32P0A, i32 %w_66_out, i32 %w_17_load"   --->   Operation 108 'write' 'write_ln0' <Predicate = (icmp_ln118)> <Delay = 0.00>
ST_1 : Operation 109 [1/1] (0.00ns)   --->   "%write_ln0 = write void @_ssdm_op_Write.ap_auto.i32P0A, i32 %w_out, i32 %w_load"   --->   Operation 109 'write' 'write_ln0' <Predicate = (icmp_ln118)> <Delay = 0.00>
ST_1 : Operation 110 [1/1] (0.42ns)   --->   "%ret_ln0 = ret"   --->   Operation 110 'ret' 'ret_ln0' <Predicate = (icmp_ln118)> <Delay = 0.42>


============================================================
+ Verbose Summary: Binding
============================================================
STG Binding: 
---------------- STG Properties BEGIN ----------------
- Is combinational: 0
- Is one-state seq: 0
- Is datapath-only: 0
- Is pipelined: 0
- Is top level: 0
Port [ Return ] is wired: 1; IO mode=ap_ctrl_hs:ce=0
Port [ block_words_read]:  wired=1; compound=0; hidden=0; nouse=0; global=0; static=0; extern=0; dir=0; type=0; pingpong=0; private_global=0; IO mode=ap_none:ce=0
Port [ block_words_read_10]:  wired=1; compound=0; hidden=0; nouse=0; global=0; static=0; extern=0; dir=0; type=0; pingpong=0; private_global=0; IO mode=ap_none:ce=0
Port [ block_words_read_11]:  wired=1; compound=0; hidden=0; nouse=0; global=0; static=0; extern=0; dir=0; type=0; pingpong=0; private_global=0; IO mode=ap_none:ce=0
Port [ block_words_read_12]:  wired=1; compound=0; hidden=0; nouse=0; global=0; static=0; extern=0; dir=0; type=0; pingpong=0; private_global=0; IO mode=ap_none:ce=0
Port [ block_words_read_13]:  wired=1; compound=0; hidden=0; nouse=0; global=0; static=0; extern=0; dir=0; type=0; pingpong=0; private_global=0; IO mode=ap_none:ce=0
Port [ block_words_read_14]:  wired=1; compound=0; hidden=0; nouse=0; global=0; static=0; extern=0; dir=0; type=0; pingpong=0; private_global=0; IO mode=ap_none:ce=0
Port [ block_words_read_15]:  wired=1; compound=0; hidden=0; nouse=0; global=0; static=0; extern=0; dir=0; type=0; pingpong=0; private_global=0; IO mode=ap_none:ce=0
Port [ block_words_read_16]:  wired=1; compound=0; hidden=0; nouse=0; global=0; static=0; extern=0; dir=0; type=0; pingpong=0; private_global=0; IO mode=ap_none:ce=0
Port [ block_words_read_17]:  wired=1; compound=0; hidden=0; nouse=0; global=0; static=0; extern=0; dir=0; type=0; pingpong=0; private_global=0; IO mode=ap_none:ce=0
Port [ block_words_read_18]:  wired=1; compound=0; hidden=0; nouse=0; global=0; static=0; extern=0; dir=0; type=0; pingpong=0; private_global=0; IO mode=ap_none:ce=0
Port [ w_80_out]:  wired=1; compound=0; hidden=0; nouse=0; global=0; static=0; extern=0; dir=1; type=0; pingpong=0; private_global=0; IO mode=ap_vld:ce=0
Port [ w_79_out]:  wired=1; compound=0; hidden=0; nouse=0; global=0; static=0; extern=0; dir=1; type=0; pingpong=0; private_global=0; IO mode=ap_vld:ce=0
Port [ w_78_out]:  wired=1; compound=0; hidden=0; nouse=0; global=0; static=0; extern=0; dir=1; type=0; pingpong=0; private_global=0; IO mode=ap_vld:ce=0
Port [ w_77_out]:  wired=1; compound=0; hidden=0; nouse=0; global=0; static=0; extern=0; dir=1; type=0; pingpong=0; private_global=0; IO mode=ap_vld:ce=0
Port [ w_76_out]:  wired=1; compound=0; hidden=0; nouse=0; global=0; static=0; extern=0; dir=1; type=0; pingpong=0; private_global=0; IO mode=ap_vld:ce=0
Port [ w_75_out]:  wired=1; compound=0; hidden=0; nouse=0; global=0; static=0; extern=0; dir=1; type=0; pingpong=0; private_global=0; IO mode=ap_vld:ce=0
Port [ w_74_out]:  wired=1; compound=0; hidden=0; nouse=0; global=0; static=0; extern=0; dir=1; type=0; pingpong=0; private_global=0; IO mode=ap_vld:ce=0
Port [ w_73_out]:  wired=1; compound=0; hidden=0; nouse=0; global=0; static=0; extern=0; dir=1; type=0; pingpong=0; private_global=0; IO mode=ap_vld:ce=0
Port [ w_72_out]:  wired=1; compound=0; hidden=0; nouse=0; global=0; static=0; extern=0; dir=1; type=0; pingpong=0; private_global=0; IO mode=ap_vld:ce=0
Port [ w_71_out]:  wired=1; compound=0; hidden=0; nouse=0; global=0; static=0; extern=0; dir=1; type=0; pingpong=0; private_global=0; IO mode=ap_vld:ce=0
Port [ w_70_out]:  wired=1; compound=0; hidden=0; nouse=0; global=0; static=0; extern=0; dir=1; type=0; pingpong=0; private_global=0; IO mode=ap_vld:ce=0
Port [ w_69_out]:  wired=1; compound=0; hidden=0; nouse=0; global=0; static=0; extern=0; dir=1; type=0; pingpong=0; private_global=0; IO mode=ap_vld:ce=0
Port [ w_68_out]:  wired=1; compound=0; hidden=0; nouse=0; global=0; static=0; extern=0; dir=1; type=0; pingpong=0; private_global=0; IO mode=ap_vld:ce=0
Port [ w_67_out]:  wired=1; compound=0; hidden=0; nouse=0; global=0; static=0; extern=0; dir=1; type=0; pingpong=0; private_global=0; IO mode=ap_vld:ce=0
Port [ w_66_out]:  wired=1; compound=0; hidden=0; nouse=0; global=0; static=0; extern=0; dir=1; type=0; pingpong=0; private_global=0; IO mode=ap_vld:ce=0
Port [ w_out]:  wired=1; compound=0; hidden=0; nouse=0; global=0; static=0; extern=0; dir=1; type=0; pingpong=0; private_global=0; IO mode=ap_vld:ce=0
---------------- STG Properties END ------------------

---------------- Datapath Model BEGIN ----------------

<LifeTime>
<method=bitvector/>
i                        (alloca           ) [ 01]
w                        (alloca           ) [ 01]
w_17                     (alloca           ) [ 01]
w_18                     (alloca           ) [ 01]
w_19                     (alloca           ) [ 01]
w_20                     (alloca           ) [ 01]
w_21                     (alloca           ) [ 01]
w_22                     (alloca           ) [ 01]
w_23                     (alloca           ) [ 01]
w_24                     (alloca           ) [ 01]
w_25                     (alloca           ) [ 01]
w_26                     (alloca           ) [ 01]
w_27                     (alloca           ) [ 01]
w_28                     (alloca           ) [ 01]
w_29                     (alloca           ) [ 01]
w_30                     (alloca           ) [ 01]
w_31                     (alloca           ) [ 01]
block_words_read_1       (read             ) [ 00]
block_words_read_2       (read             ) [ 00]
block_words_read_3       (read             ) [ 00]
block_words_read_4       (read             ) [ 00]
block_words_read_5       (read             ) [ 00]
block_words_read_6       (read             ) [ 00]
block_words_read_7       (read             ) [ 00]
block_words_read_8       (read             ) [ 00]
block_words_read_9       (read             ) [ 00]
block_words_read_19      (read             ) [ 00]
block_words_read_18_cast (zext             ) [ 00]
store_ln118              (store            ) [ 00]
br_ln0                   (br               ) [ 00]
i_2                      (load             ) [ 00]
icmp_ln118               (icmp             ) [ 01]
add_ln118                (add              ) [ 00]
br_ln118                 (br               ) [ 00]
trunc_ln118              (trunc            ) [ 01]
specpipeline_ln119       (specpipeline     ) [ 00]
speclooptripcount_ln114  (speclooptripcount) [ 00]
specloopname_ln118       (specloopname     ) [ 00]
w_32                     (sparsemux        ) [ 00]
switch_ln120             (switch           ) [ 00]
store_ln114              (store            ) [ 00]
br_ln120                 (br               ) [ 00]
store_ln114              (store            ) [ 00]
br_ln120                 (br               ) [ 00]
store_ln114              (store            ) [ 00]
br_ln120                 (br               ) [ 00]
store_ln114              (store            ) [ 00]
br_ln120                 (br               ) [ 00]
store_ln114              (store            ) [ 00]
br_ln120                 (br               ) [ 00]
store_ln114              (store            ) [ 00]
br_ln120                 (br               ) [ 00]
store_ln114              (store            ) [ 00]
br_ln120                 (br               ) [ 00]
store_ln114              (store            ) [ 00]
br_ln120                 (br               ) [ 00]
store_ln114              (store            ) [ 00]
br_ln120                 (br               ) [ 00]
store_ln114              (store            ) [ 00]
br_ln120                 (br               ) [ 00]
store_ln114              (store            ) [ 00]
br_ln120                 (br               ) [ 00]
store_ln114              (store            ) [ 00]
br_ln120                 (br               ) [ 00]
store_ln114              (store            ) [ 00]
br_ln120                 (br               ) [ 00]
store_ln114              (store            ) [ 00]
br_ln120                 (br               ) [ 00]
store_ln114              (store            ) [ 00]
br_ln120                 (br               ) [ 00]
store_ln114              (store            ) [ 00]
br_ln120                 (br               ) [ 00]
store_ln118              (store            ) [ 00]
br_ln118                 (br               ) [ 00]
w_load                   (load             ) [ 00]
w_17_load                (load             ) [ 00]
w_18_load                (load             ) [ 00]
w_19_load                (load             ) [ 00]
w_20_load                (load             ) [ 00]
w_21_load                (load             ) [ 00]
w_22_load                (load             ) [ 00]
w_23_load                (load             ) [ 00]
w_24_load                (load             ) [ 00]
w_25_load                (load             ) [ 00]
w_26_load                (load             ) [ 00]
w_27_load                (load             ) [ 00]
w_28_load                (load             ) [ 00]
w_29_load                (load             ) [ 00]
w_30_load                (load             ) [ 00]
w_31_load                (load             ) [ 00]
write_ln0                (write            ) [ 00]
write_ln0                (write            ) [ 00]
write_ln0                (write            ) [ 00]
write_ln0                (write            ) [ 00]
write_ln0                (write            ) [ 00]
write_ln0                (write            ) [ 00]
write_ln0                (write            ) [ 00]
write_ln0                (write            ) [ 00]
write_ln0                (write            ) [ 00]
write_ln0                (write            ) [ 00]
write_ln0                (write            ) [ 00]
write_ln0                (write            ) [ 00]
write_ln0                (write            ) [ 00]
write_ln0                (write            ) [ 00]
write_ln0                (write            ) [ 00]
write_ln0                (write            ) [ 00]
ret_ln0                  (ret              ) [ 00]
</LifeTime>

<model>

<comp_list>
<comp id="0" class="1000" name="block_words_read">
<pin_list>
<pin id="1" dir="1" index="0" bw="1" slack="0"/>
</pin_list>
<bind>
<StgValue><ssdm name="block_words_read"/></StgValue>
</bind>
</comp>

<comp id="2" class="1000" name="block_words_read_10">
<pin_list>
<pin id="3" dir="1" index="0" bw="1" slack="0"/>
</pin_list>
<bind>
<StgValue><ssdm name="block_words_read_10"/></StgValue>
</bind>
</comp>

<comp id="4" class="1000" name="block_words_read_11">
<pin_list>
<pin id="5" dir="1" index="0" bw="1" slack="0"/>
</pin_list>
<bind>
<StgValue><ssdm name="block_words_read_11"/></StgValue>
</bind>
</comp>

<comp id="6" class="1000" name="block_words_read_12">
<pin_list>
<pin id="7" dir="1" index="0" bw="1" slack="0"/>
</pin_list>
<bind>
<StgValue><ssdm name="block_words_read_12"/></StgValue>
</bind>
</comp>

<comp id="8" class="1000" name="block_words_read_13">
<pin_list>
<pin id="9" dir="1" index="0" bw="1" slack="0"/>
</pin_list>
<bind>
<StgValue><ssdm name="block_words_read_13"/></StgValue>
</bind>
</comp>

<comp id="10" class="1000" name="block_words_read_14">
<pin_list>
<pin id="11" dir="1" index="0" bw="1" slack="0"/>
</pin_list>
<bind>
<StgValue><ssdm name="block_words_read_14"/></StgValue>
</bind>
</comp>

<comp id="12" class="1000" name="block_words_read_15">
<pin_list>
<pin id="13" dir="1" index="0" bw="1" slack="0"/>
</pin_list>
<bind>
<StgValue><ssdm name="block_words_read_15"/></StgValue>
</bind>
</comp>

<comp id="14" class="1000" name="block_words_read_16">
<pin_list>
<pin id="15" dir="1" index="0" bw="1" slack="0"/>
</pin_list>
<bind>
<StgValue><ssdm name="block_words_read_16"/></StgValue>
</bind>
</comp>

<comp id="16" class="1000" name="block_words_read_17">
<pin_list>
<pin id="17" dir="1" index="0" bw="1" slack="0"/>
</pin_list>
<bind>
<StgValue><ssdm name="block_words_read_17"/></StgValue>
</bind>
</comp>

<comp id="18" class="1000" name="block_words_read_18">
<pin_list>
<pin id="19" dir="1" index="0" bw="1" slack="0"/>
</pin_list>
<bind>
<StgValue><ssdm name="block_words_read_18"/></StgValue>
</bind>
</comp>

<comp id="20" class="1000" name="w_80_out">
<pin_list>
<pin id="21" dir="1" index="0" bw="1" slack="0"/>
</pin_list>
<bind>
<StgValue><ssdm name="w_80_out"/></StgValue>
</bind>
</comp>

<comp id="22" class="1000" name="w_79_out">
<pin_list>
<pin id="23" dir="1" index="0" bw="1" slack="0"/>
</pin_list>
<bind>
<StgValue><ssdm name="w_79_out"/></StgValue>
</bind>
</comp>

<comp id="24" class="1000" name="w_78_out">
<pin_list>
<pin id="25" dir="1" index="0" bw="1" slack="0"/>
</pin_list>
<bind>
<StgValue><ssdm name="w_78_out"/></StgValue>
</bind>
</comp>

<comp id="26" class="1000" name="w_77_out">
<pin_list>
<pin id="27" dir="1" index="0" bw="1" slack="0"/>
</pin_list>
<bind>
<StgValue><ssdm name="w_77_out"/></StgValue>
</bind>
</comp>

<comp id="28" class="1000" name="w_76_out">
<pin_list>
<pin id="29" dir="1" index="0" bw="1" slack="0"/>
</pin_list>
<bind>
<StgValue><ssdm name="w_76_out"/></StgValue>
</bind>
</comp>

<comp id="30" class="1000" name="w_75_out">
<pin_list>
<pin id="31" dir="1" index="0" bw="1" slack="0"/>
</pin_list>
<bind>
<StgValue><ssdm name="w_75_out"/></StgValue>
</bind>
</comp>

<comp id="32" class="1000" name="w_74_out">
<pin_list>
<pin id="33" dir="1" index="0" bw="1" slack="0"/>
</pin_list>
<bind>
<StgValue><ssdm name="w_74_out"/></StgValue>
</bind>
</comp>

<comp id="34" class="1000" name="w_73_out">
<pin_list>
<pin id="35" dir="1" index="0" bw="1" slack="0"/>
</pin_list>
<bind>
<StgValue><ssdm name="w_73_out"/></StgValue>
</bind>
</comp>

<comp id="36" class="1000" name="w_72_out">
<pin_list>
<pin id="37" dir="1" index="0" bw="1" slack="0"/>
</pin_list>
<bind>
<StgValue><ssdm name="w_72_out"/></StgValue>
</bind>
</comp>

<comp id="38" class="1000" name="w_71_out">
<pin_list>
<pin id="39" dir="1" index="0" bw="1" slack="0"/>
</pin_list>
<bind>
<StgValue><ssdm name="w_71_out"/></StgValue>
</bind>
</comp>

<comp id="40" class="1000" name="w_70_out">
<pin_list>
<pin id="41" dir="1" index="0" bw="1" slack="0"/>
</pin_list>
<bind>
<StgValue><ssdm name="w_70_out"/></StgValue>
</bind>
</comp>

<comp id="42" class="1000" name="w_69_out">
<pin_list>
<pin id="43" dir="1" index="0" bw="1" slack="0"/>
</pin_list>
<bind>
<StgValue><ssdm name="w_69_out"/></StgValue>
</bind>
</comp>

<comp id="44" class="1000" name="w_68_out">
<pin_list>
<pin id="45" dir="1" index="0" bw="1" slack="0"/>
</pin_list>
<bind>
<StgValue><ssdm name="w_68_out"/></StgValue>
</bind>
</comp>

<comp id="46" class="1000" name="w_67_out">
<pin_list>
<pin id="47" dir="1" index="0" bw="1" slack="0"/>
</pin_list>
<bind>
<StgValue><ssdm name="w_67_out"/></StgValue>
</bind>
</comp>

<comp id="48" class="1000" name="w_66_out">
<pin_list>
<pin id="49" dir="1" index="0" bw="1" slack="0"/>
</pin_list>
<bind>
<StgValue><ssdm name="w_66_out"/></StgValue>
</bind>
</comp>

<comp id="50" class="1000" name="w_out">
<pin_list>
<pin id="51" dir="1" index="0" bw="1" slack="0"/>
</pin_list>
<bind>
<StgValue><ssdm name="w_out"/></StgValue>
</bind>
</comp>

<comp id="52" class="1001" name="const_52">
<pin_list>
<pin id="53" dir="1" index="0" bw="1" slack="0"/>
</pin_list>
<bind>
<StgValue><ssdm name=""/></StgValue>
</bind>
</comp>

<comp id="54" class="1001" name="const_54">
<pin_list>
<pin id="55" dir="1" index="0" bw="1" slack="0"/>
</pin_list>
<bind>
<StgValue><ssdm name="_ssdm_op_Read.ap_auto.i10"/></StgValue>
</bind>
</comp>

<comp id="56" class="1001" name="const_56">
<pin_list>
<pin id="57" dir="1" index="0" bw="1" slack="0"/>
</pin_list>
<bind>
<StgValue><ssdm name="_ssdm_op_Read.ap_auto.i32"/></StgValue>
</bind>
</comp>

<comp id="58" class="1001" name="const_58">
<pin_list>
<pin id="59" dir="1" index="0" bw="1" slack="0"/>
</pin_list>
<bind>
<StgValue><ssdm name=""/></StgValue>
</bind>
</comp>

<comp id="60" class="1001" name="const_60">
<pin_list>
<pin id="61" dir="1" index="0" bw="1" slack="0"/>
</pin_list>
<bind>
<StgValue><ssdm name=""/></StgValue>
</bind>
</comp>

<comp id="62" class="1001" name="const_62">
<pin_list>
<pin id="63" dir="1" index="0" bw="1" slack="0"/>
</pin_list>
<bind>
<StgValue><ssdm name=""/></StgValue>
</bind>
</comp>

<comp id="64" class="1001" name="const_64">
<pin_list>
<pin id="65" dir="1" index="0" bw="1" slack="2147483647"/>
</pin_list>
<bind>
<StgValue><ssdm name="_ssdm_op_SpecPipeline"/></StgValue>
</bind>
</comp>

<comp id="66" class="1001" name="const_66">
<pin_list>
<pin id="67" dir="1" index="0" bw="1" slack="0"/>
</pin_list>
<bind>
<StgValue><ssdm name=""/></StgValue>
</bind>
</comp>

<comp id="68" class="1001" name="const_68">
<pin_list>
<pin id="69" dir="1" index="0" bw="1" slack="2147483647"/>
</pin_list>
<bind>
<StgValue><ssdm name=""/></StgValue>
</bind>
</comp>

<comp id="70" class="1001" name="const_70">
<pin_list>
<pin id="71" dir="1" index="0" bw="1" slack="2147483647"/>
</pin_list>
<bind>
<StgValue><ssdm name="empty"/></StgValue>
</bind>
</comp>

<comp id="72" class="1001" name="const_72">
<pin_list>
<pin id="73" dir="1" index="0" bw="1" slack="2147483647"/>
</pin_list>
<bind>
<StgValue><ssdm name="_ssdm_op_SpecLoopTripCount"/></StgValue>
</bind>
</comp>

<comp id="74" class="1001" name="const_74">
<pin_list>
<pin id="75" dir="1" index="0" bw="1" slack="2147483647"/>
</pin_list>
<bind>
<StgValue><ssdm name=""/></StgValue>
</bind>
</comp>

<comp id="76" class="1001" name="const_76">
<pin_list>
<pin id="77" dir="1" index="0" bw="1" slack="2147483647"/>
</pin_list>
<bind>
<StgValue><ssdm name="_ssdm_op_SpecLoopName"/></StgValue>
</bind>
</comp>

<comp id="78" class="1001" name="const_78">
<pin_list>
<pin id="79" dir="1" index="0" bw="1" slack="2147483647"/>
</pin_list>
<bind>
<StgValue><ssdm name="empty_24"/></StgValue>
</bind>
</comp>

<comp id="80" class="1001" name="const_80">
<pin_list>
<pin id="81" dir="1" index="0" bw="1" slack="0"/>
</pin_list>
<bind>
<StgValue><ssdm name="_ssdm_op_SparseMux.ap_auto.16i32.i32.i4"/></StgValue>
</bind>
</comp>

<comp id="82" class="1001" name="const_82">
<pin_list>
<pin id="83" dir="1" index="0" bw="1" slack="0"/>
</pin_list>
<bind>
<StgValue><ssdm name=""/></StgValue>
</bind>
</comp>

<comp id="84" class="1001" name="const_84">
<pin_list>
<pin id="85" dir="1" index="0" bw="1" slack="0"/>
</pin_list>
<bind>
<StgValue><ssdm name=""/></StgValue>
</bind>
</comp>

<comp id="86" class="1001" name="const_86">
<pin_list>
<pin id="87" dir="1" index="0" bw="1" slack="0"/>
</pin_list>
<bind>
<StgValue><ssdm name=""/></StgValue>
</bind>
</comp>

<comp id="88" class="1001" name="const_88">
<pin_list>
<pin id="89" dir="1" index="0" bw="1" slack="0"/>
</pin_list>
<bind>
<StgValue><ssdm name=""/></StgValue>
</bind>
</comp>

<comp id="90" class="1001" name="const_90">
<pin_list>
<pin id="91" dir="1" index="0" bw="1" slack="0"/>
</pin_list>
<bind>
<StgValue><ssdm name=""/></StgValue>
</bind>
</comp>

<comp id="92" class="1001" name="const_92">
<pin_list>
<pin id="93" dir="1" index="0" bw="1" slack="0"/>
</pin_list>
<bind>
<StgValue><ssdm name=""/></StgValue>
</bind>
</comp>

<comp id="94" class="1001" name="const_94">
<pin_list>
<pin id="95" dir="1" index="0" bw="1" slack="0"/>
</pin_list>
<bind>
<StgValue><ssdm name=""/></StgValue>
</bind>
</comp>

<comp id="96" class="1001" name="const_96">
<pin_list>
<pin id="97" dir="1" index="0" bw="1" slack="0"/>
</pin_list>
<bind>
<StgValue><ssdm name=""/></StgValue>
</bind>
</comp>

<comp id="98" class="1001" name="const_98">
<pin_list>
<pin id="99" dir="1" index="0" bw="1" slack="0"/>
</pin_list>
<bind>
<StgValue><ssdm name=""/></StgValue>
</bind>
</comp>

<comp id="100" class="1001" name="const_100">
<pin_list>
<pin id="101" dir="1" index="0" bw="1" slack="0"/>
</pin_list>
<bind>
<StgValue><ssdm name=""/></StgValue>
</bind>
</comp>

<comp id="102" class="1001" name="const_102">
<pin_list>
<pin id="103" dir="1" index="0" bw="1" slack="0"/>
</pin_list>
<bind>
<StgValue><ssdm name=""/></StgValue>
</bind>
</comp>

<comp id="104" class="1001" name="const_104">
<pin_list>
<pin id="105" dir="1" index="0" bw="1" slack="0"/>
</pin_list>
<bind>
<StgValue><ssdm name=""/></StgValue>
</bind>
</comp>

<comp id="106" class="1001" name="const_106">
<pin_list>
<pin id="107" dir="1" index="0" bw="1" slack="0"/>
</pin_list>
<bind>
<StgValue><ssdm name=""/></StgValue>
</bind>
</comp>

<comp id="108" class="1001" name="const_108">
<pin_list>
<pin id="109" dir="1" index="0" bw="1" slack="0"/>
</pin_list>
<bind>
<StgValue><ssdm name=""/></StgValue>
</bind>
</comp>

<comp id="110" class="1001" name="const_110">
<pin_list>
<pin id="111" dir="1" index="0" bw="1" slack="0"/>
</pin_list>
<bind>
<StgValue><ssdm name=""/></StgValue>
</bind>
</comp>

<comp id="112" class="1001" name="const_112">
<pin_list>
<pin id="113" dir="1" index="0" bw="1" slack="0"/>
</pin_list>
<bind>
<StgValue><ssdm name=""/></StgValue>
</bind>
</comp>

<comp id="114" class="1001" name="const_114">
<pin_list>
<pin id="115" dir="1" index="0" bw="1" slack="0"/>
</pin_list>
<bind>
<StgValue><ssdm name=""/></StgValue>
</bind>
</comp>

<comp id="116" class="1001" name="const_116">
<pin_list>
<pin id="117" dir="1" index="0" bw="1" slack="0"/>
</pin_list>
<bind>
<StgValue><ssdm name="_ssdm_op_Write.ap_auto.i32P0A"/></StgValue>
</bind>
</comp>

<comp id="118" class="1004" name="i_fu_118">
<pin_list>
<pin id="119" dir="0" index="0" bw="1" slack="0"/>
<pin id="120" dir="1" index="1" bw="5" slack="0"/>
</pin_list>
<bind>
<opcode="alloca(26) " fcode="alloca"/>
<opset="i/1 "/>
</bind>
</comp>

<comp id="122" class="1004" name="w_fu_122">
<pin_list>
<pin id="123" dir="0" index="0" bw="1" slack="0"/>
<pin id="124" dir="1" index="1" bw="32" slack="0"/>
</pin_list>
<bind>
<opcode="alloca(26) " fcode="alloca"/>
<opset="w/1 "/>
</bind>
</comp>

<comp id="126" class="1004" name="w_17_fu_126">
<pin_list>
<pin id="127" dir="0" index="0" bw="1" slack="0"/>
<pin id="128" dir="1" index="1" bw="32" slack="0"/>
</pin_list>
<bind>
<opcode="alloca(26) " fcode="alloca"/>
<opset="w_17/1 "/>
</bind>
</comp>

<comp id="130" class="1004" name="w_18_fu_130">
<pin_list>
<pin id="131" dir="0" index="0" bw="1" slack="0"/>
<pin id="132" dir="1" index="1" bw="32" slack="0"/>
</pin_list>
<bind>
<opcode="alloca(26) " fcode="alloca"/>
<opset="w_18/1 "/>
</bind>
</comp>

<comp id="134" class="1004" name="w_19_fu_134">
<pin_list>
<pin id="135" dir="0" index="0" bw="1" slack="0"/>
<pin id="136" dir="1" index="1" bw="32" slack="0"/>
</pin_list>
<bind>
<opcode="alloca(26) " fcode="alloca"/>
<opset="w_19/1 "/>
</bind>
</comp>

<comp id="138" class="1004" name="w_20_fu_138">
<pin_list>
<pin id="139" dir="0" index="0" bw="1" slack="0"/>
<pin id="140" dir="1" index="1" bw="32" slack="0"/>
</pin_list>
<bind>
<opcode="alloca(26) " fcode="alloca"/>
<opset="w_20/1 "/>
</bind>
</comp>

<comp id="142" class="1004" name="w_21_fu_142">
<pin_list>
<pin id="143" dir="0" index="0" bw="1" slack="0"/>
<pin id="144" dir="1" index="1" bw="32" slack="0"/>
</pin_list>
<bind>
<opcode="alloca(26) " fcode="alloca"/>
<opset="w_21/1 "/>
</bind>
</comp>

<comp id="146" class="1004" name="w_22_fu_146">
<pin_list>
<pin id="147" dir="0" index="0" bw="1" slack="0"/>
<pin id="148" dir="1" index="1" bw="32" slack="0"/>
</pin_list>
<bind>
<opcode="alloca(26) " fcode="alloca"/>
<opset="w_22/1 "/>
</bind>
</comp>

<comp id="150" class="1004" name="w_23_fu_150">
<pin_list>
<pin id="151" dir="0" index="0" bw="1" slack="0"/>
<pin id="152" dir="1" index="1" bw="32" slack="0"/>
</pin_list>
<bind>
<opcode="alloca(26) " fcode="alloca"/>
<opset="w_23/1 "/>
</bind>
</comp>

<comp id="154" class="1004" name="w_24_fu_154">
<pin_list>
<pin id="155" dir="0" index="0" bw="1" slack="0"/>
<pin id="156" dir="1" index="1" bw="32" slack="0"/>
</pin_list>
<bind>
<opcode="alloca(26) " fcode="alloca"/>
<opset="w_24/1 "/>
</bind>
</comp>

<comp id="158" class="1004" name="w_25_fu_158">
<pin_list>
<pin id="159" dir="0" index="0" bw="1" slack="0"/>
<pin id="160" dir="1" index="1" bw="32" slack="0"/>
</pin_list>
<bind>
<opcode="alloca(26) " fcode="alloca"/>
<opset="w_25/1 "/>
</bind>
</comp>

<comp id="162" class="1004" name="w_26_fu_162">
<pin_list>
<pin id="163" dir="0" index="0" bw="1" slack="0"/>
<pin id="164" dir="1" index="1" bw="32" slack="0"/>
</pin_list>
<bind>
<opcode="alloca(26) " fcode="alloca"/>
<opset="w_26/1 "/>
</bind>
</comp>

<comp id="166" class="1004" name="w_27_fu_166">
<pin_list>
<pin id="167" dir="0" index="0" bw="1" slack="0"/>
<pin id="168" dir="1" index="1" bw="32" slack="0"/>
</pin_list>
<bind>
<opcode="alloca(26) " fcode="alloca"/>
<opset="w_27/1 "/>
</bind>
</comp>

<comp id="170" class="1004" name="w_28_fu_170">
<pin_list>
<pin id="171" dir="0" index="0" bw="1" slack="0"/>
<pin id="172" dir="1" index="1" bw="32" slack="0"/>
</pin_list>
<bind>
<opcode="alloca(26) " fcode="alloca"/>
<opset="w_28/1 "/>
</bind>
</comp>

<comp id="174" class="1004" name="w_29_fu_174">
<pin_list>
<pin id="175" dir="0" index="0" bw="1" slack="0"/>
<pin id="176" dir="1" index="1" bw="32" slack="0"/>
</pin_list>
<bind>
<opcode="alloca(26) " fcode="alloca"/>
<opset="w_29/1 "/>
</bind>
</comp>

<comp id="178" class="1004" name="w_30_fu_178">
<pin_list>
<pin id="179" dir="0" index="0" bw="1" slack="0"/>
<pin id="180" dir="1" index="1" bw="32" slack="0"/>
</pin_list>
<bind>
<opcode="alloca(26) " fcode="alloca"/>
<opset="w_30/1 "/>
</bind>
</comp>

<comp id="182" class="1004" name="w_31_fu_182">
<pin_list>
<pin id="183" dir="0" index="0" bw="1" slack="0"/>
<pin id="184" dir="1" index="1" bw="32" slack="0"/>
</pin_list>
<bind>
<opcode="alloca(26) " fcode="alloca"/>
<opset="w_31/1 "/>
</bind>
</comp>

<comp id="186" class="1004" name="block_words_read_1_read_fu_186">
<pin_list>
<pin id="187" dir="0" index="0" bw="10" slack="0"/>
<pin id="188" dir="0" index="1" bw="10" slack="0"/>
<pin id="189" dir="1" index="2" bw="10" slack="0"/>
</pin_list>
<bind>
<opcode="read(1150) " fcode="read"/>
<opset="block_words_read_1/1 "/>
</bind>
</comp>

<comp id="192" class="1004" name="block_words_read_2_read_fu_192">
<pin_list>
<pin id="193" dir="0" index="0" bw="32" slack="0"/>
<pin id="194" dir="0" index="1" bw="32" slack="0"/>
<pin id="195" dir="1" index="2" bw="32" slack="0"/>
</pin_list>
<bind>
<opcode="read(1150) " fcode="read"/>
<opset="block_words_read_2/1 "/>
</bind>
</comp>

<comp id="198" class="1004" name="block_words_read_3_read_fu_198">
<pin_list>
<pin id="199" dir="0" index="0" bw="32" slack="0"/>
<pin id="200" dir="0" index="1" bw="32" slack="0"/>
<pin id="201" dir="1" index="2" bw="32" slack="0"/>
</pin_list>
<bind>
<opcode="read(1150) " fcode="read"/>
<opset="block_words_read_3/1 "/>
</bind>
</comp>

<comp id="204" class="1004" name="block_words_read_4_read_fu_204">
<pin_list>
<pin id="205" dir="0" index="0" bw="32" slack="0"/>
<pin id="206" dir="0" index="1" bw="32" slack="0"/>
<pin id="207" dir="1" index="2" bw="32" slack="0"/>
</pin_list>
<bind>
<opcode="read(1150) " fcode="read"/>
<opset="block_words_read_4/1 "/>
</bind>
</comp>

<comp id="210" class="1004" name="block_words_read_5_read_fu_210">
<pin_list>
<pin id="211" dir="0" index="0" bw="32" slack="0"/>
<pin id="212" dir="0" index="1" bw="32" slack="0"/>
<pin id="213" dir="1" index="2" bw="32" slack="0"/>
</pin_list>
<bind>
<opcode="read(1150) " fcode="read"/>
<opset="block_words_read_5/1 "/>
</bind>
</comp>

<comp id="216" class="1004" name="block_words_read_6_read_fu_216">
<pin_list>
<pin id="217" dir="0" index="0" bw="32" slack="0"/>
<pin id="218" dir="0" index="1" bw="32" slack="0"/>
<pin id="219" dir="1" index="2" bw="32" slack="0"/>
</pin_list>
<bind>
<opcode="read(1150) " fcode="read"/>
<opset="block_words_read_6/1 "/>
</bind>
</comp>

<comp id="222" class="1004" name="block_words_read_7_read_fu_222">
<pin_list>
<pin id="223" dir="0" index="0" bw="32" slack="0"/>
<pin id="224" dir="0" index="1" bw="32" slack="0"/>
<pin id="225" dir="1" index="2" bw="32" slack="0"/>
</pin_list>
<bind>
<opcode="read(1150) " fcode="read"/>
<opset="block_words_read_7/1 "/>
</bind>
</comp>

<comp id="228" class="1004" name="block_words_read_8_read_fu_228">
<pin_list>
<pin id="229" dir="0" index="0" bw="32" slack="0"/>
<pin id="230" dir="0" index="1" bw="32" slack="0"/>
<pin id="231" dir="1" index="2" bw="32" slack="0"/>
</pin_list>
<bind>
<opcode="read(1150) " fcode="read"/>
<opset="block_words_read_8/1 "/>
</bind>
</comp>

<comp id="234" class="1004" name="block_words_read_9_read_fu_234">
<pin_list>
<pin id="235" dir="0" index="0" bw="32" slack="0"/>
<pin id="236" dir="0" index="1" bw="32" slack="0"/>
<pin id="237" dir="1" index="2" bw="32" slack="0"/>
</pin_list>
<bind>
<opcode="read(1150) " fcode="read"/>
<opset="block_words_read_9/1 "/>
</bind>
</comp>

<comp id="240" class="1004" name="block_words_read_19_read_fu_240">
<pin_list>
<pin id="241" dir="0" index="0" bw="32" slack="0"/>
<pin id="242" dir="0" index="1" bw="32" slack="0"/>
<pin id="243" dir="1" index="2" bw="32" slack="0"/>
</pin_list>
<bind>
<opcode="read(1150) " fcode="read"/>
<opset="block_words_read_19/1 "/>
</bind>
</comp>

<comp id="246" class="1004" name="write_ln0_write_fu_246">
<pin_list>
<pin id="247" dir="0" index="0" bw="0" slack="0"/>
<pin id="248" dir="0" index="1" bw="32" slack="0"/>
<pin id="249" dir="0" index="2" bw="32" slack="0"/>
<pin id="250" dir="1" index="3" bw="0" slack="2147483647"/>
</pin_list>
<bind>
<opcode="write(1151) " fcode="write"/>
<opset="write_ln0/1 "/>
</bind>
</comp>

<comp id="253" class="1004" name="write_ln0_write_fu_253">
<pin_list>
<pin id="254" dir="0" index="0" bw="0" slack="0"/>
<pin id="255" dir="0" index="1" bw="32" slack="0"/>
<pin id="256" dir="0" index="2" bw="32" slack="0"/>
<pin id="257" dir="1" index="3" bw="0" slack="2147483647"/>
</pin_list>
<bind>
<opcode="write(1151) " fcode="write"/>
<opset="write_ln0/1 "/>
</bind>
</comp>

<comp id="260" class="1004" name="write_ln0_write_fu_260">
<pin_list>
<pin id="261" dir="0" index="0" bw="0" slack="0"/>
<pin id="262" dir="0" index="1" bw="32" slack="0"/>
<pin id="263" dir="0" index="2" bw="32" slack="0"/>
<pin id="264" dir="1" index="3" bw="0" slack="2147483647"/>
</pin_list>
<bind>
<opcode="write(1151) " fcode="write"/>
<opset="write_ln0/1 "/>
</bind>
</comp>

<comp id="267" class="1004" name="write_ln0_write_fu_267">
<pin_list>
<pin id="268" dir="0" index="0" bw="0" slack="0"/>
<pin id="269" dir="0" index="1" bw="32" slack="0"/>
<pin id="270" dir="0" index="2" bw="32" slack="0"/>
<pin id="271" dir="1" index="3" bw="0" slack="2147483647"/>
</pin_list>
<bind>
<opcode="write(1151) " fcode="write"/>
<opset="write_ln0/1 "/>
</bind>
</comp>

<comp id="274" class="1004" name="write_ln0_write_fu_274">
<pin_list>
<pin id="275" dir="0" index="0" bw="0" slack="0"/>
<pin id="276" dir="0" index="1" bw="32" slack="0"/>
<pin id="277" dir="0" index="2" bw="32" slack="0"/>
<pin id="278" dir="1" index="3" bw="0" slack="2147483647"/>
</pin_list>
<bind>
<opcode="write(1151) " fcode="write"/>
<opset="write_ln0/1 "/>
</bind>
</comp>

<comp id="281" class="1004" name="write_ln0_write_fu_281">
<pin_list>
<pin id="282" dir="0" index="0" bw="0" slack="0"/>
<pin id="283" dir="0" index="1" bw="32" slack="0"/>
<pin id="284" dir="0" index="2" bw="32" slack="0"/>
<pin id="285" dir="1" index="3" bw="0" slack="2147483647"/>
</pin_list>
<bind>
<opcode="write(1151) " fcode="write"/>
<opset="write_ln0/1 "/>
</bind>
</comp>

<comp id="288" class="1004" name="write_ln0_write_fu_288">
<pin_list>
<pin id="289" dir="0" index="0" bw="0" slack="0"/>
<pin id="290" dir="0" index="1" bw="32" slack="0"/>
<pin id="291" dir="0" index="2" bw="32" slack="0"/>
<pin id="292" dir="1" index="3" bw="0" slack="2147483647"/>
</pin_list>
<bind>
<opcode="write(1151) " fcode="write"/>
<opset="write_ln0/1 "/>
</bind>
</comp>

<comp id="295" class="1004" name="write_ln0_write_fu_295">
<pin_list>
<pin id="296" dir="0" index="0" bw="0" slack="0"/>
<pin id="297" dir="0" index="1" bw="32" slack="0"/>
<pin id="298" dir="0" index="2" bw="32" slack="0"/>
<pin id="299" dir="1" index="3" bw="0" slack="2147483647"/>
</pin_list>
<bind>
<opcode="write(1151) " fcode="write"/>
<opset="write_ln0/1 "/>
</bind>
</comp>

<comp id="302" class="1004" name="write_ln0_write_fu_302">
<pin_list>
<pin id="303" dir="0" index="0" bw="0" slack="0"/>
<pin id="304" dir="0" index="1" bw="32" slack="0"/>
<pin id="305" dir="0" index="2" bw="32" slack="0"/>
<pin id="306" dir="1" index="3" bw="0" slack="2147483647"/>
</pin_list>
<bind>
<opcode="write(1151) " fcode="write"/>
<opset="write_ln0/1 "/>
</bind>
</comp>

<comp id="309" class="1004" name="write_ln0_write_fu_309">
<pin_list>
<pin id="310" dir="0" index="0" bw="0" slack="0"/>
<pin id="311" dir="0" index="1" bw="32" slack="0"/>
<pin id="312" dir="0" index="2" bw="32" slack="0"/>
<pin id="313" dir="1" index="3" bw="0" slack="2147483647"/>
</pin_list>
<bind>
<opcode="write(1151) " fcode="write"/>
<opset="write_ln0/1 "/>
</bind>
</comp>

<comp id="316" class="1004" name="write_ln0_write_fu_316">
<pin_list>
<pin id="317" dir="0" index="0" bw="0" slack="0"/>
<pin id="318" dir="0" index="1" bw="32" slack="0"/>
<pin id="319" dir="0" index="2" bw="32" slack="0"/>
<pin id="320" dir="1" index="3" bw="0" slack="2147483647"/>
</pin_list>
<bind>
<opcode="write(1151) " fcode="write"/>
<opset="write_ln0/1 "/>
</bind>
</comp>

<comp id="323" class="1004" name="write_ln0_write_fu_323">
<pin_list>
<pin id="324" dir="0" index="0" bw="0" slack="0"/>
<pin id="325" dir="0" index="1" bw="32" slack="0"/>
<pin id="326" dir="0" index="2" bw="32" slack="0"/>
<pin id="327" dir="1" index="3" bw="0" slack="2147483647"/>
</pin_list>
<bind>
<opcode="write(1151) " fcode="write"/>
<opset="write_ln0/1 "/>
</bind>
</comp>

<comp id="330" class="1004" name="write_ln0_write_fu_330">
<pin_list>
<pin id="331" dir="0" index="0" bw="0" slack="0"/>
<pin id="332" dir="0" index="1" bw="32" slack="0"/>
<pin id="333" dir="0" index="2" bw="32" slack="0"/>
<pin id="334" dir="1" index="3" bw="0" slack="2147483647"/>
</pin_list>
<bind>
<opcode="write(1151) " fcode="write"/>
<opset="write_ln0/1 "/>
</bind>
</comp>

<comp id="337" class="1004" name="write_ln0_write_fu_337">
<pin_list>
<pin id="338" dir="0" index="0" bw="0" slack="0"/>
<pin id="339" dir="0" index="1" bw="32" slack="0"/>
<pin id="340" dir="0" index="2" bw="32" slack="0"/>
<pin id="341" dir="1" index="3" bw="0" slack="2147483647"/>
</pin_list>
<bind>
<opcode="write(1151) " fcode="write"/>
<opset="write_ln0/1 "/>
</bind>
</comp>

<comp id="344" class="1004" name="write_ln0_write_fu_344">
<pin_list>
<pin id="345" dir="0" index="0" bw="0" slack="0"/>
<pin id="346" dir="0" index="1" bw="32" slack="0"/>
<pin id="347" dir="0" index="2" bw="32" slack="0"/>
<pin id="348" dir="1" index="3" bw="0" slack="2147483647"/>
</pin_list>
<bind>
<opcode="write(1151) " fcode="write"/>
<opset="write_ln0/1 "/>
</bind>
</comp>

<comp id="351" class="1004" name="write_ln0_write_fu_351">
<pin_list>
<pin id="352" dir="0" index="0" bw="0" slack="0"/>
<pin id="353" dir="0" index="1" bw="32" slack="0"/>
<pin id="354" dir="0" index="2" bw="32" slack="0"/>
<pin id="355" dir="1" index="3" bw="0" slack="2147483647"/>
</pin_list>
<bind>
<opcode="write(1151) " fcode="write"/>
<opset="write_ln0/1 "/>
</bind>
</comp>

<comp id="358" class="1004" name="block_words_read_18_cast_fu_358">
<pin_list>
<pin id="359" dir="0" index="0" bw="10" slack="0"/>
<pin id="360" dir="1" index="1" bw="32" slack="0"/>
</pin_list>
<bind>
<opcode="zext(34) " fcode="zext"/>
<opset="block_words_read_18_cast/1 "/>
</bind>
</comp>

<comp id="362" class="1004" name="store_ln118_store_fu_362">
<pin_list>
<pin id="363" dir="0" index="0" bw="1" slack="0"/>
<pin id="364" dir="0" index="1" bw="5" slack="0"/>
<pin id="365" dir="1" index="2" bw="0" slack="2147483647"/>
</pin_list>
<bind>
<opcode="store(28) " fcode="store"/>
<opset="store_ln118/1 "/>
</bind>
</comp>

<comp id="367" class="1004" name="i_2_load_fu_367">
<pin_list>
<pin id="368" dir="0" index="0" bw="5" slack="0"/>
<pin id="369" dir="1" index="1" bw="5" slack="0"/>
</pin_list>
<bind>
<opcode="load(27) " fcode="load"/>
<opset="i_2/1 "/>
</bind>
</comp>

<comp id="370" class="1004" name="icmp_ln118_fu_370">
<pin_list>
<pin id="371" dir="0" index="0" bw="5" slack="0"/>
<pin id="372" dir="0" index="1" bw="5" slack="0"/>
<pin id="373" dir="1" index="2" bw="1" slack="2147483647"/>
</pin_list>
<bind>
<opcode="icmp(45) " fcode="icmp"/>
<opset="icmp_ln118/1 "/>
</bind>
</comp>

<comp id="376" class="1004" name="add_ln118_fu_376">
<pin_list>
<pin id="377" dir="0" index="0" bw="5" slack="0"/>
<pin id="378" dir="0" index="1" bw="1" slack="0"/>
<pin id="379" dir="1" index="2" bw="5" slack="0"/>
</pin_list>
<bind>
<opcode="add(8) " fcode="add"/>
<opset="add_ln118/1 "/>
</bind>
</comp>

<comp id="382" class="1004" name="trunc_ln118_fu_382">
<pin_list>
<pin id="383" dir="0" index="0" bw="5" slack="0"/>
<pin id="384" dir="1" index="1" bw="4" slack="0"/>
</pin_list>
<bind>
<opcode="trunc(33) " fcode="trunc"/>
<opset="trunc_ln118/1 "/>
</bind>
</comp>

<comp id="386" class="1004" name="w_32_fu_386">
<pin_list>
<pin id="387" dir="0" index="0" bw="32" slack="0"/>
<pin id="388" dir="0" index="1" bw="4" slack="0"/>
<pin id="389" dir="0" index="2" bw="32" slack="0"/>
<pin id="390" dir="0" index="3" bw="4" slack="0"/>
<pin id="391" dir="0" index="4" bw="32" slack="0"/>
<pin id="392" dir="0" index="5" bw="4" slack="0"/>
<pin id="393" dir="0" index="6" bw="32" slack="0"/>
<pin id="394" dir="0" index="7" bw="4" slack="0"/>
<pin id="395" dir="0" index="8" bw="32" slack="0"/>
<pin id="396" dir="0" index="9" bw="4" slack="0"/>
<pin id="397" dir="0" index="10" bw="32" slack="0"/>
<pin id="398" dir="0" index="11" bw="4" slack="0"/>
<pin id="399" dir="0" index="12" bw="32" slack="0"/>
<pin id="400" dir="0" index="13" bw="4" slack="0"/>
<pin id="401" dir="0" index="14" bw="32" slack="0"/>
<pin id="402" dir="0" index="15" bw="4" slack="0"/>
<pin id="403" dir="0" index="16" bw="32" slack="0"/>
<pin id="404" dir="0" index="17" bw="4" slack="0"/>
<pin id="405" dir="0" index="18" bw="32" slack="0"/>
<pin id="406" dir="0" index="19" bw="4" slack="0"/>
<pin id="407" dir="0" index="20" bw="32" slack="0"/>
<pin id="408" dir="0" index="21" bw="4" slack="0"/>
<pin id="409" dir="0" index="22" bw="32" slack="0"/>
<pin id="410" dir="0" index="23" bw="4" slack="0"/>
<pin id="411" dir="0" index="24" bw="32" slack="0"/>
<pin id="412" dir="0" index="25" bw="4" slack="0"/>
<pin id="413" dir="0" index="26" bw="32" slack="0"/>
<pin id="414" dir="0" index="27" bw="4" slack="0"/>
<pin id="415" dir="0" index="28" bw="32" slack="0"/>
<pin id="416" dir="0" index="29" bw="4" slack="0"/>
<pin id="417" dir="0" index="30" bw="32" slack="0"/>
<pin id="418" dir="0" index="31" bw="4" slack="0"/>
<pin id="419" dir="0" index="32" bw="32" slack="0"/>
<pin id="420" dir="0" index="33" bw="32" slack="0"/>
<pin id="421" dir="0" index="34" bw="4" slack="0"/>
<pin id="422" dir="1" index="35" bw="32" slack="0"/>
</pin_list>
<bind>
<opcode="sparsemux(1197) " fcode="sparsemux"/>
<opset="w_32/1 "/>
</bind>
</comp>

<comp id="458" class="1004" name="switch_ln120_fu_458">
<pin_list>
<pin id="459" dir="0" index="0" bw="4" slack="0"/>
<pin id="460" dir="0" index="1" bw="1" slack="0"/>
<pin id="461" dir="0" index="2" bw="1" slack="0"/>
<pin id="462" dir="0" index="3" bw="3" slack="0"/>
<pin id="463" dir="0" index="4" bw="3" slack="0"/>
<pin id="464" dir="0" index="5" bw="4" slack="0"/>
<pin id="465" dir="0" index="6" bw="4" slack="0"/>
<pin id="466" dir="0" index="7" bw="4" slack="0"/>
<pin id="467" dir="0" index="8" bw="4" slack="0"/>
<pin id="468" dir="0" index="9" bw="4" slack="0"/>
<pin id="469" dir="0" index="10" bw="4" slack="0"/>
<pin id="470" dir="0" index="11" bw="4" slack="0"/>
<pin id="471" dir="0" index="12" bw="4" slack="0"/>
<pin id="472" dir="0" index="13" bw="3" slack="0"/>
<pin id="473" dir="0" index="14" bw="3" slack="0"/>
<pin id="474" dir="0" index="15" bw="2" slack="0"/>
<pin id="475" dir="1" index="16" bw="0" slack="2147483647"/>
</pin_list>
<bind>
<opcode="switch(3) " fcode="switch"/>
<opset="switch_ln120/1 "/>
</bind>
</comp>

<comp id="492" class="1004" name="store_ln114_store_fu_492">
<pin_list>
<pin id="493" dir="0" index="0" bw="32" slack="0"/>
<pin id="494" dir="0" index="1" bw="32" slack="0"/>
<pin id="495" dir="1" index="2" bw="0" slack="2147483647"/>
</pin_list>
<bind>
<opcode="store(28) " fcode="store"/>
<opset="store_ln114/1 "/>
</bind>
</comp>

<comp id="497" class="1004" name="store_ln114_store_fu_497">
<pin_list>
<pin id="498" dir="0" index="0" bw="32" slack="0"/>
<pin id="499" dir="0" index="1" bw="32" slack="0"/>
<pin id="500" dir="1" index="2" bw="0" slack="2147483647"/>
</pin_list>
<bind>
<opcode="store(28) " fcode="store"/>
<opset="store_ln114/1 "/>
</bind>
</comp>

<comp id="502" class="1004" name="store_ln114_store_fu_502">
<pin_list>
<pin id="503" dir="0" index="0" bw="32" slack="0"/>
<pin id="504" dir="0" index="1" bw="32" slack="0"/>
<pin id="505" dir="1" index="2" bw="0" slack="2147483647"/>
</pin_list>
<bind>
<opcode="store(28) " fcode="store"/>
<opset="store_ln114/1 "/>
</bind>
</comp>

<comp id="507" class="1004" name="store_ln114_store_fu_507">
<pin_list>
<pin id="508" dir="0" index="0" bw="32" slack="0"/>
<pin id="509" dir="0" index="1" bw="32" slack="0"/>
<pin id="510" dir="1" index="2" bw="0" slack="2147483647"/>
</pin_list>
<bind>
<opcode="store(28) " fcode="store"/>
<opset="store_ln114/1 "/>
</bind>
</comp>

<comp id="512" class="1004" name="store_ln114_store_fu_512">
<pin_list>
<pin id="513" dir="0" index="0" bw="32" slack="0"/>
<pin id="514" dir="0" index="1" bw="32" slack="0"/>
<pin id="515" dir="1" index="2" bw="0" slack="2147483647"/>
</pin_list>
<bind>
<opcode="store(28) " fcode="store"/>
<opset="store_ln114/1 "/>
</bind>
</comp>

<comp id="517" class="1004" name="store_ln114_store_fu_517">
<pin_list>
<pin id="518" dir="0" index="0" bw="32" slack="0"/>
<pin id="519" dir="0" index="1" bw="32" slack="0"/>
<pin id="520" dir="1" index="2" bw="0" slack="2147483647"/>
</pin_list>
<bind>
<opcode="store(28) " fcode="store"/>
<opset="store_ln114/1 "/>
</bind>
</comp>

<comp id="522" class="1004" name="store_ln114_store_fu_522">
<pin_list>
<pin id="523" dir="0" index="0" bw="32" slack="0"/>
<pin id="524" dir="0" index="1" bw="32" slack="0"/>
<pin id="525" dir="1" index="2" bw="0" slack="2147483647"/>
</pin_list>
<bind>
<opcode="store(28) " fcode="store"/>
<opset="store_ln114/1 "/>
</bind>
</comp>

<comp id="527" class="1004" name="store_ln114_store_fu_527">
<pin_list>
<pin id="528" dir="0" index="0" bw="32" slack="0"/>
<pin id="529" dir="0" index="1" bw="32" slack="0"/>
<pin id="530" dir="1" index="2" bw="0" slack="2147483647"/>
</pin_list>
<bind>
<opcode="store(28) " fcode="store"/>
<opset="store_ln114/1 "/>
</bind>
</comp>

<comp id="532" class="1004" name="store_ln114_store_fu_532">
<pin_list>
<pin id="533" dir="0" index="0" bw="32" slack="0"/>
<pin id="534" dir="0" index="1" bw="32" slack="0"/>
<pin id="535" dir="1" index="2" bw="0" slack="2147483647"/>
</pin_list>
<bind>
<opcode="store(28) " fcode="store"/>
<opset="store_ln114/1 "/>
</bind>
</comp>

<comp id="537" class="1004" name="store_ln114_store_fu_537">
<pin_list>
<pin id="538" dir="0" index="0" bw="32" slack="0"/>
<pin id="539" dir="0" index="1" bw="32" slack="0"/>
<pin id="540" dir="1" index="2" bw="0" slack="2147483647"/>
</pin_list>
<bind>
<opcode="store(28) " fcode="store"/>
<opset="store_ln114/1 "/>
</bind>
</comp>

<comp id="542" class="1004" name="store_ln114_store_fu_542">
<pin_list>
<pin id="543" dir="0" index="0" bw="32" slack="0"/>
<pin id="544" dir="0" index="1" bw="32" slack="0"/>
<pin id="545" dir="1" index="2" bw="0" slack="2147483647"/>
</pin_list>
<bind>
<opcode="store(28) " fcode="store"/>
<opset="store_ln114/1 "/>
</bind>
</comp>

<comp id="547" class="1004" name="store_ln114_store_fu_547">
<pin_list>
<pin id="548" dir="0" index="0" bw="32" slack="0"/>
<pin id="549" dir="0" index="1" bw="32" slack="0"/>
<pin id="550" dir="1" index="2" bw="0" slack="2147483647"/>
</pin_list>
<bind>
<opcode="store(28) " fcode="store"/>
<opset="store_ln114/1 "/>
</bind>
</comp>

<comp id="552" class="1004" name="store_ln114_store_fu_552">
<pin_list>
<pin id="553" dir="0" index="0" bw="32" slack="0"/>
<pin id="554" dir="0" index="1" bw="32" slack="0"/>
<pin id="555" dir="1" index="2" bw="0" slack="2147483647"/>
</pin_list>
<bind>
<opcode="store(28) " fcode="store"/>
<opset="store_ln114/1 "/>
</bind>
</comp>

<comp id="557" class="1004" name="store_ln114_store_fu_557">
<pin_list>
<pin id="558" dir="0" index="0" bw="32" slack="0"/>
<pin id="559" dir="0" index="1" bw="32" slack="0"/>
<pin id="560" dir="1" index="2" bw="0" slack="2147483647"/>
</pin_list>
<bind>
<opcode="store(28) " fcode="store"/>
<opset="store_ln114/1 "/>
</bind>
</comp>

<comp id="562" class="1004" name="store_ln114_store_fu_562">
<pin_list>
<pin id="563" dir="0" index="0" bw="32" slack="0"/>
<pin id="564" dir="0" index="1" bw="32" slack="0"/>
<pin id="565" dir="1" index="2" bw="0" slack="2147483647"/>
</pin_list>
<bind>
<opcode="store(28) " fcode="store"/>
<opset="store_ln114/1 "/>
</bind>
</comp>

<comp id="567" class="1004" name="store_ln114_store_fu_567">
<pin_list>
<pin id="568" dir="0" index="0" bw="32" slack="0"/>
<pin id="569" dir="0" index="1" bw="32" slack="0"/>
<pin id="570" dir="1" index="2" bw="0" slack="2147483647"/>
</pin_list>
<bind>
<opcode="store(28) " fcode="store"/>
<opset="store_ln114/1 "/>
</bind>
</comp>

<comp id="572" class="1004" name="store_ln118_store_fu_572">
<pin_list>
<pin id="573" dir="0" index="0" bw="5" slack="0"/>
<pin id="574" dir="0" index="1" bw="5" slack="0"/>
<pin id="575" dir="1" index="2" bw="0" slack="2147483647"/>
</pin_list>
<bind>
<opcode="store(28) " fcode="store"/>
<opset="store_ln118/1 "/>
</bind>
</comp>

<comp id="577" class="1004" name="w_load_load_fu_577">
<pin_list>
<pin id="578" dir="0" index="0" bw="32" slack="0"/>
<pin id="579" dir="1" index="1" bw="32" slack="0"/>
</pin_list>
<bind>
<opcode="load(27) " fcode="load"/>
<opset="w_load/1 "/>
</bind>
</comp>

<comp id="581" class="1004" name="w_17_load_load_fu_581">
<pin_list>
<pin id="582" dir="0" index="0" bw="32" slack="0"/>
<pin id="583" dir="1" index="1" bw="32" slack="0"/>
</pin_list>
<bind>
<opcode="load(27) " fcode="load"/>
<opset="w_17_load/1 "/>
</bind>
</comp>

<comp id="585" class="1004" name="w_18_load_load_fu_585">
<pin_list>
<pin id="586" dir="0" index="0" bw="32" slack="0"/>
<pin id="587" dir="1" index="1" bw="32" slack="0"/>
</pin_list>
<bind>
<opcode="load(27) " fcode="load"/>
<opset="w_18_load/1 "/>
</bind>
</comp>

<comp id="589" class="1004" name="w_19_load_load_fu_589">
<pin_list>
<pin id="590" dir="0" index="0" bw="32" slack="0"/>
<pin id="591" dir="1" index="1" bw="32" slack="0"/>
</pin_list>
<bind>
<opcode="load(27) " fcode="load"/>
<opset="w_19_load/1 "/>
</bind>
</comp>

<comp id="593" class="1004" name="w_20_load_load_fu_593">
<pin_list>
<pin id="594" dir="0" index="0" bw="32" slack="0"/>
<pin id="595" dir="1" index="1" bw="32" slack="0"/>
</pin_list>
<bind>
<opcode="load(27) " fcode="load"/>
<opset="w_20_load/1 "/>
</bind>
</comp>

<comp id="597" class="1004" name="w_21_load_load_fu_597">
<pin_list>
<pin id="598" dir="0" index="0" bw="32" slack="0"/>
<pin id="599" dir="1" index="1" bw="32" slack="0"/>
</pin_list>
<bind>
<opcode="load(27) " fcode="load"/>
<opset="w_21_load/1 "/>
</bind>
</comp>

<comp id="601" class="1004" name="w_22_load_load_fu_601">
<pin_list>
<pin id="602" dir="0" index="0" bw="32" slack="0"/>
<pin id="603" dir="1" index="1" bw="32" slack="0"/>
</pin_list>
<bind>
<opcode="load(27) " fcode="load"/>
<opset="w_22_load/1 "/>
</bind>
</comp>

<comp id="605" class="1004" name="w_23_load_load_fu_605">
<pin_list>
<pin id="606" dir="0" index="0" bw="32" slack="0"/>
<pin id="607" dir="1" index="1" bw="32" slack="0"/>
</pin_list>
<bind>
<opcode="load(27) " fcode="load"/>
<opset="w_23_load/1 "/>
</bind>
</comp>

<comp id="609" class="1004" name="w_24_load_load_fu_609">
<pin_list>
<pin id="610" dir="0" index="0" bw="32" slack="0"/>
<pin id="611" dir="1" index="1" bw="32" slack="0"/>
</pin_list>
<bind>
<opcode="load(27) " fcode="load"/>
<opset="w_24_load/1 "/>
</bind>
</comp>

<comp id="613" class="1004" name="w_25_load_load_fu_613">
<pin_list>
<pin id="614" dir="0" index="0" bw="32" slack="0"/>
<pin id="615" dir="1" index="1" bw="32" slack="0"/>
</pin_list>
<bind>
<opcode="load(27) " fcode="load"/>
<opset="w_25_load/1 "/>
</bind>
</comp>

<comp id="617" class="1004" name="w_26_load_load_fu_617">
<pin_list>
<pin id="618" dir="0" index="0" bw="32" slack="0"/>
<pin id="619" dir="1" index="1" bw="32" slack="0"/>
</pin_list>
<bind>
<opcode="load(27) " fcode="load"/>
<opset="w_26_load/1 "/>
</bind>
</comp>

<comp id="621" class="1004" name="w_27_load_load_fu_621">
<pin_list>
<pin id="622" dir="0" index="0" bw="32" slack="0"/>
<pin id="623" dir="1" index="1" bw="32" slack="0"/>
</pin_list>
<bind>
<opcode="load(27) " fcode="load"/>
<opset="w_27_load/1 "/>
</bind>
</comp>

<comp id="625" class="1004" name="w_28_load_load_fu_625">
<pin_list>
<pin id="626" dir="0" index="0" bw="32" slack="0"/>
<pin id="627" dir="1" index="1" bw="32" slack="0"/>
</pin_list>
<bind>
<opcode="load(27) " fcode="load"/>
<opset="w_28_load/1 "/>
</bind>
</comp>

<comp id="629" class="1004" name="w_29_load_load_fu_629">
<pin_list>
<pin id="630" dir="0" index="0" bw="32" slack="0"/>
<pin id="631" dir="1" index="1" bw="32" slack="0"/>
</pin_list>
<bind>
<opcode="load(27) " fcode="load"/>
<opset="w_29_load/1 "/>
</bind>
</comp>

<comp id="633" class="1004" name="w_30_load_load_fu_633">
<pin_list>
<pin id="634" dir="0" index="0" bw="32" slack="0"/>
<pin id="635" dir="1" index="1" bw="32" slack="0"/>
</pin_list>
<bind>
<opcode="load(27) " fcode="load"/>
<opset="w_30_load/1 "/>
</bind>
</comp>

<comp id="637" class="1004" name="w_31_load_load_fu_637">
<pin_list>
<pin id="638" dir="0" index="0" bw="32" slack="0"/>
<pin id="639" dir="1" index="1" bw="32" slack="0"/>
</pin_list>
<bind>
<opcode="load(27) " fcode="load"/>
<opset="w_31_load/1 "/>
</bind>
</comp>

<comp id="641" class="1005" name="i_reg_641">
<pin_list>
<pin id="642" dir="0" index="0" bw="5" slack="0"/>
<pin id="643" dir="1" index="1" bw="5" slack="0"/>
</pin_list>
<bind>
<opset="i "/>
</bind>
</comp>

<comp id="648" class="1005" name="w_reg_648">
<pin_list>
<pin id="649" dir="0" index="0" bw="32" slack="0"/>
<pin id="650" dir="1" index="1" bw="32" slack="0"/>
</pin_list>
<bind>
<opset="w "/>
</bind>
</comp>

<comp id="654" class="1005" name="w_17_reg_654">
<pin_list>
<pin id="655" dir="0" index="0" bw="32" slack="0"/>
<pin id="656" dir="1" index="1" bw="32" slack="0"/>
</pin_list>
<bind>
<opset="w_17 "/>
</bind>
</comp>

<comp id="660" class="1005" name="w_18_reg_660">
<pin_list>
<pin id="661" dir="0" index="0" bw="32" slack="0"/>
<pin id="662" dir="1" index="1" bw="32" slack="0"/>
</pin_list>
<bind>
<opset="w_18 "/>
</bind>
</comp>

<comp id="666" class="1005" name="w_19_reg_666">
<pin_list>
<pin id="667" dir="0" index="0" bw="32" slack="0"/>
<pin id="668" dir="1" index="1" bw="32" slack="0"/>
</pin_list>
<bind>
<opset="w_19 "/>
</bind>
</comp>

<comp id="672" class="1005" name="w_20_reg_672">
<pin_list>
<pin id="673" dir="0" index="0" bw="32" slack="0"/>
<pin id="674" dir="1" index="1" bw="32" slack="0"/>
</pin_list>
<bind>
<opset="w_20 "/>
</bind>
</comp>

<comp id="678" class="1005" name="w_21_reg_678">
<pin_list>
<pin id="679" dir="0" index="0" bw="32" slack="0"/>
<pin id="680" dir="1" index="1" bw="32" slack="0"/>
</pin_list>
<bind>
<opset="w_21 "/>
</bind>
</comp>

<comp id="684" class="1005" name="w_22_reg_684">
<pin_list>
<pin id="685" dir="0" index="0" bw="32" slack="0"/>
<pin id="686" dir="1" index="1" bw="32" slack="0"/>
</pin_list>
<bind>
<opset="w_22 "/>
</bind>
</comp>

<comp id="690" class="1005" name="w_23_reg_690">
<pin_list>
<pin id="691" dir="0" index="0" bw="32" slack="0"/>
<pin id="692" dir="1" index="1" bw="32" slack="0"/>
</pin_list>
<bind>
<opset="w_23 "/>
</bind>
</comp>

<comp id="696" class="1005" name="w_24_reg_696">
<pin_list>
<pin id="697" dir="0" index="0" bw="32" slack="0"/>
<pin id="698" dir="1" index="1" bw="32" slack="0"/>
</pin_list>
<bind>
<opset="w_24 "/>
</bind>
</comp>

<comp id="702" class="1005" name="w_25_reg_702">
<pin_list>
<pin id="703" dir="0" index="0" bw="32" slack="0"/>
<pin id="704" dir="1" index="1" bw="32" slack="0"/>
</pin_list>
<bind>
<opset="w_25 "/>
</bind>
</comp>

<comp id="708" class="1005" name="w_26_reg_708">
<pin_list>
<pin id="709" dir="0" index="0" bw="32" slack="0"/>
<pin id="710" dir="1" index="1" bw="32" slack="0"/>
</pin_list>
<bind>
<opset="w_26 "/>
</bind>
</comp>

<comp id="714" class="1005" name="w_27_reg_714">
<pin_list>
<pin id="715" dir="0" index="0" bw="32" slack="0"/>
<pin id="716" dir="1" index="1" bw="32" slack="0"/>
</pin_list>
<bind>
<opset="w_27 "/>
</bind>
</comp>

<comp id="720" class="1005" name="w_28_reg_720">
<pin_list>
<pin id="721" dir="0" index="0" bw="32" slack="0"/>
<pin id="722" dir="1" index="1" bw="32" slack="0"/>
</pin_list>
<bind>
<opset="w_28 "/>
</bind>
</comp>

<comp id="726" class="1005" name="w_29_reg_726">
<pin_list>
<pin id="727" dir="0" index="0" bw="32" slack="0"/>
<pin id="728" dir="1" index="1" bw="32" slack="0"/>
</pin_list>
<bind>
<opset="w_29 "/>
</bind>
</comp>

<comp id="732" class="1005" name="w_30_reg_732">
<pin_list>
<pin id="733" dir="0" index="0" bw="32" slack="0"/>
<pin id="734" dir="1" index="1" bw="32" slack="0"/>
</pin_list>
<bind>
<opset="w_30 "/>
</bind>
</comp>

<comp id="738" class="1005" name="w_31_reg_738">
<pin_list>
<pin id="739" dir="0" index="0" bw="32" slack="0"/>
<pin id="740" dir="1" index="1" bw="32" slack="0"/>
</pin_list>
<bind>
<opset="w_31 "/>
</bind>
</comp>

</comp_list>

<net_list>
<net id="121"><net_src comp="52" pin="0"/><net_sink comp="118" pin=0"/></net>

<net id="125"><net_src comp="52" pin="0"/><net_sink comp="122" pin=0"/></net>

<net id="129"><net_src comp="52" pin="0"/><net_sink comp="126" pin=0"/></net>

<net id="133"><net_src comp="52" pin="0"/><net_sink comp="130" pin=0"/></net>

<net id="137"><net_src comp="52" pin="0"/><net_sink comp="134" pin=0"/></net>

<net id="141"><net_src comp="52" pin="0"/><net_sink comp="138" pin=0"/></net>

<net id="145"><net_src comp="52" pin="0"/><net_sink comp="142" pin=0"/></net>

<net id="149"><net_src comp="52" pin="0"/><net_sink comp="146" pin=0"/></net>

<net id="153"><net_src comp="52" pin="0"/><net_sink comp="150" pin=0"/></net>

<net id="157"><net_src comp="52" pin="0"/><net_sink comp="154" pin=0"/></net>

<net id="161"><net_src comp="52" pin="0"/><net_sink comp="158" pin=0"/></net>

<net id="165"><net_src comp="52" pin="0"/><net_sink comp="162" pin=0"/></net>

<net id="169"><net_src comp="52" pin="0"/><net_sink comp="166" pin=0"/></net>

<net id="173"><net_src comp="52" pin="0"/><net_sink comp="170" pin=0"/></net>

<net id="177"><net_src comp="52" pin="0"/><net_sink comp="174" pin=0"/></net>

<net id="181"><net_src comp="52" pin="0"/><net_sink comp="178" pin=0"/></net>

<net id="185"><net_src comp="52" pin="0"/><net_sink comp="182" pin=0"/></net>

<net id="190"><net_src comp="54" pin="0"/><net_sink comp="186" pin=0"/></net>

<net id="191"><net_src comp="18" pin="0"/><net_sink comp="186" pin=1"/></net>

<net id="196"><net_src comp="56" pin="0"/><net_sink comp="192" pin=0"/></net>

<net id="197"><net_src comp="16" pin="0"/><net_sink comp="192" pin=1"/></net>

<net id="202"><net_src comp="56" pin="0"/><net_sink comp="198" pin=0"/></net>

<net id="203"><net_src comp="14" pin="0"/><net_sink comp="198" pin=1"/></net>

<net id="208"><net_src comp="56" pin="0"/><net_sink comp="204" pin=0"/></net>

<net id="209"><net_src comp="12" pin="0"/><net_sink comp="204" pin=1"/></net>

<net id="214"><net_src comp="56" pin="0"/><net_sink comp="210" pin=0"/></net>

<net id="215"><net_src comp="10" pin="0"/><net_sink comp="210" pin=1"/></net>

<net id="220"><net_src comp="56" pin="0"/><net_sink comp="216" pin=0"/></net>

<net id="221"><net_src comp="8" pin="0"/><net_sink comp="216" pin=1"/></net>

<net id="226"><net_src comp="56" pin="0"/><net_sink comp="222" pin=0"/></net>

<net id="227"><net_src comp="6" pin="0"/><net_sink comp="222" pin=1"/></net>

<net id="232"><net_src comp="56" pin="0"/><net_sink comp="228" pin=0"/></net>

<net id="233"><net_src comp="4" pin="0"/><net_sink comp="228" pin=1"/></net>

<net id="238"><net_src comp="56" pin="0"/><net_sink comp="234" pin=0"/></net>

<net id="239"><net_src comp="2" pin="0"/><net_sink comp="234" pin=1"/></net>

<net id="244"><net_src comp="56" pin="0"/><net_sink comp="240" pin=0"/></net>

<net id="245"><net_src comp="0" pin="0"/><net_sink comp="240" pin=1"/></net>

<net id="251"><net_src comp="116" pin="0"/><net_sink comp="246" pin=0"/></net>

<net id="252"><net_src comp="20" pin="0"/><net_sink comp="246" pin=1"/></net>

<net id="258"><net_src comp="116" pin="0"/><net_sink comp="253" pin=0"/></net>

<net id="259"><net_src comp="22" pin="0"/><net_sink comp="253" pin=1"/></net>

<net id="265"><net_src comp="116" pin="0"/><net_sink comp="260" pin=0"/></net>

<net id="266"><net_src comp="24" pin="0"/><net_sink comp="260" pin=1"/></net>

<net id="272"><net_src comp="116" pin="0"/><net_sink comp="267" pin=0"/></net>

<net id="273"><net_src comp="26" pin="0"/><net_sink comp="267" pin=1"/></net>

<net id="279"><net_src comp="116" pin="0"/><net_sink comp="274" pin=0"/></net>

<net id="280"><net_src comp="28" pin="0"/><net_sink comp="274" pin=1"/></net>

<net id="286"><net_src comp="116" pin="0"/><net_sink comp="281" pin=0"/></net>

<net id="287"><net_src comp="30" pin="0"/><net_sink comp="281" pin=1"/></net>

<net id="293"><net_src comp="116" pin="0"/><net_sink comp="288" pin=0"/></net>

<net id="294"><net_src comp="32" pin="0"/><net_sink comp="288" pin=1"/></net>

<net id="300"><net_src comp="116" pin="0"/><net_sink comp="295" pin=0"/></net>

<net id="301"><net_src comp="34" pin="0"/><net_sink comp="295" pin=1"/></net>

<net id="307"><net_src comp="116" pin="0"/><net_sink comp="302" pin=0"/></net>

<net id="308"><net_src comp="36" pin="0"/><net_sink comp="302" pin=1"/></net>

<net id="314"><net_src comp="116" pin="0"/><net_sink comp="309" pin=0"/></net>

<net id="315"><net_src comp="38" pin="0"/><net_sink comp="309" pin=1"/></net>

<net id="321"><net_src comp="116" pin="0"/><net_sink comp="316" pin=0"/></net>

<net id="322"><net_src comp="40" pin="0"/><net_sink comp="316" pin=1"/></net>

<net id="328"><net_src comp="116" pin="0"/><net_sink comp="323" pin=0"/></net>

<net id="329"><net_src comp="42" pin="0"/><net_sink comp="323" pin=1"/></net>

<net id="335"><net_src comp="116" pin="0"/><net_sink comp="330" pin=0"/></net>

<net id="336"><net_src comp="44" pin="0"/><net_sink comp="330" pin=1"/></net>

<net id="342"><net_src comp="116" pin="0"/><net_sink comp="337" pin=0"/></net>

<net id="343"><net_src comp="46" pin="0"/><net_sink comp="337" pin=1"/></net>

<net id="349"><net_src comp="116" pin="0"/><net_sink comp="344" pin=0"/></net>

<net id="350"><net_src comp="48" pin="0"/><net_sink comp="344" pin=1"/></net>

<net id="356"><net_src comp="116" pin="0"/><net_sink comp="351" pin=0"/></net>

<net id="357"><net_src comp="50" pin="0"/><net_sink comp="351" pin=1"/></net>

<net id="361"><net_src comp="186" pin="2"/><net_sink comp="358" pin=0"/></net>

<net id="366"><net_src comp="58" pin="0"/><net_sink comp="362" pin=0"/></net>

<net id="374"><net_src comp="367" pin="1"/><net_sink comp="370" pin=0"/></net>

<net id="375"><net_src comp="60" pin="0"/><net_sink comp="370" pin=1"/></net>

<net id="380"><net_src comp="367" pin="1"/><net_sink comp="376" pin=0"/></net>

<net id="381"><net_src comp="62" pin="0"/><net_sink comp="376" pin=1"/></net>

<net id="385"><net_src comp="367" pin="1"/><net_sink comp="382" pin=0"/></net>

<net id="423"><net_src comp="80" pin="0"/><net_sink comp="386" pin=0"/></net>

<net id="424"><net_src comp="82" pin="0"/><net_sink comp="386" pin=1"/></net>

<net id="425"><net_src comp="240" pin="2"/><net_sink comp="386" pin=2"/></net>

<net id="426"><net_src comp="84" pin="0"/><net_sink comp="386" pin=3"/></net>

<net id="427"><net_src comp="234" pin="2"/><net_sink comp="386" pin=4"/></net>

<net id="428"><net_src comp="86" pin="0"/><net_sink comp="386" pin=5"/></net>

<net id="429"><net_src comp="228" pin="2"/><net_sink comp="386" pin=6"/></net>

<net id="430"><net_src comp="88" pin="0"/><net_sink comp="386" pin=7"/></net>

<net id="431"><net_src comp="222" pin="2"/><net_sink comp="386" pin=8"/></net>

<net id="432"><net_src comp="90" pin="0"/><net_sink comp="386" pin=9"/></net>

<net id="433"><net_src comp="216" pin="2"/><net_sink comp="386" pin=10"/></net>

<net id="434"><net_src comp="92" pin="0"/><net_sink comp="386" pin=11"/></net>

<net id="435"><net_src comp="210" pin="2"/><net_sink comp="386" pin=12"/></net>

<net id="436"><net_src comp="94" pin="0"/><net_sink comp="386" pin=13"/></net>

<net id="437"><net_src comp="204" pin="2"/><net_sink comp="386" pin=14"/></net>

<net id="438"><net_src comp="96" pin="0"/><net_sink comp="386" pin=15"/></net>

<net id="439"><net_src comp="198" pin="2"/><net_sink comp="386" pin=16"/></net>

<net id="440"><net_src comp="98" pin="0"/><net_sink comp="386" pin=17"/></net>

<net id="441"><net_src comp="192" pin="2"/><net_sink comp="386" pin=18"/></net>

<net id="442"><net_src comp="100" pin="0"/><net_sink comp="386" pin=19"/></net>

<net id="443"><net_src comp="66" pin="0"/><net_sink comp="386" pin=20"/></net>

<net id="444"><net_src comp="102" pin="0"/><net_sink comp="386" pin=21"/></net>

<net id="445"><net_src comp="66" pin="0"/><net_sink comp="386" pin=22"/></net>

<net id="446"><net_src comp="104" pin="0"/><net_sink comp="386" pin=23"/></net>

<net id="447"><net_src comp="66" pin="0"/><net_sink comp="386" pin=24"/></net>

<net id="448"><net_src comp="106" pin="0"/><net_sink comp="386" pin=25"/></net>

<net id="449"><net_src comp="66" pin="0"/><net_sink comp="386" pin=26"/></net>

<net id="450"><net_src comp="108" pin="0"/><net_sink comp="386" pin=27"/></net>

<net id="451"><net_src comp="66" pin="0"/><net_sink comp="386" pin=28"/></net>

<net id="452"><net_src comp="110" pin="0"/><net_sink comp="386" pin=29"/></net>

<net id="453"><net_src comp="66" pin="0"/><net_sink comp="386" pin=30"/></net>

<net id="454"><net_src comp="112" pin="0"/><net_sink comp="386" pin=31"/></net>

<net id="455"><net_src comp="358" pin="1"/><net_sink comp="386" pin=32"/></net>

<net id="456"><net_src comp="114" pin="0"/><net_sink comp="386" pin=33"/></net>

<net id="457"><net_src comp="382" pin="1"/><net_sink comp="386" pin=34"/></net>

<net id="476"><net_src comp="382" pin="1"/><net_sink comp="458" pin=0"/></net>

<net id="477"><net_src comp="82" pin="0"/><net_sink comp="458" pin=1"/></net>

<net id="478"><net_src comp="84" pin="0"/><net_sink comp="458" pin=2"/></net>

<net id="479"><net_src comp="86" pin="0"/><net_sink comp="458" pin=3"/></net>

<net id="480"><net_src comp="88" pin="0"/><net_sink comp="458" pin=4"/></net>

<net id="481"><net_src comp="90" pin="0"/><net_sink comp="458" pin=5"/></net>

<net id="482"><net_src comp="92" pin="0"/><net_sink comp="458" pin=6"/></net>

<net id="483"><net_src comp="94" pin="0"/><net_sink comp="458" pin=7"/></net>

<net id="484"><net_src comp="96" pin="0"/><net_sink comp="458" pin=8"/></net>

<net id="485"><net_src comp="98" pin="0"/><net_sink comp="458" pin=9"/></net>

<net id="486"><net_src comp="100" pin="0"/><net_sink comp="458" pin=10"/></net>

<net id="487"><net_src comp="102" pin="0"/><net_sink comp="458" pin=11"/></net>

<net id="488"><net_src comp="104" pin="0"/><net_sink comp="458" pin=12"/></net>

<net id="489"><net_src comp="106" pin="0"/><net_sink comp="458" pin=13"/></net>

<net id="490"><net_src comp="108" pin="0"/><net_sink comp="458" pin=14"/></net>

<net id="491"><net_src comp="110" pin="0"/><net_sink comp="458" pin=15"/></net>

<net id="496"><net_src comp="386" pin="35"/><net_sink comp="492" pin=0"/></net>

<net id="501"><net_src comp="386" pin="35"/><net_sink comp="497" pin=0"/></net>

<net id="506"><net_src comp="386" pin="35"/><net_sink comp="502" pin=0"/></net>

<net id="511"><net_src comp="386" pin="35"/><net_sink comp="507" pin=0"/></net>

<net id="516"><net_src comp="386" pin="35"/><net_sink comp="512" pin=0"/></net>

<net id="521"><net_src comp="386" pin="35"/><net_sink comp="517" pin=0"/></net>

<net id="526"><net_src comp="386" pin="35"/><net_sink comp="522" pin=0"/></net>

<net id="531"><net_src comp="386" pin="35"/><net_sink comp="527" pin=0"/></net>

<net id="536"><net_src comp="386" pin="35"/><net_sink comp="532" pin=0"/></net>

<net id="541"><net_src comp="386" pin="35"/><net_sink comp="537" pin=0"/></net>

<net id="546"><net_src comp="386" pin="35"/><net_sink comp="542" pin=0"/></net>

<net id="551"><net_src comp="386" pin="35"/><net_sink comp="547" pin=0"/></net>

<net id="556"><net_src comp="386" pin="35"/><net_sink comp="552" pin=0"/></net>

<net id="561"><net_src comp="386" pin="35"/><net_sink comp="557" pin=0"/></net>

<net id="566"><net_src comp="386" pin="35"/><net_sink comp="562" pin=0"/></net>

<net id="571"><net_src comp="386" pin="35"/><net_sink comp="567" pin=0"/></net>

<net id="576"><net_src comp="376" pin="2"/><net_sink comp="572" pin=0"/></net>

<net id="580"><net_src comp="577" pin="1"/><net_sink comp="351" pin=2"/></net>

<net id="584"><net_src comp="581" pin="1"/><net_sink comp="344" pin=2"/></net>

<net id="588"><net_src comp="585" pin="1"/><net_sink comp="337" pin=2"/></net>

<net id="592"><net_src comp="589" pin="1"/><net_sink comp="330" pin=2"/></net>

<net id="596"><net_src comp="593" pin="1"/><net_sink comp="323" pin=2"/></net>

<net id="600"><net_src comp="597" pin="1"/><net_sink comp="316" pin=2"/></net>

<net id="604"><net_src comp="601" pin="1"/><net_sink comp="309" pin=2"/></net>

<net id="608"><net_src comp="605" pin="1"/><net_sink comp="302" pin=2"/></net>

<net id="612"><net_src comp="609" pin="1"/><net_sink comp="295" pin=2"/></net>

<net id="616"><net_src comp="613" pin="1"/><net_sink comp="288" pin=2"/></net>

<net id="620"><net_src comp="617" pin="1"/><net_sink comp="281" pin=2"/></net>

<net id="624"><net_src comp="621" pin="1"/><net_sink comp="274" pin=2"/></net>

<net id="628"><net_src comp="625" pin="1"/><net_sink comp="267" pin=2"/></net>

<net id="632"><net_src comp="629" pin="1"/><net_sink comp="260" pin=2"/></net>

<net id="636"><net_src comp="633" pin="1"/><net_sink comp="253" pin=2"/></net>

<net id="640"><net_src comp="637" pin="1"/><net_sink comp="246" pin=2"/></net>

<net id="644"><net_src comp="118" pin="1"/><net_sink comp="641" pin=0"/></net>

<net id="645"><net_src comp="641" pin="1"/><net_sink comp="362" pin=1"/></net>

<net id="646"><net_src comp="641" pin="1"/><net_sink comp="367" pin=0"/></net>

<net id="647"><net_src comp="641" pin="1"/><net_sink comp="572" pin=1"/></net>

<net id="651"><net_src comp="122" pin="1"/><net_sink comp="648" pin=0"/></net>

<net id="652"><net_src comp="648" pin="1"/><net_sink comp="562" pin=1"/></net>

<net id="653"><net_src comp="648" pin="1"/><net_sink comp="577" pin=0"/></net>

<net id="657"><net_src comp="126" pin="1"/><net_sink comp="654" pin=0"/></net>

<net id="658"><net_src comp="654" pin="1"/><net_sink comp="557" pin=1"/></net>

<net id="659"><net_src comp="654" pin="1"/><net_sink comp="581" pin=0"/></net>

<net id="663"><net_src comp="130" pin="1"/><net_sink comp="660" pin=0"/></net>

<net id="664"><net_src comp="660" pin="1"/><net_sink comp="552" pin=1"/></net>

<net id="665"><net_src comp="660" pin="1"/><net_sink comp="585" pin=0"/></net>

<net id="669"><net_src comp="134" pin="1"/><net_sink comp="666" pin=0"/></net>

<net id="670"><net_src comp="666" pin="1"/><net_sink comp="547" pin=1"/></net>

<net id="671"><net_src comp="666" pin="1"/><net_sink comp="589" pin=0"/></net>

<net id="675"><net_src comp="138" pin="1"/><net_sink comp="672" pin=0"/></net>

<net id="676"><net_src comp="672" pin="1"/><net_sink comp="542" pin=1"/></net>

<net id="677"><net_src comp="672" pin="1"/><net_sink comp="593" pin=0"/></net>

<net id="681"><net_src comp="142" pin="1"/><net_sink comp="678" pin=0"/></net>

<net id="682"><net_src comp="678" pin="1"/><net_sink comp="537" pin=1"/></net>

<net id="683"><net_src comp="678" pin="1"/><net_sink comp="597" pin=0"/></net>

<net id="687"><net_src comp="146" pin="1"/><net_sink comp="684" pin=0"/></net>

<net id="688"><net_src comp="684" pin="1"/><net_sink comp="532" pin=1"/></net>

<net id="689"><net_src comp="684" pin="1"/><net_sink comp="601" pin=0"/></net>

<net id="693"><net_src comp="150" pin="1"/><net_sink comp="690" pin=0"/></net>

<net id="694"><net_src comp="690" pin="1"/><net_sink comp="527" pin=1"/></net>

<net id="695"><net_src comp="690" pin="1"/><net_sink comp="605" pin=0"/></net>

<net id="699"><net_src comp="154" pin="1"/><net_sink comp="696" pin=0"/></net>

<net id="700"><net_src comp="696" pin="1"/><net_sink comp="522" pin=1"/></net>

<net id="701"><net_src comp="696" pin="1"/><net_sink comp="609" pin=0"/></net>

<net id="705"><net_src comp="158" pin="1"/><net_sink comp="702" pin=0"/></net>

<net id="706"><net_src comp="702" pin="1"/><net_sink comp="517" pin=1"/></net>

<net id="707"><net_src comp="702" pin="1"/><net_sink comp="613" pin=0"/></net>

<net id="711"><net_src comp="162" pin="1"/><net_sink comp="708" pin=0"/></net>

<net id="712"><net_src comp="708" pin="1"/><net_sink comp="512" pin=1"/></net>

<net id="713"><net_src comp="708" pin="1"/><net_sink comp="617" pin=0"/></net>

<net id="717"><net_src comp="166" pin="1"/><net_sink comp="714" pin=0"/></net>

<net id="718"><net_src comp="714" pin="1"/><net_sink comp="507" pin=1"/></net>

<net id="719"><net_src comp="714" pin="1"/><net_sink comp="621" pin=0"/></net>

<net id="723"><net_src comp="170" pin="1"/><net_sink comp="720" pin=0"/></net>

<net id="724"><net_src comp="720" pin="1"/><net_sink comp="502" pin=1"/></net>

<net id="725"><net_src comp="720" pin="1"/><net_sink comp="625" pin=0"/></net>

<net id="729"><net_src comp="174" pin="1"/><net_sink comp="726" pin=0"/></net>

<net id="730"><net_src comp="726" pin="1"/><net_sink comp="497" pin=1"/></net>

<net id="731"><net_src comp="726" pin="1"/><net_sink comp="629" pin=0"/></net>

<net id="735"><net_src comp="178" pin="1"/><net_sink comp="732" pin=0"/></net>

<net id="736"><net_src comp="732" pin="1"/><net_sink comp="492" pin=1"/></net>

<net id="737"><net_src comp="732" pin="1"/><net_sink comp="633" pin=0"/></net>

<net id="741"><net_src comp="182" pin="1"/><net_sink comp="738" pin=0"/></net>

<net id="742"><net_src comp="738" pin="1"/><net_sink comp="567" pin=1"/></net>

<net id="743"><net_src comp="738" pin="1"/><net_sink comp="637" pin=0"/></net>

</net_list>

</model> 
---------------- Datapath Model END ------------------

* FSMD analyzer results:
  - Output states:
	Port: w_80_out | {1 }
	Port: w_79_out | {1 }
	Port: w_78_out | {1 }
	Port: w_77_out | {1 }
	Port: w_76_out | {1 }
	Port: w_75_out | {1 }
	Port: w_74_out | {1 }
	Port: w_73_out | {1 }
	Port: w_72_out | {1 }
	Port: w_71_out | {1 }
	Port: w_70_out | {1 }
	Port: w_69_out | {1 }
	Port: w_68_out | {1 }
	Port: w_67_out | {1 }
	Port: w_66_out | {1 }
	Port: w_out | {1 }
 - Input state : 
	Port: sha256_compress_words_Pipeline_LOAD_INITIAL_WORDS : block_words_read | {1 }
	Port: sha256_compress_words_Pipeline_LOAD_INITIAL_WORDS : block_words_read_10 | {1 }
	Port: sha256_compress_words_Pipeline_LOAD_INITIAL_WORDS : block_words_read_11 | {1 }
	Port: sha256_compress_words_Pipeline_LOAD_INITIAL_WORDS : block_words_read_12 | {1 }
	Port: sha256_compress_words_Pipeline_LOAD_INITIAL_WORDS : block_words_read_13 | {1 }
	Port: sha256_compress_words_Pipeline_LOAD_INITIAL_WORDS : block_words_read_14 | {1 }
	Port: sha256_compress_words_Pipeline_LOAD_INITIAL_WORDS : block_words_read_15 | {1 }
	Port: sha256_compress_words_Pipeline_LOAD_INITIAL_WORDS : block_words_read_16 | {1 }
	Port: sha256_compress_words_Pipeline_LOAD_INITIAL_WORDS : block_words_read_17 | {1 }
	Port: sha256_compress_words_Pipeline_LOAD_INITIAL_WORDS : block_words_read_18 | {1 }
  - Chain level:
	State 1
		store_ln118 : 1
		i_2 : 1
		icmp_ln118 : 2
		add_ln118 : 2
		br_ln118 : 3
		trunc_ln118 : 2
		w_32 : 3
		switch_ln120 : 3
		store_ln114 : 4
		store_ln114 : 4
		store_ln114 : 4
		store_ln114 : 4
		store_ln114 : 4
		store_ln114 : 4
		store_ln114 : 4
		store_ln114 : 4
		store_ln114 : 4
		store_ln114 : 4
		store_ln114 : 4
		store_ln114 : 4
		store_ln114 : 4
		store_ln114 : 4
		store_ln114 : 4
		store_ln114 : 4
		store_ln118 : 3
		w_load : 1
		w_17_load : 1
		w_18_load : 1
		w_19_load : 1
		w_20_load : 1
		w_21_load : 1
		w_22_load : 1
		w_23_load : 1
		w_24_load : 1
		w_25_load : 1
		w_26_load : 1
		w_27_load : 1
		w_28_load : 1
		w_29_load : 1
		w_30_load : 1
		w_31_load : 1
		write_ln0 : 2
		write_ln0 : 2
		write_ln0 : 2
		write_ln0 : 2
		write_ln0 : 2
		write_ln0 : 2
		write_ln0 : 2
		write_ln0 : 2
		write_ln0 : 2
		write_ln0 : 2
		write_ln0 : 2
		write_ln0 : 2
		write_ln0 : 2
		write_ln0 : 2
		write_ln0 : 2
		write_ln0 : 2


============================================================
+ Verbose Summary: Datapath Resource usage 
============================================================

* Functional unit list:
|----------|---------------------------------|---------|---------|
| Operation|         Functional Unit         |    FF   |   LUT   |
|----------|---------------------------------|---------|---------|
| sparsemux|           w_32_fu_386           |    0    |    65   |
|----------|---------------------------------|---------|---------|
|   icmp   |        icmp_ln118_fu_370        |    0    |    12   |
|----------|---------------------------------|---------|---------|
|    add   |         add_ln118_fu_376        |    0    |    12   |
|----------|---------------------------------|---------|---------|
|          |  block_words_read_1_read_fu_186 |    0    |    0    |
|          |  block_words_read_2_read_fu_192 |    0    |    0    |
|          |  block_words_read_3_read_fu_198 |    0    |    0    |
|          |  block_words_read_4_read_fu_204 |    0    |    0    |
|   read   |  block_words_read_5_read_fu_210 |    0    |    0    |
|          |  block_words_read_6_read_fu_216 |    0    |    0    |
|          |  block_words_read_7_read_fu_222 |    0    |    0    |
|          |  block_words_read_8_read_fu_228 |    0    |    0    |
|          |  block_words_read_9_read_fu_234 |    0    |    0    |
|          | block_words_read_19_read_fu_240 |    0    |    0    |
|----------|---------------------------------|---------|---------|
|          |      write_ln0_write_fu_246     |    0    |    0    |
|          |      write_ln0_write_fu_253     |    0    |    0    |
|          |      write_ln0_write_fu_260     |    0    |    0    |
|          |      write_ln0_write_fu_267     |    0    |    0    |
|          |      write_ln0_write_fu_274     |    0    |    0    |
|          |      write_ln0_write_fu_281     |    0    |    0    |
|          |      write_ln0_write_fu_288     |    0    |    0    |
|   write  |      write_ln0_write_fu_295     |    0    |    0    |
|          |      write_ln0_write_fu_302     |    0    |    0    |
|          |      write_ln0_write_fu_309     |    0    |    0    |
|          |      write_ln0_write_fu_316     |    0    |    0    |
|          |      write_ln0_write_fu_323     |    0    |    0    |
|          |      write_ln0_write_fu_330     |    0    |    0    |
|          |      write_ln0_write_fu_337     |    0    |    0    |
|          |      write_ln0_write_fu_344     |    0    |    0    |
|          |      write_ln0_write_fu_351     |    0    |    0    |
|----------|---------------------------------|---------|---------|
|   zext   | block_words_read_18_cast_fu_358 |    0    |    0    |
|----------|---------------------------------|---------|---------|
|   trunc  |        trunc_ln118_fu_382       |    0    |    0    |
|----------|---------------------------------|---------|---------|
|  switch  |       switch_ln120_fu_458       |    0    |    0    |
|----------|---------------------------------|---------|---------|
|   Total  |                                 |    0    |    89   |
|----------|---------------------------------|---------|---------|

Memories:
N/A

* Register list:
+------------+--------+
|            |   FF   |
+------------+--------+
|  i_reg_641 |    5   |
|w_17_reg_654|   32   |
|w_18_reg_660|   32   |
|w_19_reg_666|   32   |
|w_20_reg_672|   32   |
|w_21_reg_678|   32   |
|w_22_reg_684|   32   |
|w_23_reg_690|   32   |
|w_24_reg_696|   32   |
|w_25_reg_702|   32   |
|w_26_reg_708|   32   |
|w_27_reg_714|   32   |
|w_28_reg_720|   32   |
|w_29_reg_726|   32   |
|w_30_reg_732|   32   |
|w_31_reg_738|   32   |
|  w_reg_648 |   32   |
+------------+--------+
|    Total   |   517  |
+------------+--------+

* Multiplexer (MUX) list: 
|--------|------|------|------|--------|
|  Comp  |  Pin | Size |  BW  | S x BW |
|--------|------|------|------|--------|
|  Total |      |      |      |    0   |
|--------|------|------|------|--------|



* Summary:
+-----------+--------+--------+
|           |   FF   |   LUT  |
+-----------+--------+--------+
|  Function |    0   |   89   |
|   Memory  |    -   |    -   |
|Multiplexer|    -   |    -   |
|  Register |   517  |    -   |
+-----------+--------+--------+
|   Total   |   517  |   89   |
+-----------+--------+--------+
