

================================================================
== Vitis HLS Report for 'sha256_compress_words_1'
================================================================
* Date:           Mon Aug  3 02:09:59 2026

* Version:        2025.2 (Build 6295257 on Nov 14 2025)
* Project:        mine
* Solution:       hls (Vitis Kernel Flow Target)
* Product family: zynquplus
* Target device:  xck26-sfvc784-2LV-c


================================================================
== Performance Estimates
================================================================
+ Timing: 
    * Summary: 
    +--------+---------+----------+------------+
    |  Clock |  Target | Estimated| Uncertainty|
    +--------+---------+----------+------------+
    |ap_clk  |  5.00 ns|  3.411 ns|     1.35 ns|
    +--------+---------+----------+------------+

+ Latency: 
    * Summary: 
    +---------+---------+----------+----------+-----+-----+---------+
    |  Latency (cycles) |  Latency (absolute) |  Interval | Pipeline|
    |   min   |   max   |    min   |    max   | min | max |   Type  |
    +---------+---------+----------+----------+-----+-----+---------+
    |       89|       89|  0.445 us|  0.445 us|   89|   89|       no|
    +---------+---------+----------+----------+-----+-----+---------+

    + Detail: 
        * Instance: 
        +----------------------------------------------------------------+-----------------------------------------------------+---------+---------+-----------+-----------+-----+-----+-------------------+
        |                                                                |                                                     |  Latency (cycles) |   Latency (absolute)  |  Interval |      Pipeline     |
        |                            Instance                            |                        Module                       |   min   |   max   |    min    |    max    | min | max |        Type       |
        +----------------------------------------------------------------+-----------------------------------------------------+---------+---------+-----------+-----------+-----+-----+-------------------+
        |grp_sha256_compress_words_1_Pipeline_LOAD_INITIAL_WORDS_fu_252  |sha256_compress_words_1_Pipeline_LOAD_INITIAL_WORDS  |       18|       18|  90.000 ns|  90.000 ns|    0|    0|  loop pipeline stp|
        |grp_sha256_compress_words_1_Pipeline_SHA256_ROUNDS_fu_304       |sha256_compress_words_1_Pipeline_SHA256_ROUNDS       |       67|       67|   0.335 us|   0.335 us|    0|    0|  loop pipeline stp|
        +----------------------------------------------------------------+-----------------------------------------------------+---------+---------+-----------+-----------+-----+-----+-------------------+

        * Loop: 
        N/A



================================================================
== Utilization Estimates
================================================================
* Summary: 
+-----------------+---------+------+--------+--------+-----+
|       Name      | BRAM_18K|  DSP |   FF   |   LUT  | URAM|
+-----------------+---------+------+--------+--------+-----+
|DSP              |        -|     -|       -|       -|    -|
|Expression       |        -|     -|       0|     312|    -|
|FIFO             |        -|     -|       -|       -|    -|
|Instance         |        1|     -|    1364|    1562|    -|
|Memory           |        -|     -|       -|       -|    -|
|Multiplexer      |        -|     -|       0|      31|    -|
|Register         |        -|     -|       7|       -|    -|
+-----------------+---------+------+--------+--------+-----+
|Total            |        1|     0|    1371|    1905|    0|
+-----------------+---------+------+--------+--------+-----+
|Available        |      288|  1248|  234240|  117120|   64|
+-----------------+---------+------+--------+--------+-----+
|Utilization (%)  |       ~0|     0|      ~0|       1|    0|
+-----------------+---------+------+--------+--------+-----+

+ Detail: 
    * Instance: 
    +----------------------------------------------------------------+-----------------------------------------------------+---------+----+-----+------+-----+
    |                            Instance                            |                        Module                       | BRAM_18K| DSP|  FF |  LUT | URAM|
    +----------------------------------------------------------------+-----------------------------------------------------+---------+----+-----+------+-----+
    |grp_sha256_compress_words_1_Pipeline_LOAD_INITIAL_WORDS_fu_252  |sha256_compress_words_1_Pipeline_LOAD_INITIAL_WORDS  |        0|   0|  519|   117|    0|
    |grp_sha256_compress_words_1_Pipeline_SHA256_ROUNDS_fu_304       |sha256_compress_words_1_Pipeline_SHA256_ROUNDS       |        1|   0|  845|  1445|    0|
    +----------------------------------------------------------------+-----------------------------------------------------+---------+----+-----+------+-----+
    |Total                                                           |                                                     |        1|   0| 1364|  1562|    0|
    +----------------------------------------------------------------+-----------------------------------------------------+---------+----+-----+------+-----+

    * DSP: 
    N/A

    * Memory: 
    N/A

    * FIFO: 
    N/A

    * Expression: 
    +---------------------+----------+----+---+----+------------+------------+
    |    Variable Name    | Operation| DSP| FF| LUT| Bitwidth P0| Bitwidth P1|
    +---------------------+----------+----+---+----+------------+------------+
    |add_ln198_fu_422_p2  |         +|   0|  0|  39|          32|          31|
    |add_ln199_fu_428_p2  |         +|   0|  0|  39|          32|          32|
    |add_ln200_fu_434_p2  |         +|   0|  0|  39|          32|          30|
    |add_ln201_fu_440_p2  |         +|   0|  0|  39|          32|          32|
    |add_ln202_fu_446_p2  |         +|   0|  0|  39|          32|          31|
    |add_ln203_fu_452_p2  |         +|   0|  0|  39|          32|          32|
    |add_ln204_fu_458_p2  |         +|   0|  0|  39|          32|          29|
    |add_ln205_fu_464_p2  |         +|   0|  0|  39|          32|          31|
    +---------------------+----------+----+---+----+------------+------------+
    |Total                |          |   0|  0| 312|         256|         248|
    +---------------------+----------+----+---+----+------------+------------+

    * Multiplexer: 
    +-----------+----+-----------+-----+-----------+
    |    Name   | LUT| Input Size| Bits| Total Bits|
    +-----------+----+-----------+-----+-----------+
    |ap_NS_fsm  |  31|          6|    1|          6|
    +-----------+----+-----------+-----+-----------+
    |Total      |  31|          6|    1|          6|
    +-----------+----+-----------+-----+-----------+

    * Register: 
    +-----------------------------------------------------------------------------+---+----+-----+-----------+
    |                                     Name                                    | FF| LUT| Bits| Const Bits|
    +-----------------------------------------------------------------------------+---+----+-----+-----------+
    |ap_CS_fsm                                                                    |  5|   0|    5|          0|
    |grp_sha256_compress_words_1_Pipeline_LOAD_INITIAL_WORDS_fu_252_ap_start_reg  |  1|   0|    1|          0|
    |grp_sha256_compress_words_1_Pipeline_SHA256_ROUNDS_fu_304_ap_start_reg       |  1|   0|    1|          0|
    +-----------------------------------------------------------------------------+---+----+-----+-----------+
    |Total                                                                        |  7|   0|    7|          0|
    +-----------------------------------------------------------------------------+---+----+-----+-----------+



================================================================
== Interface
================================================================
* Summary: 
+--------------------+-----+-----+------------+-------------------------+--------------+
|      RTL Ports     | Dir | Bits|  Protocol  |      Source Object      |    C Type    |
+--------------------+-----+-----+------------+-------------------------+--------------+
|ap_clk              |   in|    1|  ap_ctrl_hs|  sha256_compress_words.1|  return value|
|ap_rst              |   in|    1|  ap_ctrl_hs|  sha256_compress_words.1|  return value|
|ap_start            |   in|    1|  ap_ctrl_hs|  sha256_compress_words.1|  return value|
|ap_done             |  out|    1|  ap_ctrl_hs|  sha256_compress_words.1|  return value|
|ap_idle             |  out|    1|  ap_ctrl_hs|  sha256_compress_words.1|  return value|
|ap_ready            |  out|    1|  ap_ctrl_hs|  sha256_compress_words.1|  return value|
|ap_return_0         |  out|   32|  ap_ctrl_hs|  sha256_compress_words.1|  return value|
|ap_return_1         |  out|   32|  ap_ctrl_hs|  sha256_compress_words.1|  return value|
|ap_return_2         |  out|   32|  ap_ctrl_hs|  sha256_compress_words.1|  return value|
|ap_return_3         |  out|   32|  ap_ctrl_hs|  sha256_compress_words.1|  return value|
|ap_return_4         |  out|   32|  ap_ctrl_hs|  sha256_compress_words.1|  return value|
|ap_return_5         |  out|   32|  ap_ctrl_hs|  sha256_compress_words.1|  return value|
|ap_return_6         |  out|   32|  ap_ctrl_hs|  sha256_compress_words.1|  return value|
|ap_return_7         |  out|   32|  ap_ctrl_hs|  sha256_compress_words.1|  return value|
|block_words_0_val   |   in|   32|     ap_none|        block_words_0_val|        scalar|
|block_words_1_val   |   in|   32|     ap_none|        block_words_1_val|        scalar|
|block_words_2_val   |   in|   32|     ap_none|        block_words_2_val|        scalar|
|block_words_3_val   |   in|   32|     ap_none|        block_words_3_val|        scalar|
|block_words_4_val   |   in|   32|     ap_none|        block_words_4_val|        scalar|
|block_words_5_val   |   in|   32|     ap_none|        block_words_5_val|        scalar|
|block_words_6_val   |   in|   32|     ap_none|        block_words_6_val|        scalar|
|block_words_7_val   |   in|   32|     ap_none|        block_words_7_val|        scalar|
|block_words_8_val   |   in|   32|     ap_none|        block_words_8_val|        scalar|
|block_words_9_val   |   in|   32|     ap_none|        block_words_9_val|        scalar|
|block_words_10_val  |   in|   32|     ap_none|       block_words_10_val|        scalar|
|block_words_11_val  |   in|   32|     ap_none|       block_words_11_val|        scalar|
|block_words_12_val  |   in|   32|     ap_none|       block_words_12_val|        scalar|
|block_words_13_val  |   in|   32|     ap_none|       block_words_13_val|        scalar|
|block_words_14_val  |   in|   32|     ap_none|       block_words_14_val|        scalar|
|block_words_15_val  |   in|   32|     ap_none|       block_words_15_val|        scalar|
+--------------------+-----+-----+------------+-------------------------+--------------+

============================================================
+ Verbose Summary: Synthesis Manager
============================================================
InlineROM: 1
ExposeGlobal: 0
============================================================
+ Verbose Summary: CDFG Model
============================================================
IsTopModel: 0
ResetActiveHigh: 1
IsCombinational: 2
IsDatapathOnly: 2
HasWiredReturn: 1
HasMFsm: 0
HasVarLatency: 1
IsPipeline: 0
IsRtlPipelined: 0
IsInstanceOverlapped: 0
IsDontTouch: 0
HasImplIP: 0
IsGatedGlobalClock: 0


============================================================
+ Verbose Summary: Schedule
============================================================
* Number of FSM states : 5
* Pipeline : 0
* Dataflow Pipeline: 0

* FSM state transitions: 
1 --> 2 
2 --> 3 
3 --> 4 
4 --> 5 
5 --> 

* FSM state operations: 

State 1 <SV = 0> <Delay = 0.48>
ST_1 : Operation 6 [1/1] (0.00ns)   --->   "%block_words_15_val_read = read i32 @_ssdm_op_Read.ap_auto.i32, i32 %block_words_15_val"   --->   Operation 6 'read' 'block_words_15_val_read' <Predicate = true> <Delay = 0.00>
ST_1 : Operation 7 [1/1] (0.00ns)   --->   "%block_words_14_val_read = read i32 @_ssdm_op_Read.ap_auto.i32, i32 %block_words_14_val"   --->   Operation 7 'read' 'block_words_14_val_read' <Predicate = true> <Delay = 0.00>
ST_1 : Operation 8 [1/1] (0.00ns)   --->   "%block_words_13_val_read = read i32 @_ssdm_op_Read.ap_auto.i32, i32 %block_words_13_val"   --->   Operation 8 'read' 'block_words_13_val_read' <Predicate = true> <Delay = 0.00>
ST_1 : Operation 9 [1/1] (0.00ns)   --->   "%block_words_12_val_read = read i32 @_ssdm_op_Read.ap_auto.i32, i32 %block_words_12_val"   --->   Operation 9 'read' 'block_words_12_val_read' <Predicate = true> <Delay = 0.00>
ST_1 : Operation 10 [1/1] (0.00ns)   --->   "%block_words_11_val_read = read i32 @_ssdm_op_Read.ap_auto.i32, i32 %block_words_11_val"   --->   Operation 10 'read' 'block_words_11_val_read' <Predicate = true> <Delay = 0.00>
ST_1 : Operation 11 [1/1] (0.00ns)   --->   "%block_words_10_val_read = read i32 @_ssdm_op_Read.ap_auto.i32, i32 %block_words_10_val"   --->   Operation 11 'read' 'block_words_10_val_read' <Predicate = true> <Delay = 0.00>
ST_1 : Operation 12 [1/1] (0.00ns)   --->   "%block_words_9_val_read = read i32 @_ssdm_op_Read.ap_auto.i32, i32 %block_words_9_val"   --->   Operation 12 'read' 'block_words_9_val_read' <Predicate = true> <Delay = 0.00>
ST_1 : Operation 13 [1/1] (0.00ns)   --->   "%block_words_8_val_read = read i32 @_ssdm_op_Read.ap_auto.i32, i32 %block_words_8_val"   --->   Operation 13 'read' 'block_words_8_val_read' <Predicate = true> <Delay = 0.00>
ST_1 : Operation 14 [1/1] (0.00ns)   --->   "%block_words_7_val_read = read i32 @_ssdm_op_Read.ap_auto.i32, i32 %block_words_7_val"   --->   Operation 14 'read' 'block_words_7_val_read' <Predicate = true> <Delay = 0.00>
ST_1 : Operation 15 [1/1] (0.00ns)   --->   "%block_words_6_val_read = read i32 @_ssdm_op_Read.ap_auto.i32, i32 %block_words_6_val"   --->   Operation 15 'read' 'block_words_6_val_read' <Predicate = true> <Delay = 0.00>
ST_1 : Operation 16 [1/1] (0.00ns)   --->   "%block_words_5_val_read = read i32 @_ssdm_op_Read.ap_auto.i32, i32 %block_words_5_val"   --->   Operation 16 'read' 'block_words_5_val_read' <Predicate = true> <Delay = 0.00>
ST_1 : Operation 17 [1/1] (0.00ns)   --->   "%block_words_4_val_read = read i32 @_ssdm_op_Read.ap_auto.i32, i32 %block_words_4_val"   --->   Operation 17 'read' 'block_words_4_val_read' <Predicate = true> <Delay = 0.00>
ST_1 : Operation 18 [1/1] (0.00ns)   --->   "%block_words_3_val_read = read i32 @_ssdm_op_Read.ap_auto.i32, i32 %block_words_3_val"   --->   Operation 18 'read' 'block_words_3_val_read' <Predicate = true> <Delay = 0.00>
ST_1 : Operation 19 [1/1] (0.00ns)   --->   "%block_words_2_val_read = read i32 @_ssdm_op_Read.ap_auto.i32, i32 %block_words_2_val"   --->   Operation 19 'read' 'block_words_2_val_read' <Predicate = true> <Delay = 0.00>
ST_1 : Operation 20 [1/1] (0.00ns)   --->   "%block_words_1_val_read = read i32 @_ssdm_op_Read.ap_auto.i32, i32 %block_words_1_val"   --->   Operation 20 'read' 'block_words_1_val_read' <Predicate = true> <Delay = 0.00>
ST_1 : Operation 21 [1/1] (0.00ns)   --->   "%block_words_0_val_read = read i32 @_ssdm_op_Read.ap_auto.i32, i32 %block_words_0_val"   --->   Operation 21 'read' 'block_words_0_val_read' <Predicate = true> <Delay = 0.00>
ST_1 : Operation 22 [1/1] (0.00ns)   --->   "%h_loc = alloca i64 1"   --->   Operation 22 'alloca' 'h_loc' <Predicate = true> <Delay = 0.00>
ST_1 : Operation 23 [1/1] (0.00ns)   --->   "%g_loc = alloca i64 1"   --->   Operation 23 'alloca' 'g_loc' <Predicate = true> <Delay = 0.00>
ST_1 : Operation 24 [1/1] (0.00ns)   --->   "%f_loc = alloca i64 1"   --->   Operation 24 'alloca' 'f_loc' <Predicate = true> <Delay = 0.00>
ST_1 : Operation 25 [1/1] (0.00ns)   --->   "%e_2_loc = alloca i64 1"   --->   Operation 25 'alloca' 'e_2_loc' <Predicate = true> <Delay = 0.00>
ST_1 : Operation 26 [1/1] (0.00ns)   --->   "%d_loc = alloca i64 1"   --->   Operation 26 'alloca' 'd_loc' <Predicate = true> <Delay = 0.00>
ST_1 : Operation 27 [1/1] (0.00ns)   --->   "%c_loc = alloca i64 1"   --->   Operation 27 'alloca' 'c_loc' <Predicate = true> <Delay = 0.00>
ST_1 : Operation 28 [1/1] (0.00ns)   --->   "%b_loc = alloca i64 1"   --->   Operation 28 'alloca' 'b_loc' <Predicate = true> <Delay = 0.00>
ST_1 : Operation 29 [1/1] (0.00ns)   --->   "%a_2_loc = alloca i64 1"   --->   Operation 29 'alloca' 'a_2_loc' <Predicate = true> <Delay = 0.00>
ST_1 : Operation 30 [1/1] (0.00ns)   --->   "%w_loc = alloca i64 1"   --->   Operation 30 'alloca' 'w_loc' <Predicate = true> <Delay = 0.00>
ST_1 : Operation 31 [1/1] (0.00ns)   --->   "%w_1_loc = alloca i64 1"   --->   Operation 31 'alloca' 'w_1_loc' <Predicate = true> <Delay = 0.00>
ST_1 : Operation 32 [1/1] (0.00ns)   --->   "%w_2_loc = alloca i64 1"   --->   Operation 32 'alloca' 'w_2_loc' <Predicate = true> <Delay = 0.00>
ST_1 : Operation 33 [1/1] (0.00ns)   --->   "%w_3_loc = alloca i64 1"   --->   Operation 33 'alloca' 'w_3_loc' <Predicate = true> <Delay = 0.00>
ST_1 : Operation 34 [1/1] (0.00ns)   --->   "%w_4_loc = alloca i64 1"   --->   Operation 34 'alloca' 'w_4_loc' <Predicate = true> <Delay = 0.00>
ST_1 : Operation 35 [1/1] (0.00ns)   --->   "%w_5_loc = alloca i64 1"   --->   Operation 35 'alloca' 'w_5_loc' <Predicate = true> <Delay = 0.00>
ST_1 : Operation 36 [1/1] (0.00ns)   --->   "%w_6_loc = alloca i64 1"   --->   Operation 36 'alloca' 'w_6_loc' <Predicate = true> <Delay = 0.00>
ST_1 : Operation 37 [1/1] (0.00ns)   --->   "%w_7_loc = alloca i64 1"   --->   Operation 37 'alloca' 'w_7_loc' <Predicate = true> <Delay = 0.00>
ST_1 : Operation 38 [1/1] (0.00ns)   --->   "%w_8_loc = alloca i64 1"   --->   Operation 38 'alloca' 'w_8_loc' <Predicate = true> <Delay = 0.00>
ST_1 : Operation 39 [1/1] (0.00ns)   --->   "%w_9_loc = alloca i64 1"   --->   Operation 39 'alloca' 'w_9_loc' <Predicate = true> <Delay = 0.00>
ST_1 : Operation 40 [1/1] (0.00ns)   --->   "%w_10_loc = alloca i64 1"   --->   Operation 40 'alloca' 'w_10_loc' <Predicate = true> <Delay = 0.00>
ST_1 : Operation 41 [1/1] (0.00ns)   --->   "%w_11_loc = alloca i64 1"   --->   Operation 41 'alloca' 'w_11_loc' <Predicate = true> <Delay = 0.00>
ST_1 : Operation 42 [1/1] (0.00ns)   --->   "%w_12_loc = alloca i64 1"   --->   Operation 42 'alloca' 'w_12_loc' <Predicate = true> <Delay = 0.00>
ST_1 : Operation 43 [1/1] (0.00ns)   --->   "%w_13_loc = alloca i64 1"   --->   Operation 43 'alloca' 'w_13_loc' <Predicate = true> <Delay = 0.00>
ST_1 : Operation 44 [1/1] (0.00ns)   --->   "%w_14_loc = alloca i64 1"   --->   Operation 44 'alloca' 'w_14_loc' <Predicate = true> <Delay = 0.00>
ST_1 : Operation 45 [1/1] (0.00ns)   --->   "%w_15_loc = alloca i64 1"   --->   Operation 45 'alloca' 'w_15_loc' <Predicate = true> <Delay = 0.00>
ST_1 : Operation 46 [2/2] (0.48ns)   --->   "%call_ln0 = call void @sha256_compress_words.1_Pipeline_LOAD_INITIAL_WORDS, i32 %block_words_0_val_read, i32 %block_words_1_val_read, i32 %block_words_2_val_read, i32 %block_words_3_val_read, i32 %block_words_4_val_read, i32 %block_words_5_val_read, i32 %block_words_6_val_read, i32 %block_words_7_val_read, i32 %block_words_8_val_read, i32 %block_words_9_val_read, i32 %block_words_10_val_read, i32 %block_words_11_val_read, i32 %block_words_12_val_read, i32 %block_words_13_val_read, i32 %block_words_14_val_read, i32 %block_words_15_val_read, i32 %w_15_loc, i32 %w_14_loc, i32 %w_13_loc, i32 %w_12_loc, i32 %w_11_loc, i32 %w_10_loc, i32 %w_9_loc, i32 %w_8_loc, i32 %w_7_loc, i32 %w_6_loc, i32 %w_5_loc, i32 %w_4_loc, i32 %w_3_loc, i32 %w_2_loc, i32 %w_1_loc, i32 %w_loc"   --->   Operation 46 'call' 'call_ln0' <Predicate = true> <Delay = 0.48> <CoreType = "Generic">   --->   Generic Core

State 2 <SV = 1> <Delay = 1.64>
ST_2 : Operation 47 [1/2] (1.64ns)   --->   "%call_ln0 = call void @sha256_compress_words.1_Pipeline_LOAD_INITIAL_WORDS, i32 %block_words_0_val_read, i32 %block_words_1_val_read, i32 %block_words_2_val_read, i32 %block_words_3_val_read, i32 %block_words_4_val_read, i32 %block_words_5_val_read, i32 %block_words_6_val_read, i32 %block_words_7_val_read, i32 %block_words_8_val_read, i32 %block_words_9_val_read, i32 %block_words_10_val_read, i32 %block_words_11_val_read, i32 %block_words_12_val_read, i32 %block_words_13_val_read, i32 %block_words_14_val_read, i32 %block_words_15_val_read, i32 %w_15_loc, i32 %w_14_loc, i32 %w_13_loc, i32 %w_12_loc, i32 %w_11_loc, i32 %w_10_loc, i32 %w_9_loc, i32 %w_8_loc, i32 %w_7_loc, i32 %w_6_loc, i32 %w_5_loc, i32 %w_4_loc, i32 %w_3_loc, i32 %w_2_loc, i32 %w_1_loc, i32 %w_loc"   --->   Operation 47 'call' 'call_ln0' <Predicate = true> <Delay = 1.64> <CoreType = "Generic">   --->   Generic Core

State 3 <SV = 2> <Delay = 0.42>
ST_3 : Operation 48 [1/1] (0.00ns)   --->   "%w_15_loc_load = load i32 %w_15_loc"   --->   Operation 48 'load' 'w_15_loc_load' <Predicate = true> <Delay = 0.00>
ST_3 : Operation 49 [1/1] (0.00ns)   --->   "%w_14_loc_load = load i32 %w_14_loc"   --->   Operation 49 'load' 'w_14_loc_load' <Predicate = true> <Delay = 0.00>
ST_3 : Operation 50 [1/1] (0.00ns)   --->   "%w_13_loc_load = load i32 %w_13_loc"   --->   Operation 50 'load' 'w_13_loc_load' <Predicate = true> <Delay = 0.00>
ST_3 : Operation 51 [1/1] (0.00ns)   --->   "%w_12_loc_load = load i32 %w_12_loc"   --->   Operation 51 'load' 'w_12_loc_load' <Predicate = true> <Delay = 0.00>
ST_3 : Operation 52 [1/1] (0.00ns)   --->   "%w_11_loc_load = load i32 %w_11_loc"   --->   Operation 52 'load' 'w_11_loc_load' <Predicate = true> <Delay = 0.00>
ST_3 : Operation 53 [1/1] (0.00ns)   --->   "%w_10_loc_load = load i32 %w_10_loc"   --->   Operation 53 'load' 'w_10_loc_load' <Predicate = true> <Delay = 0.00>
ST_3 : Operation 54 [1/1] (0.00ns)   --->   "%w_9_loc_load = load i32 %w_9_loc"   --->   Operation 54 'load' 'w_9_loc_load' <Predicate = true> <Delay = 0.00>
ST_3 : Operation 55 [1/1] (0.00ns)   --->   "%w_8_loc_load = load i32 %w_8_loc"   --->   Operation 55 'load' 'w_8_loc_load' <Predicate = true> <Delay = 0.00>
ST_3 : Operation 56 [1/1] (0.00ns)   --->   "%w_7_loc_load = load i32 %w_7_loc"   --->   Operation 56 'load' 'w_7_loc_load' <Predicate = true> <Delay = 0.00>
ST_3 : Operation 57 [1/1] (0.00ns)   --->   "%w_6_loc_load = load i32 %w_6_loc"   --->   Operation 57 'load' 'w_6_loc_load' <Predicate = true> <Delay = 0.00>
ST_3 : Operation 58 [1/1] (0.00ns)   --->   "%w_5_loc_load = load i32 %w_5_loc"   --->   Operation 58 'load' 'w_5_loc_load' <Predicate = true> <Delay = 0.00>
ST_3 : Operation 59 [1/1] (0.00ns)   --->   "%w_4_loc_load = load i32 %w_4_loc"   --->   Operation 59 'load' 'w_4_loc_load' <Predicate = true> <Delay = 0.00>
ST_3 : Operation 60 [1/1] (0.00ns)   --->   "%w_3_loc_load = load i32 %w_3_loc"   --->   Operation 60 'load' 'w_3_loc_load' <Predicate = true> <Delay = 0.00>
ST_3 : Operation 61 [1/1] (0.00ns)   --->   "%w_2_loc_load = load i32 %w_2_loc"   --->   Operation 61 'load' 'w_2_loc_load' <Predicate = true> <Delay = 0.00>
ST_3 : Operation 62 [1/1] (0.00ns)   --->   "%w_1_loc_load = load i32 %w_1_loc"   --->   Operation 62 'load' 'w_1_loc_load' <Predicate = true> <Delay = 0.00>
ST_3 : Operation 63 [1/1] (0.00ns)   --->   "%w_loc_load = load i32 %w_loc"   --->   Operation 63 'load' 'w_loc_load' <Predicate = true> <Delay = 0.00>
ST_3 : Operation 64 [2/2] (0.42ns)   --->   "%call_ln0 = call void @sha256_compress_words.1_Pipeline_SHA256_ROUNDS, i32 %w_15_loc_load, i32 %w_14_loc_load, i32 %w_13_loc_load, i32 %w_12_loc_load, i32 %w_11_loc_load, i32 %w_10_loc_load, i32 %w_9_loc_load, i32 %w_8_loc_load, i32 %w_7_loc_load, i32 %w_6_loc_load, i32 %w_5_loc_load, i32 %w_4_loc_load, i32 %w_3_loc_load, i32 %w_2_loc_load, i32 %w_1_loc_load, i32 %w_loc_load, i32 %a_2_loc, i32 %b_loc, i32 %c_loc, i32 %d_loc, i32 %e_2_loc, i32 %f_loc, i32 %g_loc, i32 %h_loc, i32 %K"   --->   Operation 64 'call' 'call_ln0' <Predicate = true> <Delay = 0.42> <CoreType = "Generic">   --->   Generic Core

State 4 <SV = 3> <Delay = 0.00>
ST_4 : Operation 65 [1/2] (0.00ns)   --->   "%call_ln0 = call void @sha256_compress_words.1_Pipeline_SHA256_ROUNDS, i32 %w_15_loc_load, i32 %w_14_loc_load, i32 %w_13_loc_load, i32 %w_12_loc_load, i32 %w_11_loc_load, i32 %w_10_loc_load, i32 %w_9_loc_load, i32 %w_8_loc_load, i32 %w_7_loc_load, i32 %w_6_loc_load, i32 %w_5_loc_load, i32 %w_4_loc_load, i32 %w_3_loc_load, i32 %w_2_loc_load, i32 %w_1_loc_load, i32 %w_loc_load, i32 %a_2_loc, i32 %b_loc, i32 %c_loc, i32 %d_loc, i32 %e_2_loc, i32 %f_loc, i32 %g_loc, i32 %h_loc, i32 %K"   --->   Operation 65 'call' 'call_ln0' <Predicate = true> <Delay = 0.00> <CoreType = "Generic">   --->   Generic Core

State 5 <SV = 4> <Delay = 1.01>
ST_5 : Operation 66 [1/1] (0.00ns)   --->   "%a_2_loc_load = load i32 %a_2_loc"   --->   Operation 66 'load' 'a_2_loc_load' <Predicate = true> <Delay = 0.00>
ST_5 : Operation 67 [1/1] (0.00ns)   --->   "%b_loc_load = load i32 %b_loc"   --->   Operation 67 'load' 'b_loc_load' <Predicate = true> <Delay = 0.00>
ST_5 : Operation 68 [1/1] (0.00ns)   --->   "%c_loc_load = load i32 %c_loc"   --->   Operation 68 'load' 'c_loc_load' <Predicate = true> <Delay = 0.00>
ST_5 : Operation 69 [1/1] (0.00ns)   --->   "%d_loc_load = load i32 %d_loc"   --->   Operation 69 'load' 'd_loc_load' <Predicate = true> <Delay = 0.00>
ST_5 : Operation 70 [1/1] (0.00ns)   --->   "%e_2_loc_load = load i32 %e_2_loc"   --->   Operation 70 'load' 'e_2_loc_load' <Predicate = true> <Delay = 0.00>
ST_5 : Operation 71 [1/1] (0.00ns)   --->   "%f_loc_load = load i32 %f_loc"   --->   Operation 71 'load' 'f_loc_load' <Predicate = true> <Delay = 0.00>
ST_5 : Operation 72 [1/1] (0.00ns)   --->   "%g_loc_load = load i32 %g_loc"   --->   Operation 72 'load' 'g_loc_load' <Predicate = true> <Delay = 0.00>
ST_5 : Operation 73 [1/1] (0.00ns)   --->   "%h_loc_load = load i32 %h_loc"   --->   Operation 73 'load' 'h_loc_load' <Predicate = true> <Delay = 0.00>
ST_5 : Operation 74 [1/1] (1.01ns)   --->   "%add_ln198 = add i32 %a_2_loc_load, i32 1779033703" [dylan-hls/mine.cpp:198]   --->   Operation 74 'add' 'add_ln198' <Predicate = true> <Delay = 1.01> <CoreInst = "Adder">   --->   Core 1 'Adder' <Latency = 0> <II = 1> <Delay = 1.01> <FuncUnit> <Opcode : 'add' 'sub'> <InPorts = 2> <OutPorts = 1>
ST_5 : Operation 75 [1/1] (1.01ns)   --->   "%add_ln199 = add i32 %b_loc_load, i32 3144134277" [dylan-hls/mine.cpp:199]   --->   Operation 75 'add' 'add_ln199' <Predicate = true> <Delay = 1.01> <CoreInst = "Adder">   --->   Core 1 'Adder' <Latency = 0> <II = 1> <Delay = 1.01> <FuncUnit> <Opcode : 'add' 'sub'> <InPorts = 2> <OutPorts = 1>
ST_5 : Operation 76 [1/1] (1.01ns)   --->   "%add_ln200 = add i32 %c_loc_load, i32 1013904242" [dylan-hls/mine.cpp:200]   --->   Operation 76 'add' 'add_ln200' <Predicate = true> <Delay = 1.01> <CoreInst = "Adder">   --->   Core 1 'Adder' <Latency = 0> <II = 1> <Delay = 1.01> <FuncUnit> <Opcode : 'add' 'sub'> <InPorts = 2> <OutPorts = 1>
ST_5 : Operation 77 [1/1] (1.01ns)   --->   "%add_ln201 = add i32 %d_loc_load, i32 2773480762" [dylan-hls/mine.cpp:201]   --->   Operation 77 'add' 'add_ln201' <Predicate = true> <Delay = 1.01> <CoreInst = "Adder">   --->   Core 1 'Adder' <Latency = 0> <II = 1> <Delay = 1.01> <FuncUnit> <Opcode : 'add' 'sub'> <InPorts = 2> <OutPorts = 1>
ST_5 : Operation 78 [1/1] (1.01ns)   --->   "%add_ln202 = add i32 %e_2_loc_load, i32 1359893119" [dylan-hls/mine.cpp:202]   --->   Operation 78 'add' 'add_ln202' <Predicate = true> <Delay = 1.01> <CoreInst = "Adder">   --->   Core 1 'Adder' <Latency = 0> <II = 1> <Delay = 1.01> <FuncUnit> <Opcode : 'add' 'sub'> <InPorts = 2> <OutPorts = 1>
ST_5 : Operation 79 [1/1] (1.01ns)   --->   "%add_ln203 = add i32 %f_loc_load, i32 2600822924" [dylan-hls/mine.cpp:203]   --->   Operation 79 'add' 'add_ln203' <Predicate = true> <Delay = 1.01> <CoreInst = "Adder">   --->   Core 1 'Adder' <Latency = 0> <II = 1> <Delay = 1.01> <FuncUnit> <Opcode : 'add' 'sub'> <InPorts = 2> <OutPorts = 1>
ST_5 : Operation 80 [1/1] (1.01ns)   --->   "%add_ln204 = add i32 %g_loc_load, i32 528734635" [dylan-hls/mine.cpp:204]   --->   Operation 80 'add' 'add_ln204' <Predicate = true> <Delay = 1.01> <CoreInst = "Adder">   --->   Core 1 'Adder' <Latency = 0> <II = 1> <Delay = 1.01> <FuncUnit> <Opcode : 'add' 'sub'> <InPorts = 2> <OutPorts = 1>
ST_5 : Operation 81 [1/1] (1.01ns)   --->   "%add_ln205 = add i32 %h_loc_load, i32 1541459225" [dylan-hls/mine.cpp:205]   --->   Operation 81 'add' 'add_ln205' <Predicate = true> <Delay = 1.01> <CoreInst = "Adder">   --->   Core 1 'Adder' <Latency = 0> <II = 1> <Delay = 1.01> <FuncUnit> <Opcode : 'add' 'sub'> <InPorts = 2> <OutPorts = 1>
ST_5 : Operation 82 [1/1] (0.00ns)   --->   "%mrv = insertvalue i256 <undef>, i32 %add_ln198" [dylan-hls/mine.cpp:206]   --->   Operation 82 'insertvalue' 'mrv' <Predicate = true> <Delay = 0.00>
ST_5 : Operation 83 [1/1] (0.00ns)   --->   "%mrv_1 = insertvalue i256 %mrv, i32 %add_ln199" [dylan-hls/mine.cpp:206]   --->   Operation 83 'insertvalue' 'mrv_1' <Predicate = true> <Delay = 0.00>
ST_5 : Operation 84 [1/1] (0.00ns)   --->   "%mrv_2 = insertvalue i256 %mrv_1, i32 %add_ln200" [dylan-hls/mine.cpp:206]   --->   Operation 84 'insertvalue' 'mrv_2' <Predicate = true> <Delay = 0.00>
ST_5 : Operation 85 [1/1] (0.00ns)   --->   "%mrv_3 = insertvalue i256 %mrv_2, i32 %add_ln201" [dylan-hls/mine.cpp:206]   --->   Operation 85 'insertvalue' 'mrv_3' <Predicate = true> <Delay = 0.00>
ST_5 : Operation 86 [1/1] (0.00ns)   --->   "%mrv_4 = insertvalue i256 %mrv_3, i32 %add_ln202" [dylan-hls/mine.cpp:206]   --->   Operation 86 'insertvalue' 'mrv_4' <Predicate = true> <Delay = 0.00>
ST_5 : Operation 87 [1/1] (0.00ns)   --->   "%mrv_5 = insertvalue i256 %mrv_4, i32 %add_ln203" [dylan-hls/mine.cpp:206]   --->   Operation 87 'insertvalue' 'mrv_5' <Predicate = true> <Delay = 0.00>
ST_5 : Operation 88 [1/1] (0.00ns)   --->   "%mrv_6 = insertvalue i256 %mrv_5, i32 %add_ln204" [dylan-hls/mine.cpp:206]   --->   Operation 88 'insertvalue' 'mrv_6' <Predicate = true> <Delay = 0.00>
ST_5 : Operation 89 [1/1] (0.00ns)   --->   "%mrv_7 = insertvalue i256 %mrv_6, i32 %add_ln205" [dylan-hls/mine.cpp:206]   --->   Operation 89 'insertvalue' 'mrv_7' <Predicate = true> <Delay = 0.00>
ST_5 : Operation 90 [1/1] (0.00ns)   --->   "%ret_ln206 = ret i256 %mrv_7" [dylan-hls/mine.cpp:206]   --->   Operation 90 'ret' 'ret_ln206' <Predicate = true> <Delay = 0.00>


============================================================
+ Verbose Summary: Binding
============================================================
STG Binding: 
---------------- STG Properties BEGIN ----------------
- Is combinational: 0
- Is one-state seq: 0
- Is datapath-only: 0
- Is pipelined: 0
- Is top level: 0
Port [ Return ] is wired: 1; IO mode=ap_ctrl_hs:ce=0
Port [ block_words_0_val]:  wired=1; compound=0; hidden=0; nouse=0; global=0; static=0; extern=0; dir=0; type=0; pingpong=0; private_global=0; IO mode=ap_none:ce=0
Port [ block_words_1_val]:  wired=1; compound=0; hidden=0; nouse=0; global=0; static=0; extern=0; dir=0; type=0; pingpong=0; private_global=0; IO mode=ap_none:ce=0
Port [ block_words_2_val]:  wired=1; compound=0; hidden=0; nouse=0; global=0; static=0; extern=0; dir=0; type=0; pingpong=0; private_global=0; IO mode=ap_none:ce=0
Port [ block_words_3_val]:  wired=1; compound=0; hidden=0; nouse=0; global=0; static=0; extern=0; dir=0; type=0; pingpong=0; private_global=0; IO mode=ap_none:ce=0
Port [ block_words_4_val]:  wired=1; compound=0; hidden=0; nouse=0; global=0; static=0; extern=0; dir=0; type=0; pingpong=0; private_global=0; IO mode=ap_none:ce=0
Port [ block_words_5_val]:  wired=1; compound=0; hidden=0; nouse=0; global=0; static=0; extern=0; dir=0; type=0; pingpong=0; private_global=0; IO mode=ap_none:ce=0
Port [ block_words_6_val]:  wired=1; compound=0; hidden=0; nouse=0; global=0; static=0; extern=0; dir=0; type=0; pingpong=0; private_global=0; IO mode=ap_none:ce=0
Port [ block_words_7_val]:  wired=1; compound=0; hidden=0; nouse=0; global=0; static=0; extern=0; dir=0; type=0; pingpong=0; private_global=0; IO mode=ap_none:ce=0
Port [ block_words_8_val]:  wired=1; compound=0; hidden=0; nouse=0; global=0; static=0; extern=0; dir=0; type=0; pingpong=0; private_global=0; IO mode=ap_none:ce=0
Port [ block_words_9_val]:  wired=1; compound=0; hidden=0; nouse=0; global=0; static=0; extern=0; dir=0; type=0; pingpong=0; private_global=0; IO mode=ap_none:ce=0
Port [ block_words_10_val]:  wired=1; compound=0; hidden=0; nouse=0; global=0; static=0; extern=0; dir=0; type=0; pingpong=0; private_global=0; IO mode=ap_none:ce=0
Port [ block_words_11_val]:  wired=1; compound=0; hidden=0; nouse=0; global=0; static=0; extern=0; dir=0; type=0; pingpong=0; private_global=0; IO mode=ap_none:ce=0
Port [ block_words_12_val]:  wired=1; compound=0; hidden=0; nouse=0; global=0; static=0; extern=0; dir=0; type=0; pingpong=0; private_global=0; IO mode=ap_none:ce=0
Port [ block_words_13_val]:  wired=1; compound=0; hidden=0; nouse=0; global=0; static=0; extern=0; dir=0; type=0; pingpong=0; private_global=0; IO mode=ap_none:ce=0
Port [ block_words_14_val]:  wired=1; compound=0; hidden=0; nouse=0; global=0; static=0; extern=0; dir=0; type=0; pingpong=0; private_global=0; IO mode=ap_none:ce=0
Port [ block_words_15_val]:  wired=1; compound=0; hidden=0; nouse=0; global=0; static=0; extern=0; dir=0; type=0; pingpong=0; private_global=0; IO mode=ap_none:ce=0
Port [ K]:  wired=0; compound=1; hidden=1; nouse=1; global=1; static=1; extern=0; dir=0; type=1; pingpong=0; private_global=0; MemPort=[1]; IO mode=ap_memory:ce=0
---------------- STG Properties END ------------------

---------------- Datapath Model BEGIN ----------------

<LifeTime>
<method=bitvector/>
block_words_15_val_read (read       ) [ 001000]
block_words_14_val_read (read       ) [ 001000]
block_words_13_val_read (read       ) [ 001000]
block_words_12_val_read (read       ) [ 001000]
block_words_11_val_read (read       ) [ 001000]
block_words_10_val_read (read       ) [ 001000]
block_words_9_val_read  (read       ) [ 001000]
block_words_8_val_read  (read       ) [ 001000]
block_words_7_val_read  (read       ) [ 001000]
block_words_6_val_read  (read       ) [ 001000]
block_words_5_val_read  (read       ) [ 001000]
block_words_4_val_read  (read       ) [ 001000]
block_words_3_val_read  (read       ) [ 001000]
block_words_2_val_read  (read       ) [ 001000]
block_words_1_val_read  (read       ) [ 001000]
block_words_0_val_read  (read       ) [ 001000]
h_loc                   (alloca     ) [ 001111]
g_loc                   (alloca     ) [ 001111]
f_loc                   (alloca     ) [ 001111]
e_2_loc                 (alloca     ) [ 001111]
d_loc                   (alloca     ) [ 001111]
c_loc                   (alloca     ) [ 001111]
b_loc                   (alloca     ) [ 001111]
a_2_loc                 (alloca     ) [ 001111]
w_loc                   (alloca     ) [ 011100]
w_1_loc                 (alloca     ) [ 011100]
w_2_loc                 (alloca     ) [ 011100]
w_3_loc                 (alloca     ) [ 011100]
w_4_loc                 (alloca     ) [ 011100]
w_5_loc                 (alloca     ) [ 011100]
w_6_loc                 (alloca     ) [ 011100]
w_7_loc                 (alloca     ) [ 011100]
w_8_loc                 (alloca     ) [ 011100]
w_9_loc                 (alloca     ) [ 011100]
w_10_loc                (alloca     ) [ 011100]
w_11_loc                (alloca     ) [ 011100]
w_12_loc                (alloca     ) [ 011100]
w_13_loc                (alloca     ) [ 011100]
w_14_loc                (alloca     ) [ 011100]
w_15_loc                (alloca     ) [ 011100]
call_ln0                (call       ) [ 000000]
w_15_loc_load           (load       ) [ 000010]
w_14_loc_load           (load       ) [ 000010]
w_13_loc_load           (load       ) [ 000010]
w_12_loc_load           (load       ) [ 000010]
w_11_loc_load           (load       ) [ 000010]
w_10_loc_load           (load       ) [ 000010]
w_9_loc_load            (load       ) [ 000010]
w_8_loc_load            (load       ) [ 000010]
w_7_loc_load            (load       ) [ 000010]
w_6_loc_load            (load       ) [ 000010]
w_5_loc_load            (load       ) [ 000010]
w_4_loc_load            (load       ) [ 000010]
w_3_loc_load            (load       ) [ 000010]
w_2_loc_load            (load       ) [ 000010]
w_1_loc_load            (load       ) [ 000010]
w_loc_load              (load       ) [ 000010]
call_ln0                (call       ) [ 000000]
a_2_loc_load            (load       ) [ 000000]
b_loc_load              (load       ) [ 000000]
c_loc_load              (load       ) [ 000000]
d_loc_load              (load       ) [ 000000]
e_2_loc_load            (load       ) [ 000000]
f_loc_load              (load       ) [ 000000]
g_loc_load              (load       ) [ 000000]
h_loc_load              (load       ) [ 000000]
add_ln198               (add        ) [ 000000]
add_ln199               (add        ) [ 000000]
add_ln200               (add        ) [ 000000]
add_ln201               (add        ) [ 000000]
add_ln202               (add        ) [ 000000]
add_ln203               (add        ) [ 000000]
add_ln204               (add        ) [ 000000]
add_ln205               (add        ) [ 000000]
mrv                     (insertvalue) [ 000000]
mrv_1                   (insertvalue) [ 000000]
mrv_2                   (insertvalue) [ 000000]
mrv_3                   (insertvalue) [ 000000]
mrv_4                   (insertvalue) [ 000000]
mrv_5                   (insertvalue) [ 000000]
mrv_6                   (insertvalue) [ 000000]
mrv_7                   (insertvalue) [ 000000]
ret_ln206               (ret        ) [ 000000]
</LifeTime>

<model>

<comp_list>
<comp id="0" class="1000" name="block_words_0_val">
<pin_list>
<pin id="1" dir="1" index="0" bw="1" slack="0"/>
</pin_list>
<bind>
<StgValue><ssdm name="block_words_0_val"/></StgValue>
</bind>
</comp>

<comp id="2" class="1000" name="block_words_1_val">
<pin_list>
<pin id="3" dir="1" index="0" bw="1" slack="0"/>
</pin_list>
<bind>
<StgValue><ssdm name="block_words_1_val"/></StgValue>
</bind>
</comp>

<comp id="4" class="1000" name="block_words_2_val">
<pin_list>
<pin id="5" dir="1" index="0" bw="1" slack="0"/>
</pin_list>
<bind>
<StgValue><ssdm name="block_words_2_val"/></StgValue>
</bind>
</comp>

<comp id="6" class="1000" name="block_words_3_val">
<pin_list>
<pin id="7" dir="1" index="0" bw="1" slack="0"/>
</pin_list>
<bind>
<StgValue><ssdm name="block_words_3_val"/></StgValue>
</bind>
</comp>

<comp id="8" class="1000" name="block_words_4_val">
<pin_list>
<pin id="9" dir="1" index="0" bw="1" slack="0"/>
</pin_list>
<bind>
<StgValue><ssdm name="block_words_4_val"/></StgValue>
</bind>
</comp>

<comp id="10" class="1000" name="block_words_5_val">
<pin_list>
<pin id="11" dir="1" index="0" bw="1" slack="0"/>
</pin_list>
<bind>
<StgValue><ssdm name="block_words_5_val"/></StgValue>
</bind>
</comp>

<comp id="12" class="1000" name="block_words_6_val">
<pin_list>
<pin id="13" dir="1" index="0" bw="1" slack="0"/>
</pin_list>
<bind>
<StgValue><ssdm name="block_words_6_val"/></StgValue>
</bind>
</comp>

<comp id="14" class="1000" name="block_words_7_val">
<pin_list>
<pin id="15" dir="1" index="0" bw="1" slack="0"/>
</pin_list>
<bind>
<StgValue><ssdm name="block_words_7_val"/></StgValue>
</bind>
</comp>

<comp id="16" class="1000" name="block_words_8_val">
<pin_list>
<pin id="17" dir="1" index="0" bw="1" slack="0"/>
</pin_list>
<bind>
<StgValue><ssdm name="block_words_8_val"/></StgValue>
</bind>
</comp>

<comp id="18" class="1000" name="block_words_9_val">
<pin_list>
<pin id="19" dir="1" index="0" bw="1" slack="0"/>
</pin_list>
<bind>
<StgValue><ssdm name="block_words_9_val"/></StgValue>
</bind>
</comp>

<comp id="20" class="1000" name="block_words_10_val">
<pin_list>
<pin id="21" dir="1" index="0" bw="1" slack="0"/>
</pin_list>
<bind>
<StgValue><ssdm name="block_words_10_val"/></StgValue>
</bind>
</comp>

<comp id="22" class="1000" name="block_words_11_val">
<pin_list>
<pin id="23" dir="1" index="0" bw="1" slack="0"/>
</pin_list>
<bind>
<StgValue><ssdm name="block_words_11_val"/></StgValue>
</bind>
</comp>

<comp id="24" class="1000" name="block_words_12_val">
<pin_list>
<pin id="25" dir="1" index="0" bw="1" slack="0"/>
</pin_list>
<bind>
<StgValue><ssdm name="block_words_12_val"/></StgValue>
</bind>
</comp>

<comp id="26" class="1000" name="block_words_13_val">
<pin_list>
<pin id="27" dir="1" index="0" bw="1" slack="0"/>
</pin_list>
<bind>
<StgValue><ssdm name="block_words_13_val"/></StgValue>
</bind>
</comp>

<comp id="28" class="1000" name="block_words_14_val">
<pin_list>
<pin id="29" dir="1" index="0" bw="1" slack="0"/>
</pin_list>
<bind>
<StgValue><ssdm name="block_words_14_val"/></StgValue>
</bind>
</comp>

<comp id="30" class="1000" name="block_words_15_val">
<pin_list>
<pin id="31" dir="1" index="0" bw="1" slack="0"/>
</pin_list>
<bind>
<StgValue><ssdm name="block_words_15_val"/></StgValue>
</bind>
</comp>

<comp id="32" class="1000" name="K">
<pin_list>
<pin id="33" dir="1" index="0" bw="1" slack="0"/>
</pin_list>
<bind>
<StgValue><ssdm name="K"/><MemPortTyVec>1 </MemPortTyVec>
</StgValue>
</bind>
</comp>

<comp id="34" class="1001" name="const_34">
<pin_list>
<pin id="35" dir="1" index="0" bw="1" slack="0"/>
</pin_list>
<bind>
<StgValue><ssdm name="_ssdm_op_Read.ap_auto.i32"/></StgValue>
</bind>
</comp>

<comp id="36" class="1001" name="const_36">
<pin_list>
<pin id="37" dir="1" index="0" bw="1" slack="0"/>
</pin_list>
<bind>
<StgValue><ssdm name=""/></StgValue>
</bind>
</comp>

<comp id="38" class="1001" name="const_38">
<pin_list>
<pin id="39" dir="1" index="0" bw="1" slack="0"/>
</pin_list>
<bind>
<StgValue><ssdm name="sha256_compress_words.1_Pipeline_LOAD_INITIAL_WORDS"/></StgValue>
</bind>
</comp>

<comp id="40" class="1001" name="const_40">
<pin_list>
<pin id="41" dir="1" index="0" bw="1" slack="0"/>
</pin_list>
<bind>
<StgValue><ssdm name="sha256_compress_words.1_Pipeline_SHA256_ROUNDS"/></StgValue>
</bind>
</comp>

<comp id="42" class="1001" name="const_42">
<pin_list>
<pin id="43" dir="1" index="0" bw="1" slack="0"/>
</pin_list>
<bind>
<StgValue><ssdm name=""/></StgValue>
</bind>
</comp>

<comp id="44" class="1001" name="const_44">
<pin_list>
<pin id="45" dir="1" index="0" bw="1" slack="0"/>
</pin_list>
<bind>
<StgValue><ssdm name=""/></StgValue>
</bind>
</comp>

<comp id="46" class="1001" name="const_46">
<pin_list>
<pin id="47" dir="1" index="0" bw="1" slack="0"/>
</pin_list>
<bind>
<StgValue><ssdm name=""/></StgValue>
</bind>
</comp>

<comp id="48" class="1001" name="const_48">
<pin_list>
<pin id="49" dir="1" index="0" bw="1" slack="0"/>
</pin_list>
<bind>
<StgValue><ssdm name=""/></StgValue>
</bind>
</comp>

<comp id="50" class="1001" name="const_50">
<pin_list>
<pin id="51" dir="1" index="0" bw="1" slack="0"/>
</pin_list>
<bind>
<StgValue><ssdm name=""/></StgValue>
</bind>
</comp>

<comp id="52" class="1001" name="const_52">
<pin_list>
<pin id="53" dir="1" index="0" bw="1" slack="0"/>
</pin_list>
<bind>
<StgValue><ssdm name=""/></StgValue>
</bind>
</comp>

<comp id="54" class="1001" name="const_54">
<pin_list>
<pin id="55" dir="1" index="0" bw="1" slack="0"/>
</pin_list>
<bind>
<StgValue><ssdm name=""/></StgValue>
</bind>
</comp>

<comp id="56" class="1001" name="const_56">
<pin_list>
<pin id="57" dir="1" index="0" bw="1" slack="0"/>
</pin_list>
<bind>
<StgValue><ssdm name=""/></StgValue>
</bind>
</comp>

<comp id="58" class="1001" name="const_58">
<pin_list>
<pin id="59" dir="1" index="0" bw="1" slack="0"/>
</pin_list>
<bind>
<StgValue><ssdm name=""/></StgValue>
</bind>
</comp>

<comp id="60" class="1004" name="h_loc_fu_60">
<pin_list>
<pin id="61" dir="0" index="0" bw="1" slack="0"/>
<pin id="62" dir="1" index="1" bw="32" slack="2"/>
</pin_list>
<bind>
<opcode="alloca(26) " fcode="alloca"/>
<opset="h_loc/1 "/>
</bind>
</comp>

<comp id="64" class="1004" name="g_loc_fu_64">
<pin_list>
<pin id="65" dir="0" index="0" bw="1" slack="0"/>
<pin id="66" dir="1" index="1" bw="32" slack="2"/>
</pin_list>
<bind>
<opcode="alloca(26) " fcode="alloca"/>
<opset="g_loc/1 "/>
</bind>
</comp>

<comp id="68" class="1004" name="f_loc_fu_68">
<pin_list>
<pin id="69" dir="0" index="0" bw="1" slack="0"/>
<pin id="70" dir="1" index="1" bw="32" slack="2"/>
</pin_list>
<bind>
<opcode="alloca(26) " fcode="alloca"/>
<opset="f_loc/1 "/>
</bind>
</comp>

<comp id="72" class="1004" name="e_2_loc_fu_72">
<pin_list>
<pin id="73" dir="0" index="0" bw="1" slack="0"/>
<pin id="74" dir="1" index="1" bw="32" slack="2"/>
</pin_list>
<bind>
<opcode="alloca(26) " fcode="alloca"/>
<opset="e_2_loc/1 "/>
</bind>
</comp>

<comp id="76" class="1004" name="d_loc_fu_76">
<pin_list>
<pin id="77" dir="0" index="0" bw="1" slack="0"/>
<pin id="78" dir="1" index="1" bw="32" slack="2"/>
</pin_list>
<bind>
<opcode="alloca(26) " fcode="alloca"/>
<opset="d_loc/1 "/>
</bind>
</comp>

<comp id="80" class="1004" name="c_loc_fu_80">
<pin_list>
<pin id="81" dir="0" index="0" bw="1" slack="0"/>
<pin id="82" dir="1" index="1" bw="32" slack="2"/>
</pin_list>
<bind>
<opcode="alloca(26) " fcode="alloca"/>
<opset="c_loc/1 "/>
</bind>
</comp>

<comp id="84" class="1004" name="b_loc_fu_84">
<pin_list>
<pin id="85" dir="0" index="0" bw="1" slack="0"/>
<pin id="86" dir="1" index="1" bw="32" slack="2"/>
</pin_list>
<bind>
<opcode="alloca(26) " fcode="alloca"/>
<opset="b_loc/1 "/>
</bind>
</comp>

<comp id="88" class="1004" name="a_2_loc_fu_88">
<pin_list>
<pin id="89" dir="0" index="0" bw="1" slack="0"/>
<pin id="90" dir="1" index="1" bw="32" slack="2"/>
</pin_list>
<bind>
<opcode="alloca(26) " fcode="alloca"/>
<opset="a_2_loc/1 "/>
</bind>
</comp>

<comp id="92" class="1004" name="w_loc_fu_92">
<pin_list>
<pin id="93" dir="0" index="0" bw="1" slack="0"/>
<pin id="94" dir="1" index="1" bw="32" slack="0"/>
</pin_list>
<bind>
<opcode="alloca(26) " fcode="alloca"/>
<opset="w_loc/1 "/>
</bind>
</comp>

<comp id="96" class="1004" name="w_1_loc_fu_96">
<pin_list>
<pin id="97" dir="0" index="0" bw="1" slack="0"/>
<pin id="98" dir="1" index="1" bw="32" slack="0"/>
</pin_list>
<bind>
<opcode="alloca(26) " fcode="alloca"/>
<opset="w_1_loc/1 "/>
</bind>
</comp>

<comp id="100" class="1004" name="w_2_loc_fu_100">
<pin_list>
<pin id="101" dir="0" index="0" bw="1" slack="0"/>
<pin id="102" dir="1" index="1" bw="32" slack="0"/>
</pin_list>
<bind>
<opcode="alloca(26) " fcode="alloca"/>
<opset="w_2_loc/1 "/>
</bind>
</comp>

<comp id="104" class="1004" name="w_3_loc_fu_104">
<pin_list>
<pin id="105" dir="0" index="0" bw="1" slack="0"/>
<pin id="106" dir="1" index="1" bw="32" slack="0"/>
</pin_list>
<bind>
<opcode="alloca(26) " fcode="alloca"/>
<opset="w_3_loc/1 "/>
</bind>
</comp>

<comp id="108" class="1004" name="w_4_loc_fu_108">
<pin_list>
<pin id="109" dir="0" index="0" bw="1" slack="0"/>
<pin id="110" dir="1" index="1" bw="32" slack="0"/>
</pin_list>
<bind>
<opcode="alloca(26) " fcode="alloca"/>
<opset="w_4_loc/1 "/>
</bind>
</comp>

<comp id="112" class="1004" name="w_5_loc_fu_112">
<pin_list>
<pin id="113" dir="0" index="0" bw="1" slack="0"/>
<pin id="114" dir="1" index="1" bw="32" slack="0"/>
</pin_list>
<bind>
<opcode="alloca(26) " fcode="alloca"/>
<opset="w_5_loc/1 "/>
</bind>
</comp>

<comp id="116" class="1004" name="w_6_loc_fu_116">
<pin_list>
<pin id="117" dir="0" index="0" bw="1" slack="0"/>
<pin id="118" dir="1" index="1" bw="32" slack="0"/>
</pin_list>
<bind>
<opcode="alloca(26) " fcode="alloca"/>
<opset="w_6_loc/1 "/>
</bind>
</comp>

<comp id="120" class="1004" name="w_7_loc_fu_120">
<pin_list>
<pin id="121" dir="0" index="0" bw="1" slack="0"/>
<pin id="122" dir="1" index="1" bw="32" slack="0"/>
</pin_list>
<bind>
<opcode="alloca(26) " fcode="alloca"/>
<opset="w_7_loc/1 "/>
</bind>
</comp>

<comp id="124" class="1004" name="w_8_loc_fu_124">
<pin_list>
<pin id="125" dir="0" index="0" bw="1" slack="0"/>
<pin id="126" dir="1" index="1" bw="32" slack="0"/>
</pin_list>
<bind>
<opcode="alloca(26) " fcode="alloca"/>
<opset="w_8_loc/1 "/>
</bind>
</comp>

<comp id="128" class="1004" name="w_9_loc_fu_128">
<pin_list>
<pin id="129" dir="0" index="0" bw="1" slack="0"/>
<pin id="130" dir="1" index="1" bw="32" slack="0"/>
</pin_list>
<bind>
<opcode="alloca(26) " fcode="alloca"/>
<opset="w_9_loc/1 "/>
</bind>
</comp>

<comp id="132" class="1004" name="w_10_loc_fu_132">
<pin_list>
<pin id="133" dir="0" index="0" bw="1" slack="0"/>
<pin id="134" dir="1" index="1" bw="32" slack="0"/>
</pin_list>
<bind>
<opcode="alloca(26) " fcode="alloca"/>
<opset="w_10_loc/1 "/>
</bind>
</comp>

<comp id="136" class="1004" name="w_11_loc_fu_136">
<pin_list>
<pin id="137" dir="0" index="0" bw="1" slack="0"/>
<pin id="138" dir="1" index="1" bw="32" slack="0"/>
</pin_list>
<bind>
<opcode="alloca(26) " fcode="alloca"/>
<opset="w_11_loc/1 "/>
</bind>
</comp>

<comp id="140" class="1004" name="w_12_loc_fu_140">
<pin_list>
<pin id="141" dir="0" index="0" bw="1" slack="0"/>
<pin id="142" dir="1" index="1" bw="32" slack="0"/>
</pin_list>
<bind>
<opcode="alloca(26) " fcode="alloca"/>
<opset="w_12_loc/1 "/>
</bind>
</comp>

<comp id="144" class="1004" name="w_13_loc_fu_144">
<pin_list>
<pin id="145" dir="0" index="0" bw="1" slack="0"/>
<pin id="146" dir="1" index="1" bw="32" slack="0"/>
</pin_list>
<bind>
<opcode="alloca(26) " fcode="alloca"/>
<opset="w_13_loc/1 "/>
</bind>
</comp>

<comp id="148" class="1004" name="w_14_loc_fu_148">
<pin_list>
<pin id="149" dir="0" index="0" bw="1" slack="0"/>
<pin id="150" dir="1" index="1" bw="32" slack="0"/>
</pin_list>
<bind>
<opcode="alloca(26) " fcode="alloca"/>
<opset="w_14_loc/1 "/>
</bind>
</comp>

<comp id="152" class="1004" name="w_15_loc_fu_152">
<pin_list>
<pin id="153" dir="0" index="0" bw="1" slack="0"/>
<pin id="154" dir="1" index="1" bw="32" slack="0"/>
</pin_list>
<bind>
<opcode="alloca(26) " fcode="alloca"/>
<opset="w_15_loc/1 "/>
</bind>
</comp>

<comp id="156" class="1004" name="block_words_15_val_read_read_fu_156">
<pin_list>
<pin id="157" dir="0" index="0" bw="32" slack="0"/>
<pin id="158" dir="0" index="1" bw="32" slack="0"/>
<pin id="159" dir="1" index="2" bw="32" slack="0"/>
</pin_list>
<bind>
<opcode="read(1150) " fcode="read"/>
<opset="block_words_15_val_read/1 "/>
</bind>
</comp>

<comp id="162" class="1004" name="block_words_14_val_read_read_fu_162">
<pin_list>
<pin id="163" dir="0" index="0" bw="32" slack="0"/>
<pin id="164" dir="0" index="1" bw="32" slack="0"/>
<pin id="165" dir="1" index="2" bw="32" slack="0"/>
</pin_list>
<bind>
<opcode="read(1150) " fcode="read"/>
<opset="block_words_14_val_read/1 "/>
</bind>
</comp>

<comp id="168" class="1004" name="block_words_13_val_read_read_fu_168">
<pin_list>
<pin id="169" dir="0" index="0" bw="32" slack="0"/>
<pin id="170" dir="0" index="1" bw="32" slack="0"/>
<pin id="171" dir="1" index="2" bw="32" slack="0"/>
</pin_list>
<bind>
<opcode="read(1150) " fcode="read"/>
<opset="block_words_13_val_read/1 "/>
</bind>
</comp>

<comp id="174" class="1004" name="block_words_12_val_read_read_fu_174">
<pin_list>
<pin id="175" dir="0" index="0" bw="32" slack="0"/>
<pin id="176" dir="0" index="1" bw="32" slack="0"/>
<pin id="177" dir="1" index="2" bw="32" slack="0"/>
</pin_list>
<bind>
<opcode="read(1150) " fcode="read"/>
<opset="block_words_12_val_read/1 "/>
</bind>
</comp>

<comp id="180" class="1004" name="block_words_11_val_read_read_fu_180">
<pin_list>
<pin id="181" dir="0" index="0" bw="32" slack="0"/>
<pin id="182" dir="0" index="1" bw="32" slack="0"/>
<pin id="183" dir="1" index="2" bw="32" slack="0"/>
</pin_list>
<bind>
<opcode="read(1150) " fcode="read"/>
<opset="block_words_11_val_read/1 "/>
</bind>
</comp>

<comp id="186" class="1004" name="block_words_10_val_read_read_fu_186">
<pin_list>
<pin id="187" dir="0" index="0" bw="32" slack="0"/>
<pin id="188" dir="0" index="1" bw="32" slack="0"/>
<pin id="189" dir="1" index="2" bw="32" slack="0"/>
</pin_list>
<bind>
<opcode="read(1150) " fcode="read"/>
<opset="block_words_10_val_read/1 "/>
</bind>
</comp>

<comp id="192" class="1004" name="block_words_9_val_read_read_fu_192">
<pin_list>
<pin id="193" dir="0" index="0" bw="32" slack="0"/>
<pin id="194" dir="0" index="1" bw="32" slack="0"/>
<pin id="195" dir="1" index="2" bw="32" slack="0"/>
</pin_list>
<bind>
<opcode="read(1150) " fcode="read"/>
<opset="block_words_9_val_read/1 "/>
</bind>
</comp>

<comp id="198" class="1004" name="block_words_8_val_read_read_fu_198">
<pin_list>
<pin id="199" dir="0" index="0" bw="32" slack="0"/>
<pin id="200" dir="0" index="1" bw="32" slack="0"/>
<pin id="201" dir="1" index="2" bw="32" slack="0"/>
</pin_list>
<bind>
<opcode="read(1150) " fcode="read"/>
<opset="block_words_8_val_read/1 "/>
</bind>
</comp>

<comp id="204" class="1004" name="block_words_7_val_read_read_fu_204">
<pin_list>
<pin id="205" dir="0" index="0" bw="32" slack="0"/>
<pin id="206" dir="0" index="1" bw="32" slack="0"/>
<pin id="207" dir="1" index="2" bw="32" slack="0"/>
</pin_list>
<bind>
<opcode="read(1150) " fcode="read"/>
<opset="block_words_7_val_read/1 "/>
</bind>
</comp>

<comp id="210" class="1004" name="block_words_6_val_read_read_fu_210">
<pin_list>
<pin id="211" dir="0" index="0" bw="32" slack="0"/>
<pin id="212" dir="0" index="1" bw="32" slack="0"/>
<pin id="213" dir="1" index="2" bw="32" slack="0"/>
</pin_list>
<bind>
<opcode="read(1150) " fcode="read"/>
<opset="block_words_6_val_read/1 "/>
</bind>
</comp>

<comp id="216" class="1004" name="block_words_5_val_read_read_fu_216">
<pin_list>
<pin id="217" dir="0" index="0" bw="32" slack="0"/>
<pin id="218" dir="0" index="1" bw="32" slack="0"/>
<pin id="219" dir="1" index="2" bw="32" slack="0"/>
</pin_list>
<bind>
<opcode="read(1150) " fcode="read"/>
<opset="block_words_5_val_read/1 "/>
</bind>
</comp>

<comp id="222" class="1004" name="block_words_4_val_read_read_fu_222">
<pin_list>
<pin id="223" dir="0" index="0" bw="32" slack="0"/>
<pin id="224" dir="0" index="1" bw="32" slack="0"/>
<pin id="225" dir="1" index="2" bw="32" slack="0"/>
</pin_list>
<bind>
<opcode="read(1150) " fcode="read"/>
<opset="block_words_4_val_read/1 "/>
</bind>
</comp>

<comp id="228" class="1004" name="block_words_3_val_read_read_fu_228">
<pin_list>
<pin id="229" dir="0" index="0" bw="32" slack="0"/>
<pin id="230" dir="0" index="1" bw="32" slack="0"/>
<pin id="231" dir="1" index="2" bw="32" slack="0"/>
</pin_list>
<bind>
<opcode="read(1150) " fcode="read"/>
<opset="block_words_3_val_read/1 "/>
</bind>
</comp>

<comp id="234" class="1004" name="block_words_2_val_read_read_fu_234">
<pin_list>
<pin id="235" dir="0" index="0" bw="32" slack="0"/>
<pin id="236" dir="0" index="1" bw="32" slack="0"/>
<pin id="237" dir="1" index="2" bw="32" slack="0"/>
</pin_list>
<bind>
<opcode="read(1150) " fcode="read"/>
<opset="block_words_2_val_read/1 "/>
</bind>
</comp>

<comp id="240" class="1004" name="block_words_1_val_read_read_fu_240">
<pin_list>
<pin id="241" dir="0" index="0" bw="32" slack="0"/>
<pin id="242" dir="0" index="1" bw="32" slack="0"/>
<pin id="243" dir="1" index="2" bw="32" slack="0"/>
</pin_list>
<bind>
<opcode="read(1150) " fcode="read"/>
<opset="block_words_1_val_read/1 "/>
</bind>
</comp>

<comp id="246" class="1004" name="block_words_0_val_read_read_fu_246">
<pin_list>
<pin id="247" dir="0" index="0" bw="32" slack="0"/>
<pin id="248" dir="0" index="1" bw="32" slack="0"/>
<pin id="249" dir="1" index="2" bw="32" slack="0"/>
</pin_list>
<bind>
<opcode="read(1150) " fcode="read"/>
<opset="block_words_0_val_read/1 "/>
</bind>
</comp>

<comp id="252" class="1004" name="grp_sha256_compress_words_1_Pipeline_LOAD_INITIAL_WORDS_fu_252">
<pin_list>
<pin id="253" dir="0" index="0" bw="0" slack="0"/>
<pin id="254" dir="0" index="1" bw="32" slack="0"/>
<pin id="255" dir="0" index="2" bw="32" slack="0"/>
<pin id="256" dir="0" index="3" bw="32" slack="0"/>
<pin id="257" dir="0" index="4" bw="32" slack="0"/>
<pin id="258" dir="0" index="5" bw="32" slack="0"/>
<pin id="259" dir="0" index="6" bw="32" slack="0"/>
<pin id="260" dir="0" index="7" bw="32" slack="0"/>
<pin id="261" dir="0" index="8" bw="32" slack="0"/>
<pin id="262" dir="0" index="9" bw="32" slack="0"/>
<pin id="263" dir="0" index="10" bw="32" slack="0"/>
<pin id="264" dir="0" index="11" bw="32" slack="0"/>
<pin id="265" dir="0" index="12" bw="32" slack="0"/>
<pin id="266" dir="0" index="13" bw="32" slack="0"/>
<pin id="267" dir="0" index="14" bw="32" slack="0"/>
<pin id="268" dir="0" index="15" bw="32" slack="0"/>
<pin id="269" dir="0" index="16" bw="32" slack="0"/>
<pin id="270" dir="0" index="17" bw="32" slack="0"/>
<pin id="271" dir="0" index="18" bw="32" slack="0"/>
<pin id="272" dir="0" index="19" bw="32" slack="0"/>
<pin id="273" dir="0" index="20" bw="32" slack="0"/>
<pin id="274" dir="0" index="21" bw="32" slack="0"/>
<pin id="275" dir="0" index="22" bw="32" slack="0"/>
<pin id="276" dir="0" index="23" bw="32" slack="0"/>
<pin id="277" dir="0" index="24" bw="32" slack="0"/>
<pin id="278" dir="0" index="25" bw="32" slack="0"/>
<pin id="279" dir="0" index="26" bw="32" slack="0"/>
<pin id="280" dir="0" index="27" bw="32" slack="0"/>
<pin id="281" dir="0" index="28" bw="32" slack="0"/>
<pin id="282" dir="0" index="29" bw="32" slack="0"/>
<pin id="283" dir="0" index="30" bw="32" slack="0"/>
<pin id="284" dir="0" index="31" bw="32" slack="0"/>
<pin id="285" dir="0" index="32" bw="32" slack="0"/>
<pin id="286" dir="1" index="33" bw="0" slack="2147483647"/>
</pin_list>
<bind>
<opcode="call(48) " fcode="call"/>
<opset="call_ln0/1 "/>
</bind>
</comp>

<comp id="304" class="1004" name="grp_sha256_compress_words_1_Pipeline_SHA256_ROUNDS_fu_304">
<pin_list>
<pin id="305" dir="0" index="0" bw="0" slack="0"/>
<pin id="306" dir="0" index="1" bw="32" slack="0"/>
<pin id="307" dir="0" index="2" bw="32" slack="0"/>
<pin id="308" dir="0" index="3" bw="32" slack="0"/>
<pin id="309" dir="0" index="4" bw="32" slack="0"/>
<pin id="310" dir="0" index="5" bw="32" slack="0"/>
<pin id="311" dir="0" index="6" bw="32" slack="0"/>
<pin id="312" dir="0" index="7" bw="32" slack="0"/>
<pin id="313" dir="0" index="8" bw="32" slack="0"/>
<pin id="314" dir="0" index="9" bw="32" slack="0"/>
<pin id="315" dir="0" index="10" bw="32" slack="0"/>
<pin id="316" dir="0" index="11" bw="32" slack="0"/>
<pin id="317" dir="0" index="12" bw="32" slack="0"/>
<pin id="318" dir="0" index="13" bw="32" slack="0"/>
<pin id="319" dir="0" index="14" bw="32" slack="0"/>
<pin id="320" dir="0" index="15" bw="32" slack="0"/>
<pin id="321" dir="0" index="16" bw="32" slack="0"/>
<pin id="322" dir="0" index="17" bw="32" slack="2"/>
<pin id="323" dir="0" index="18" bw="32" slack="2"/>
<pin id="324" dir="0" index="19" bw="32" slack="2"/>
<pin id="325" dir="0" index="20" bw="32" slack="2"/>
<pin id="326" dir="0" index="21" bw="32" slack="2"/>
<pin id="327" dir="0" index="22" bw="32" slack="2"/>
<pin id="328" dir="0" index="23" bw="32" slack="2"/>
<pin id="329" dir="0" index="24" bw="32" slack="2"/>
<pin id="330" dir="0" index="25" bw="32" slack="0"/>
<pin id="331" dir="1" index="26" bw="0" slack="2147483647"/>
</pin_list>
<bind>
<opcode="call(48) " fcode="call"/>
<opset="call_ln0/3 "/>
</bind>
</comp>

<comp id="334" class="1004" name="w_15_loc_load_load_fu_334">
<pin_list>
<pin id="335" dir="0" index="0" bw="32" slack="2"/>
<pin id="336" dir="1" index="1" bw="32" slack="0"/>
</pin_list>
<bind>
<opcode="load(27) " fcode="load"/>
<opset="w_15_loc_load/3 "/>
</bind>
</comp>

<comp id="338" class="1004" name="w_14_loc_load_load_fu_338">
<pin_list>
<pin id="339" dir="0" index="0" bw="32" slack="2"/>
<pin id="340" dir="1" index="1" bw="32" slack="0"/>
</pin_list>
<bind>
<opcode="load(27) " fcode="load"/>
<opset="w_14_loc_load/3 "/>
</bind>
</comp>

<comp id="342" class="1004" name="w_13_loc_load_load_fu_342">
<pin_list>
<pin id="343" dir="0" index="0" bw="32" slack="2"/>
<pin id="344" dir="1" index="1" bw="32" slack="0"/>
</pin_list>
<bind>
<opcode="load(27) " fcode="load"/>
<opset="w_13_loc_load/3 "/>
</bind>
</comp>

<comp id="346" class="1004" name="w_12_loc_load_load_fu_346">
<pin_list>
<pin id="347" dir="0" index="0" bw="32" slack="2"/>
<pin id="348" dir="1" index="1" bw="32" slack="0"/>
</pin_list>
<bind>
<opcode="load(27) " fcode="load"/>
<opset="w_12_loc_load/3 "/>
</bind>
</comp>

<comp id="350" class="1004" name="w_11_loc_load_load_fu_350">
<pin_list>
<pin id="351" dir="0" index="0" bw="32" slack="2"/>
<pin id="352" dir="1" index="1" bw="32" slack="0"/>
</pin_list>
<bind>
<opcode="load(27) " fcode="load"/>
<opset="w_11_loc_load/3 "/>
</bind>
</comp>

<comp id="354" class="1004" name="w_10_loc_load_load_fu_354">
<pin_list>
<pin id="355" dir="0" index="0" bw="32" slack="2"/>
<pin id="356" dir="1" index="1" bw="32" slack="0"/>
</pin_list>
<bind>
<opcode="load(27) " fcode="load"/>
<opset="w_10_loc_load/3 "/>
</bind>
</comp>

<comp id="358" class="1004" name="w_9_loc_load_load_fu_358">
<pin_list>
<pin id="359" dir="0" index="0" bw="32" slack="2"/>
<pin id="360" dir="1" index="1" bw="32" slack="0"/>
</pin_list>
<bind>
<opcode="load(27) " fcode="load"/>
<opset="w_9_loc_load/3 "/>
</bind>
</comp>

<comp id="362" class="1004" name="w_8_loc_load_load_fu_362">
<pin_list>
<pin id="363" dir="0" index="0" bw="32" slack="2"/>
<pin id="364" dir="1" index="1" bw="32" slack="0"/>
</pin_list>
<bind>
<opcode="load(27) " fcode="load"/>
<opset="w_8_loc_load/3 "/>
</bind>
</comp>

<comp id="366" class="1004" name="w_7_loc_load_load_fu_366">
<pin_list>
<pin id="367" dir="0" index="0" bw="32" slack="2"/>
<pin id="368" dir="1" index="1" bw="32" slack="0"/>
</pin_list>
<bind>
<opcode="load(27) " fcode="load"/>
<opset="w_7_loc_load/3 "/>
</bind>
</comp>

<comp id="370" class="1004" name="w_6_loc_load_load_fu_370">
<pin_list>
<pin id="371" dir="0" index="0" bw="32" slack="2"/>
<pin id="372" dir="1" index="1" bw="32" slack="0"/>
</pin_list>
<bind>
<opcode="load(27) " fcode="load"/>
<opset="w_6_loc_load/3 "/>
</bind>
</comp>

<comp id="374" class="1004" name="w_5_loc_load_load_fu_374">
<pin_list>
<pin id="375" dir="0" index="0" bw="32" slack="2"/>
<pin id="376" dir="1" index="1" bw="32" slack="0"/>
</pin_list>
<bind>
<opcode="load(27) " fcode="load"/>
<opset="w_5_loc_load/3 "/>
</bind>
</comp>

<comp id="378" class="1004" name="w_4_loc_load_load_fu_378">
<pin_list>
<pin id="379" dir="0" index="0" bw="32" slack="2"/>
<pin id="380" dir="1" index="1" bw="32" slack="0"/>
</pin_list>
<bind>
<opcode="load(27) " fcode="load"/>
<opset="w_4_loc_load/3 "/>
</bind>
</comp>

<comp id="382" class="1004" name="w_3_loc_load_load_fu_382">
<pin_list>
<pin id="383" dir="0" index="0" bw="32" slack="2"/>
<pin id="384" dir="1" index="1" bw="32" slack="0"/>
</pin_list>
<bind>
<opcode="load(27) " fcode="load"/>
<opset="w_3_loc_load/3 "/>
</bind>
</comp>

<comp id="386" class="1004" name="w_2_loc_load_load_fu_386">
<pin_list>
<pin id="387" dir="0" index="0" bw="32" slack="2"/>
<pin id="388" dir="1" index="1" bw="32" slack="0"/>
</pin_list>
<bind>
<opcode="load(27) " fcode="load"/>
<opset="w_2_loc_load/3 "/>
</bind>
</comp>

<comp id="390" class="1004" name="w_1_loc_load_load_fu_390">
<pin_list>
<pin id="391" dir="0" index="0" bw="32" slack="2"/>
<pin id="392" dir="1" index="1" bw="32" slack="0"/>
</pin_list>
<bind>
<opcode="load(27) " fcode="load"/>
<opset="w_1_loc_load/3 "/>
</bind>
</comp>

<comp id="394" class="1004" name="w_loc_load_load_fu_394">
<pin_list>
<pin id="395" dir="0" index="0" bw="32" slack="2"/>
<pin id="396" dir="1" index="1" bw="32" slack="0"/>
</pin_list>
<bind>
<opcode="load(27) " fcode="load"/>
<opset="w_loc_load/3 "/>
</bind>
</comp>

<comp id="398" class="1004" name="a_2_loc_load_load_fu_398">
<pin_list>
<pin id="399" dir="0" index="0" bw="32" slack="4"/>
<pin id="400" dir="1" index="1" bw="32" slack="0"/>
</pin_list>
<bind>
<opcode="load(27) " fcode="load"/>
<opset="a_2_loc_load/5 "/>
</bind>
</comp>

<comp id="401" class="1004" name="b_loc_load_load_fu_401">
<pin_list>
<pin id="402" dir="0" index="0" bw="32" slack="4"/>
<pin id="403" dir="1" index="1" bw="32" slack="0"/>
</pin_list>
<bind>
<opcode="load(27) " fcode="load"/>
<opset="b_loc_load/5 "/>
</bind>
</comp>

<comp id="404" class="1004" name="c_loc_load_load_fu_404">
<pin_list>
<pin id="405" dir="0" index="0" bw="32" slack="4"/>
<pin id="406" dir="1" index="1" bw="32" slack="0"/>
</pin_list>
<bind>
<opcode="load(27) " fcode="load"/>
<opset="c_loc_load/5 "/>
</bind>
</comp>

<comp id="407" class="1004" name="d_loc_load_load_fu_407">
<pin_list>
<pin id="408" dir="0" index="0" bw="32" slack="4"/>
<pin id="409" dir="1" index="1" bw="32" slack="0"/>
</pin_list>
<bind>
<opcode="load(27) " fcode="load"/>
<opset="d_loc_load/5 "/>
</bind>
</comp>

<comp id="410" class="1004" name="e_2_loc_load_load_fu_410">
<pin_list>
<pin id="411" dir="0" index="0" bw="32" slack="4"/>
<pin id="412" dir="1" index="1" bw="32" slack="0"/>
</pin_list>
<bind>
<opcode="load(27) " fcode="load"/>
<opset="e_2_loc_load/5 "/>
</bind>
</comp>

<comp id="413" class="1004" name="f_loc_load_load_fu_413">
<pin_list>
<pin id="414" dir="0" index="0" bw="32" slack="4"/>
<pin id="415" dir="1" index="1" bw="32" slack="0"/>
</pin_list>
<bind>
<opcode="load(27) " fcode="load"/>
<opset="f_loc_load/5 "/>
</bind>
</comp>

<comp id="416" class="1004" name="g_loc_load_load_fu_416">
<pin_list>
<pin id="417" dir="0" index="0" bw="32" slack="4"/>
<pin id="418" dir="1" index="1" bw="32" slack="0"/>
</pin_list>
<bind>
<opcode="load(27) " fcode="load"/>
<opset="g_loc_load/5 "/>
</bind>
</comp>

<comp id="419" class="1004" name="h_loc_load_load_fu_419">
<pin_list>
<pin id="420" dir="0" index="0" bw="32" slack="4"/>
<pin id="421" dir="1" index="1" bw="32" slack="0"/>
</pin_list>
<bind>
<opcode="load(27) " fcode="load"/>
<opset="h_loc_load/5 "/>
</bind>
</comp>

<comp id="422" class="1004" name="add_ln198_fu_422">
<pin_list>
<pin id="423" dir="0" index="0" bw="32" slack="0"/>
<pin id="424" dir="0" index="1" bw="32" slack="0"/>
<pin id="425" dir="1" index="2" bw="32" slack="0"/>
</pin_list>
<bind>
<opcode="add(8) " fcode="add"/>
<opset="add_ln198/5 "/>
</bind>
</comp>

<comp id="428" class="1004" name="add_ln199_fu_428">
<pin_list>
<pin id="429" dir="0" index="0" bw="32" slack="0"/>
<pin id="430" dir="0" index="1" bw="32" slack="0"/>
<pin id="431" dir="1" index="2" bw="32" slack="0"/>
</pin_list>
<bind>
<opcode="add(8) " fcode="add"/>
<opset="add_ln199/5 "/>
</bind>
</comp>

<comp id="434" class="1004" name="add_ln200_fu_434">
<pin_list>
<pin id="435" dir="0" index="0" bw="32" slack="0"/>
<pin id="436" dir="0" index="1" bw="31" slack="0"/>
<pin id="437" dir="1" index="2" bw="32" slack="0"/>
</pin_list>
<bind>
<opcode="add(8) " fcode="add"/>
<opset="add_ln200/5 "/>
</bind>
</comp>

<comp id="440" class="1004" name="add_ln201_fu_440">
<pin_list>
<pin id="441" dir="0" index="0" bw="32" slack="0"/>
<pin id="442" dir="0" index="1" bw="32" slack="0"/>
<pin id="443" dir="1" index="2" bw="32" slack="0"/>
</pin_list>
<bind>
<opcode="add(8) " fcode="add"/>
<opset="add_ln201/5 "/>
</bind>
</comp>

<comp id="446" class="1004" name="add_ln202_fu_446">
<pin_list>
<pin id="447" dir="0" index="0" bw="32" slack="0"/>
<pin id="448" dir="0" index="1" bw="32" slack="0"/>
<pin id="449" dir="1" index="2" bw="32" slack="0"/>
</pin_list>
<bind>
<opcode="add(8) " fcode="add"/>
<opset="add_ln202/5 "/>
</bind>
</comp>

<comp id="452" class="1004" name="add_ln203_fu_452">
<pin_list>
<pin id="453" dir="0" index="0" bw="32" slack="0"/>
<pin id="454" dir="0" index="1" bw="32" slack="0"/>
<pin id="455" dir="1" index="2" bw="32" slack="0"/>
</pin_list>
<bind>
<opcode="add(8) " fcode="add"/>
<opset="add_ln203/5 "/>
</bind>
</comp>

<comp id="458" class="1004" name="add_ln204_fu_458">
<pin_list>
<pin id="459" dir="0" index="0" bw="32" slack="0"/>
<pin id="460" dir="0" index="1" bw="30" slack="0"/>
<pin id="461" dir="1" index="2" bw="32" slack="0"/>
</pin_list>
<bind>
<opcode="add(8) " fcode="add"/>
<opset="add_ln204/5 "/>
</bind>
</comp>

<comp id="464" class="1004" name="add_ln205_fu_464">
<pin_list>
<pin id="465" dir="0" index="0" bw="32" slack="0"/>
<pin id="466" dir="0" index="1" bw="32" slack="0"/>
<pin id="467" dir="1" index="2" bw="32" slack="0"/>
</pin_list>
<bind>
<opcode="add(8) " fcode="add"/>
<opset="add_ln205/5 "/>
</bind>
</comp>

<comp id="470" class="1004" name="mrv_fu_470">
<pin_list>
<pin id="471" dir="0" index="0" bw="256" slack="0"/>
<pin id="472" dir="0" index="1" bw="32" slack="0"/>
<pin id="473" dir="1" index="2" bw="256" slack="0"/>
</pin_list>
<bind>
<opcode="insertvalue(57) " fcode="insertvalue"/>
<opset="mrv/5 "/>
</bind>
</comp>

<comp id="476" class="1004" name="mrv_1_fu_476">
<pin_list>
<pin id="477" dir="0" index="0" bw="256" slack="0"/>
<pin id="478" dir="0" index="1" bw="32" slack="0"/>
<pin id="479" dir="1" index="2" bw="256" slack="0"/>
</pin_list>
<bind>
<opcode="insertvalue(57) " fcode="insertvalue"/>
<opset="mrv_1/5 "/>
</bind>
</comp>

<comp id="482" class="1004" name="mrv_2_fu_482">
<pin_list>
<pin id="483" dir="0" index="0" bw="256" slack="0"/>
<pin id="484" dir="0" index="1" bw="32" slack="0"/>
<pin id="485" dir="1" index="2" bw="256" slack="0"/>
</pin_list>
<bind>
<opcode="insertvalue(57) " fcode="insertvalue"/>
<opset="mrv_2/5 "/>
</bind>
</comp>

<comp id="488" class="1004" name="mrv_3_fu_488">
<pin_list>
<pin id="489" dir="0" index="0" bw="256" slack="0"/>
<pin id="490" dir="0" index="1" bw="32" slack="0"/>
<pin id="491" dir="1" index="2" bw="256" slack="0"/>
</pin_list>
<bind>
<opcode="insertvalue(57) " fcode="insertvalue"/>
<opset="mrv_3/5 "/>
</bind>
</comp>

<comp id="494" class="1004" name="mrv_4_fu_494">
<pin_list>
<pin id="495" dir="0" index="0" bw="256" slack="0"/>
<pin id="496" dir="0" index="1" bw="32" slack="0"/>
<pin id="497" dir="1" index="2" bw="256" slack="0"/>
</pin_list>
<bind>
<opcode="insertvalue(57) " fcode="insertvalue"/>
<opset="mrv_4/5 "/>
</bind>
</comp>

<comp id="500" class="1004" name="mrv_5_fu_500">
<pin_list>
<pin id="501" dir="0" index="0" bw="256" slack="0"/>
<pin id="502" dir="0" index="1" bw="32" slack="0"/>
<pin id="503" dir="1" index="2" bw="256" slack="0"/>
</pin_list>
<bind>
<opcode="insertvalue(57) " fcode="insertvalue"/>
<opset="mrv_5/5 "/>
</bind>
</comp>

<comp id="506" class="1004" name="mrv_6_fu_506">
<pin_list>
<pin id="507" dir="0" index="0" bw="256" slack="0"/>
<pin id="508" dir="0" index="1" bw="32" slack="0"/>
<pin id="509" dir="1" index="2" bw="256" slack="0"/>
</pin_list>
<bind>
<opcode="insertvalue(57) " fcode="insertvalue"/>
<opset="mrv_6/5 "/>
</bind>
</comp>

<comp id="512" class="1004" name="mrv_7_fu_512">
<pin_list>
<pin id="513" dir="0" index="0" bw="256" slack="0"/>
<pin id="514" dir="0" index="1" bw="32" slack="0"/>
<pin id="515" dir="1" index="2" bw="256" slack="2147483647"/>
</pin_list>
<bind>
<opcode="insertvalue(57) " fcode="insertvalue"/>
<opset="mrv_7/5 "/>
</bind>
</comp>

<comp id="518" class="1005" name="block_words_15_val_read_reg_518">
<pin_list>
<pin id="519" dir="0" index="0" bw="32" slack="1"/>
<pin id="520" dir="1" index="1" bw="32" slack="1"/>
</pin_list>
<bind>
<opset="block_words_15_val_read "/>
</bind>
</comp>

<comp id="523" class="1005" name="block_words_14_val_read_reg_523">
<pin_list>
<pin id="524" dir="0" index="0" bw="32" slack="1"/>
<pin id="525" dir="1" index="1" bw="32" slack="1"/>
</pin_list>
<bind>
<opset="block_words_14_val_read "/>
</bind>
</comp>

<comp id="528" class="1005" name="block_words_13_val_read_reg_528">
<pin_list>
<pin id="529" dir="0" index="0" bw="32" slack="1"/>
<pin id="530" dir="1" index="1" bw="32" slack="1"/>
</pin_list>
<bind>
<opset="block_words_13_val_read "/>
</bind>
</comp>

<comp id="533" class="1005" name="block_words_12_val_read_reg_533">
<pin_list>
<pin id="534" dir="0" index="0" bw="32" slack="1"/>
<pin id="535" dir="1" index="1" bw="32" slack="1"/>
</pin_list>
<bind>
<opset="block_words_12_val_read "/>
</bind>
</comp>

<comp id="538" class="1005" name="block_words_11_val_read_reg_538">
<pin_list>
<pin id="539" dir="0" index="0" bw="32" slack="1"/>
<pin id="540" dir="1" index="1" bw="32" slack="1"/>
</pin_list>
<bind>
<opset="block_words_11_val_read "/>
</bind>
</comp>

<comp id="543" class="1005" name="block_words_10_val_read_reg_543">
<pin_list>
<pin id="544" dir="0" index="0" bw="32" slack="1"/>
<pin id="545" dir="1" index="1" bw="32" slack="1"/>
</pin_list>
<bind>
<opset="block_words_10_val_read "/>
</bind>
</comp>

<comp id="548" class="1005" name="block_words_9_val_read_reg_548">
<pin_list>
<pin id="549" dir="0" index="0" bw="32" slack="1"/>
<pin id="550" dir="1" index="1" bw="32" slack="1"/>
</pin_list>
<bind>
<opset="block_words_9_val_read "/>
</bind>
</comp>

<comp id="553" class="1005" name="block_words_8_val_read_reg_553">
<pin_list>
<pin id="554" dir="0" index="0" bw="32" slack="1"/>
<pin id="555" dir="1" index="1" bw="32" slack="1"/>
</pin_list>
<bind>
<opset="block_words_8_val_read "/>
</bind>
</comp>

<comp id="558" class="1005" name="block_words_7_val_read_reg_558">
<pin_list>
<pin id="559" dir="0" index="0" bw="32" slack="1"/>
<pin id="560" dir="1" index="1" bw="32" slack="1"/>
</pin_list>
<bind>
<opset="block_words_7_val_read "/>
</bind>
</comp>

<comp id="563" class="1005" name="block_words_6_val_read_reg_563">
<pin_list>
<pin id="564" dir="0" index="0" bw="32" slack="1"/>
<pin id="565" dir="1" index="1" bw="32" slack="1"/>
</pin_list>
<bind>
<opset="block_words_6_val_read "/>
</bind>
</comp>

<comp id="568" class="1005" name="block_words_5_val_read_reg_568">
<pin_list>
<pin id="569" dir="0" index="0" bw="32" slack="1"/>
<pin id="570" dir="1" index="1" bw="32" slack="1"/>
</pin_list>
<bind>
<opset="block_words_5_val_read "/>
</bind>
</comp>

<comp id="573" class="1005" name="block_words_4_val_read_reg_573">
<pin_list>
<pin id="574" dir="0" index="0" bw="32" slack="1"/>
<pin id="575" dir="1" index="1" bw="32" slack="1"/>
</pin_list>
<bind>
<opset="block_words_4_val_read "/>
</bind>
</comp>

<comp id="578" class="1005" name="block_words_3_val_read_reg_578">
<pin_list>
<pin id="579" dir="0" index="0" bw="32" slack="1"/>
<pin id="580" dir="1" index="1" bw="32" slack="1"/>
</pin_list>
<bind>
<opset="block_words_3_val_read "/>
</bind>
</comp>

<comp id="583" class="1005" name="block_words_2_val_read_reg_583">
<pin_list>
<pin id="584" dir="0" index="0" bw="32" slack="1"/>
<pin id="585" dir="1" index="1" bw="32" slack="1"/>
</pin_list>
<bind>
<opset="block_words_2_val_read "/>
</bind>
</comp>

<comp id="588" class="1005" name="block_words_1_val_read_reg_588">
<pin_list>
<pin id="589" dir="0" index="0" bw="32" slack="1"/>
<pin id="590" dir="1" index="1" bw="32" slack="1"/>
</pin_list>
<bind>
<opset="block_words_1_val_read "/>
</bind>
</comp>

<comp id="593" class="1005" name="block_words_0_val_read_reg_593">
<pin_list>
<pin id="594" dir="0" index="0" bw="32" slack="1"/>
<pin id="595" dir="1" index="1" bw="32" slack="1"/>
</pin_list>
<bind>
<opset="block_words_0_val_read "/>
</bind>
</comp>

<comp id="598" class="1005" name="h_loc_reg_598">
<pin_list>
<pin id="599" dir="0" index="0" bw="32" slack="2"/>
<pin id="600" dir="1" index="1" bw="32" slack="2"/>
</pin_list>
<bind>
<opset="h_loc "/>
</bind>
</comp>

<comp id="604" class="1005" name="g_loc_reg_604">
<pin_list>
<pin id="605" dir="0" index="0" bw="32" slack="2"/>
<pin id="606" dir="1" index="1" bw="32" slack="2"/>
</pin_list>
<bind>
<opset="g_loc "/>
</bind>
</comp>

<comp id="610" class="1005" name="f_loc_reg_610">
<pin_list>
<pin id="611" dir="0" index="0" bw="32" slack="2"/>
<pin id="612" dir="1" index="1" bw="32" slack="2"/>
</pin_list>
<bind>
<opset="f_loc "/>
</bind>
</comp>

<comp id="616" class="1005" name="e_2_loc_reg_616">
<pin_list>
<pin id="617" dir="0" index="0" bw="32" slack="2"/>
<pin id="618" dir="1" index="1" bw="32" slack="2"/>
</pin_list>
<bind>
<opset="e_2_loc "/>
</bind>
</comp>

<comp id="622" class="1005" name="d_loc_reg_622">
<pin_list>
<pin id="623" dir="0" index="0" bw="32" slack="2"/>
<pin id="624" dir="1" index="1" bw="32" slack="2"/>
</pin_list>
<bind>
<opset="d_loc "/>
</bind>
</comp>

<comp id="628" class="1005" name="c_loc_reg_628">
<pin_list>
<pin id="629" dir="0" index="0" bw="32" slack="2"/>
<pin id="630" dir="1" index="1" bw="32" slack="2"/>
</pin_list>
<bind>
<opset="c_loc "/>
</bind>
</comp>

<comp id="634" class="1005" name="b_loc_reg_634">
<pin_list>
<pin id="635" dir="0" index="0" bw="32" slack="2"/>
<pin id="636" dir="1" index="1" bw="32" slack="2"/>
</pin_list>
<bind>
<opset="b_loc "/>
</bind>
</comp>

<comp id="640" class="1005" name="a_2_loc_reg_640">
<pin_list>
<pin id="641" dir="0" index="0" bw="32" slack="2"/>
<pin id="642" dir="1" index="1" bw="32" slack="2"/>
</pin_list>
<bind>
<opset="a_2_loc "/>
</bind>
</comp>

<comp id="646" class="1005" name="w_loc_reg_646">
<pin_list>
<pin id="647" dir="0" index="0" bw="32" slack="0"/>
<pin id="648" dir="1" index="1" bw="32" slack="0"/>
</pin_list>
<bind>
<opset="w_loc "/>
</bind>
</comp>

<comp id="652" class="1005" name="w_1_loc_reg_652">
<pin_list>
<pin id="653" dir="0" index="0" bw="32" slack="0"/>
<pin id="654" dir="1" index="1" bw="32" slack="0"/>
</pin_list>
<bind>
<opset="w_1_loc "/>
</bind>
</comp>

<comp id="658" class="1005" name="w_2_loc_reg_658">
<pin_list>
<pin id="659" dir="0" index="0" bw="32" slack="0"/>
<pin id="660" dir="1" index="1" bw="32" slack="0"/>
</pin_list>
<bind>
<opset="w_2_loc "/>
</bind>
</comp>

<comp id="664" class="1005" name="w_3_loc_reg_664">
<pin_list>
<pin id="665" dir="0" index="0" bw="32" slack="0"/>
<pin id="666" dir="1" index="1" bw="32" slack="0"/>
</pin_list>
<bind>
<opset="w_3_loc "/>
</bind>
</comp>

<comp id="670" class="1005" name="w_4_loc_reg_670">
<pin_list>
<pin id="671" dir="0" index="0" bw="32" slack="0"/>
<pin id="672" dir="1" index="1" bw="32" slack="0"/>
</pin_list>
<bind>
<opset="w_4_loc "/>
</bind>
</comp>

<comp id="676" class="1005" name="w_5_loc_reg_676">
<pin_list>
<pin id="677" dir="0" index="0" bw="32" slack="0"/>
<pin id="678" dir="1" index="1" bw="32" slack="0"/>
</pin_list>
<bind>
<opset="w_5_loc "/>
</bind>
</comp>

<comp id="682" class="1005" name="w_6_loc_reg_682">
<pin_list>
<pin id="683" dir="0" index="0" bw="32" slack="0"/>
<pin id="684" dir="1" index="1" bw="32" slack="0"/>
</pin_list>
<bind>
<opset="w_6_loc "/>
</bind>
</comp>

<comp id="688" class="1005" name="w_7_loc_reg_688">
<pin_list>
<pin id="689" dir="0" index="0" bw="32" slack="0"/>
<pin id="690" dir="1" index="1" bw="32" slack="0"/>
</pin_list>
<bind>
<opset="w_7_loc "/>
</bind>
</comp>

<comp id="694" class="1005" name="w_8_loc_reg_694">
<pin_list>
<pin id="695" dir="0" index="0" bw="32" slack="0"/>
<pin id="696" dir="1" index="1" bw="32" slack="0"/>
</pin_list>
<bind>
<opset="w_8_loc "/>
</bind>
</comp>

<comp id="700" class="1005" name="w_9_loc_reg_700">
<pin_list>
<pin id="701" dir="0" index="0" bw="32" slack="0"/>
<pin id="702" dir="1" index="1" bw="32" slack="0"/>
</pin_list>
<bind>
<opset="w_9_loc "/>
</bind>
</comp>

<comp id="706" class="1005" name="w_10_loc_reg_706">
<pin_list>
<pin id="707" dir="0" index="0" bw="32" slack="0"/>
<pin id="708" dir="1" index="1" bw="32" slack="0"/>
</pin_list>
<bind>
<opset="w_10_loc "/>
</bind>
</comp>

<comp id="712" class="1005" name="w_11_loc_reg_712">
<pin_list>
<pin id="713" dir="0" index="0" bw="32" slack="0"/>
<pin id="714" dir="1" index="1" bw="32" slack="0"/>
</pin_list>
<bind>
<opset="w_11_loc "/>
</bind>
</comp>

<comp id="718" class="1005" name="w_12_loc_reg_718">
<pin_list>
<pin id="719" dir="0" index="0" bw="32" slack="0"/>
<pin id="720" dir="1" index="1" bw="32" slack="0"/>
</pin_list>
<bind>
<opset="w_12_loc "/>
</bind>
</comp>

<comp id="724" class="1005" name="w_13_loc_reg_724">
<pin_list>
<pin id="725" dir="0" index="0" bw="32" slack="0"/>
<pin id="726" dir="1" index="1" bw="32" slack="0"/>
</pin_list>
<bind>
<opset="w_13_loc "/>
</bind>
</comp>

<comp id="730" class="1005" name="w_14_loc_reg_730">
<pin_list>
<pin id="731" dir="0" index="0" bw="32" slack="0"/>
<pin id="732" dir="1" index="1" bw="32" slack="0"/>
</pin_list>
<bind>
<opset="w_14_loc "/>
</bind>
</comp>

<comp id="736" class="1005" name="w_15_loc_reg_736">
<pin_list>
<pin id="737" dir="0" index="0" bw="32" slack="0"/>
<pin id="738" dir="1" index="1" bw="32" slack="0"/>
</pin_list>
<bind>
<opset="w_15_loc "/>
</bind>
</comp>

</comp_list>

<net_list>
<net id="63"><net_src comp="36" pin="0"/><net_sink comp="60" pin=0"/></net>

<net id="67"><net_src comp="36" pin="0"/><net_sink comp="64" pin=0"/></net>

<net id="71"><net_src comp="36" pin="0"/><net_sink comp="68" pin=0"/></net>

<net id="75"><net_src comp="36" pin="0"/><net_sink comp="72" pin=0"/></net>

<net id="79"><net_src comp="36" pin="0"/><net_sink comp="76" pin=0"/></net>

<net id="83"><net_src comp="36" pin="0"/><net_sink comp="80" pin=0"/></net>

<net id="87"><net_src comp="36" pin="0"/><net_sink comp="84" pin=0"/></net>

<net id="91"><net_src comp="36" pin="0"/><net_sink comp="88" pin=0"/></net>

<net id="95"><net_src comp="36" pin="0"/><net_sink comp="92" pin=0"/></net>

<net id="99"><net_src comp="36" pin="0"/><net_sink comp="96" pin=0"/></net>

<net id="103"><net_src comp="36" pin="0"/><net_sink comp="100" pin=0"/></net>

<net id="107"><net_src comp="36" pin="0"/><net_sink comp="104" pin=0"/></net>

<net id="111"><net_src comp="36" pin="0"/><net_sink comp="108" pin=0"/></net>

<net id="115"><net_src comp="36" pin="0"/><net_sink comp="112" pin=0"/></net>

<net id="119"><net_src comp="36" pin="0"/><net_sink comp="116" pin=0"/></net>

<net id="123"><net_src comp="36" pin="0"/><net_sink comp="120" pin=0"/></net>

<net id="127"><net_src comp="36" pin="0"/><net_sink comp="124" pin=0"/></net>

<net id="131"><net_src comp="36" pin="0"/><net_sink comp="128" pin=0"/></net>

<net id="135"><net_src comp="36" pin="0"/><net_sink comp="132" pin=0"/></net>

<net id="139"><net_src comp="36" pin="0"/><net_sink comp="136" pin=0"/></net>

<net id="143"><net_src comp="36" pin="0"/><net_sink comp="140" pin=0"/></net>

<net id="147"><net_src comp="36" pin="0"/><net_sink comp="144" pin=0"/></net>

<net id="151"><net_src comp="36" pin="0"/><net_sink comp="148" pin=0"/></net>

<net id="155"><net_src comp="36" pin="0"/><net_sink comp="152" pin=0"/></net>

<net id="160"><net_src comp="34" pin="0"/><net_sink comp="156" pin=0"/></net>

<net id="161"><net_src comp="30" pin="0"/><net_sink comp="156" pin=1"/></net>

<net id="166"><net_src comp="34" pin="0"/><net_sink comp="162" pin=0"/></net>

<net id="167"><net_src comp="28" pin="0"/><net_sink comp="162" pin=1"/></net>

<net id="172"><net_src comp="34" pin="0"/><net_sink comp="168" pin=0"/></net>

<net id="173"><net_src comp="26" pin="0"/><net_sink comp="168" pin=1"/></net>

<net id="178"><net_src comp="34" pin="0"/><net_sink comp="174" pin=0"/></net>

<net id="179"><net_src comp="24" pin="0"/><net_sink comp="174" pin=1"/></net>

<net id="184"><net_src comp="34" pin="0"/><net_sink comp="180" pin=0"/></net>

<net id="185"><net_src comp="22" pin="0"/><net_sink comp="180" pin=1"/></net>

<net id="190"><net_src comp="34" pin="0"/><net_sink comp="186" pin=0"/></net>

<net id="191"><net_src comp="20" pin="0"/><net_sink comp="186" pin=1"/></net>

<net id="196"><net_src comp="34" pin="0"/><net_sink comp="192" pin=0"/></net>

<net id="197"><net_src comp="18" pin="0"/><net_sink comp="192" pin=1"/></net>

<net id="202"><net_src comp="34" pin="0"/><net_sink comp="198" pin=0"/></net>

<net id="203"><net_src comp="16" pin="0"/><net_sink comp="198" pin=1"/></net>

<net id="208"><net_src comp="34" pin="0"/><net_sink comp="204" pin=0"/></net>

<net id="209"><net_src comp="14" pin="0"/><net_sink comp="204" pin=1"/></net>

<net id="214"><net_src comp="34" pin="0"/><net_sink comp="210" pin=0"/></net>

<net id="215"><net_src comp="12" pin="0"/><net_sink comp="210" pin=1"/></net>

<net id="220"><net_src comp="34" pin="0"/><net_sink comp="216" pin=0"/></net>

<net id="221"><net_src comp="10" pin="0"/><net_sink comp="216" pin=1"/></net>

<net id="226"><net_src comp="34" pin="0"/><net_sink comp="222" pin=0"/></net>

<net id="227"><net_src comp="8" pin="0"/><net_sink comp="222" pin=1"/></net>

<net id="232"><net_src comp="34" pin="0"/><net_sink comp="228" pin=0"/></net>

<net id="233"><net_src comp="6" pin="0"/><net_sink comp="228" pin=1"/></net>

<net id="238"><net_src comp="34" pin="0"/><net_sink comp="234" pin=0"/></net>

<net id="239"><net_src comp="4" pin="0"/><net_sink comp="234" pin=1"/></net>

<net id="244"><net_src comp="34" pin="0"/><net_sink comp="240" pin=0"/></net>

<net id="245"><net_src comp="2" pin="0"/><net_sink comp="240" pin=1"/></net>

<net id="250"><net_src comp="34" pin="0"/><net_sink comp="246" pin=0"/></net>

<net id="251"><net_src comp="0" pin="0"/><net_sink comp="246" pin=1"/></net>

<net id="287"><net_src comp="38" pin="0"/><net_sink comp="252" pin=0"/></net>

<net id="288"><net_src comp="246" pin="2"/><net_sink comp="252" pin=1"/></net>

<net id="289"><net_src comp="240" pin="2"/><net_sink comp="252" pin=2"/></net>

<net id="290"><net_src comp="234" pin="2"/><net_sink comp="252" pin=3"/></net>

<net id="291"><net_src comp="228" pin="2"/><net_sink comp="252" pin=4"/></net>

<net id="292"><net_src comp="222" pin="2"/><net_sink comp="252" pin=5"/></net>

<net id="293"><net_src comp="216" pin="2"/><net_sink comp="252" pin=6"/></net>

<net id="294"><net_src comp="210" pin="2"/><net_sink comp="252" pin=7"/></net>

<net id="295"><net_src comp="204" pin="2"/><net_sink comp="252" pin=8"/></net>

<net id="296"><net_src comp="198" pin="2"/><net_sink comp="252" pin=9"/></net>

<net id="297"><net_src comp="192" pin="2"/><net_sink comp="252" pin=10"/></net>

<net id="298"><net_src comp="186" pin="2"/><net_sink comp="252" pin=11"/></net>

<net id="299"><net_src comp="180" pin="2"/><net_sink comp="252" pin=12"/></net>

<net id="300"><net_src comp="174" pin="2"/><net_sink comp="252" pin=13"/></net>

<net id="301"><net_src comp="168" pin="2"/><net_sink comp="252" pin=14"/></net>

<net id="302"><net_src comp="162" pin="2"/><net_sink comp="252" pin=15"/></net>

<net id="303"><net_src comp="156" pin="2"/><net_sink comp="252" pin=16"/></net>

<net id="332"><net_src comp="40" pin="0"/><net_sink comp="304" pin=0"/></net>

<net id="333"><net_src comp="32" pin="0"/><net_sink comp="304" pin=25"/></net>

<net id="337"><net_src comp="334" pin="1"/><net_sink comp="304" pin=1"/></net>

<net id="341"><net_src comp="338" pin="1"/><net_sink comp="304" pin=2"/></net>

<net id="345"><net_src comp="342" pin="1"/><net_sink comp="304" pin=3"/></net>

<net id="349"><net_src comp="346" pin="1"/><net_sink comp="304" pin=4"/></net>

<net id="353"><net_src comp="350" pin="1"/><net_sink comp="304" pin=5"/></net>

<net id="357"><net_src comp="354" pin="1"/><net_sink comp="304" pin=6"/></net>

<net id="361"><net_src comp="358" pin="1"/><net_sink comp="304" pin=7"/></net>

<net id="365"><net_src comp="362" pin="1"/><net_sink comp="304" pin=8"/></net>

<net id="369"><net_src comp="366" pin="1"/><net_sink comp="304" pin=9"/></net>

<net id="373"><net_src comp="370" pin="1"/><net_sink comp="304" pin=10"/></net>

<net id="377"><net_src comp="374" pin="1"/><net_sink comp="304" pin=11"/></net>

<net id="381"><net_src comp="378" pin="1"/><net_sink comp="304" pin=12"/></net>

<net id="385"><net_src comp="382" pin="1"/><net_sink comp="304" pin=13"/></net>

<net id="389"><net_src comp="386" pin="1"/><net_sink comp="304" pin=14"/></net>

<net id="393"><net_src comp="390" pin="1"/><net_sink comp="304" pin=15"/></net>

<net id="397"><net_src comp="394" pin="1"/><net_sink comp="304" pin=16"/></net>

<net id="426"><net_src comp="398" pin="1"/><net_sink comp="422" pin=0"/></net>

<net id="427"><net_src comp="42" pin="0"/><net_sink comp="422" pin=1"/></net>

<net id="432"><net_src comp="401" pin="1"/><net_sink comp="428" pin=0"/></net>

<net id="433"><net_src comp="44" pin="0"/><net_sink comp="428" pin=1"/></net>

<net id="438"><net_src comp="404" pin="1"/><net_sink comp="434" pin=0"/></net>

<net id="439"><net_src comp="46" pin="0"/><net_sink comp="434" pin=1"/></net>

<net id="444"><net_src comp="407" pin="1"/><net_sink comp="440" pin=0"/></net>

<net id="445"><net_src comp="48" pin="0"/><net_sink comp="440" pin=1"/></net>

<net id="450"><net_src comp="410" pin="1"/><net_sink comp="446" pin=0"/></net>

<net id="451"><net_src comp="50" pin="0"/><net_sink comp="446" pin=1"/></net>

<net id="456"><net_src comp="413" pin="1"/><net_sink comp="452" pin=0"/></net>

<net id="457"><net_src comp="52" pin="0"/><net_sink comp="452" pin=1"/></net>

<net id="462"><net_src comp="416" pin="1"/><net_sink comp="458" pin=0"/></net>

<net id="463"><net_src comp="54" pin="0"/><net_sink comp="458" pin=1"/></net>

<net id="468"><net_src comp="419" pin="1"/><net_sink comp="464" pin=0"/></net>

<net id="469"><net_src comp="56" pin="0"/><net_sink comp="464" pin=1"/></net>

<net id="474"><net_src comp="58" pin="0"/><net_sink comp="470" pin=0"/></net>

<net id="475"><net_src comp="422" pin="2"/><net_sink comp="470" pin=1"/></net>

<net id="480"><net_src comp="470" pin="2"/><net_sink comp="476" pin=0"/></net>

<net id="481"><net_src comp="428" pin="2"/><net_sink comp="476" pin=1"/></net>

<net id="486"><net_src comp="476" pin="2"/><net_sink comp="482" pin=0"/></net>

<net id="487"><net_src comp="434" pin="2"/><net_sink comp="482" pin=1"/></net>

<net id="492"><net_src comp="482" pin="2"/><net_sink comp="488" pin=0"/></net>

<net id="493"><net_src comp="440" pin="2"/><net_sink comp="488" pin=1"/></net>

<net id="498"><net_src comp="488" pin="2"/><net_sink comp="494" pin=0"/></net>

<net id="499"><net_src comp="446" pin="2"/><net_sink comp="494" pin=1"/></net>

<net id="504"><net_src comp="494" pin="2"/><net_sink comp="500" pin=0"/></net>

<net id="505"><net_src comp="452" pin="2"/><net_sink comp="500" pin=1"/></net>

<net id="510"><net_src comp="500" pin="2"/><net_sink comp="506" pin=0"/></net>

<net id="511"><net_src comp="458" pin="2"/><net_sink comp="506" pin=1"/></net>

<net id="516"><net_src comp="506" pin="2"/><net_sink comp="512" pin=0"/></net>

<net id="517"><net_src comp="464" pin="2"/><net_sink comp="512" pin=1"/></net>

<net id="521"><net_src comp="156" pin="2"/><net_sink comp="518" pin=0"/></net>

<net id="522"><net_src comp="518" pin="1"/><net_sink comp="252" pin=16"/></net>

<net id="526"><net_src comp="162" pin="2"/><net_sink comp="523" pin=0"/></net>

<net id="527"><net_src comp="523" pin="1"/><net_sink comp="252" pin=15"/></net>

<net id="531"><net_src comp="168" pin="2"/><net_sink comp="528" pin=0"/></net>

<net id="532"><net_src comp="528" pin="1"/><net_sink comp="252" pin=14"/></net>

<net id="536"><net_src comp="174" pin="2"/><net_sink comp="533" pin=0"/></net>

<net id="537"><net_src comp="533" pin="1"/><net_sink comp="252" pin=13"/></net>

<net id="541"><net_src comp="180" pin="2"/><net_sink comp="538" pin=0"/></net>

<net id="542"><net_src comp="538" pin="1"/><net_sink comp="252" pin=12"/></net>

<net id="546"><net_src comp="186" pin="2"/><net_sink comp="543" pin=0"/></net>

<net id="547"><net_src comp="543" pin="1"/><net_sink comp="252" pin=11"/></net>

<net id="551"><net_src comp="192" pin="2"/><net_sink comp="548" pin=0"/></net>

<net id="552"><net_src comp="548" pin="1"/><net_sink comp="252" pin=10"/></net>

<net id="556"><net_src comp="198" pin="2"/><net_sink comp="553" pin=0"/></net>

<net id="557"><net_src comp="553" pin="1"/><net_sink comp="252" pin=9"/></net>

<net id="561"><net_src comp="204" pin="2"/><net_sink comp="558" pin=0"/></net>

<net id="562"><net_src comp="558" pin="1"/><net_sink comp="252" pin=8"/></net>

<net id="566"><net_src comp="210" pin="2"/><net_sink comp="563" pin=0"/></net>

<net id="567"><net_src comp="563" pin="1"/><net_sink comp="252" pin=7"/></net>

<net id="571"><net_src comp="216" pin="2"/><net_sink comp="568" pin=0"/></net>

<net id="572"><net_src comp="568" pin="1"/><net_sink comp="252" pin=6"/></net>

<net id="576"><net_src comp="222" pin="2"/><net_sink comp="573" pin=0"/></net>

<net id="577"><net_src comp="573" pin="1"/><net_sink comp="252" pin=5"/></net>

<net id="581"><net_src comp="228" pin="2"/><net_sink comp="578" pin=0"/></net>

<net id="582"><net_src comp="578" pin="1"/><net_sink comp="252" pin=4"/></net>

<net id="586"><net_src comp="234" pin="2"/><net_sink comp="583" pin=0"/></net>

<net id="587"><net_src comp="583" pin="1"/><net_sink comp="252" pin=3"/></net>

<net id="591"><net_src comp="240" pin="2"/><net_sink comp="588" pin=0"/></net>

<net id="592"><net_src comp="588" pin="1"/><net_sink comp="252" pin=2"/></net>

<net id="596"><net_src comp="246" pin="2"/><net_sink comp="593" pin=0"/></net>

<net id="597"><net_src comp="593" pin="1"/><net_sink comp="252" pin=1"/></net>

<net id="601"><net_src comp="60" pin="1"/><net_sink comp="598" pin=0"/></net>

<net id="602"><net_src comp="598" pin="1"/><net_sink comp="304" pin=24"/></net>

<net id="603"><net_src comp="598" pin="1"/><net_sink comp="419" pin=0"/></net>

<net id="607"><net_src comp="64" pin="1"/><net_sink comp="604" pin=0"/></net>

<net id="608"><net_src comp="604" pin="1"/><net_sink comp="304" pin=23"/></net>

<net id="609"><net_src comp="604" pin="1"/><net_sink comp="416" pin=0"/></net>

<net id="613"><net_src comp="68" pin="1"/><net_sink comp="610" pin=0"/></net>

<net id="614"><net_src comp="610" pin="1"/><net_sink comp="304" pin=22"/></net>

<net id="615"><net_src comp="610" pin="1"/><net_sink comp="413" pin=0"/></net>

<net id="619"><net_src comp="72" pin="1"/><net_sink comp="616" pin=0"/></net>

<net id="620"><net_src comp="616" pin="1"/><net_sink comp="304" pin=21"/></net>

<net id="621"><net_src comp="616" pin="1"/><net_sink comp="410" pin=0"/></net>

<net id="625"><net_src comp="76" pin="1"/><net_sink comp="622" pin=0"/></net>

<net id="626"><net_src comp="622" pin="1"/><net_sink comp="304" pin=20"/></net>

<net id="627"><net_src comp="622" pin="1"/><net_sink comp="407" pin=0"/></net>

<net id="631"><net_src comp="80" pin="1"/><net_sink comp="628" pin=0"/></net>

<net id="632"><net_src comp="628" pin="1"/><net_sink comp="304" pin=19"/></net>

<net id="633"><net_src comp="628" pin="1"/><net_sink comp="404" pin=0"/></net>

<net id="637"><net_src comp="84" pin="1"/><net_sink comp="634" pin=0"/></net>

<net id="638"><net_src comp="634" pin="1"/><net_sink comp="304" pin=18"/></net>

<net id="639"><net_src comp="634" pin="1"/><net_sink comp="401" pin=0"/></net>

<net id="643"><net_src comp="88" pin="1"/><net_sink comp="640" pin=0"/></net>

<net id="644"><net_src comp="640" pin="1"/><net_sink comp="304" pin=17"/></net>

<net id="645"><net_src comp="640" pin="1"/><net_sink comp="398" pin=0"/></net>

<net id="649"><net_src comp="92" pin="1"/><net_sink comp="646" pin=0"/></net>

<net id="650"><net_src comp="646" pin="1"/><net_sink comp="252" pin=32"/></net>

<net id="651"><net_src comp="646" pin="1"/><net_sink comp="394" pin=0"/></net>

<net id="655"><net_src comp="96" pin="1"/><net_sink comp="652" pin=0"/></net>

<net id="656"><net_src comp="652" pin="1"/><net_sink comp="252" pin=31"/></net>

<net id="657"><net_src comp="652" pin="1"/><net_sink comp="390" pin=0"/></net>

<net id="661"><net_src comp="100" pin="1"/><net_sink comp="658" pin=0"/></net>

<net id="662"><net_src comp="658" pin="1"/><net_sink comp="252" pin=30"/></net>

<net id="663"><net_src comp="658" pin="1"/><net_sink comp="386" pin=0"/></net>

<net id="667"><net_src comp="104" pin="1"/><net_sink comp="664" pin=0"/></net>

<net id="668"><net_src comp="664" pin="1"/><net_sink comp="252" pin=29"/></net>

<net id="669"><net_src comp="664" pin="1"/><net_sink comp="382" pin=0"/></net>

<net id="673"><net_src comp="108" pin="1"/><net_sink comp="670" pin=0"/></net>

<net id="674"><net_src comp="670" pin="1"/><net_sink comp="252" pin=28"/></net>

<net id="675"><net_src comp="670" pin="1"/><net_sink comp="378" pin=0"/></net>

<net id="679"><net_src comp="112" pin="1"/><net_sink comp="676" pin=0"/></net>

<net id="680"><net_src comp="676" pin="1"/><net_sink comp="252" pin=27"/></net>

<net id="681"><net_src comp="676" pin="1"/><net_sink comp="374" pin=0"/></net>

<net id="685"><net_src comp="116" pin="1"/><net_sink comp="682" pin=0"/></net>

<net id="686"><net_src comp="682" pin="1"/><net_sink comp="252" pin=26"/></net>

<net id="687"><net_src comp="682" pin="1"/><net_sink comp="370" pin=0"/></net>

<net id="691"><net_src comp="120" pin="1"/><net_sink comp="688" pin=0"/></net>

<net id="692"><net_src comp="688" pin="1"/><net_sink comp="252" pin=25"/></net>

<net id="693"><net_src comp="688" pin="1"/><net_sink comp="366" pin=0"/></net>

<net id="697"><net_src comp="124" pin="1"/><net_sink comp="694" pin=0"/></net>

<net id="698"><net_src comp="694" pin="1"/><net_sink comp="252" pin=24"/></net>

<net id="699"><net_src comp="694" pin="1"/><net_sink comp="362" pin=0"/></net>

<net id="703"><net_src comp="128" pin="1"/><net_sink comp="700" pin=0"/></net>

<net id="704"><net_src comp="700" pin="1"/><net_sink comp="252" pin=23"/></net>

<net id="705"><net_src comp="700" pin="1"/><net_sink comp="358" pin=0"/></net>

<net id="709"><net_src comp="132" pin="1"/><net_sink comp="706" pin=0"/></net>

<net id="710"><net_src comp="706" pin="1"/><net_sink comp="252" pin=22"/></net>

<net id="711"><net_src comp="706" pin="1"/><net_sink comp="354" pin=0"/></net>

<net id="715"><net_src comp="136" pin="1"/><net_sink comp="712" pin=0"/></net>

<net id="716"><net_src comp="712" pin="1"/><net_sink comp="252" pin=21"/></net>

<net id="717"><net_src comp="712" pin="1"/><net_sink comp="350" pin=0"/></net>

<net id="721"><net_src comp="140" pin="1"/><net_sink comp="718" pin=0"/></net>

<net id="722"><net_src comp="718" pin="1"/><net_sink comp="252" pin=20"/></net>

<net id="723"><net_src comp="718" pin="1"/><net_sink comp="346" pin=0"/></net>

<net id="727"><net_src comp="144" pin="1"/><net_sink comp="724" pin=0"/></net>

<net id="728"><net_src comp="724" pin="1"/><net_sink comp="252" pin=19"/></net>

<net id="729"><net_src comp="724" pin="1"/><net_sink comp="342" pin=0"/></net>

<net id="733"><net_src comp="148" pin="1"/><net_sink comp="730" pin=0"/></net>

<net id="734"><net_src comp="730" pin="1"/><net_sink comp="252" pin=18"/></net>

<net id="735"><net_src comp="730" pin="1"/><net_sink comp="338" pin=0"/></net>

<net id="739"><net_src comp="152" pin="1"/><net_sink comp="736" pin=0"/></net>

<net id="740"><net_src comp="736" pin="1"/><net_sink comp="252" pin=17"/></net>

<net id="741"><net_src comp="736" pin="1"/><net_sink comp="334" pin=0"/></net>

</net_list>

</model> 
---------------- Datapath Model END ------------------

* FSMD analyzer results:
  - Output states:
	Port: K | {}
 - Input state : 
	Port: sha256_compress_words.1 : block_words_0_val | {1 }
	Port: sha256_compress_words.1 : block_words_1_val | {1 }
	Port: sha256_compress_words.1 : block_words_2_val | {1 }
	Port: sha256_compress_words.1 : block_words_3_val | {1 }
	Port: sha256_compress_words.1 : block_words_4_val | {1 }
	Port: sha256_compress_words.1 : block_words_5_val | {1 }
	Port: sha256_compress_words.1 : block_words_6_val | {1 }
	Port: sha256_compress_words.1 : block_words_7_val | {1 }
	Port: sha256_compress_words.1 : block_words_8_val | {1 }
	Port: sha256_compress_words.1 : block_words_9_val | {1 }
	Port: sha256_compress_words.1 : block_words_10_val | {1 }
	Port: sha256_compress_words.1 : block_words_11_val | {1 }
	Port: sha256_compress_words.1 : block_words_12_val | {1 }
	Port: sha256_compress_words.1 : block_words_13_val | {1 }
	Port: sha256_compress_words.1 : block_words_14_val | {1 }
	Port: sha256_compress_words.1 : block_words_15_val | {1 }
	Port: sha256_compress_words.1 : K | {3 4 }
  - Chain level:
	State 1
		call_ln0 : 1
	State 2
	State 3
		call_ln0 : 1
	State 4
	State 5
		add_ln198 : 1
		add_ln199 : 1
		add_ln200 : 1
		add_ln201 : 1
		add_ln202 : 1
		add_ln203 : 1
		add_ln204 : 1
		add_ln205 : 1
		mrv : 2
		mrv_1 : 3
		mrv_2 : 4
		mrv_3 : 5
		mrv_4 : 6
		mrv_5 : 7
		mrv_6 : 8
		mrv_7 : 9
		ret_ln206 : 10


============================================================
+ Verbose Summary: Datapath Resource usage 
============================================================

* Functional unit list:
|----------|----------------------------------------------------------------|---------|---------|---------|
| Operation|                         Functional Unit                        |  Delay  |    FF   |   LUT   |
|----------|----------------------------------------------------------------|---------|---------|---------|
|   call   | grp_sha256_compress_words_1_Pipeline_LOAD_INITIAL_WORDS_fu_252 |    0    |   517   |    89   |
|          |    grp_sha256_compress_words_1_Pipeline_SHA256_ROUNDS_fu_304   |  0.427  |   883   |   1153  |
|----------|----------------------------------------------------------------|---------|---------|---------|
|          |                        add_ln198_fu_422                        |    0    |    0    |    39   |
|          |                        add_ln199_fu_428                        |    0    |    0    |    39   |
|          |                        add_ln200_fu_434                        |    0    |    0    |    39   |
|    add   |                        add_ln201_fu_440                        |    0    |    0    |    39   |
|          |                        add_ln202_fu_446                        |    0    |    0    |    39   |
|          |                        add_ln203_fu_452                        |    0    |    0    |    39   |
|          |                        add_ln204_fu_458                        |    0    |    0    |    39   |
|          |                        add_ln205_fu_464                        |    0    |    0    |    39   |
|----------|----------------------------------------------------------------|---------|---------|---------|
|          |               block_words_15_val_read_read_fu_156              |    0    |    0    |    0    |
|          |               block_words_14_val_read_read_fu_162              |    0    |    0    |    0    |
|          |               block_words_13_val_read_read_fu_168              |    0    |    0    |    0    |
|          |               block_words_12_val_read_read_fu_174              |    0    |    0    |    0    |
|          |               block_words_11_val_read_read_fu_180              |    0    |    0    |    0    |
|          |               block_words_10_val_read_read_fu_186              |    0    |    0    |    0    |
|          |               block_words_9_val_read_read_fu_192               |    0    |    0    |    0    |
|   read   |               block_words_8_val_read_read_fu_198               |    0    |    0    |    0    |
|          |               block_words_7_val_read_read_fu_204               |    0    |    0    |    0    |
|          |               block_words_6_val_read_read_fu_210               |    0    |    0    |    0    |
|          |               block_words_5_val_read_read_fu_216               |    0    |    0    |    0    |
|          |               block_words_4_val_read_read_fu_222               |    0    |    0    |    0    |
|          |               block_words_3_val_read_read_fu_228               |    0    |    0    |    0    |
|          |               block_words_2_val_read_read_fu_234               |    0    |    0    |    0    |
|          |               block_words_1_val_read_read_fu_240               |    0    |    0    |    0    |
|          |               block_words_0_val_read_read_fu_246               |    0    |    0    |    0    |
|----------|----------------------------------------------------------------|---------|---------|---------|
|          |                           mrv_fu_470                           |    0    |    0    |    0    |
|          |                          mrv_1_fu_476                          |    0    |    0    |    0    |
|          |                          mrv_2_fu_482                          |    0    |    0    |    0    |
|insertvalue|                          mrv_3_fu_488                          |    0    |    0    |    0    |
|          |                          mrv_4_fu_494                          |    0    |    0    |    0    |
|          |                          mrv_5_fu_500                          |    0    |    0    |    0    |
|          |                          mrv_6_fu_506                          |    0    |    0    |    0    |
|          |                          mrv_7_fu_512                          |    0    |    0    |    0    |
|----------|----------------------------------------------------------------|---------|---------|---------|
|   Total  |                                                                |  0.427  |   1400  |   1554  |
|----------|----------------------------------------------------------------|---------|---------|---------|

Memories:
N/A

* Register list:
+-------------------------------+--------+
|                               |   FF   |
+-------------------------------+--------+
|        a_2_loc_reg_640        |   32   |
|         b_loc_reg_634         |   32   |
| block_words_0_val_read_reg_593|   32   |
|block_words_10_val_read_reg_543|   32   |
|block_words_11_val_read_reg_538|   32   |
|block_words_12_val_read_reg_533|   32   |
|block_words_13_val_read_reg_528|   32   |
|block_words_14_val_read_reg_523|   32   |
|block_words_15_val_read_reg_518|   32   |
| block_words_1_val_read_reg_588|   32   |
| block_words_2_val_read_reg_583|   32   |
| block_words_3_val_read_reg_578|   32   |
| block_words_4_val_read_reg_573|   32   |
| block_words_5_val_read_reg_568|   32   |
| block_words_6_val_read_reg_563|   32   |
| block_words_7_val_read_reg_558|   32   |
| block_words_8_val_read_reg_553|   32   |
| block_words_9_val_read_reg_548|   32   |
|         c_loc_reg_628         |   32   |
|         d_loc_reg_622         |   32   |
|        e_2_loc_reg_616        |   32   |
|         f_loc_reg_610         |   32   |
|         g_loc_reg_604         |   32   |
|         h_loc_reg_598         |   32   |
|        w_10_loc_reg_706       |   32   |
|        w_11_loc_reg_712       |   32   |
|        w_12_loc_reg_718       |   32   |
|        w_13_loc_reg_724       |   32   |
|        w_14_loc_reg_730       |   32   |
|        w_15_loc_reg_736       |   32   |
|        w_1_loc_reg_652        |   32   |
|        w_2_loc_reg_658        |   32   |
|        w_3_loc_reg_664        |   32   |
|        w_4_loc_reg_670        |   32   |
|        w_5_loc_reg_676        |   32   |
|        w_6_loc_reg_682        |   32   |
|        w_7_loc_reg_688        |   32   |
|        w_8_loc_reg_694        |   32   |
|        w_9_loc_reg_700        |   32   |
|         w_loc_reg_646         |   32   |
+-------------------------------+--------+
|             Total             |  1280  |
+-------------------------------+--------+

* Multiplexer (MUX) list: 
|----------------------------------------------------------------|------|------|------|--------||---------||---------||---------|
|                              Comp                              |  Pin | Size |  BW  | S x BW ||  Delay  ||    FF   ||   LUT   |
|----------------------------------------------------------------|------|------|------|--------||---------||---------||---------|
| grp_sha256_compress_words_1_Pipeline_LOAD_INITIAL_WORDS_fu_252 |  p1  |   2  |  32  |   64   ||    0    ||    9    |
| grp_sha256_compress_words_1_Pipeline_LOAD_INITIAL_WORDS_fu_252 |  p2  |   2  |  32  |   64   ||    0    ||    9    |
| grp_sha256_compress_words_1_Pipeline_LOAD_INITIAL_WORDS_fu_252 |  p3  |   2  |  32  |   64   ||    0    ||    9    |
| grp_sha256_compress_words_1_Pipeline_LOAD_INITIAL_WORDS_fu_252 |  p4  |   2  |  32  |   64   ||    0    ||    9    |
| grp_sha256_compress_words_1_Pipeline_LOAD_INITIAL_WORDS_fu_252 |  p5  |   2  |  32  |   64   ||    0    ||    9    |
| grp_sha256_compress_words_1_Pipeline_LOAD_INITIAL_WORDS_fu_252 |  p6  |   2  |  32  |   64   ||    0    ||    9    |
| grp_sha256_compress_words_1_Pipeline_LOAD_INITIAL_WORDS_fu_252 |  p7  |   2  |  32  |   64   ||    0    ||    9    |
| grp_sha256_compress_words_1_Pipeline_LOAD_INITIAL_WORDS_fu_252 |  p8  |   2  |  32  |   64   ||    0    ||    9    |
| grp_sha256_compress_words_1_Pipeline_LOAD_INITIAL_WORDS_fu_252 |  p9  |   2  |  32  |   64   ||    0    ||    9    |
| grp_sha256_compress_words_1_Pipeline_LOAD_INITIAL_WORDS_fu_252 |  p10 |   2  |  32  |   64   ||    0    ||    9    |
| grp_sha256_compress_words_1_Pipeline_LOAD_INITIAL_WORDS_fu_252 |  p11 |   2  |  32  |   64   ||    0    ||    9    |
| grp_sha256_compress_words_1_Pipeline_LOAD_INITIAL_WORDS_fu_252 |  p12 |   2  |  32  |   64   ||    0    ||    9    |
| grp_sha256_compress_words_1_Pipeline_LOAD_INITIAL_WORDS_fu_252 |  p13 |   2  |  32  |   64   ||    0    ||    9    |
| grp_sha256_compress_words_1_Pipeline_LOAD_INITIAL_WORDS_fu_252 |  p14 |   2  |  32  |   64   ||    0    ||    9    |
| grp_sha256_compress_words_1_Pipeline_LOAD_INITIAL_WORDS_fu_252 |  p15 |   2  |  32  |   64   ||    0    ||    9    |
| grp_sha256_compress_words_1_Pipeline_LOAD_INITIAL_WORDS_fu_252 |  p16 |   2  |  32  |   64   ||    0    ||    9    |
|----------------------------------------------------------------|------|------|------|--------||---------||---------||---------|
|                              Total                             |      |      |      |  1024  ||  6.832  ||    0    ||   144   |
|----------------------------------------------------------------|------|------|------|--------||---------||---------||---------|



* Summary:
+-----------+--------+--------+--------+
|           |  Delay |   FF   |   LUT  |
+-----------+--------+--------+--------+
|  Function |    0   |  1400  |  1554  |
|   Memory  |    -   |    -   |    -   |
|Multiplexer|    6   |    0   |   144  |
|  Register |    -   |  1280  |    -   |
+-----------+--------+--------+--------+
|   Total   |    7   |  2680  |  1698  |
+-----------+--------+--------+--------+
