

================================================================
== Vitis HLS Report for 'sha256d_from_midstate'
================================================================
* Date:           Mon Aug  3 02:09:59 2026

* Version:        2025.2 (Build 6295257 on Nov 14 2025)
* Project:        mine
* Solution:       hls (Vitis Kernel Flow Target)
* Product family: zynquplus
* Target device:  xck26-sfvc784-2LV-c


================================================================
== Performance Estimates
================================================================
+ Timing: 
    * Summary: 
    +--------+---------+----------+------------+
    |  Clock |  Target | Estimated| Uncertainty|
    +--------+---------+----------+------------+
    |ap_clk  |  5.00 ns|  3.411 ns|     1.35 ns|
    +--------+---------+----------+------------+

+ Latency: 
    * Summary: 
    +---------+---------+----------+----------+-----+-----+---------+
    |  Latency (cycles) |  Latency (absolute) |  Interval | Pipeline|
    |   min   |   max   |    min   |    max   | min | max |   Type  |
    +---------+---------+----------+----------+-----+-----+---------+
    |      199|      199|  0.995 us|  0.995 us|  199|  199|       no|
    +---------+---------+----------+----------+-----+-----+---------+

    + Detail: 
        * Instance: 
        +----------------------------------+-----------------------+---------+---------+----------+----------+-----+-----+---------+
        |                                  |                       |  Latency (cycles) |  Latency (absolute) |  Interval | Pipeline|
        |             Instance             |         Module        |   min   |   max   |    min   |    max   | min | max |   Type  |
        +----------------------------------+-----------------------+---------+---------+----------+----------+-----+-----+---------+
        |grp_sha256_compress_words_fu_526  |sha256_compress_words  |       90|       90|  0.450 us|  0.450 us|   90|   90|       no|
        +----------------------------------+-----------------------+---------+---------+----------+----------+-----+-----+---------+

        * Loop: 
        N/A



================================================================
== Utilization Estimates
================================================================
* Summary: 
+-----------------+---------+------+--------+--------+-----+
|       Name      | BRAM_18K|  DSP |   FF   |   LUT  | URAM|
+-----------------+---------+------+--------+--------+-----+
|DSP              |        -|     -|       -|       -|    -|
|Expression       |        -|     -|       -|       -|    -|
|FIFO             |        -|     -|       -|       -|    -|
|Instance         |        1|     -|    1381|    1905|    -|
|Memory           |        -|     -|       -|       -|    -|
|Multiplexer      |        -|     -|       0|     710|    -|
|Register         |        -|     -|     709|       -|    -|
+-----------------+---------+------+--------+--------+-----+
|Total            |        1|     0|    2090|    2615|    0|
+-----------------+---------+------+--------+--------+-----+
|Available        |      288|  1248|  234240|  117120|   64|
+-----------------+---------+------+--------+--------+-----+
|Utilization (%)  |       ~0|     0|      ~0|       2|    0|
+-----------------+---------+------+--------+--------+-----+

+ Detail: 
    * Instance: 
    +----------------------------------+-----------------------+---------+----+------+------+-----+
    |             Instance             |         Module        | BRAM_18K| DSP|  FF  |  LUT | URAM|
    +----------------------------------+-----------------------+---------+----+------+------+-----+
    |grp_sha256_compress_words_fu_526  |sha256_compress_words  |        1|   0|  1381|  1905|    0|
    +----------------------------------+-----------------------+---------+----+------+------+-----+
    |Total                             |                       |        1|   0|  1381|  1905|    0|
    +----------------------------------+-----------------------+---------+----+------+------+-----+

    * DSP: 
    N/A

    * Memory: 
    N/A

    * FIFO: 
    N/A

    * Expression: 
    N/A

    * Multiplexer: 
    +------------------------------------------------------+-----+-----------+-----+-----------+
    |                         Name                         | LUT | Input Size| Bits| Total Bits|
    +------------------------------------------------------+-----+-----------+-----+-----------+
    |ap_NS_fsm                                             |  106|         21|    1|         21|
    |grp_sha256_compress_words_fu_526_block_words_read     |   14|          3|   32|         96|
    |grp_sha256_compress_words_fu_526_block_words_read_38  |   14|          3|   32|         96|
    |grp_sha256_compress_words_fu_526_block_words_read_39  |   14|          3|   32|         96|
    |grp_sha256_compress_words_fu_526_block_words_read_40  |   14|          3|   32|         96|
    |grp_sha256_compress_words_fu_526_block_words_read_41  |   14|          3|   32|         96|
    |grp_sha256_compress_words_fu_526_block_words_read_42  |   14|          3|   32|         96|
    |grp_sha256_compress_words_fu_526_block_words_read_43  |   14|          3|   32|         96|
    |grp_sha256_compress_words_fu_526_block_words_read_44  |   14|          3|   32|         96|
    |grp_sha256_compress_words_fu_526_block_words_read_45  |   14|          3|   32|         96|
    |grp_sha256_compress_words_fu_526_block_words_read_46  |   14|          3|   32|         96|
    |grp_sha256_compress_words_fu_526_state_read           |   14|          3|   32|         96|
    |grp_sha256_compress_words_fu_526_state_read_30        |   14|          3|   32|         96|
    |grp_sha256_compress_words_fu_526_state_read_31        |   14|          3|   32|         96|
    |grp_sha256_compress_words_fu_526_state_read_32        |   14|          3|   32|         96|
    |grp_sha256_compress_words_fu_526_state_read_33        |   14|          3|   32|         96|
    |grp_sha256_compress_words_fu_526_state_read_34        |   14|          3|   32|         96|
    |grp_sha256_compress_words_fu_526_state_read_35        |   14|          3|   32|         96|
    |grp_sha256_compress_words_fu_526_state_read_36        |   14|          3|   32|         96|
    |header_tail_address0_local                            |   14|          3|    5|         15|
    |header_tail_address1_local                            |   14|          3|    5|         15|
    |out_r_address0_local                                  |   81|         17|    5|         85|
    |out_r_address1_local                                  |   81|         17|    5|         85|
    |out_r_d0_local                                        |   81|         17|    8|        136|
    |out_r_d1_local                                        |   81|         17|    8|        136|
    +------------------------------------------------------+-----+-----------+-----+-----------+
    |Total                                                 |  710|        149|  613|       2221|
    +------------------------------------------------------+-----+-----------+-----+-----------+

    * Register: 
    +-----------------------------------------------+----+----+-----+-----------+
    |                      Name                     | FF | LUT| Bits| Const Bits|
    +-----------------------------------------------+----+----+-----+-----------+
    |ap_CS_fsm                                      |  20|   0|   20|          0|
    |block_words_1_reg_1167                         |  32|   0|   32|          0|
    |block_words_2_reg_1172                         |  32|   0|   32|          0|
    |block_words_3_reg_1177                         |  32|   0|   32|          0|
    |block_words_reg_1162                           |  32|   0|   32|          0|
    |empty_40_reg_1092                              |   8|   0|    8|          0|
    |empty_reg_1072                                 |   8|   0|    8|          0|
    |grp_sha256_compress_words_fu_526_ap_start_reg  |   1|   0|    1|          0|
    |p_1_reg_1082                                   |   8|   0|    8|          0|
    |p_2_reg_1087                                   |   8|   0|    8|          0|
    |p_3_reg_1077                                   |   8|   0|    8|          0|
    |p_4_reg_1097                                   |   8|   0|    8|          0|
    |p_5_reg_1102                                   |   8|   0|    8|          0|
    |p_6_reg_1107                                   |   8|   0|    8|          0|
    |s_16_reg_1182                                  |  32|   0|   32|          0|
    |s_17_reg_1187                                  |  32|   0|   32|          0|
    |s_18_reg_1192                                  |  32|   0|   32|          0|
    |s_19_reg_1197                                  |  32|   0|   32|          0|
    |s_20_reg_1202                                  |  32|   0|   32|          0|
    |s_21_reg_1207                                  |  32|   0|   32|          0|
    |s_22_reg_1212                                  |  32|   0|   32|          0|
    |s_23_reg_1217                                  |  32|   0|   32|          0|
    |trunc_ln2_reg_1222                             |   8|   0|    8|          0|
    |trunc_ln320_1_reg_1232                         |   8|   0|    8|          0|
    |trunc_ln320_2_reg_1252                         |   8|   0|    8|          0|
    |trunc_ln320_3_reg_1272                         |   8|   0|    8|          0|
    |trunc_ln320_4_reg_1292                         |   8|   0|    8|          0|
    |trunc_ln320_5_reg_1312                         |   8|   0|    8|          0|
    |trunc_ln320_6_reg_1332                         |   8|   0|    8|          0|
    |trunc_ln320_7_reg_1352                         |   8|   0|    8|          0|
    |trunc_ln321_1_reg_1237                         |   8|   0|    8|          0|
    |trunc_ln321_2_reg_1257                         |   8|   0|    8|          0|
    |trunc_ln321_3_reg_1277                         |   8|   0|    8|          0|
    |trunc_ln321_4_reg_1297                         |   8|   0|    8|          0|
    |trunc_ln321_5_reg_1317                         |   8|   0|    8|          0|
    |trunc_ln321_6_reg_1337                         |   8|   0|    8|          0|
    |trunc_ln321_7_reg_1357                         |   8|   0|    8|          0|
    |trunc_ln322_1_reg_1242                         |   8|   0|    8|          0|
    |trunc_ln322_2_reg_1262                         |   8|   0|    8|          0|
    |trunc_ln322_3_reg_1282                         |   8|   0|    8|          0|
    |trunc_ln322_4_reg_1302                         |   8|   0|    8|          0|
    |trunc_ln322_5_reg_1322                         |   8|   0|    8|          0|
    |trunc_ln322_6_reg_1342                         |   8|   0|    8|          0|
    |trunc_ln322_7_reg_1362                         |   8|   0|    8|          0|
    |trunc_ln323_1_reg_1247                         |   8|   0|    8|          0|
    |trunc_ln323_2_reg_1267                         |   8|   0|    8|          0|
    |trunc_ln323_3_reg_1287                         |   8|   0|    8|          0|
    |trunc_ln323_4_reg_1307                         |   8|   0|    8|          0|
    |trunc_ln323_5_reg_1327                         |   8|   0|    8|          0|
    |trunc_ln323_6_reg_1347                         |   8|   0|    8|          0|
    |trunc_ln323_7_reg_1367                         |   8|   0|    8|          0|
    |trunc_ln323_reg_1227                           |   8|   0|    8|          0|
    +-----------------------------------------------+----+----+-----+-----------+
    |Total                                          | 709|   0|  709|          0|
    +-----------------------------------------------+----+----+-----+-----------+



================================================================
== Interface
================================================================
* Summary: 
+----------------------+-----+-----+------------+-----------------------+--------------+
|       RTL Ports      | Dir | Bits|  Protocol  |     Source Object     |    C Type    |
+----------------------+-----+-----+------------+-----------------------+--------------+
|ap_clk                |   in|    1|  ap_ctrl_hs|  sha256d_from_midstate|  return value|
|ap_rst                |   in|    1|  ap_ctrl_hs|  sha256d_from_midstate|  return value|
|ap_start              |   in|    1|  ap_ctrl_hs|  sha256d_from_midstate|  return value|
|ap_done               |  out|    1|  ap_ctrl_hs|  sha256d_from_midstate|  return value|
|ap_idle               |  out|    1|  ap_ctrl_hs|  sha256d_from_midstate|  return value|
|ap_ready              |  out|    1|  ap_ctrl_hs|  sha256d_from_midstate|  return value|
|midstate_read         |   in|   32|     ap_none|          midstate_read|        scalar|
|midstate_read_15      |   in|   32|     ap_none|       midstate_read_15|        scalar|
|midstate_read_16      |   in|   32|     ap_none|       midstate_read_16|        scalar|
|midstate_read_17      |   in|   32|     ap_none|       midstate_read_17|        scalar|
|midstate_read_18      |   in|   32|     ap_none|       midstate_read_18|        scalar|
|midstate_read_19      |   in|   32|     ap_none|       midstate_read_19|        scalar|
|midstate_read_20      |   in|   32|     ap_none|       midstate_read_20|        scalar|
|midstate_read_21      |   in|   32|     ap_none|       midstate_read_21|        scalar|
|header_tail_address0  |  out|    5|   ap_memory|            header_tail|         array|
|header_tail_ce0       |  out|    1|   ap_memory|            header_tail|         array|
|header_tail_q0        |   in|   32|   ap_memory|            header_tail|         array|
|header_tail_address1  |  out|    5|   ap_memory|            header_tail|         array|
|header_tail_ce1       |  out|    1|   ap_memory|            header_tail|         array|
|header_tail_q1        |   in|   32|   ap_memory|            header_tail|         array|
|out_r_address0        |  out|    5|   ap_memory|                  out_r|         array|
|out_r_ce0             |  out|    1|   ap_memory|                  out_r|         array|
|out_r_we0             |  out|    1|   ap_memory|                  out_r|         array|
|out_r_d0              |  out|    8|   ap_memory|                  out_r|         array|
|out_r_address1        |  out|    5|   ap_memory|                  out_r|         array|
|out_r_ce1             |  out|    1|   ap_memory|                  out_r|         array|
|out_r_we1             |  out|    1|   ap_memory|                  out_r|         array|
|out_r_d1              |  out|    8|   ap_memory|                  out_r|         array|
+----------------------+-----+-----+------------+-----------------------+--------------+

============================================================
+ Verbose Summary: Synthesis Manager
============================================================
InlineROM: 1
ExposeGlobal: 0
============================================================
+ Verbose Summary: CDFG Model
============================================================
IsTopModel: 0
ResetActiveHigh: 1
IsCombinational: 2
IsDatapathOnly: 2
HasWiredReturn: 1
HasMFsm: 0
HasVarLatency: 1
IsPipeline: 0
IsRtlPipelined: 0
IsInstanceOverlapped: 0
IsDontTouch: 0
HasImplIP: 0
IsGatedGlobalClock: 0


============================================================
+ Verbose Summary: Schedule
============================================================
* Number of FSM states : 20
* Pipeline : 0
* Dataflow Pipeline: 0

* FSM state transitions: 
1 --> 2 
2 --> 3 
3 --> 4 
4 --> 5 
5 --> 6 
6 --> 7 
7 --> 8 
8 --> 9 
9 --> 10 
10 --> 11 
11 --> 12 
12 --> 13 
13 --> 14 
14 --> 15 
15 --> 16 
16 --> 17 
17 --> 18 
18 --> 19 
19 --> 20 
20 --> 

* FSM state operations: 

State 1 <SV = 0> <Delay = 0.67>
ST_1 : Operation 21 [1/1] (0.00ns)   --->   "%header_tail_addr = getelementptr i32 %header_tail, i64 0, i64 16"   --->   Operation 21 'getelementptr' 'header_tail_addr' <Predicate = true> <Delay = 0.00>
ST_1 : Operation 22 [2/2] (0.67ns)   --->   "%header_tail_load = load i5 %header_tail_addr" [dylan-hls/mine.cpp:270]   --->   Operation 22 'load' 'header_tail_load' <Predicate = true> <Delay = 0.67> <CoreInst = "RAM">   --->   Core 82 'RAM' <Latency = 1> <II = 1> <Delay = 0.67> <Storage> <Opcode : 'load' 'store'> <Ports = 2> <Width = 32> <Depth = 20> <RAM>
ST_1 : Operation 23 [1/1] (0.00ns)   --->   "%header_tail_addr_1 = getelementptr i32 %header_tail, i64 0, i64 17" [dylan-hls/mine.cpp:270]   --->   Operation 23 'getelementptr' 'header_tail_addr_1' <Predicate = true> <Delay = 0.00>
ST_1 : Operation 24 [2/2] (0.67ns)   --->   "%header_tail_load_1 = load i5 %header_tail_addr_1" [dylan-hls/mine.cpp:270]   --->   Operation 24 'load' 'header_tail_load_1' <Predicate = true> <Delay = 0.67> <CoreInst = "RAM">   --->   Core 82 'RAM' <Latency = 1> <II = 1> <Delay = 0.67> <Storage> <Opcode : 'load' 'store'> <Ports = 2> <Width = 32> <Depth = 20> <RAM>

State 2 <SV = 1> <Delay = 0.67>
ST_2 : Operation 25 [1/2] ( I:0.67ns O:0.67ns )   --->   "%header_tail_load = load i5 %header_tail_addr" [dylan-hls/mine.cpp:270]   --->   Operation 25 'load' 'header_tail_load' <Predicate = true> <Delay = 0.67> <CoreInst = "RAM">   --->   Core 82 'RAM' <Latency = 1> <II = 1> <Delay = 0.67> <Storage> <Opcode : 'load' 'store'> <Ports = 2> <Width = 32> <Depth = 20> <RAM>
ST_2 : Operation 26 [1/1] (0.00ns)   --->   "%empty = trunc i32 %header_tail_load" [dylan-hls/mine.cpp:270]   --->   Operation 26 'trunc' 'empty' <Predicate = true> <Delay = 0.00>
ST_2 : Operation 27 [1/1] (0.00ns)   --->   "%p_3 = partselect i8 @_ssdm_op_PartSelect.i8.i32.i32.i32, i32 %header_tail_load, i32 24, i32 31" [dylan-hls/mine.cpp:270]   --->   Operation 27 'partselect' 'p_3' <Predicate = true> <Delay = 0.00>
ST_2 : Operation 28 [1/1] (0.00ns)   --->   "%p_1 = partselect i8 @_ssdm_op_PartSelect.i8.i32.i32.i32, i32 %header_tail_load, i32 8, i32 15" [dylan-hls/mine.cpp:270]   --->   Operation 28 'partselect' 'p_1' <Predicate = true> <Delay = 0.00>
ST_2 : Operation 29 [1/1] (0.00ns)   --->   "%p_2 = partselect i8 @_ssdm_op_PartSelect.i8.i32.i32.i32, i32 %header_tail_load, i32 16, i32 23" [dylan-hls/mine.cpp:270]   --->   Operation 29 'partselect' 'p_2' <Predicate = true> <Delay = 0.00>
ST_2 : Operation 30 [1/2] ( I:0.67ns O:0.67ns )   --->   "%header_tail_load_1 = load i5 %header_tail_addr_1" [dylan-hls/mine.cpp:270]   --->   Operation 30 'load' 'header_tail_load_1' <Predicate = true> <Delay = 0.67> <CoreInst = "RAM">   --->   Core 82 'RAM' <Latency = 1> <II = 1> <Delay = 0.67> <Storage> <Opcode : 'load' 'store'> <Ports = 2> <Width = 32> <Depth = 20> <RAM>
ST_2 : Operation 31 [1/1] (0.00ns)   --->   "%empty_40 = trunc i32 %header_tail_load_1" [dylan-hls/mine.cpp:270]   --->   Operation 31 'trunc' 'empty_40' <Predicate = true> <Delay = 0.00>
ST_2 : Operation 32 [1/1] (0.00ns)   --->   "%p_4 = partselect i8 @_ssdm_op_PartSelect.i8.i32.i32.i32, i32 %header_tail_load_1, i32 24, i32 31" [dylan-hls/mine.cpp:270]   --->   Operation 32 'partselect' 'p_4' <Predicate = true> <Delay = 0.00>
ST_2 : Operation 33 [1/1] (0.00ns)   --->   "%p_5 = partselect i8 @_ssdm_op_PartSelect.i8.i32.i32.i32, i32 %header_tail_load_1, i32 8, i32 15" [dylan-hls/mine.cpp:270]   --->   Operation 33 'partselect' 'p_5' <Predicate = true> <Delay = 0.00>
ST_2 : Operation 34 [1/1] (0.00ns)   --->   "%p_6 = partselect i8 @_ssdm_op_PartSelect.i8.i32.i32.i32, i32 %header_tail_load_1, i32 16, i32 23" [dylan-hls/mine.cpp:270]   --->   Operation 34 'partselect' 'p_6' <Predicate = true> <Delay = 0.00>
ST_2 : Operation 35 [1/1] (0.00ns)   --->   "%header_tail_addr_2 = getelementptr i32 %header_tail, i64 0, i64 18" [dylan-hls/mine.cpp:270]   --->   Operation 35 'getelementptr' 'header_tail_addr_2' <Predicate = true> <Delay = 0.00>
ST_2 : Operation 36 [2/2] (0.67ns)   --->   "%header_tail_load_2 = load i5 %header_tail_addr_2" [dylan-hls/mine.cpp:270]   --->   Operation 36 'load' 'header_tail_load_2' <Predicate = true> <Delay = 0.67> <CoreInst = "RAM">   --->   Core 82 'RAM' <Latency = 1> <II = 1> <Delay = 0.67> <Storage> <Opcode : 'load' 'store'> <Ports = 2> <Width = 32> <Depth = 20> <RAM>
ST_2 : Operation 37 [1/1] (0.00ns)   --->   "%header_tail_addr_3 = getelementptr i32 %header_tail, i64 0, i64 19" [dylan-hls/mine.cpp:270]   --->   Operation 37 'getelementptr' 'header_tail_addr_3' <Predicate = true> <Delay = 0.00>
ST_2 : Operation 38 [2/2] (0.67ns)   --->   "%header_tail_load_3 = load i5 %header_tail_addr_3" [dylan-hls/mine.cpp:270]   --->   Operation 38 'load' 'header_tail_load_3' <Predicate = true> <Delay = 0.67> <CoreInst = "RAM">   --->   Core 82 'RAM' <Latency = 1> <II = 1> <Delay = 0.67> <Storage> <Opcode : 'load' 'store'> <Ports = 2> <Width = 32> <Depth = 20> <RAM>

State 3 <SV = 2> <Delay = 1.16>
ST_3 : Operation 39 [1/1] (0.00ns)   --->   "%midstate_read_1 = read i32 @_ssdm_op_Read.ap_auto.i32, i32 %midstate_read_21"   --->   Operation 39 'read' 'midstate_read_1' <Predicate = true> <Delay = 0.00>
ST_3 : Operation 40 [1/1] (0.00ns)   --->   "%midstate_read_2 = read i32 @_ssdm_op_Read.ap_auto.i32, i32 %midstate_read_20"   --->   Operation 40 'read' 'midstate_read_2' <Predicate = true> <Delay = 0.00>
ST_3 : Operation 41 [1/1] (0.00ns)   --->   "%midstate_read_3 = read i32 @_ssdm_op_Read.ap_auto.i32, i32 %midstate_read_19"   --->   Operation 41 'read' 'midstate_read_3' <Predicate = true> <Delay = 0.00>
ST_3 : Operation 42 [1/1] (0.00ns)   --->   "%midstate_read_4 = read i32 @_ssdm_op_Read.ap_auto.i32, i32 %midstate_read_18"   --->   Operation 42 'read' 'midstate_read_4' <Predicate = true> <Delay = 0.00>
ST_3 : Operation 43 [1/1] (0.00ns)   --->   "%midstate_read_5 = read i32 @_ssdm_op_Read.ap_auto.i32, i32 %midstate_read_17"   --->   Operation 43 'read' 'midstate_read_5' <Predicate = true> <Delay = 0.00>
ST_3 : Operation 44 [1/1] (0.00ns)   --->   "%midstate_read_6 = read i32 @_ssdm_op_Read.ap_auto.i32, i32 %midstate_read_16"   --->   Operation 44 'read' 'midstate_read_6' <Predicate = true> <Delay = 0.00>
ST_3 : Operation 45 [1/1] (0.00ns)   --->   "%midstate_read_7 = read i32 @_ssdm_op_Read.ap_auto.i32, i32 %midstate_read_15"   --->   Operation 45 'read' 'midstate_read_7' <Predicate = true> <Delay = 0.00>
ST_3 : Operation 46 [1/1] (0.00ns)   --->   "%midstate_read13 = read i32 @_ssdm_op_Read.ap_auto.i32, i32 %midstate_read"   --->   Operation 46 'read' 'midstate_read13' <Predicate = true> <Delay = 0.00>
ST_3 : Operation 47 [1/1] (0.00ns)   --->   "%block_words = bitconcatenate i32 @_ssdm_op_BitConcatenate.i32.i8.i8.i8.i8, i8 %empty, i8 %p_1, i8 %p_2, i8 %p_3" [dylan-hls/mine.cpp:212->dylan-hls/mine.cpp:270]   --->   Operation 47 'bitconcatenate' 'block_words' <Predicate = true> <Delay = 0.00>
ST_3 : Operation 48 [1/1] (0.00ns)   --->   "%block_words_1 = bitconcatenate i32 @_ssdm_op_BitConcatenate.i32.i8.i8.i8.i8, i8 %empty_40, i8 %p_5, i8 %p_6, i8 %p_4" [dylan-hls/mine.cpp:212->dylan-hls/mine.cpp:270]   --->   Operation 48 'bitconcatenate' 'block_words_1' <Predicate = true> <Delay = 0.00>
ST_3 : Operation 49 [1/2] ( I:0.67ns O:0.67ns )   --->   "%header_tail_load_2 = load i5 %header_tail_addr_2" [dylan-hls/mine.cpp:270]   --->   Operation 49 'load' 'header_tail_load_2' <Predicate = true> <Delay = 0.67> <CoreInst = "RAM">   --->   Core 82 'RAM' <Latency = 1> <II = 1> <Delay = 0.67> <Storage> <Opcode : 'load' 'store'> <Ports = 2> <Width = 32> <Depth = 20> <RAM>
ST_3 : Operation 50 [1/1] (0.00ns)   --->   "%empty_41 = trunc i32 %header_tail_load_2" [dylan-hls/mine.cpp:270]   --->   Operation 50 'trunc' 'empty_41' <Predicate = true> <Delay = 0.00>
ST_3 : Operation 51 [1/1] (0.00ns)   --->   "%p_7 = partselect i8 @_ssdm_op_PartSelect.i8.i32.i32.i32, i32 %header_tail_load_2, i32 24, i32 31" [dylan-hls/mine.cpp:270]   --->   Operation 51 'partselect' 'p_7' <Predicate = true> <Delay = 0.00>
ST_3 : Operation 52 [1/1] (0.00ns)   --->   "%p_8 = partselect i8 @_ssdm_op_PartSelect.i8.i32.i32.i32, i32 %header_tail_load_2, i32 8, i32 15" [dylan-hls/mine.cpp:270]   --->   Operation 52 'partselect' 'p_8' <Predicate = true> <Delay = 0.00>
ST_3 : Operation 53 [1/1] (0.00ns)   --->   "%p_9 = partselect i8 @_ssdm_op_PartSelect.i8.i32.i32.i32, i32 %header_tail_load_2, i32 16, i32 23" [dylan-hls/mine.cpp:270]   --->   Operation 53 'partselect' 'p_9' <Predicate = true> <Delay = 0.00>
ST_3 : Operation 54 [1/1] (0.00ns)   --->   "%block_words_2 = bitconcatenate i32 @_ssdm_op_BitConcatenate.i32.i8.i8.i8.i8, i8 %empty_41, i8 %p_8, i8 %p_9, i8 %p_7" [dylan-hls/mine.cpp:212->dylan-hls/mine.cpp:270]   --->   Operation 54 'bitconcatenate' 'block_words_2' <Predicate = true> <Delay = 0.00>
ST_3 : Operation 55 [1/2] ( I:0.67ns O:0.67ns )   --->   "%header_tail_load_3 = load i5 %header_tail_addr_3" [dylan-hls/mine.cpp:270]   --->   Operation 55 'load' 'header_tail_load_3' <Predicate = true> <Delay = 0.67> <CoreInst = "RAM">   --->   Core 82 'RAM' <Latency = 1> <II = 1> <Delay = 0.67> <Storage> <Opcode : 'load' 'store'> <Ports = 2> <Width = 32> <Depth = 20> <RAM>
ST_3 : Operation 56 [1/1] (0.00ns)   --->   "%empty_42 = trunc i32 %header_tail_load_3" [dylan-hls/mine.cpp:270]   --->   Operation 56 'trunc' 'empty_42' <Predicate = true> <Delay = 0.00>
ST_3 : Operation 57 [1/1] (0.00ns)   --->   "%p_s = partselect i8 @_ssdm_op_PartSelect.i8.i32.i32.i32, i32 %header_tail_load_3, i32 24, i32 31" [dylan-hls/mine.cpp:270]   --->   Operation 57 'partselect' 'p_s' <Predicate = true> <Delay = 0.00>
ST_3 : Operation 58 [1/1] (0.00ns)   --->   "%p_10 = partselect i8 @_ssdm_op_PartSelect.i8.i32.i32.i32, i32 %header_tail_load_3, i32 8, i32 15" [dylan-hls/mine.cpp:270]   --->   Operation 58 'partselect' 'p_10' <Predicate = true> <Delay = 0.00>
ST_3 : Operation 59 [1/1] (0.00ns)   --->   "%p_11 = partselect i8 @_ssdm_op_PartSelect.i8.i32.i32.i32, i32 %header_tail_load_3, i32 16, i32 23" [dylan-hls/mine.cpp:270]   --->   Operation 59 'partselect' 'p_11' <Predicate = true> <Delay = 0.00>
ST_3 : Operation 60 [1/1] (0.00ns)   --->   "%block_words_3 = bitconcatenate i32 @_ssdm_op_BitConcatenate.i32.i8.i8.i8.i8, i8 %empty_42, i8 %p_10, i8 %p_11, i8 %p_s" [dylan-hls/mine.cpp:212->dylan-hls/mine.cpp:270]   --->   Operation 60 'bitconcatenate' 'block_words_3' <Predicate = true> <Delay = 0.00>
ST_3 : Operation 61 [2/2] (0.48ns)   --->   "%call_ret = call i256 @sha256_compress_words, i32 %midstate_read13, i32 %midstate_read_7, i32 %midstate_read_6, i32 %midstate_read_5, i32 %midstate_read_4, i32 %midstate_read_3, i32 %midstate_read_2, i32 %midstate_read_1, i32 %block_words, i32 %block_words_1, i32 %block_words_2, i32 %block_words_3, i32 2147483648, i32 0, i32 0, i32 0, i32 0, i32 640, i32 %K" [dylan-hls/mine.cpp:284]   --->   Operation 61 'call' 'call_ret' <Predicate = true> <Delay = 0.48> <CoreType = "Generic">   --->   Generic Core

State 4 <SV = 3> <Delay = 1.50>
ST_4 : Operation 62 [1/2] (1.01ns)   --->   "%call_ret = call i256 @sha256_compress_words, i32 %midstate_read13, i32 %midstate_read_7, i32 %midstate_read_6, i32 %midstate_read_5, i32 %midstate_read_4, i32 %midstate_read_3, i32 %midstate_read_2, i32 %midstate_read_1, i32 %block_words, i32 %block_words_1, i32 %block_words_2, i32 %block_words_3, i32 2147483648, i32 0, i32 0, i32 0, i32 0, i32 640, i32 %K" [dylan-hls/mine.cpp:284]   --->   Operation 62 'call' 'call_ret' <Predicate = true> <Delay = 1.01> <CoreType = "Generic">   --->   Generic Core
ST_4 : Operation 63 [1/1] (0.00ns)   --->   "%s_16 = extractvalue i256 %call_ret" [dylan-hls/mine.cpp:284]   --->   Operation 63 'extractvalue' 's_16' <Predicate = true> <Delay = 0.00>
ST_4 : Operation 64 [1/1] (0.00ns)   --->   "%s_17 = extractvalue i256 %call_ret" [dylan-hls/mine.cpp:284]   --->   Operation 64 'extractvalue' 's_17' <Predicate = true> <Delay = 0.00>
ST_4 : Operation 65 [1/1] (0.00ns)   --->   "%s_18 = extractvalue i256 %call_ret" [dylan-hls/mine.cpp:284]   --->   Operation 65 'extractvalue' 's_18' <Predicate = true> <Delay = 0.00>
ST_4 : Operation 66 [1/1] (0.00ns)   --->   "%s_19 = extractvalue i256 %call_ret" [dylan-hls/mine.cpp:284]   --->   Operation 66 'extractvalue' 's_19' <Predicate = true> <Delay = 0.00>
ST_4 : Operation 67 [1/1] (0.00ns)   --->   "%s_20 = extractvalue i256 %call_ret" [dylan-hls/mine.cpp:284]   --->   Operation 67 'extractvalue' 's_20' <Predicate = true> <Delay = 0.00>
ST_4 : Operation 68 [1/1] (0.00ns)   --->   "%s_21 = extractvalue i256 %call_ret" [dylan-hls/mine.cpp:284]   --->   Operation 68 'extractvalue' 's_21' <Predicate = true> <Delay = 0.00>
ST_4 : Operation 69 [1/1] (0.00ns)   --->   "%s_22 = extractvalue i256 %call_ret" [dylan-hls/mine.cpp:284]   --->   Operation 69 'extractvalue' 's_22' <Predicate = true> <Delay = 0.00>
ST_4 : Operation 70 [1/1] (0.00ns)   --->   "%s_23 = extractvalue i256 %call_ret" [dylan-hls/mine.cpp:284]   --->   Operation 70 'extractvalue' 's_23' <Predicate = true> <Delay = 0.00>
ST_4 : Operation 71 [2/2] (0.48ns)   --->   "%call_ret1 = call i256 @sha256_compress_words, i32 1779033703, i32 3144134277, i32 1013904242, i32 2773480762, i32 1359893119, i32 2600822924, i32 528734635, i32 1541459225, i32 %s_16, i32 %s_17, i32 %s_18, i32 %s_19, i32 %s_20, i32 %s_21, i32 %s_22, i32 %s_23, i32 2147483648, i32 256, i32 %K" [dylan-hls/mine.cpp:315]   --->   Operation 71 'call' 'call_ret1' <Predicate = true> <Delay = 0.48> <CoreType = "Generic">   --->   Generic Core

State 5 <SV = 4> <Delay = 1.69>
ST_5 : Operation 72 [1/1] (0.00ns)   --->   "%out_addr = getelementptr i8 %out_r, i64 0, i64 0"   --->   Operation 72 'getelementptr' 'out_addr' <Predicate = true> <Delay = 0.00>
ST_5 : Operation 73 [1/1] (0.00ns)   --->   "%out_addr_1 = getelementptr i8 %out_r, i64 0, i64 1" [dylan-hls/mine.cpp:321]   --->   Operation 73 'getelementptr' 'out_addr_1' <Predicate = true> <Delay = 0.00>
ST_5 : Operation 74 [1/2] (1.01ns)   --->   "%call_ret1 = call i256 @sha256_compress_words, i32 1779033703, i32 3144134277, i32 1013904242, i32 2773480762, i32 1359893119, i32 2600822924, i32 528734635, i32 1541459225, i32 %s_16, i32 %s_17, i32 %s_18, i32 %s_19, i32 %s_20, i32 %s_21, i32 %s_22, i32 %s_23, i32 2147483648, i32 256, i32 %K" [dylan-hls/mine.cpp:315]   --->   Operation 74 'call' 'call_ret1' <Predicate = true> <Delay = 1.01> <CoreType = "Generic">   --->   Generic Core
ST_5 : Operation 75 [1/1] (0.00ns)   --->   "%s = extractvalue i256 %call_ret1" [dylan-hls/mine.cpp:315]   --->   Operation 75 'extractvalue' 's' <Predicate = true> <Delay = 0.00>
ST_5 : Operation 76 [1/1] (0.00ns)   --->   "%s_8 = extractvalue i256 %call_ret1" [dylan-hls/mine.cpp:315]   --->   Operation 76 'extractvalue' 's_8' <Predicate = true> <Delay = 0.00>
ST_5 : Operation 77 [1/1] (0.00ns)   --->   "%s_9 = extractvalue i256 %call_ret1" [dylan-hls/mine.cpp:315]   --->   Operation 77 'extractvalue' 's_9' <Predicate = true> <Delay = 0.00>
ST_5 : Operation 78 [1/1] (0.00ns)   --->   "%s_11 = extractvalue i256 %call_ret1" [dylan-hls/mine.cpp:315]   --->   Operation 78 'extractvalue' 's_11' <Predicate = true> <Delay = 0.00>
ST_5 : Operation 79 [1/1] (0.00ns)   --->   "%s_12 = extractvalue i256 %call_ret1" [dylan-hls/mine.cpp:315]   --->   Operation 79 'extractvalue' 's_12' <Predicate = true> <Delay = 0.00>
ST_5 : Operation 80 [1/1] (0.00ns)   --->   "%s_13 = extractvalue i256 %call_ret1" [dylan-hls/mine.cpp:315]   --->   Operation 80 'extractvalue' 's_13' <Predicate = true> <Delay = 0.00>
ST_5 : Operation 81 [1/1] (0.00ns)   --->   "%s_14 = extractvalue i256 %call_ret1" [dylan-hls/mine.cpp:315]   --->   Operation 81 'extractvalue' 's_14' <Predicate = true> <Delay = 0.00>
ST_5 : Operation 82 [1/1] (0.00ns)   --->   "%s_15 = extractvalue i256 %call_ret1" [dylan-hls/mine.cpp:315]   --->   Operation 82 'extractvalue' 's_15' <Predicate = true> <Delay = 0.00>
ST_5 : Operation 83 [1/1] (0.00ns)   --->   "%trunc_ln = partselect i8 @_ssdm_op_PartSelect.i8.i32.i32.i32, i32 %s, i32 24, i32 31" [dylan-hls/mine.cpp:320]   --->   Operation 83 'partselect' 'trunc_ln' <Predicate = true> <Delay = 0.00>
ST_5 : Operation 84 [1/1] ( I:0.67ns O:0.67ns )   --->   "%store_ln320 = store i8 %trunc_ln, i5 %out_addr" [dylan-hls/mine.cpp:320]   --->   Operation 84 'store' 'store_ln320' <Predicate = true> <Delay = 0.67> <CoreInst = "RAM">   --->   Core 82 'RAM' <Latency = 1> <II = 1> <Delay = 0.67> <Storage> <Opcode : 'load' 'store'> <Ports = 2> <Width = 8> <Depth = 32> <RAM>
ST_5 : Operation 85 [1/1] (0.00ns)   --->   "%trunc_ln1 = partselect i8 @_ssdm_op_PartSelect.i8.i32.i32.i32, i32 %s, i32 16, i32 23" [dylan-hls/mine.cpp:321]   --->   Operation 85 'partselect' 'trunc_ln1' <Predicate = true> <Delay = 0.00>
ST_5 : Operation 86 [1/1] ( I:0.67ns O:0.67ns )   --->   "%store_ln321 = store i8 %trunc_ln1, i5 %out_addr_1" [dylan-hls/mine.cpp:321]   --->   Operation 86 'store' 'store_ln321' <Predicate = true> <Delay = 0.67> <CoreInst = "RAM">   --->   Core 82 'RAM' <Latency = 1> <II = 1> <Delay = 0.67> <Storage> <Opcode : 'load' 'store'> <Ports = 2> <Width = 8> <Depth = 32> <RAM>
ST_5 : Operation 87 [1/1] (0.00ns)   --->   "%trunc_ln2 = partselect i8 @_ssdm_op_PartSelect.i8.i32.i32.i32, i32 %s, i32 8, i32 15" [dylan-hls/mine.cpp:322]   --->   Operation 87 'partselect' 'trunc_ln2' <Predicate = true> <Delay = 0.00>
ST_5 : Operation 88 [1/1] (0.00ns)   --->   "%trunc_ln323 = trunc i32 %s" [dylan-hls/mine.cpp:323]   --->   Operation 88 'trunc' 'trunc_ln323' <Predicate = true> <Delay = 0.00>
ST_5 : Operation 89 [1/1] (0.00ns)   --->   "%trunc_ln320_1 = partselect i8 @_ssdm_op_PartSelect.i8.i32.i32.i32, i32 %s_8, i32 24, i32 31" [dylan-hls/mine.cpp:320]   --->   Operation 89 'partselect' 'trunc_ln320_1' <Predicate = true> <Delay = 0.00>
ST_5 : Operation 90 [1/1] (0.00ns)   --->   "%trunc_ln321_1 = partselect i8 @_ssdm_op_PartSelect.i8.i32.i32.i32, i32 %s_8, i32 16, i32 23" [dylan-hls/mine.cpp:321]   --->   Operation 90 'partselect' 'trunc_ln321_1' <Predicate = true> <Delay = 0.00>
ST_5 : Operation 91 [1/1] (0.00ns)   --->   "%trunc_ln322_1 = partselect i8 @_ssdm_op_PartSelect.i8.i32.i32.i32, i32 %s_8, i32 8, i32 15" [dylan-hls/mine.cpp:322]   --->   Operation 91 'partselect' 'trunc_ln322_1' <Predicate = true> <Delay = 0.00>
ST_5 : Operation 92 [1/1] (0.00ns)   --->   "%trunc_ln323_1 = trunc i32 %s_8" [dylan-hls/mine.cpp:323]   --->   Operation 92 'trunc' 'trunc_ln323_1' <Predicate = true> <Delay = 0.00>
ST_5 : Operation 93 [1/1] (0.00ns)   --->   "%trunc_ln320_2 = partselect i8 @_ssdm_op_PartSelect.i8.i32.i32.i32, i32 %s_9, i32 24, i32 31" [dylan-hls/mine.cpp:320]   --->   Operation 93 'partselect' 'trunc_ln320_2' <Predicate = true> <Delay = 0.00>
ST_5 : Operation 94 [1/1] (0.00ns)   --->   "%trunc_ln321_2 = partselect i8 @_ssdm_op_PartSelect.i8.i32.i32.i32, i32 %s_9, i32 16, i32 23" [dylan-hls/mine.cpp:321]   --->   Operation 94 'partselect' 'trunc_ln321_2' <Predicate = true> <Delay = 0.00>
ST_5 : Operation 95 [1/1] (0.00ns)   --->   "%trunc_ln322_2 = partselect i8 @_ssdm_op_PartSelect.i8.i32.i32.i32, i32 %s_9, i32 8, i32 15" [dylan-hls/mine.cpp:322]   --->   Operation 95 'partselect' 'trunc_ln322_2' <Predicate = true> <Delay = 0.00>
ST_5 : Operation 96 [1/1] (0.00ns)   --->   "%trunc_ln323_2 = trunc i32 %s_9" [dylan-hls/mine.cpp:323]   --->   Operation 96 'trunc' 'trunc_ln323_2' <Predicate = true> <Delay = 0.00>
ST_5 : Operation 97 [1/1] (0.00ns)   --->   "%trunc_ln320_3 = partselect i8 @_ssdm_op_PartSelect.i8.i32.i32.i32, i32 %s_11, i32 24, i32 31" [dylan-hls/mine.cpp:320]   --->   Operation 97 'partselect' 'trunc_ln320_3' <Predicate = true> <Delay = 0.00>
ST_5 : Operation 98 [1/1] (0.00ns)   --->   "%trunc_ln321_3 = partselect i8 @_ssdm_op_PartSelect.i8.i32.i32.i32, i32 %s_11, i32 16, i32 23" [dylan-hls/mine.cpp:321]   --->   Operation 98 'partselect' 'trunc_ln321_3' <Predicate = true> <Delay = 0.00>
ST_5 : Operation 99 [1/1] (0.00ns)   --->   "%trunc_ln322_3 = partselect i8 @_ssdm_op_PartSelect.i8.i32.i32.i32, i32 %s_11, i32 8, i32 15" [dylan-hls/mine.cpp:322]   --->   Operation 99 'partselect' 'trunc_ln322_3' <Predicate = true> <Delay = 0.00>
ST_5 : Operation 100 [1/1] (0.00ns)   --->   "%trunc_ln323_3 = trunc i32 %s_11" [dylan-hls/mine.cpp:323]   --->   Operation 100 'trunc' 'trunc_ln323_3' <Predicate = true> <Delay = 0.00>
ST_5 : Operation 101 [1/1] (0.00ns)   --->   "%trunc_ln320_4 = partselect i8 @_ssdm_op_PartSelect.i8.i32.i32.i32, i32 %s_12, i32 24, i32 31" [dylan-hls/mine.cpp:320]   --->   Operation 101 'partselect' 'trunc_ln320_4' <Predicate = true> <Delay = 0.00>
ST_5 : Operation 102 [1/1] (0.00ns)   --->   "%trunc_ln321_4 = partselect i8 @_ssdm_op_PartSelect.i8.i32.i32.i32, i32 %s_12, i32 16, i32 23" [dylan-hls/mine.cpp:321]   --->   Operation 102 'partselect' 'trunc_ln321_4' <Predicate = true> <Delay = 0.00>
ST_5 : Operation 103 [1/1] (0.00ns)   --->   "%trunc_ln322_4 = partselect i8 @_ssdm_op_PartSelect.i8.i32.i32.i32, i32 %s_12, i32 8, i32 15" [dylan-hls/mine.cpp:322]   --->   Operation 103 'partselect' 'trunc_ln322_4' <Predicate = true> <Delay = 0.00>
ST_5 : Operation 104 [1/1] (0.00ns)   --->   "%trunc_ln323_4 = trunc i32 %s_12" [dylan-hls/mine.cpp:323]   --->   Operation 104 'trunc' 'trunc_ln323_4' <Predicate = true> <Delay = 0.00>
ST_5 : Operation 105 [1/1] (0.00ns)   --->   "%trunc_ln320_5 = partselect i8 @_ssdm_op_PartSelect.i8.i32.i32.i32, i32 %s_13, i32 24, i32 31" [dylan-hls/mine.cpp:320]   --->   Operation 105 'partselect' 'trunc_ln320_5' <Predicate = true> <Delay = 0.00>
ST_5 : Operation 106 [1/1] (0.00ns)   --->   "%trunc_ln321_5 = partselect i8 @_ssdm_op_PartSelect.i8.i32.i32.i32, i32 %s_13, i32 16, i32 23" [dylan-hls/mine.cpp:321]   --->   Operation 106 'partselect' 'trunc_ln321_5' <Predicate = true> <Delay = 0.00>
ST_5 : Operation 107 [1/1] (0.00ns)   --->   "%trunc_ln322_5 = partselect i8 @_ssdm_op_PartSelect.i8.i32.i32.i32, i32 %s_13, i32 8, i32 15" [dylan-hls/mine.cpp:322]   --->   Operation 107 'partselect' 'trunc_ln322_5' <Predicate = true> <Delay = 0.00>
ST_5 : Operation 108 [1/1] (0.00ns)   --->   "%trunc_ln323_5 = trunc i32 %s_13" [dylan-hls/mine.cpp:323]   --->   Operation 108 'trunc' 'trunc_ln323_5' <Predicate = true> <Delay = 0.00>
ST_5 : Operation 109 [1/1] (0.00ns)   --->   "%trunc_ln320_6 = partselect i8 @_ssdm_op_PartSelect.i8.i32.i32.i32, i32 %s_14, i32 24, i32 31" [dylan-hls/mine.cpp:320]   --->   Operation 109 'partselect' 'trunc_ln320_6' <Predicate = true> <Delay = 0.00>
ST_5 : Operation 110 [1/1] (0.00ns)   --->   "%trunc_ln321_6 = partselect i8 @_ssdm_op_PartSelect.i8.i32.i32.i32, i32 %s_14, i32 16, i32 23" [dylan-hls/mine.cpp:321]   --->   Operation 110 'partselect' 'trunc_ln321_6' <Predicate = true> <Delay = 0.00>
ST_5 : Operation 111 [1/1] (0.00ns)   --->   "%trunc_ln322_6 = partselect i8 @_ssdm_op_PartSelect.i8.i32.i32.i32, i32 %s_14, i32 8, i32 15" [dylan-hls/mine.cpp:322]   --->   Operation 111 'partselect' 'trunc_ln322_6' <Predicate = true> <Delay = 0.00>
ST_5 : Operation 112 [1/1] (0.00ns)   --->   "%trunc_ln323_6 = trunc i32 %s_14" [dylan-hls/mine.cpp:323]   --->   Operation 112 'trunc' 'trunc_ln323_6' <Predicate = true> <Delay = 0.00>
ST_5 : Operation 113 [1/1] (0.00ns)   --->   "%trunc_ln320_7 = partselect i8 @_ssdm_op_PartSelect.i8.i32.i32.i32, i32 %s_15, i32 24, i32 31" [dylan-hls/mine.cpp:320]   --->   Operation 113 'partselect' 'trunc_ln320_7' <Predicate = true> <Delay = 0.00>
ST_5 : Operation 114 [1/1] (0.00ns)   --->   "%trunc_ln321_7 = partselect i8 @_ssdm_op_PartSelect.i8.i32.i32.i32, i32 %s_15, i32 16, i32 23" [dylan-hls/mine.cpp:321]   --->   Operation 114 'partselect' 'trunc_ln321_7' <Predicate = true> <Delay = 0.00>
ST_5 : Operation 115 [1/1] (0.00ns)   --->   "%trunc_ln322_7 = partselect i8 @_ssdm_op_PartSelect.i8.i32.i32.i32, i32 %s_15, i32 8, i32 15" [dylan-hls/mine.cpp:322]   --->   Operation 115 'partselect' 'trunc_ln322_7' <Predicate = true> <Delay = 0.00>
ST_5 : Operation 116 [1/1] (0.00ns)   --->   "%trunc_ln323_7 = trunc i32 %s_15" [dylan-hls/mine.cpp:323]   --->   Operation 116 'trunc' 'trunc_ln323_7' <Predicate = true> <Delay = 0.00>

State 6 <SV = 5> <Delay = 0.67>
ST_6 : Operation 117 [1/1] (0.00ns)   --->   "%out_addr_2 = getelementptr i8 %out_r, i64 0, i64 2" [dylan-hls/mine.cpp:322]   --->   Operation 117 'getelementptr' 'out_addr_2' <Predicate = true> <Delay = 0.00>
ST_6 : Operation 118 [1/1] (0.00ns)   --->   "%out_addr_3 = getelementptr i8 %out_r, i64 0, i64 3" [dylan-hls/mine.cpp:323]   --->   Operation 118 'getelementptr' 'out_addr_3' <Predicate = true> <Delay = 0.00>
ST_6 : Operation 119 [1/1] ( I:0.67ns O:0.67ns )   --->   "%store_ln322 = store i8 %trunc_ln2, i5 %out_addr_2" [dylan-hls/mine.cpp:322]   --->   Operation 119 'store' 'store_ln322' <Predicate = true> <Delay = 0.67> <CoreInst = "RAM">   --->   Core 82 'RAM' <Latency = 1> <II = 1> <Delay = 0.67> <Storage> <Opcode : 'load' 'store'> <Ports = 2> <Width = 8> <Depth = 32> <RAM>
ST_6 : Operation 120 [1/1] ( I:0.67ns O:0.67ns )   --->   "%store_ln323 = store i8 %trunc_ln323, i5 %out_addr_3" [dylan-hls/mine.cpp:323]   --->   Operation 120 'store' 'store_ln323' <Predicate = true> <Delay = 0.67> <CoreInst = "RAM">   --->   Core 82 'RAM' <Latency = 1> <II = 1> <Delay = 0.67> <Storage> <Opcode : 'load' 'store'> <Ports = 2> <Width = 8> <Depth = 32> <RAM>

State 7 <SV = 6> <Delay = 0.67>
ST_7 : Operation 121 [1/1] (0.00ns)   --->   "%out_addr_4 = getelementptr i8 %out_r, i64 0, i64 4" [dylan-hls/mine.cpp:320]   --->   Operation 121 'getelementptr' 'out_addr_4' <Predicate = true> <Delay = 0.00>
ST_7 : Operation 122 [1/1] (0.00ns)   --->   "%out_addr_5 = getelementptr i8 %out_r, i64 0, i64 5" [dylan-hls/mine.cpp:321]   --->   Operation 122 'getelementptr' 'out_addr_5' <Predicate = true> <Delay = 0.00>
ST_7 : Operation 123 [1/1] ( I:0.67ns O:0.67ns )   --->   "%store_ln320 = store i8 %trunc_ln320_1, i5 %out_addr_4" [dylan-hls/mine.cpp:320]   --->   Operation 123 'store' 'store_ln320' <Predicate = true> <Delay = 0.67> <CoreInst = "RAM">   --->   Core 82 'RAM' <Latency = 1> <II = 1> <Delay = 0.67> <Storage> <Opcode : 'load' 'store'> <Ports = 2> <Width = 8> <Depth = 32> <RAM>
ST_7 : Operation 124 [1/1] ( I:0.67ns O:0.67ns )   --->   "%store_ln321 = store i8 %trunc_ln321_1, i5 %out_addr_5" [dylan-hls/mine.cpp:321]   --->   Operation 124 'store' 'store_ln321' <Predicate = true> <Delay = 0.67> <CoreInst = "RAM">   --->   Core 82 'RAM' <Latency = 1> <II = 1> <Delay = 0.67> <Storage> <Opcode : 'load' 'store'> <Ports = 2> <Width = 8> <Depth = 32> <RAM>

State 8 <SV = 7> <Delay = 0.67>
ST_8 : Operation 125 [1/1] (0.00ns)   --->   "%out_addr_6 = getelementptr i8 %out_r, i64 0, i64 6" [dylan-hls/mine.cpp:322]   --->   Operation 125 'getelementptr' 'out_addr_6' <Predicate = true> <Delay = 0.00>
ST_8 : Operation 126 [1/1] (0.00ns)   --->   "%out_addr_7 = getelementptr i8 %out_r, i64 0, i64 7" [dylan-hls/mine.cpp:323]   --->   Operation 126 'getelementptr' 'out_addr_7' <Predicate = true> <Delay = 0.00>
ST_8 : Operation 127 [1/1] ( I:0.67ns O:0.67ns )   --->   "%store_ln322 = store i8 %trunc_ln322_1, i5 %out_addr_6" [dylan-hls/mine.cpp:322]   --->   Operation 127 'store' 'store_ln322' <Predicate = true> <Delay = 0.67> <CoreInst = "RAM">   --->   Core 82 'RAM' <Latency = 1> <II = 1> <Delay = 0.67> <Storage> <Opcode : 'load' 'store'> <Ports = 2> <Width = 8> <Depth = 32> <RAM>
ST_8 : Operation 128 [1/1] ( I:0.67ns O:0.67ns )   --->   "%store_ln323 = store i8 %trunc_ln323_1, i5 %out_addr_7" [dylan-hls/mine.cpp:323]   --->   Operation 128 'store' 'store_ln323' <Predicate = true> <Delay = 0.67> <CoreInst = "RAM">   --->   Core 82 'RAM' <Latency = 1> <II = 1> <Delay = 0.67> <Storage> <Opcode : 'load' 'store'> <Ports = 2> <Width = 8> <Depth = 32> <RAM>

State 9 <SV = 8> <Delay = 0.67>
ST_9 : Operation 129 [1/1] (0.00ns)   --->   "%out_addr_8 = getelementptr i8 %out_r, i64 0, i64 8" [dylan-hls/mine.cpp:320]   --->   Operation 129 'getelementptr' 'out_addr_8' <Predicate = true> <Delay = 0.00>
ST_9 : Operation 130 [1/1] (0.00ns)   --->   "%out_addr_9 = getelementptr i8 %out_r, i64 0, i64 9" [dylan-hls/mine.cpp:321]   --->   Operation 130 'getelementptr' 'out_addr_9' <Predicate = true> <Delay = 0.00>
ST_9 : Operation 131 [1/1] ( I:0.67ns O:0.67ns )   --->   "%store_ln320 = store i8 %trunc_ln320_2, i5 %out_addr_8" [dylan-hls/mine.cpp:320]   --->   Operation 131 'store' 'store_ln320' <Predicate = true> <Delay = 0.67> <CoreInst = "RAM">   --->   Core 82 'RAM' <Latency = 1> <II = 1> <Delay = 0.67> <Storage> <Opcode : 'load' 'store'> <Ports = 2> <Width = 8> <Depth = 32> <RAM>
ST_9 : Operation 132 [1/1] ( I:0.67ns O:0.67ns )   --->   "%store_ln321 = store i8 %trunc_ln321_2, i5 %out_addr_9" [dylan-hls/mine.cpp:321]   --->   Operation 132 'store' 'store_ln321' <Predicate = true> <Delay = 0.67> <CoreInst = "RAM">   --->   Core 82 'RAM' <Latency = 1> <II = 1> <Delay = 0.67> <Storage> <Opcode : 'load' 'store'> <Ports = 2> <Width = 8> <Depth = 32> <RAM>

State 10 <SV = 9> <Delay = 0.67>
ST_10 : Operation 133 [1/1] (0.00ns)   --->   "%out_addr_10 = getelementptr i8 %out_r, i64 0, i64 10" [dylan-hls/mine.cpp:322]   --->   Operation 133 'getelementptr' 'out_addr_10' <Predicate = true> <Delay = 0.00>
ST_10 : Operation 134 [1/1] (0.00ns)   --->   "%out_addr_11 = getelementptr i8 %out_r, i64 0, i64 11" [dylan-hls/mine.cpp:323]   --->   Operation 134 'getelementptr' 'out_addr_11' <Predicate = true> <Delay = 0.00>
ST_10 : Operation 135 [1/1] ( I:0.67ns O:0.67ns )   --->   "%store_ln322 = store i8 %trunc_ln322_2, i5 %out_addr_10" [dylan-hls/mine.cpp:322]   --->   Operation 135 'store' 'store_ln322' <Predicate = true> <Delay = 0.67> <CoreInst = "RAM">   --->   Core 82 'RAM' <Latency = 1> <II = 1> <Delay = 0.67> <Storage> <Opcode : 'load' 'store'> <Ports = 2> <Width = 8> <Depth = 32> <RAM>
ST_10 : Operation 136 [1/1] ( I:0.67ns O:0.67ns )   --->   "%store_ln323 = store i8 %trunc_ln323_2, i5 %out_addr_11" [dylan-hls/mine.cpp:323]   --->   Operation 136 'store' 'store_ln323' <Predicate = true> <Delay = 0.67> <CoreInst = "RAM">   --->   Core 82 'RAM' <Latency = 1> <II = 1> <Delay = 0.67> <Storage> <Opcode : 'load' 'store'> <Ports = 2> <Width = 8> <Depth = 32> <RAM>

State 11 <SV = 10> <Delay = 0.67>
ST_11 : Operation 137 [1/1] (0.00ns)   --->   "%out_addr_12 = getelementptr i8 %out_r, i64 0, i64 12" [dylan-hls/mine.cpp:320]   --->   Operation 137 'getelementptr' 'out_addr_12' <Predicate = true> <Delay = 0.00>
ST_11 : Operation 138 [1/1] (0.00ns)   --->   "%out_addr_13 = getelementptr i8 %out_r, i64 0, i64 13" [dylan-hls/mine.cpp:321]   --->   Operation 138 'getelementptr' 'out_addr_13' <Predicate = true> <Delay = 0.00>
ST_11 : Operation 139 [1/1] ( I:0.67ns O:0.67ns )   --->   "%store_ln320 = store i8 %trunc_ln320_3, i5 %out_addr_12" [dylan-hls/mine.cpp:320]   --->   Operation 139 'store' 'store_ln320' <Predicate = true> <Delay = 0.67> <CoreInst = "RAM">   --->   Core 82 'RAM' <Latency = 1> <II = 1> <Delay = 0.67> <Storage> <Opcode : 'load' 'store'> <Ports = 2> <Width = 8> <Depth = 32> <RAM>
ST_11 : Operation 140 [1/1] ( I:0.67ns O:0.67ns )   --->   "%store_ln321 = store i8 %trunc_ln321_3, i5 %out_addr_13" [dylan-hls/mine.cpp:321]   --->   Operation 140 'store' 'store_ln321' <Predicate = true> <Delay = 0.67> <CoreInst = "RAM">   --->   Core 82 'RAM' <Latency = 1> <II = 1> <Delay = 0.67> <Storage> <Opcode : 'load' 'store'> <Ports = 2> <Width = 8> <Depth = 32> <RAM>

State 12 <SV = 11> <Delay = 0.67>
ST_12 : Operation 141 [1/1] (0.00ns)   --->   "%out_addr_14 = getelementptr i8 %out_r, i64 0, i64 14" [dylan-hls/mine.cpp:322]   --->   Operation 141 'getelementptr' 'out_addr_14' <Predicate = true> <Delay = 0.00>
ST_12 : Operation 142 [1/1] (0.00ns)   --->   "%out_addr_15 = getelementptr i8 %out_r, i64 0, i64 15" [dylan-hls/mine.cpp:323]   --->   Operation 142 'getelementptr' 'out_addr_15' <Predicate = true> <Delay = 0.00>
ST_12 : Operation 143 [1/1] ( I:0.67ns O:0.67ns )   --->   "%store_ln322 = store i8 %trunc_ln322_3, i5 %out_addr_14" [dylan-hls/mine.cpp:322]   --->   Operation 143 'store' 'store_ln322' <Predicate = true> <Delay = 0.67> <CoreInst = "RAM">   --->   Core 82 'RAM' <Latency = 1> <II = 1> <Delay = 0.67> <Storage> <Opcode : 'load' 'store'> <Ports = 2> <Width = 8> <Depth = 32> <RAM>
ST_12 : Operation 144 [1/1] ( I:0.67ns O:0.67ns )   --->   "%store_ln323 = store i8 %trunc_ln323_3, i5 %out_addr_15" [dylan-hls/mine.cpp:323]   --->   Operation 144 'store' 'store_ln323' <Predicate = true> <Delay = 0.67> <CoreInst = "RAM">   --->   Core 82 'RAM' <Latency = 1> <II = 1> <Delay = 0.67> <Storage> <Opcode : 'load' 'store'> <Ports = 2> <Width = 8> <Depth = 32> <RAM>

State 13 <SV = 12> <Delay = 0.67>
ST_13 : Operation 145 [1/1] (0.00ns)   --->   "%out_addr_16 = getelementptr i8 %out_r, i64 0, i64 16" [dylan-hls/mine.cpp:320]   --->   Operation 145 'getelementptr' 'out_addr_16' <Predicate = true> <Delay = 0.00>
ST_13 : Operation 146 [1/1] (0.00ns)   --->   "%out_addr_17 = getelementptr i8 %out_r, i64 0, i64 17" [dylan-hls/mine.cpp:321]   --->   Operation 146 'getelementptr' 'out_addr_17' <Predicate = true> <Delay = 0.00>
ST_13 : Operation 147 [1/1] ( I:0.67ns O:0.67ns )   --->   "%store_ln320 = store i8 %trunc_ln320_4, i5 %out_addr_16" [dylan-hls/mine.cpp:320]   --->   Operation 147 'store' 'store_ln320' <Predicate = true> <Delay = 0.67> <CoreInst = "RAM">   --->   Core 82 'RAM' <Latency = 1> <II = 1> <Delay = 0.67> <Storage> <Opcode : 'load' 'store'> <Ports = 2> <Width = 8> <Depth = 32> <RAM>
ST_13 : Operation 148 [1/1] ( I:0.67ns O:0.67ns )   --->   "%store_ln321 = store i8 %trunc_ln321_4, i5 %out_addr_17" [dylan-hls/mine.cpp:321]   --->   Operation 148 'store' 'store_ln321' <Predicate = true> <Delay = 0.67> <CoreInst = "RAM">   --->   Core 82 'RAM' <Latency = 1> <II = 1> <Delay = 0.67> <Storage> <Opcode : 'load' 'store'> <Ports = 2> <Width = 8> <Depth = 32> <RAM>

State 14 <SV = 13> <Delay = 0.67>
ST_14 : Operation 149 [1/1] (0.00ns)   --->   "%out_addr_18 = getelementptr i8 %out_r, i64 0, i64 18" [dylan-hls/mine.cpp:322]   --->   Operation 149 'getelementptr' 'out_addr_18' <Predicate = true> <Delay = 0.00>
ST_14 : Operation 150 [1/1] (0.00ns)   --->   "%out_addr_19 = getelementptr i8 %out_r, i64 0, i64 19" [dylan-hls/mine.cpp:323]   --->   Operation 150 'getelementptr' 'out_addr_19' <Predicate = true> <Delay = 0.00>
ST_14 : Operation 151 [1/1] ( I:0.67ns O:0.67ns )   --->   "%store_ln322 = store i8 %trunc_ln322_4, i5 %out_addr_18" [dylan-hls/mine.cpp:322]   --->   Operation 151 'store' 'store_ln322' <Predicate = true> <Delay = 0.67> <CoreInst = "RAM">   --->   Core 82 'RAM' <Latency = 1> <II = 1> <Delay = 0.67> <Storage> <Opcode : 'load' 'store'> <Ports = 2> <Width = 8> <Depth = 32> <RAM>
ST_14 : Operation 152 [1/1] ( I:0.67ns O:0.67ns )   --->   "%store_ln323 = store i8 %trunc_ln323_4, i5 %out_addr_19" [dylan-hls/mine.cpp:323]   --->   Operation 152 'store' 'store_ln323' <Predicate = true> <Delay = 0.67> <CoreInst = "RAM">   --->   Core 82 'RAM' <Latency = 1> <II = 1> <Delay = 0.67> <Storage> <Opcode : 'load' 'store'> <Ports = 2> <Width = 8> <Depth = 32> <RAM>

State 15 <SV = 14> <Delay = 0.67>
ST_15 : Operation 153 [1/1] (0.00ns)   --->   "%out_addr_20 = getelementptr i8 %out_r, i64 0, i64 20" [dylan-hls/mine.cpp:320]   --->   Operation 153 'getelementptr' 'out_addr_20' <Predicate = true> <Delay = 0.00>
ST_15 : Operation 154 [1/1] (0.00ns)   --->   "%out_addr_21 = getelementptr i8 %out_r, i64 0, i64 21" [dylan-hls/mine.cpp:321]   --->   Operation 154 'getelementptr' 'out_addr_21' <Predicate = true> <Delay = 0.00>
ST_15 : Operation 155 [1/1] ( I:0.67ns O:0.67ns )   --->   "%store_ln320 = store i8 %trunc_ln320_5, i5 %out_addr_20" [dylan-hls/mine.cpp:320]   --->   Operation 155 'store' 'store_ln320' <Predicate = true> <Delay = 0.67> <CoreInst = "RAM">   --->   Core 82 'RAM' <Latency = 1> <II = 1> <Delay = 0.67> <Storage> <Opcode : 'load' 'store'> <Ports = 2> <Width = 8> <Depth = 32> <RAM>
ST_15 : Operation 156 [1/1] ( I:0.67ns O:0.67ns )   --->   "%store_ln321 = store i8 %trunc_ln321_5, i5 %out_addr_21" [dylan-hls/mine.cpp:321]   --->   Operation 156 'store' 'store_ln321' <Predicate = true> <Delay = 0.67> <CoreInst = "RAM">   --->   Core 82 'RAM' <Latency = 1> <II = 1> <Delay = 0.67> <Storage> <Opcode : 'load' 'store'> <Ports = 2> <Width = 8> <Depth = 32> <RAM>

State 16 <SV = 15> <Delay = 0.67>
ST_16 : Operation 157 [1/1] (0.00ns)   --->   "%out_addr_22 = getelementptr i8 %out_r, i64 0, i64 22" [dylan-hls/mine.cpp:322]   --->   Operation 157 'getelementptr' 'out_addr_22' <Predicate = true> <Delay = 0.00>
ST_16 : Operation 158 [1/1] (0.00ns)   --->   "%out_addr_23 = getelementptr i8 %out_r, i64 0, i64 23" [dylan-hls/mine.cpp:323]   --->   Operation 158 'getelementptr' 'out_addr_23' <Predicate = true> <Delay = 0.00>
ST_16 : Operation 159 [1/1] ( I:0.67ns O:0.67ns )   --->   "%store_ln322 = store i8 %trunc_ln322_5, i5 %out_addr_22" [dylan-hls/mine.cpp:322]   --->   Operation 159 'store' 'store_ln322' <Predicate = true> <Delay = 0.67> <CoreInst = "RAM">   --->   Core 82 'RAM' <Latency = 1> <II = 1> <Delay = 0.67> <Storage> <Opcode : 'load' 'store'> <Ports = 2> <Width = 8> <Depth = 32> <RAM>
ST_16 : Operation 160 [1/1] ( I:0.67ns O:0.67ns )   --->   "%store_ln323 = store i8 %trunc_ln323_5, i5 %out_addr_23" [dylan-hls/mine.cpp:323]   --->   Operation 160 'store' 'store_ln323' <Predicate = true> <Delay = 0.67> <CoreInst = "RAM">   --->   Core 82 'RAM' <Latency = 1> <II = 1> <Delay = 0.67> <Storage> <Opcode : 'load' 'store'> <Ports = 2> <Width = 8> <Depth = 32> <RAM>

State 17 <SV = 16> <Delay = 0.67>
ST_17 : Operation 161 [1/1] (0.00ns)   --->   "%out_addr_24 = getelementptr i8 %out_r, i64 0, i64 24" [dylan-hls/mine.cpp:320]   --->   Operation 161 'getelementptr' 'out_addr_24' <Predicate = true> <Delay = 0.00>
ST_17 : Operation 162 [1/1] (0.00ns)   --->   "%out_addr_25 = getelementptr i8 %out_r, i64 0, i64 25" [dylan-hls/mine.cpp:321]   --->   Operation 162 'getelementptr' 'out_addr_25' <Predicate = true> <Delay = 0.00>
ST_17 : Operation 163 [1/1] ( I:0.67ns O:0.67ns )   --->   "%store_ln320 = store i8 %trunc_ln320_6, i5 %out_addr_24" [dylan-hls/mine.cpp:320]   --->   Operation 163 'store' 'store_ln320' <Predicate = true> <Delay = 0.67> <CoreInst = "RAM">   --->   Core 82 'RAM' <Latency = 1> <II = 1> <Delay = 0.67> <Storage> <Opcode : 'load' 'store'> <Ports = 2> <Width = 8> <Depth = 32> <RAM>
ST_17 : Operation 164 [1/1] ( I:0.67ns O:0.67ns )   --->   "%store_ln321 = store i8 %trunc_ln321_6, i5 %out_addr_25" [dylan-hls/mine.cpp:321]   --->   Operation 164 'store' 'store_ln321' <Predicate = true> <Delay = 0.67> <CoreInst = "RAM">   --->   Core 82 'RAM' <Latency = 1> <II = 1> <Delay = 0.67> <Storage> <Opcode : 'load' 'store'> <Ports = 2> <Width = 8> <Depth = 32> <RAM>

State 18 <SV = 17> <Delay = 0.67>
ST_18 : Operation 165 [1/1] (0.00ns)   --->   "%out_addr_26 = getelementptr i8 %out_r, i64 0, i64 26" [dylan-hls/mine.cpp:322]   --->   Operation 165 'getelementptr' 'out_addr_26' <Predicate = true> <Delay = 0.00>
ST_18 : Operation 166 [1/1] (0.00ns)   --->   "%out_addr_27 = getelementptr i8 %out_r, i64 0, i64 27" [dylan-hls/mine.cpp:323]   --->   Operation 166 'getelementptr' 'out_addr_27' <Predicate = true> <Delay = 0.00>
ST_18 : Operation 167 [1/1] ( I:0.67ns O:0.67ns )   --->   "%store_ln322 = store i8 %trunc_ln322_6, i5 %out_addr_26" [dylan-hls/mine.cpp:322]   --->   Operation 167 'store' 'store_ln322' <Predicate = true> <Delay = 0.67> <CoreInst = "RAM">   --->   Core 82 'RAM' <Latency = 1> <II = 1> <Delay = 0.67> <Storage> <Opcode : 'load' 'store'> <Ports = 2> <Width = 8> <Depth = 32> <RAM>
ST_18 : Operation 168 [1/1] ( I:0.67ns O:0.67ns )   --->   "%store_ln323 = store i8 %trunc_ln323_6, i5 %out_addr_27" [dylan-hls/mine.cpp:323]   --->   Operation 168 'store' 'store_ln323' <Predicate = true> <Delay = 0.67> <CoreInst = "RAM">   --->   Core 82 'RAM' <Latency = 1> <II = 1> <Delay = 0.67> <Storage> <Opcode : 'load' 'store'> <Ports = 2> <Width = 8> <Depth = 32> <RAM>

State 19 <SV = 18> <Delay = 0.67>
ST_19 : Operation 169 [1/1] (0.00ns)   --->   "%out_addr_28 = getelementptr i8 %out_r, i64 0, i64 28" [dylan-hls/mine.cpp:320]   --->   Operation 169 'getelementptr' 'out_addr_28' <Predicate = true> <Delay = 0.00>
ST_19 : Operation 170 [1/1] ( I:0.67ns O:0.67ns )   --->   "%store_ln320 = store i8 %trunc_ln320_7, i5 %out_addr_28" [dylan-hls/mine.cpp:320]   --->   Operation 170 'store' 'store_ln320' <Predicate = true> <Delay = 0.67> <CoreInst = "RAM">   --->   Core 82 'RAM' <Latency = 1> <II = 1> <Delay = 0.67> <Storage> <Opcode : 'load' 'store'> <Ports = 2> <Width = 8> <Depth = 32> <RAM>
ST_19 : Operation 171 [1/1] (0.00ns)   --->   "%out_addr_29 = getelementptr i8 %out_r, i64 0, i64 29" [dylan-hls/mine.cpp:321]   --->   Operation 171 'getelementptr' 'out_addr_29' <Predicate = true> <Delay = 0.00>
ST_19 : Operation 172 [1/1] ( I:0.67ns O:0.67ns )   --->   "%store_ln321 = store i8 %trunc_ln321_7, i5 %out_addr_29" [dylan-hls/mine.cpp:321]   --->   Operation 172 'store' 'store_ln321' <Predicate = true> <Delay = 0.67> <CoreInst = "RAM">   --->   Core 82 'RAM' <Latency = 1> <II = 1> <Delay = 0.67> <Storage> <Opcode : 'load' 'store'> <Ports = 2> <Width = 8> <Depth = 32> <RAM>

State 20 <SV = 19> <Delay = 0.67>
ST_20 : Operation 173 [1/1] (0.00ns)   --->   "%specresourcelimit_ln252 = specresourcelimit void @_ssdm_op_SpecResourceLimit, i64 1, void @empty, void @empty, void @function, void @empty" [dylan-hls/mine.cpp:252]   --->   Operation 173 'specresourcelimit' 'specresourcelimit_ln252' <Predicate = true> <Delay = 0.00>
ST_20 : Operation 174 [1/1] (0.00ns)   --->   "%out_addr_30 = getelementptr i8 %out_r, i64 0, i64 30" [dylan-hls/mine.cpp:322]   --->   Operation 174 'getelementptr' 'out_addr_30' <Predicate = true> <Delay = 0.00>
ST_20 : Operation 175 [1/1] ( I:0.67ns O:0.67ns )   --->   "%store_ln322 = store i8 %trunc_ln322_7, i5 %out_addr_30" [dylan-hls/mine.cpp:322]   --->   Operation 175 'store' 'store_ln322' <Predicate = true> <Delay = 0.67> <CoreInst = "RAM">   --->   Core 82 'RAM' <Latency = 1> <II = 1> <Delay = 0.67> <Storage> <Opcode : 'load' 'store'> <Ports = 2> <Width = 8> <Depth = 32> <RAM>
ST_20 : Operation 176 [1/1] (0.00ns)   --->   "%out_addr_31 = getelementptr i8 %out_r, i64 0, i64 31" [dylan-hls/mine.cpp:323]   --->   Operation 176 'getelementptr' 'out_addr_31' <Predicate = true> <Delay = 0.00>
ST_20 : Operation 177 [1/1] ( I:0.67ns O:0.67ns )   --->   "%store_ln323 = store i8 %trunc_ln323_7, i5 %out_addr_31" [dylan-hls/mine.cpp:323]   --->   Operation 177 'store' 'store_ln323' <Predicate = true> <Delay = 0.67> <CoreInst = "RAM">   --->   Core 82 'RAM' <Latency = 1> <II = 1> <Delay = 0.67> <Storage> <Opcode : 'load' 'store'> <Ports = 2> <Width = 8> <Depth = 32> <RAM>
ST_20 : Operation 178 [1/1] (0.00ns)   --->   "%ret_ln325 = ret" [dylan-hls/mine.cpp:325]   --->   Operation 178 'ret' 'ret_ln325' <Predicate = true> <Delay = 0.00>


============================================================
+ Verbose Summary: Binding
============================================================
STG Binding: 
---------------- STG Properties BEGIN ----------------
- Is combinational: 0
- Is one-state seq: 0
- Is datapath-only: 0
- Is pipelined: 0
- Is top level: 0
Port [ Return ] is wired: 1; IO mode=ap_ctrl_hs:ce=0
Port [ midstate_read]:  wired=1; compound=0; hidden=0; nouse=0; global=0; static=0; extern=0; dir=0; type=0; pingpong=0; private_global=0; IO mode=ap_none:ce=0
Port [ midstate_read_15]:  wired=1; compound=0; hidden=0; nouse=0; global=0; static=0; extern=0; dir=0; type=0; pingpong=0; private_global=0; IO mode=ap_none:ce=0
Port [ midstate_read_16]:  wired=1; compound=0; hidden=0; nouse=0; global=0; static=0; extern=0; dir=0; type=0; pingpong=0; private_global=0; IO mode=ap_none:ce=0
Port [ midstate_read_17]:  wired=1; compound=0; hidden=0; nouse=0; global=0; static=0; extern=0; dir=0; type=0; pingpong=0; private_global=0; IO mode=ap_none:ce=0
Port [ midstate_read_18]:  wired=1; compound=0; hidden=0; nouse=0; global=0; static=0; extern=0; dir=0; type=0; pingpong=0; private_global=0; IO mode=ap_none:ce=0
Port [ midstate_read_19]:  wired=1; compound=0; hidden=0; nouse=0; global=0; static=0; extern=0; dir=0; type=0; pingpong=0; private_global=0; IO mode=ap_none:ce=0
Port [ midstate_read_20]:  wired=1; compound=0; hidden=0; nouse=0; global=0; static=0; extern=0; dir=0; type=0; pingpong=0; private_global=0; IO mode=ap_none:ce=0
Port [ midstate_read_21]:  wired=1; compound=0; hidden=0; nouse=0; global=0; static=0; extern=0; dir=0; type=0; pingpong=0; private_global=0; IO mode=ap_none:ce=0
Port [ header_tail]:  wired=1; compound=1; hidden=0; nouse=0; global=0; static=0; extern=0; dir=0; type=1; pingpong=0; private_global=0; MemPort=[11]; IO mode=ap_memory:ce=0
Port [ out_r]:  wired=1; compound=1; hidden=0; nouse=0; global=0; static=0; extern=0; dir=1; type=1; pingpong=0; private_global=0; MemPort=[00]; IO mode=ap_memory:ce=0
Port [ K]:  wired=0; compound=1; hidden=1; nouse=1; global=1; static=1; extern=0; dir=0; type=1; pingpong=0; private_global=0; MemPort=[1]; IO mode=ap_memory:ce=0
---------------- STG Properties END ------------------

---------------- Datapath Model BEGIN ----------------

<LifeTime>
<method=bitvector/>
header_tail_addr        (getelementptr    ) [ 001000000000000000000]
header_tail_addr_1      (getelementptr    ) [ 001000000000000000000]
header_tail_load        (load             ) [ 000000000000000000000]
empty                   (trunc            ) [ 000100000000000000000]
p_3                     (partselect       ) [ 000100000000000000000]
p_1                     (partselect       ) [ 000100000000000000000]
p_2                     (partselect       ) [ 000100000000000000000]
header_tail_load_1      (load             ) [ 000000000000000000000]
empty_40                (trunc            ) [ 000100000000000000000]
p_4                     (partselect       ) [ 000100000000000000000]
p_5                     (partselect       ) [ 000100000000000000000]
p_6                     (partselect       ) [ 000100000000000000000]
header_tail_addr_2      (getelementptr    ) [ 000100000000000000000]
header_tail_addr_3      (getelementptr    ) [ 000100000000000000000]
midstate_read_1         (read             ) [ 000010000000000000000]
midstate_read_2         (read             ) [ 000010000000000000000]
midstate_read_3         (read             ) [ 000010000000000000000]
midstate_read_4         (read             ) [ 000010000000000000000]
midstate_read_5         (read             ) [ 000010000000000000000]
midstate_read_6         (read             ) [ 000010000000000000000]
midstate_read_7         (read             ) [ 000010000000000000000]
midstate_read13         (read             ) [ 000010000000000000000]
block_words             (bitconcatenate   ) [ 000010000000000000000]
block_words_1           (bitconcatenate   ) [ 000010000000000000000]
header_tail_load_2      (load             ) [ 000000000000000000000]
empty_41                (trunc            ) [ 000000000000000000000]
p_7                     (partselect       ) [ 000000000000000000000]
p_8                     (partselect       ) [ 000000000000000000000]
p_9                     (partselect       ) [ 000000000000000000000]
block_words_2           (bitconcatenate   ) [ 000010000000000000000]
header_tail_load_3      (load             ) [ 000000000000000000000]
empty_42                (trunc            ) [ 000000000000000000000]
p_s                     (partselect       ) [ 000000000000000000000]
p_10                    (partselect       ) [ 000000000000000000000]
p_11                    (partselect       ) [ 000000000000000000000]
block_words_3           (bitconcatenate   ) [ 000010000000000000000]
call_ret                (call             ) [ 000000000000000000000]
s_16                    (extractvalue     ) [ 000001000000000000000]
s_17                    (extractvalue     ) [ 000001000000000000000]
s_18                    (extractvalue     ) [ 000001000000000000000]
s_19                    (extractvalue     ) [ 000001000000000000000]
s_20                    (extractvalue     ) [ 000001000000000000000]
s_21                    (extractvalue     ) [ 000001000000000000000]
s_22                    (extractvalue     ) [ 000001000000000000000]
s_23                    (extractvalue     ) [ 000001000000000000000]
out_addr                (getelementptr    ) [ 000000000000000000000]
out_addr_1              (getelementptr    ) [ 000000000000000000000]
call_ret1               (call             ) [ 000000000000000000000]
s                       (extractvalue     ) [ 000000000000000000000]
s_8                     (extractvalue     ) [ 000000000000000000000]
s_9                     (extractvalue     ) [ 000000000000000000000]
s_11                    (extractvalue     ) [ 000000000000000000000]
s_12                    (extractvalue     ) [ 000000000000000000000]
s_13                    (extractvalue     ) [ 000000000000000000000]
s_14                    (extractvalue     ) [ 000000000000000000000]
s_15                    (extractvalue     ) [ 000000000000000000000]
trunc_ln                (partselect       ) [ 000000000000000000000]
store_ln320             (store            ) [ 000000000000000000000]
trunc_ln1               (partselect       ) [ 000000000000000000000]
store_ln321             (store            ) [ 000000000000000000000]
trunc_ln2               (partselect       ) [ 000000100000000000000]
trunc_ln323             (trunc            ) [ 000000100000000000000]
trunc_ln320_1           (partselect       ) [ 000000110000000000000]
trunc_ln321_1           (partselect       ) [ 000000110000000000000]
trunc_ln322_1           (partselect       ) [ 000000111000000000000]
trunc_ln323_1           (trunc            ) [ 000000111000000000000]
trunc_ln320_2           (partselect       ) [ 000000111100000000000]
trunc_ln321_2           (partselect       ) [ 000000111100000000000]
trunc_ln322_2           (partselect       ) [ 000000111110000000000]
trunc_ln323_2           (trunc            ) [ 000000111110000000000]
trunc_ln320_3           (partselect       ) [ 000000111111000000000]
trunc_ln321_3           (partselect       ) [ 000000111111000000000]
trunc_ln322_3           (partselect       ) [ 000000111111100000000]
trunc_ln323_3           (trunc            ) [ 000000111111100000000]
trunc_ln320_4           (partselect       ) [ 000000111111110000000]
trunc_ln321_4           (partselect       ) [ 000000111111110000000]
trunc_ln322_4           (partselect       ) [ 000000111111111000000]
trunc_ln323_4           (trunc            ) [ 000000111111111000000]
trunc_ln320_5           (partselect       ) [ 000000111111111100000]
trunc_ln321_5           (partselect       ) [ 000000111111111100000]
trunc_ln322_5           (partselect       ) [ 000000111111111110000]
trunc_ln323_5           (trunc            ) [ 000000111111111110000]
trunc_ln320_6           (partselect       ) [ 000000111111111111000]
trunc_ln321_6           (partselect       ) [ 000000111111111111000]
trunc_ln322_6           (partselect       ) [ 000000111111111111100]
trunc_ln323_6           (trunc            ) [ 000000111111111111100]
trunc_ln320_7           (partselect       ) [ 000000111111111111110]
trunc_ln321_7           (partselect       ) [ 000000111111111111110]
trunc_ln322_7           (partselect       ) [ 000000111111111111111]
trunc_ln323_7           (trunc            ) [ 000000111111111111111]
out_addr_2              (getelementptr    ) [ 000000000000000000000]
out_addr_3              (getelementptr    ) [ 000000000000000000000]
store_ln322             (store            ) [ 000000000000000000000]
store_ln323             (store            ) [ 000000000000000000000]
out_addr_4              (getelementptr    ) [ 000000000000000000000]
out_addr_5              (getelementptr    ) [ 000000000000000000000]
store_ln320             (store            ) [ 000000000000000000000]
store_ln321             (store            ) [ 000000000000000000000]
out_addr_6              (getelementptr    ) [ 000000000000000000000]
out_addr_7              (getelementptr    ) [ 000000000000000000000]
store_ln322             (store            ) [ 000000000000000000000]
store_ln323             (store            ) [ 000000000000000000000]
out_addr_8              (getelementptr    ) [ 000000000000000000000]
out_addr_9              (getelementptr    ) [ 000000000000000000000]
store_ln320             (store            ) [ 000000000000000000000]
store_ln321             (store            ) [ 000000000000000000000]
out_addr_10             (getelementptr    ) [ 000000000000000000000]
out_addr_11             (getelementptr    ) [ 000000000000000000000]
store_ln322             (store            ) [ 000000000000000000000]
store_ln323             (store            ) [ 000000000000000000000]
out_addr_12             (getelementptr    ) [ 000000000000000000000]
out_addr_13             (getelementptr    ) [ 000000000000000000000]
store_ln320             (store            ) [ 000000000000000000000]
store_ln321             (store            ) [ 000000000000000000000]
out_addr_14             (getelementptr    ) [ 000000000000000000000]
out_addr_15             (getelementptr    ) [ 000000000000000000000]
store_ln322             (store            ) [ 000000000000000000000]
store_ln323             (store            ) [ 000000000000000000000]
out_addr_16             (getelementptr    ) [ 000000000000000000000]
out_addr_17             (getelementptr    ) [ 000000000000000000000]
store_ln320             (store            ) [ 000000000000000000000]
store_ln321             (store            ) [ 000000000000000000000]
out_addr_18             (getelementptr    ) [ 000000000000000000000]
out_addr_19             (getelementptr    ) [ 000000000000000000000]
store_ln322             (store            ) [ 000000000000000000000]
store_ln323             (store            ) [ 000000000000000000000]
out_addr_20             (getelementptr    ) [ 000000000000000000000]
out_addr_21             (getelementptr    ) [ 000000000000000000000]
store_ln320             (store            ) [ 000000000000000000000]
store_ln321             (store            ) [ 000000000000000000000]
out_addr_22             (getelementptr    ) [ 000000000000000000000]
out_addr_23             (getelementptr    ) [ 000000000000000000000]
store_ln322             (store            ) [ 000000000000000000000]
store_ln323             (store            ) [ 000000000000000000000]
out_addr_24             (getelementptr    ) [ 000000000000000000000]
out_addr_25             (getelementptr    ) [ 000000000000000000000]
store_ln320             (store            ) [ 000000000000000000000]
store_ln321             (store            ) [ 000000000000000000000]
out_addr_26             (getelementptr    ) [ 000000000000000000000]
out_addr_27             (getelementptr    ) [ 000000000000000000000]
store_ln322             (store            ) [ 000000000000000000000]
store_ln323             (store            ) [ 000000000000000000000]
out_addr_28             (getelementptr    ) [ 000000000000000000000]
store_ln320             (store            ) [ 000000000000000000000]
out_addr_29             (getelementptr    ) [ 000000000000000000000]
store_ln321             (store            ) [ 000000000000000000000]
specresourcelimit_ln252 (specresourcelimit) [ 000000000000000000000]
out_addr_30             (getelementptr    ) [ 000000000000000000000]
store_ln322             (store            ) [ 000000000000000000000]
out_addr_31             (getelementptr    ) [ 000000000000000000000]
store_ln323             (store            ) [ 000000000000000000000]
ret_ln325               (ret              ) [ 000000000000000000000]
</LifeTime>

<model>

<comp_list>
<comp id="0" class="1000" name="midstate_read">
<pin_list>
<pin id="1" dir="1" index="0" bw="1" slack="0"/>
</pin_list>
<bind>
<StgValue><ssdm name="midstate_read"/></StgValue>
</bind>
</comp>

<comp id="2" class="1000" name="midstate_read_15">
<pin_list>
<pin id="3" dir="1" index="0" bw="1" slack="0"/>
</pin_list>
<bind>
<StgValue><ssdm name="midstate_read_15"/></StgValue>
</bind>
</comp>

<comp id="4" class="1000" name="midstate_read_16">
<pin_list>
<pin id="5" dir="1" index="0" bw="1" slack="0"/>
</pin_list>
<bind>
<StgValue><ssdm name="midstate_read_16"/></StgValue>
</bind>
</comp>

<comp id="6" class="1000" name="midstate_read_17">
<pin_list>
<pin id="7" dir="1" index="0" bw="1" slack="0"/>
</pin_list>
<bind>
<StgValue><ssdm name="midstate_read_17"/></StgValue>
</bind>
</comp>

<comp id="8" class="1000" name="midstate_read_18">
<pin_list>
<pin id="9" dir="1" index="0" bw="1" slack="0"/>
</pin_list>
<bind>
<StgValue><ssdm name="midstate_read_18"/></StgValue>
</bind>
</comp>

<comp id="10" class="1000" name="midstate_read_19">
<pin_list>
<pin id="11" dir="1" index="0" bw="1" slack="0"/>
</pin_list>
<bind>
<StgValue><ssdm name="midstate_read_19"/></StgValue>
</bind>
</comp>

<comp id="12" class="1000" name="midstate_read_20">
<pin_list>
<pin id="13" dir="1" index="0" bw="1" slack="0"/>
</pin_list>
<bind>
<StgValue><ssdm name="midstate_read_20"/></StgValue>
</bind>
</comp>

<comp id="14" class="1000" name="midstate_read_21">
<pin_list>
<pin id="15" dir="1" index="0" bw="1" slack="0"/>
</pin_list>
<bind>
<StgValue><ssdm name="midstate_read_21"/></StgValue>
</bind>
</comp>

<comp id="16" class="1000" name="header_tail">
<pin_list>
<pin id="17" dir="1" index="0" bw="1" slack="0"/>
</pin_list>
<bind>
<StgValue><ssdm name="header_tail"/><MemPortTyVec>1 1 </MemPortTyVec>
</StgValue>
</bind>
</comp>

<comp id="18" class="1000" name="out_r">
<pin_list>
<pin id="19" dir="1" index="0" bw="1" slack="0"/>
</pin_list>
<bind>
<StgValue><ssdm name="out_r"/><MemPortTyVec>0 0 </MemPortTyVec>
</StgValue>
</bind>
</comp>

<comp id="20" class="1000" name="K">
<pin_list>
<pin id="21" dir="1" index="0" bw="1" slack="0"/>
</pin_list>
<bind>
<StgValue><ssdm name="K"/><MemPortTyVec>1 </MemPortTyVec>
</StgValue>
</bind>
</comp>

<comp id="22" class="1001" name="const_22">
<pin_list>
<pin id="23" dir="1" index="0" bw="1" slack="0"/>
</pin_list>
<bind>
<StgValue><ssdm name=""/></StgValue>
</bind>
</comp>

<comp id="24" class="1001" name="const_24">
<pin_list>
<pin id="25" dir="1" index="0" bw="1" slack="0"/>
</pin_list>
<bind>
<StgValue><ssdm name=""/></StgValue>
</bind>
</comp>

<comp id="26" class="1001" name="const_26">
<pin_list>
<pin id="27" dir="1" index="0" bw="1" slack="0"/>
</pin_list>
<bind>
<StgValue><ssdm name=""/></StgValue>
</bind>
</comp>

<comp id="28" class="1001" name="const_28">
<pin_list>
<pin id="29" dir="1" index="0" bw="1" slack="0"/>
</pin_list>
<bind>
<StgValue><ssdm name="_ssdm_op_PartSelect.i8.i32.i32.i32"/></StgValue>
</bind>
</comp>

<comp id="30" class="1001" name="const_30">
<pin_list>
<pin id="31" dir="1" index="0" bw="1" slack="0"/>
</pin_list>
<bind>
<StgValue><ssdm name=""/></StgValue>
</bind>
</comp>

<comp id="32" class="1001" name="const_32">
<pin_list>
<pin id="33" dir="1" index="0" bw="1" slack="0"/>
</pin_list>
<bind>
<StgValue><ssdm name=""/></StgValue>
</bind>
</comp>

<comp id="34" class="1001" name="const_34">
<pin_list>
<pin id="35" dir="1" index="0" bw="1" slack="0"/>
</pin_list>
<bind>
<StgValue><ssdm name=""/></StgValue>
</bind>
</comp>

<comp id="36" class="1001" name="const_36">
<pin_list>
<pin id="37" dir="1" index="0" bw="1" slack="0"/>
</pin_list>
<bind>
<StgValue><ssdm name=""/></StgValue>
</bind>
</comp>

<comp id="38" class="1001" name="const_38">
<pin_list>
<pin id="39" dir="1" index="0" bw="1" slack="0"/>
</pin_list>
<bind>
<StgValue><ssdm name=""/></StgValue>
</bind>
</comp>

<comp id="40" class="1001" name="const_40">
<pin_list>
<pin id="41" dir="1" index="0" bw="1" slack="0"/>
</pin_list>
<bind>
<StgValue><ssdm name=""/></StgValue>
</bind>
</comp>

<comp id="42" class="1001" name="const_42">
<pin_list>
<pin id="43" dir="1" index="0" bw="1" slack="0"/>
</pin_list>
<bind>
<StgValue><ssdm name=""/></StgValue>
</bind>
</comp>

<comp id="44" class="1001" name="const_44">
<pin_list>
<pin id="45" dir="1" index="0" bw="1" slack="0"/>
</pin_list>
<bind>
<StgValue><ssdm name=""/></StgValue>
</bind>
</comp>

<comp id="46" class="1001" name="const_46">
<pin_list>
<pin id="47" dir="1" index="0" bw="1" slack="0"/>
</pin_list>
<bind>
<StgValue><ssdm name="_ssdm_op_Read.ap_auto.i32"/></StgValue>
</bind>
</comp>

<comp id="48" class="1001" name="const_48">
<pin_list>
<pin id="49" dir="1" index="0" bw="1" slack="0"/>
</pin_list>
<bind>
<StgValue><ssdm name="_ssdm_op_BitConcatenate.i32.i8.i8.i8.i8"/></StgValue>
</bind>
</comp>

<comp id="50" class="1001" name="const_50">
<pin_list>
<pin id="51" dir="1" index="0" bw="1" slack="0"/>
</pin_list>
<bind>
<StgValue><ssdm name="sha256_compress_words"/></StgValue>
</bind>
</comp>

<comp id="52" class="1001" name="const_52">
<pin_list>
<pin id="53" dir="1" index="0" bw="1" slack="0"/>
</pin_list>
<bind>
<StgValue><ssdm name=""/></StgValue>
</bind>
</comp>

<comp id="54" class="1001" name="const_54">
<pin_list>
<pin id="55" dir="1" index="0" bw="1" slack="0"/>
</pin_list>
<bind>
<StgValue><ssdm name=""/></StgValue>
</bind>
</comp>

<comp id="56" class="1001" name="const_56">
<pin_list>
<pin id="57" dir="1" index="0" bw="1" slack="0"/>
</pin_list>
<bind>
<StgValue><ssdm name=""/></StgValue>
</bind>
</comp>

<comp id="58" class="1001" name="const_58">
<pin_list>
<pin id="59" dir="1" index="0" bw="1" slack="0"/>
</pin_list>
<bind>
<StgValue><ssdm name=""/></StgValue>
</bind>
</comp>

<comp id="60" class="1001" name="const_60">
<pin_list>
<pin id="61" dir="1" index="0" bw="1" slack="0"/>
</pin_list>
<bind>
<StgValue><ssdm name=""/></StgValue>
</bind>
</comp>

<comp id="62" class="1001" name="const_62">
<pin_list>
<pin id="63" dir="1" index="0" bw="1" slack="0"/>
</pin_list>
<bind>
<StgValue><ssdm name=""/></StgValue>
</bind>
</comp>

<comp id="64" class="1001" name="const_64">
<pin_list>
<pin id="65" dir="1" index="0" bw="1" slack="0"/>
</pin_list>
<bind>
<StgValue><ssdm name=""/></StgValue>
</bind>
</comp>

<comp id="66" class="1001" name="const_66">
<pin_list>
<pin id="67" dir="1" index="0" bw="1" slack="0"/>
</pin_list>
<bind>
<StgValue><ssdm name=""/></StgValue>
</bind>
</comp>

<comp id="68" class="1001" name="const_68">
<pin_list>
<pin id="69" dir="1" index="0" bw="1" slack="0"/>
</pin_list>
<bind>
<StgValue><ssdm name=""/></StgValue>
</bind>
</comp>

<comp id="70" class="1001" name="const_70">
<pin_list>
<pin id="71" dir="1" index="0" bw="1" slack="0"/>
</pin_list>
<bind>
<StgValue><ssdm name=""/></StgValue>
</bind>
</comp>

<comp id="72" class="1001" name="const_72">
<pin_list>
<pin id="73" dir="1" index="0" bw="1" slack="0"/>
</pin_list>
<bind>
<StgValue><ssdm name=""/></StgValue>
</bind>
</comp>

<comp id="74" class="1001" name="const_74">
<pin_list>
<pin id="75" dir="1" index="0" bw="1" slack="0"/>
</pin_list>
<bind>
<StgValue><ssdm name=""/></StgValue>
</bind>
</comp>

<comp id="76" class="1001" name="const_76">
<pin_list>
<pin id="77" dir="1" index="0" bw="1" slack="0"/>
</pin_list>
<bind>
<StgValue><ssdm name=""/></StgValue>
</bind>
</comp>

<comp id="78" class="1001" name="const_78">
<pin_list>
<pin id="79" dir="1" index="0" bw="1" slack="0"/>
</pin_list>
<bind>
<StgValue><ssdm name=""/></StgValue>
</bind>
</comp>

<comp id="80" class="1001" name="const_80">
<pin_list>
<pin id="81" dir="1" index="0" bw="1" slack="0"/>
</pin_list>
<bind>
<StgValue><ssdm name=""/></StgValue>
</bind>
</comp>

<comp id="82" class="1001" name="const_82">
<pin_list>
<pin id="83" dir="1" index="0" bw="1" slack="0"/>
</pin_list>
<bind>
<StgValue><ssdm name=""/></StgValue>
</bind>
</comp>

<comp id="84" class="1001" name="const_84">
<pin_list>
<pin id="85" dir="1" index="0" bw="1" slack="0"/>
</pin_list>
<bind>
<StgValue><ssdm name=""/></StgValue>
</bind>
</comp>

<comp id="86" class="1001" name="const_86">
<pin_list>
<pin id="87" dir="1" index="0" bw="1" slack="0"/>
</pin_list>
<bind>
<StgValue><ssdm name=""/></StgValue>
</bind>
</comp>

<comp id="88" class="1001" name="const_88">
<pin_list>
<pin id="89" dir="1" index="0" bw="1" slack="0"/>
</pin_list>
<bind>
<StgValue><ssdm name=""/></StgValue>
</bind>
</comp>

<comp id="90" class="1001" name="const_90">
<pin_list>
<pin id="91" dir="1" index="0" bw="1" slack="0"/>
</pin_list>
<bind>
<StgValue><ssdm name=""/></StgValue>
</bind>
</comp>

<comp id="92" class="1001" name="const_92">
<pin_list>
<pin id="93" dir="1" index="0" bw="1" slack="0"/>
</pin_list>
<bind>
<StgValue><ssdm name=""/></StgValue>
</bind>
</comp>

<comp id="94" class="1001" name="const_94">
<pin_list>
<pin id="95" dir="1" index="0" bw="1" slack="0"/>
</pin_list>
<bind>
<StgValue><ssdm name=""/></StgValue>
</bind>
</comp>

<comp id="96" class="1001" name="const_96">
<pin_list>
<pin id="97" dir="1" index="0" bw="1" slack="0"/>
</pin_list>
<bind>
<StgValue><ssdm name=""/></StgValue>
</bind>
</comp>

<comp id="98" class="1001" name="const_98">
<pin_list>
<pin id="99" dir="1" index="0" bw="1" slack="0"/>
</pin_list>
<bind>
<StgValue><ssdm name=""/></StgValue>
</bind>
</comp>

<comp id="100" class="1001" name="const_100">
<pin_list>
<pin id="101" dir="1" index="0" bw="1" slack="0"/>
</pin_list>
<bind>
<StgValue><ssdm name=""/></StgValue>
</bind>
</comp>

<comp id="102" class="1001" name="const_102">
<pin_list>
<pin id="103" dir="1" index="0" bw="1" slack="0"/>
</pin_list>
<bind>
<StgValue><ssdm name=""/></StgValue>
</bind>
</comp>

<comp id="104" class="1001" name="const_104">
<pin_list>
<pin id="105" dir="1" index="0" bw="1" slack="0"/>
</pin_list>
<bind>
<StgValue><ssdm name=""/></StgValue>
</bind>
</comp>

<comp id="106" class="1001" name="const_106">
<pin_list>
<pin id="107" dir="1" index="0" bw="1" slack="0"/>
</pin_list>
<bind>
<StgValue><ssdm name=""/></StgValue>
</bind>
</comp>

<comp id="108" class="1001" name="const_108">
<pin_list>
<pin id="109" dir="1" index="0" bw="1" slack="0"/>
</pin_list>
<bind>
<StgValue><ssdm name=""/></StgValue>
</bind>
</comp>

<comp id="110" class="1001" name="const_110">
<pin_list>
<pin id="111" dir="1" index="0" bw="1" slack="0"/>
</pin_list>
<bind>
<StgValue><ssdm name=""/></StgValue>
</bind>
</comp>

<comp id="112" class="1001" name="const_112">
<pin_list>
<pin id="113" dir="1" index="0" bw="1" slack="0"/>
</pin_list>
<bind>
<StgValue><ssdm name=""/></StgValue>
</bind>
</comp>

<comp id="114" class="1001" name="const_114">
<pin_list>
<pin id="115" dir="1" index="0" bw="1" slack="0"/>
</pin_list>
<bind>
<StgValue><ssdm name=""/></StgValue>
</bind>
</comp>

<comp id="116" class="1001" name="const_116">
<pin_list>
<pin id="117" dir="1" index="0" bw="1" slack="0"/>
</pin_list>
<bind>
<StgValue><ssdm name=""/></StgValue>
</bind>
</comp>

<comp id="118" class="1001" name="const_118">
<pin_list>
<pin id="119" dir="1" index="0" bw="1" slack="0"/>
</pin_list>
<bind>
<StgValue><ssdm name=""/></StgValue>
</bind>
</comp>

<comp id="120" class="1001" name="const_120">
<pin_list>
<pin id="121" dir="1" index="0" bw="1" slack="0"/>
</pin_list>
<bind>
<StgValue><ssdm name=""/></StgValue>
</bind>
</comp>

<comp id="122" class="1001" name="const_122">
<pin_list>
<pin id="123" dir="1" index="0" bw="1" slack="0"/>
</pin_list>
<bind>
<StgValue><ssdm name=""/></StgValue>
</bind>
</comp>

<comp id="124" class="1001" name="const_124">
<pin_list>
<pin id="125" dir="1" index="0" bw="1" slack="0"/>
</pin_list>
<bind>
<StgValue><ssdm name=""/></StgValue>
</bind>
</comp>

<comp id="126" class="1001" name="const_126">
<pin_list>
<pin id="127" dir="1" index="0" bw="1" slack="2147483647"/>
</pin_list>
<bind>
<StgValue><ssdm name="_ssdm_op_SpecResourceLimit"/></StgValue>
</bind>
</comp>

<comp id="128" class="1001" name="const_128">
<pin_list>
<pin id="129" dir="1" index="0" bw="1" slack="2147483647"/>
</pin_list>
<bind>
<StgValue><ssdm name="empty"/></StgValue>
</bind>
</comp>

<comp id="130" class="1001" name="const_130">
<pin_list>
<pin id="131" dir="1" index="0" bw="1" slack="2147483647"/>
</pin_list>
<bind>
<StgValue><ssdm name="function"/></StgValue>
</bind>
</comp>

<comp id="132" class="1001" name="const_132">
<pin_list>
<pin id="133" dir="1" index="0" bw="1" slack="0"/>
</pin_list>
<bind>
<StgValue><ssdm name=""/></StgValue>
</bind>
</comp>

<comp id="134" class="1001" name="const_134">
<pin_list>
<pin id="135" dir="1" index="0" bw="1" slack="0"/>
</pin_list>
<bind>
<StgValue><ssdm name=""/></StgValue>
</bind>
</comp>

<comp id="136" class="1004" name="midstate_read_1_read_fu_136">
<pin_list>
<pin id="137" dir="0" index="0" bw="32" slack="0"/>
<pin id="138" dir="0" index="1" bw="32" slack="0"/>
<pin id="139" dir="1" index="2" bw="32" slack="0"/>
</pin_list>
<bind>
<opcode="read(1150) " fcode="read"/>
<opset="midstate_read_1/3 "/>
</bind>
</comp>

<comp id="142" class="1004" name="midstate_read_2_read_fu_142">
<pin_list>
<pin id="143" dir="0" index="0" bw="32" slack="0"/>
<pin id="144" dir="0" index="1" bw="32" slack="0"/>
<pin id="145" dir="1" index="2" bw="32" slack="0"/>
</pin_list>
<bind>
<opcode="read(1150) " fcode="read"/>
<opset="midstate_read_2/3 "/>
</bind>
</comp>

<comp id="148" class="1004" name="midstate_read_3_read_fu_148">
<pin_list>
<pin id="149" dir="0" index="0" bw="32" slack="0"/>
<pin id="150" dir="0" index="1" bw="32" slack="0"/>
<pin id="151" dir="1" index="2" bw="32" slack="0"/>
</pin_list>
<bind>
<opcode="read(1150) " fcode="read"/>
<opset="midstate_read_3/3 "/>
</bind>
</comp>

<comp id="154" class="1004" name="midstate_read_4_read_fu_154">
<pin_list>
<pin id="155" dir="0" index="0" bw="32" slack="0"/>
<pin id="156" dir="0" index="1" bw="32" slack="0"/>
<pin id="157" dir="1" index="2" bw="32" slack="0"/>
</pin_list>
<bind>
<opcode="read(1150) " fcode="read"/>
<opset="midstate_read_4/3 "/>
</bind>
</comp>

<comp id="160" class="1004" name="midstate_read_5_read_fu_160">
<pin_list>
<pin id="161" dir="0" index="0" bw="32" slack="0"/>
<pin id="162" dir="0" index="1" bw="32" slack="0"/>
<pin id="163" dir="1" index="2" bw="32" slack="0"/>
</pin_list>
<bind>
<opcode="read(1150) " fcode="read"/>
<opset="midstate_read_5/3 "/>
</bind>
</comp>

<comp id="166" class="1004" name="midstate_read_6_read_fu_166">
<pin_list>
<pin id="167" dir="0" index="0" bw="32" slack="0"/>
<pin id="168" dir="0" index="1" bw="32" slack="0"/>
<pin id="169" dir="1" index="2" bw="32" slack="0"/>
</pin_list>
<bind>
<opcode="read(1150) " fcode="read"/>
<opset="midstate_read_6/3 "/>
</bind>
</comp>

<comp id="172" class="1004" name="midstate_read_7_read_fu_172">
<pin_list>
<pin id="173" dir="0" index="0" bw="32" slack="0"/>
<pin id="174" dir="0" index="1" bw="32" slack="0"/>
<pin id="175" dir="1" index="2" bw="32" slack="0"/>
</pin_list>
<bind>
<opcode="read(1150) " fcode="read"/>
<opset="midstate_read_7/3 "/>
</bind>
</comp>

<comp id="178" class="1004" name="midstate_read13_read_fu_178">
<pin_list>
<pin id="179" dir="0" index="0" bw="32" slack="0"/>
<pin id="180" dir="0" index="1" bw="32" slack="0"/>
<pin id="181" dir="1" index="2" bw="32" slack="0"/>
</pin_list>
<bind>
<opcode="read(1150) " fcode="read"/>
<opset="midstate_read13/3 "/>
</bind>
</comp>

<comp id="184" class="1004" name="header_tail_addr_gep_fu_184">
<pin_list>
<pin id="185" dir="0" index="0" bw="32" slack="0"/>
<pin id="186" dir="0" index="1" bw="1" slack="0"/>
<pin id="187" dir="0" index="2" bw="6" slack="0"/>
<pin id="188" dir="1" index="3" bw="5" slack="0"/>
</pin_list>
<bind>
<opcode="getelementptr(29) " fcode="getelementptr"/>
<opset="header_tail_addr/1 "/>
</bind>
</comp>

<comp id="192" class="1004" name="grp_access_fu_192">
<pin_list>
<pin id="193" dir="0" index="0" bw="5" slack="0"/>
<pin id="194" dir="0" index="1" bw="32" slack="2147483647"/>
<pin id="195" dir="0" index="2" bw="0" slack="0"/>
<pin id="197" dir="0" index="4" bw="5" slack="2147483647"/>
<pin id="198" dir="0" index="5" bw="32" slack="2147483647"/>
<pin id="199" dir="0" index="6" bw="0" slack="2147483647"/>
<pin id="196" dir="1" index="3" bw="32" slack="0"/>
<pin id="200" dir="1" index="7" bw="32" slack="0"/>
</pin_list>
<bind>
<opcode="load(27) " fcode="load"/>
<opset="header_tail_load/1 header_tail_load_1/1 header_tail_load_2/2 header_tail_load_3/2 "/>
</bind>
</comp>

<comp id="202" class="1004" name="header_tail_addr_1_gep_fu_202">
<pin_list>
<pin id="203" dir="0" index="0" bw="32" slack="0"/>
<pin id="204" dir="0" index="1" bw="1" slack="0"/>
<pin id="205" dir="0" index="2" bw="6" slack="0"/>
<pin id="206" dir="1" index="3" bw="5" slack="0"/>
</pin_list>
<bind>
<opcode="getelementptr(29) " fcode="getelementptr"/>
<opset="header_tail_addr_1/1 "/>
</bind>
</comp>

<comp id="211" class="1004" name="header_tail_addr_2_gep_fu_211">
<pin_list>
<pin id="212" dir="0" index="0" bw="32" slack="0"/>
<pin id="213" dir="0" index="1" bw="1" slack="0"/>
<pin id="214" dir="0" index="2" bw="6" slack="0"/>
<pin id="215" dir="1" index="3" bw="5" slack="0"/>
</pin_list>
<bind>
<opcode="getelementptr(29) " fcode="getelementptr"/>
<opset="header_tail_addr_2/2 "/>
</bind>
</comp>

<comp id="220" class="1004" name="header_tail_addr_3_gep_fu_220">
<pin_list>
<pin id="221" dir="0" index="0" bw="32" slack="0"/>
<pin id="222" dir="0" index="1" bw="1" slack="0"/>
<pin id="223" dir="0" index="2" bw="6" slack="0"/>
<pin id="224" dir="1" index="3" bw="5" slack="0"/>
</pin_list>
<bind>
<opcode="getelementptr(29) " fcode="getelementptr"/>
<opset="header_tail_addr_3/2 "/>
</bind>
</comp>

<comp id="229" class="1004" name="out_addr_gep_fu_229">
<pin_list>
<pin id="230" dir="0" index="0" bw="8" slack="0"/>
<pin id="231" dir="0" index="1" bw="1" slack="0"/>
<pin id="232" dir="0" index="2" bw="1" slack="0"/>
<pin id="233" dir="1" index="3" bw="5" slack="0"/>
</pin_list>
<bind>
<opcode="getelementptr(29) " fcode="getelementptr"/>
<opset="out_addr/5 "/>
</bind>
</comp>

<comp id="237" class="1004" name="out_addr_1_gep_fu_237">
<pin_list>
<pin id="238" dir="0" index="0" bw="8" slack="0"/>
<pin id="239" dir="0" index="1" bw="1" slack="0"/>
<pin id="240" dir="0" index="2" bw="1" slack="0"/>
<pin id="241" dir="1" index="3" bw="5" slack="0"/>
</pin_list>
<bind>
<opcode="getelementptr(29) " fcode="getelementptr"/>
<opset="out_addr_1/5 "/>
</bind>
</comp>

<comp id="245" class="1004" name="grp_access_fu_245">
<pin_list>
<pin id="246" dir="0" index="0" bw="5" slack="0"/>
<pin id="247" dir="0" index="1" bw="8" slack="0"/>
<pin id="248" dir="0" index="2" bw="0" slack="0"/>
<pin id="250" dir="0" index="4" bw="5" slack="0"/>
<pin id="251" dir="0" index="5" bw="8" slack="2147483647"/>
<pin id="252" dir="0" index="6" bw="0" slack="2147483647"/>
<pin id="249" dir="1" index="3" bw="8" slack="2147483647"/>
<pin id="253" dir="1" index="7" bw="8" slack="2147483647"/>
</pin_list>
<bind>
<opcode="store(28) " fcode="store"/>
<opset="store_ln320/5 store_ln321/5 store_ln322/6 store_ln323/6 store_ln320/7 store_ln321/7 store_ln322/8 store_ln323/8 store_ln320/9 store_ln321/9 store_ln322/10 store_ln323/10 store_ln320/11 store_ln321/11 store_ln322/12 store_ln323/12 store_ln320/13 store_ln321/13 store_ln322/14 store_ln323/14 store_ln320/15 store_ln321/15 store_ln322/16 store_ln323/16 store_ln320/17 store_ln321/17 store_ln322/18 store_ln323/18 store_ln320/19 store_ln321/19 store_ln322/20 store_ln323/20 "/>
</bind>
</comp>

<comp id="256" class="1004" name="out_addr_2_gep_fu_256">
<pin_list>
<pin id="257" dir="0" index="0" bw="8" slack="0"/>
<pin id="258" dir="0" index="1" bw="1" slack="0"/>
<pin id="259" dir="0" index="2" bw="3" slack="0"/>
<pin id="260" dir="1" index="3" bw="5" slack="0"/>
</pin_list>
<bind>
<opcode="getelementptr(29) " fcode="getelementptr"/>
<opset="out_addr_2/6 "/>
</bind>
</comp>

<comp id="264" class="1004" name="out_addr_3_gep_fu_264">
<pin_list>
<pin id="265" dir="0" index="0" bw="8" slack="0"/>
<pin id="266" dir="0" index="1" bw="1" slack="0"/>
<pin id="267" dir="0" index="2" bw="3" slack="0"/>
<pin id="268" dir="1" index="3" bw="5" slack="0"/>
</pin_list>
<bind>
<opcode="getelementptr(29) " fcode="getelementptr"/>
<opset="out_addr_3/6 "/>
</bind>
</comp>

<comp id="274" class="1004" name="out_addr_4_gep_fu_274">
<pin_list>
<pin id="275" dir="0" index="0" bw="8" slack="0"/>
<pin id="276" dir="0" index="1" bw="1" slack="0"/>
<pin id="277" dir="0" index="2" bw="4" slack="0"/>
<pin id="278" dir="1" index="3" bw="5" slack="0"/>
</pin_list>
<bind>
<opcode="getelementptr(29) " fcode="getelementptr"/>
<opset="out_addr_4/7 "/>
</bind>
</comp>

<comp id="282" class="1004" name="out_addr_5_gep_fu_282">
<pin_list>
<pin id="283" dir="0" index="0" bw="8" slack="0"/>
<pin id="284" dir="0" index="1" bw="1" slack="0"/>
<pin id="285" dir="0" index="2" bw="4" slack="0"/>
<pin id="286" dir="1" index="3" bw="5" slack="0"/>
</pin_list>
<bind>
<opcode="getelementptr(29) " fcode="getelementptr"/>
<opset="out_addr_5/7 "/>
</bind>
</comp>

<comp id="292" class="1004" name="out_addr_6_gep_fu_292">
<pin_list>
<pin id="293" dir="0" index="0" bw="8" slack="0"/>
<pin id="294" dir="0" index="1" bw="1" slack="0"/>
<pin id="295" dir="0" index="2" bw="4" slack="0"/>
<pin id="296" dir="1" index="3" bw="5" slack="0"/>
</pin_list>
<bind>
<opcode="getelementptr(29) " fcode="getelementptr"/>
<opset="out_addr_6/8 "/>
</bind>
</comp>

<comp id="300" class="1004" name="out_addr_7_gep_fu_300">
<pin_list>
<pin id="301" dir="0" index="0" bw="8" slack="0"/>
<pin id="302" dir="0" index="1" bw="1" slack="0"/>
<pin id="303" dir="0" index="2" bw="4" slack="0"/>
<pin id="304" dir="1" index="3" bw="5" slack="0"/>
</pin_list>
<bind>
<opcode="getelementptr(29) " fcode="getelementptr"/>
<opset="out_addr_7/8 "/>
</bind>
</comp>

<comp id="310" class="1004" name="out_addr_8_gep_fu_310">
<pin_list>
<pin id="311" dir="0" index="0" bw="8" slack="0"/>
<pin id="312" dir="0" index="1" bw="1" slack="0"/>
<pin id="313" dir="0" index="2" bw="5" slack="0"/>
<pin id="314" dir="1" index="3" bw="5" slack="0"/>
</pin_list>
<bind>
<opcode="getelementptr(29) " fcode="getelementptr"/>
<opset="out_addr_8/9 "/>
</bind>
</comp>

<comp id="318" class="1004" name="out_addr_9_gep_fu_318">
<pin_list>
<pin id="319" dir="0" index="0" bw="8" slack="0"/>
<pin id="320" dir="0" index="1" bw="1" slack="0"/>
<pin id="321" dir="0" index="2" bw="5" slack="0"/>
<pin id="322" dir="1" index="3" bw="5" slack="0"/>
</pin_list>
<bind>
<opcode="getelementptr(29) " fcode="getelementptr"/>
<opset="out_addr_9/9 "/>
</bind>
</comp>

<comp id="328" class="1004" name="out_addr_10_gep_fu_328">
<pin_list>
<pin id="329" dir="0" index="0" bw="8" slack="0"/>
<pin id="330" dir="0" index="1" bw="1" slack="0"/>
<pin id="331" dir="0" index="2" bw="5" slack="0"/>
<pin id="332" dir="1" index="3" bw="5" slack="0"/>
</pin_list>
<bind>
<opcode="getelementptr(29) " fcode="getelementptr"/>
<opset="out_addr_10/10 "/>
</bind>
</comp>

<comp id="336" class="1004" name="out_addr_11_gep_fu_336">
<pin_list>
<pin id="337" dir="0" index="0" bw="8" slack="0"/>
<pin id="338" dir="0" index="1" bw="1" slack="0"/>
<pin id="339" dir="0" index="2" bw="5" slack="0"/>
<pin id="340" dir="1" index="3" bw="5" slack="0"/>
</pin_list>
<bind>
<opcode="getelementptr(29) " fcode="getelementptr"/>
<opset="out_addr_11/10 "/>
</bind>
</comp>

<comp id="346" class="1004" name="out_addr_12_gep_fu_346">
<pin_list>
<pin id="347" dir="0" index="0" bw="8" slack="0"/>
<pin id="348" dir="0" index="1" bw="1" slack="0"/>
<pin id="349" dir="0" index="2" bw="5" slack="0"/>
<pin id="350" dir="1" index="3" bw="5" slack="0"/>
</pin_list>
<bind>
<opcode="getelementptr(29) " fcode="getelementptr"/>
<opset="out_addr_12/11 "/>
</bind>
</comp>

<comp id="354" class="1004" name="out_addr_13_gep_fu_354">
<pin_list>
<pin id="355" dir="0" index="0" bw="8" slack="0"/>
<pin id="356" dir="0" index="1" bw="1" slack="0"/>
<pin id="357" dir="0" index="2" bw="5" slack="0"/>
<pin id="358" dir="1" index="3" bw="5" slack="0"/>
</pin_list>
<bind>
<opcode="getelementptr(29) " fcode="getelementptr"/>
<opset="out_addr_13/11 "/>
</bind>
</comp>

<comp id="364" class="1004" name="out_addr_14_gep_fu_364">
<pin_list>
<pin id="365" dir="0" index="0" bw="8" slack="0"/>
<pin id="366" dir="0" index="1" bw="1" slack="0"/>
<pin id="367" dir="0" index="2" bw="5" slack="0"/>
<pin id="368" dir="1" index="3" bw="5" slack="0"/>
</pin_list>
<bind>
<opcode="getelementptr(29) " fcode="getelementptr"/>
<opset="out_addr_14/12 "/>
</bind>
</comp>

<comp id="372" class="1004" name="out_addr_15_gep_fu_372">
<pin_list>
<pin id="373" dir="0" index="0" bw="8" slack="0"/>
<pin id="374" dir="0" index="1" bw="1" slack="0"/>
<pin id="375" dir="0" index="2" bw="5" slack="0"/>
<pin id="376" dir="1" index="3" bw="5" slack="0"/>
</pin_list>
<bind>
<opcode="getelementptr(29) " fcode="getelementptr"/>
<opset="out_addr_15/12 "/>
</bind>
</comp>

<comp id="382" class="1004" name="out_addr_16_gep_fu_382">
<pin_list>
<pin id="383" dir="0" index="0" bw="8" slack="0"/>
<pin id="384" dir="0" index="1" bw="1" slack="0"/>
<pin id="385" dir="0" index="2" bw="6" slack="0"/>
<pin id="386" dir="1" index="3" bw="5" slack="0"/>
</pin_list>
<bind>
<opcode="getelementptr(29) " fcode="getelementptr"/>
<opset="out_addr_16/13 "/>
</bind>
</comp>

<comp id="390" class="1004" name="out_addr_17_gep_fu_390">
<pin_list>
<pin id="391" dir="0" index="0" bw="8" slack="0"/>
<pin id="392" dir="0" index="1" bw="1" slack="0"/>
<pin id="393" dir="0" index="2" bw="6" slack="0"/>
<pin id="394" dir="1" index="3" bw="5" slack="0"/>
</pin_list>
<bind>
<opcode="getelementptr(29) " fcode="getelementptr"/>
<opset="out_addr_17/13 "/>
</bind>
</comp>

<comp id="400" class="1004" name="out_addr_18_gep_fu_400">
<pin_list>
<pin id="401" dir="0" index="0" bw="8" slack="0"/>
<pin id="402" dir="0" index="1" bw="1" slack="0"/>
<pin id="403" dir="0" index="2" bw="6" slack="0"/>
<pin id="404" dir="1" index="3" bw="5" slack="0"/>
</pin_list>
<bind>
<opcode="getelementptr(29) " fcode="getelementptr"/>
<opset="out_addr_18/14 "/>
</bind>
</comp>

<comp id="408" class="1004" name="out_addr_19_gep_fu_408">
<pin_list>
<pin id="409" dir="0" index="0" bw="8" slack="0"/>
<pin id="410" dir="0" index="1" bw="1" slack="0"/>
<pin id="411" dir="0" index="2" bw="6" slack="0"/>
<pin id="412" dir="1" index="3" bw="5" slack="0"/>
</pin_list>
<bind>
<opcode="getelementptr(29) " fcode="getelementptr"/>
<opset="out_addr_19/14 "/>
</bind>
</comp>

<comp id="418" class="1004" name="out_addr_20_gep_fu_418">
<pin_list>
<pin id="419" dir="0" index="0" bw="8" slack="0"/>
<pin id="420" dir="0" index="1" bw="1" slack="0"/>
<pin id="421" dir="0" index="2" bw="6" slack="0"/>
<pin id="422" dir="1" index="3" bw="5" slack="0"/>
</pin_list>
<bind>
<opcode="getelementptr(29) " fcode="getelementptr"/>
<opset="out_addr_20/15 "/>
</bind>
</comp>

<comp id="426" class="1004" name="out_addr_21_gep_fu_426">
<pin_list>
<pin id="427" dir="0" index="0" bw="8" slack="0"/>
<pin id="428" dir="0" index="1" bw="1" slack="0"/>
<pin id="429" dir="0" index="2" bw="6" slack="0"/>
<pin id="430" dir="1" index="3" bw="5" slack="0"/>
</pin_list>
<bind>
<opcode="getelementptr(29) " fcode="getelementptr"/>
<opset="out_addr_21/15 "/>
</bind>
</comp>

<comp id="436" class="1004" name="out_addr_22_gep_fu_436">
<pin_list>
<pin id="437" dir="0" index="0" bw="8" slack="0"/>
<pin id="438" dir="0" index="1" bw="1" slack="0"/>
<pin id="439" dir="0" index="2" bw="6" slack="0"/>
<pin id="440" dir="1" index="3" bw="5" slack="0"/>
</pin_list>
<bind>
<opcode="getelementptr(29) " fcode="getelementptr"/>
<opset="out_addr_22/16 "/>
</bind>
</comp>

<comp id="444" class="1004" name="out_addr_23_gep_fu_444">
<pin_list>
<pin id="445" dir="0" index="0" bw="8" slack="0"/>
<pin id="446" dir="0" index="1" bw="1" slack="0"/>
<pin id="447" dir="0" index="2" bw="6" slack="0"/>
<pin id="448" dir="1" index="3" bw="5" slack="0"/>
</pin_list>
<bind>
<opcode="getelementptr(29) " fcode="getelementptr"/>
<opset="out_addr_23/16 "/>
</bind>
</comp>

<comp id="454" class="1004" name="out_addr_24_gep_fu_454">
<pin_list>
<pin id="455" dir="0" index="0" bw="8" slack="0"/>
<pin id="456" dir="0" index="1" bw="1" slack="0"/>
<pin id="457" dir="0" index="2" bw="6" slack="0"/>
<pin id="458" dir="1" index="3" bw="5" slack="0"/>
</pin_list>
<bind>
<opcode="getelementptr(29) " fcode="getelementptr"/>
<opset="out_addr_24/17 "/>
</bind>
</comp>

<comp id="462" class="1004" name="out_addr_25_gep_fu_462">
<pin_list>
<pin id="463" dir="0" index="0" bw="8" slack="0"/>
<pin id="464" dir="0" index="1" bw="1" slack="0"/>
<pin id="465" dir="0" index="2" bw="6" slack="0"/>
<pin id="466" dir="1" index="3" bw="5" slack="0"/>
</pin_list>
<bind>
<opcode="getelementptr(29) " fcode="getelementptr"/>
<opset="out_addr_25/17 "/>
</bind>
</comp>

<comp id="472" class="1004" name="out_addr_26_gep_fu_472">
<pin_list>
<pin id="473" dir="0" index="0" bw="8" slack="0"/>
<pin id="474" dir="0" index="1" bw="1" slack="0"/>
<pin id="475" dir="0" index="2" bw="6" slack="0"/>
<pin id="476" dir="1" index="3" bw="5" slack="0"/>
</pin_list>
<bind>
<opcode="getelementptr(29) " fcode="getelementptr"/>
<opset="out_addr_26/18 "/>
</bind>
</comp>

<comp id="480" class="1004" name="out_addr_27_gep_fu_480">
<pin_list>
<pin id="481" dir="0" index="0" bw="8" slack="0"/>
<pin id="482" dir="0" index="1" bw="1" slack="0"/>
<pin id="483" dir="0" index="2" bw="6" slack="0"/>
<pin id="484" dir="1" index="3" bw="5" slack="0"/>
</pin_list>
<bind>
<opcode="getelementptr(29) " fcode="getelementptr"/>
<opset="out_addr_27/18 "/>
</bind>
</comp>

<comp id="490" class="1004" name="out_addr_28_gep_fu_490">
<pin_list>
<pin id="491" dir="0" index="0" bw="8" slack="0"/>
<pin id="492" dir="0" index="1" bw="1" slack="0"/>
<pin id="493" dir="0" index="2" bw="6" slack="0"/>
<pin id="494" dir="1" index="3" bw="5" slack="0"/>
</pin_list>
<bind>
<opcode="getelementptr(29) " fcode="getelementptr"/>
<opset="out_addr_28/19 "/>
</bind>
</comp>

<comp id="499" class="1004" name="out_addr_29_gep_fu_499">
<pin_list>
<pin id="500" dir="0" index="0" bw="8" slack="0"/>
<pin id="501" dir="0" index="1" bw="1" slack="0"/>
<pin id="502" dir="0" index="2" bw="6" slack="0"/>
<pin id="503" dir="1" index="3" bw="5" slack="0"/>
</pin_list>
<bind>
<opcode="getelementptr(29) " fcode="getelementptr"/>
<opset="out_addr_29/19 "/>
</bind>
</comp>

<comp id="508" class="1004" name="out_addr_30_gep_fu_508">
<pin_list>
<pin id="509" dir="0" index="0" bw="8" slack="0"/>
<pin id="510" dir="0" index="1" bw="1" slack="0"/>
<pin id="511" dir="0" index="2" bw="6" slack="0"/>
<pin id="512" dir="1" index="3" bw="5" slack="0"/>
</pin_list>
<bind>
<opcode="getelementptr(29) " fcode="getelementptr"/>
<opset="out_addr_30/20 "/>
</bind>
</comp>

<comp id="517" class="1004" name="out_addr_31_gep_fu_517">
<pin_list>
<pin id="518" dir="0" index="0" bw="8" slack="0"/>
<pin id="519" dir="0" index="1" bw="1" slack="0"/>
<pin id="520" dir="0" index="2" bw="6" slack="0"/>
<pin id="521" dir="1" index="3" bw="5" slack="0"/>
</pin_list>
<bind>
<opcode="getelementptr(29) " fcode="getelementptr"/>
<opset="out_addr_31/20 "/>
</bind>
</comp>

<comp id="526" class="1004" name="grp_sha256_compress_words_fu_526">
<pin_list>
<pin id="564" dir="0" index="0" bw="256" slack="0"/>
<pin id="565" dir="0" index="1" bw="32" slack="0"/>
<pin id="566" dir="0" index="2" bw="32" slack="0"/>
<pin id="567" dir="0" index="3" bw="32" slack="0"/>
<pin id="568" dir="0" index="4" bw="32" slack="0"/>
<pin id="569" dir="0" index="5" bw="32" slack="0"/>
<pin id="570" dir="0" index="6" bw="32" slack="0"/>
<pin id="571" dir="0" index="7" bw="32" slack="0"/>
<pin id="572" dir="0" index="8" bw="32" slack="0"/>
<pin id="573" dir="0" index="9" bw="32" slack="0"/>
<pin id="574" dir="0" index="10" bw="32" slack="0"/>
<pin id="575" dir="0" index="11" bw="32" slack="0"/>
<pin id="576" dir="0" index="12" bw="32" slack="0"/>
<pin id="577" dir="0" index="13" bw="32" slack="0"/>
<pin id="578" dir="0" index="14" bw="32" slack="0"/>
<pin id="579" dir="0" index="15" bw="32" slack="0"/>
<pin id="580" dir="0" index="16" bw="32" slack="0"/>
<pin id="581" dir="0" index="17" bw="32" slack="0"/>
<pin id="582" dir="0" index="18" bw="11" slack="0"/>
<pin id="583" dir="0" index="19" bw="32" slack="0"/>
<pin id="584" dir="1" index="20" bw="256" slack="0"/>
</pin_list>
<bind>
<opcode="call(48) " fcode="call"/>
<opset="call_ret/3 call_ret1/4 "/>
</bind>
</comp>

<comp id="628" class="1004" name="grp_fu_628">
<pin_list>
<pin id="629" dir="0" index="0" bw="8" slack="0"/>
<pin id="630" dir="0" index="1" bw="32" slack="0"/>
<pin id="631" dir="0" index="2" bw="6" slack="0"/>
<pin id="632" dir="0" index="3" bw="6" slack="0"/>
<pin id="633" dir="1" index="4" bw="8" slack="0"/>
</pin_list>
<bind>
<opcode="partselect(1002) " fcode="partselect"/>
<opset="p_3/2 p_7/3 "/>
</bind>
</comp>

<comp id="638" class="1004" name="grp_fu_638">
<pin_list>
<pin id="639" dir="0" index="0" bw="8" slack="0"/>
<pin id="640" dir="0" index="1" bw="32" slack="0"/>
<pin id="641" dir="0" index="2" bw="5" slack="0"/>
<pin id="642" dir="0" index="3" bw="5" slack="0"/>
<pin id="643" dir="1" index="4" bw="8" slack="0"/>
</pin_list>
<bind>
<opcode="partselect(1002) " fcode="partselect"/>
<opset="p_1/2 p_8/3 "/>
</bind>
</comp>

<comp id="648" class="1004" name="grp_fu_648">
<pin_list>
<pin id="649" dir="0" index="0" bw="8" slack="0"/>
<pin id="650" dir="0" index="1" bw="32" slack="0"/>
<pin id="651" dir="0" index="2" bw="6" slack="0"/>
<pin id="652" dir="0" index="3" bw="6" slack="0"/>
<pin id="653" dir="1" index="4" bw="8" slack="0"/>
</pin_list>
<bind>
<opcode="partselect(1002) " fcode="partselect"/>
<opset="p_2/2 p_9/3 "/>
</bind>
</comp>

<comp id="658" class="1004" name="grp_fu_658">
<pin_list>
<pin id="659" dir="0" index="0" bw="8" slack="0"/>
<pin id="660" dir="0" index="1" bw="32" slack="0"/>
<pin id="661" dir="0" index="2" bw="6" slack="0"/>
<pin id="662" dir="0" index="3" bw="6" slack="0"/>
<pin id="663" dir="1" index="4" bw="8" slack="0"/>
</pin_list>
<bind>
<opcode="partselect(1002) " fcode="partselect"/>
<opset="p_4/2 p_s/3 "/>
</bind>
</comp>

<comp id="668" class="1004" name="grp_fu_668">
<pin_list>
<pin id="669" dir="0" index="0" bw="8" slack="0"/>
<pin id="670" dir="0" index="1" bw="32" slack="0"/>
<pin id="671" dir="0" index="2" bw="5" slack="0"/>
<pin id="672" dir="0" index="3" bw="5" slack="0"/>
<pin id="673" dir="1" index="4" bw="8" slack="0"/>
</pin_list>
<bind>
<opcode="partselect(1002) " fcode="partselect"/>
<opset="p_5/2 p_10/3 "/>
</bind>
</comp>

<comp id="678" class="1004" name="grp_fu_678">
<pin_list>
<pin id="679" dir="0" index="0" bw="8" slack="0"/>
<pin id="680" dir="0" index="1" bw="32" slack="0"/>
<pin id="681" dir="0" index="2" bw="6" slack="0"/>
<pin id="682" dir="0" index="3" bw="6" slack="0"/>
<pin id="683" dir="1" index="4" bw="8" slack="0"/>
</pin_list>
<bind>
<opcode="partselect(1002) " fcode="partselect"/>
<opset="p_6/2 p_11/3 "/>
</bind>
</comp>

<comp id="688" class="1004" name="grp_fu_688">
<pin_list>
<pin id="689" dir="0" index="0" bw="256" slack="0"/>
<pin id="690" dir="1" index="1" bw="32" slack="0"/>
</pin_list>
<bind>
<opcode="extractvalue(56) " fcode="extractvalue"/>
<opset="s_16/4 s/5 "/>
</bind>
</comp>

<comp id="693" class="1004" name="grp_fu_693">
<pin_list>
<pin id="694" dir="0" index="0" bw="256" slack="0"/>
<pin id="695" dir="1" index="1" bw="32" slack="0"/>
</pin_list>
<bind>
<opcode="extractvalue(56) " fcode="extractvalue"/>
<opset="s_17/4 s_8/5 "/>
</bind>
</comp>

<comp id="698" class="1004" name="grp_fu_698">
<pin_list>
<pin id="699" dir="0" index="0" bw="256" slack="0"/>
<pin id="700" dir="1" index="1" bw="32" slack="0"/>
</pin_list>
<bind>
<opcode="extractvalue(56) " fcode="extractvalue"/>
<opset="s_18/4 s_9/5 "/>
</bind>
</comp>

<comp id="703" class="1004" name="grp_fu_703">
<pin_list>
<pin id="704" dir="0" index="0" bw="256" slack="0"/>
<pin id="705" dir="1" index="1" bw="32" slack="0"/>
</pin_list>
<bind>
<opcode="extractvalue(56) " fcode="extractvalue"/>
<opset="s_19/4 s_11/5 "/>
</bind>
</comp>

<comp id="708" class="1004" name="grp_fu_708">
<pin_list>
<pin id="709" dir="0" index="0" bw="256" slack="0"/>
<pin id="710" dir="1" index="1" bw="32" slack="0"/>
</pin_list>
<bind>
<opcode="extractvalue(56) " fcode="extractvalue"/>
<opset="s_20/4 s_12/5 "/>
</bind>
</comp>

<comp id="713" class="1004" name="grp_fu_713">
<pin_list>
<pin id="714" dir="0" index="0" bw="256" slack="0"/>
<pin id="715" dir="1" index="1" bw="32" slack="0"/>
</pin_list>
<bind>
<opcode="extractvalue(56) " fcode="extractvalue"/>
<opset="s_21/4 s_13/5 "/>
</bind>
</comp>

<comp id="718" class="1004" name="grp_fu_718">
<pin_list>
<pin id="719" dir="0" index="0" bw="256" slack="0"/>
<pin id="720" dir="1" index="1" bw="32" slack="0"/>
</pin_list>
<bind>
<opcode="extractvalue(56) " fcode="extractvalue"/>
<opset="s_22/4 s_14/5 "/>
</bind>
</comp>

<comp id="723" class="1004" name="grp_fu_723">
<pin_list>
<pin id="724" dir="0" index="0" bw="256" slack="0"/>
<pin id="725" dir="1" index="1" bw="32" slack="0"/>
</pin_list>
<bind>
<opcode="extractvalue(56) " fcode="extractvalue"/>
<opset="s_23/4 s_15/5 "/>
</bind>
</comp>

<comp id="728" class="1004" name="empty_fu_728">
<pin_list>
<pin id="729" dir="0" index="0" bw="32" slack="0"/>
<pin id="730" dir="1" index="1" bw="8" slack="1"/>
</pin_list>
<bind>
<opcode="trunc(33) " fcode="trunc"/>
<opset="empty/2 "/>
</bind>
</comp>

<comp id="732" class="1004" name="empty_40_fu_732">
<pin_list>
<pin id="733" dir="0" index="0" bw="32" slack="0"/>
<pin id="734" dir="1" index="1" bw="8" slack="1"/>
</pin_list>
<bind>
<opcode="trunc(33) " fcode="trunc"/>
<opset="empty_40/2 "/>
</bind>
</comp>

<comp id="736" class="1004" name="block_words_fu_736">
<pin_list>
<pin id="737" dir="0" index="0" bw="32" slack="0"/>
<pin id="738" dir="0" index="1" bw="8" slack="1"/>
<pin id="739" dir="0" index="2" bw="8" slack="1"/>
<pin id="740" dir="0" index="3" bw="8" slack="1"/>
<pin id="741" dir="0" index="4" bw="8" slack="1"/>
<pin id="742" dir="1" index="5" bw="32" slack="0"/>
</pin_list>
<bind>
<opcode="bitconcatenate(1004) " fcode="bitconcatenate"/>
<opset="block_words/3 "/>
</bind>
</comp>

<comp id="745" class="1004" name="block_words_1_fu_745">
<pin_list>
<pin id="746" dir="0" index="0" bw="32" slack="0"/>
<pin id="747" dir="0" index="1" bw="8" slack="1"/>
<pin id="748" dir="0" index="2" bw="8" slack="1"/>
<pin id="749" dir="0" index="3" bw="8" slack="1"/>
<pin id="750" dir="0" index="4" bw="8" slack="1"/>
<pin id="751" dir="1" index="5" bw="32" slack="0"/>
</pin_list>
<bind>
<opcode="bitconcatenate(1004) " fcode="bitconcatenate"/>
<opset="block_words_1/3 "/>
</bind>
</comp>

<comp id="754" class="1004" name="empty_41_fu_754">
<pin_list>
<pin id="755" dir="0" index="0" bw="32" slack="0"/>
<pin id="756" dir="1" index="1" bw="8" slack="0"/>
</pin_list>
<bind>
<opcode="trunc(33) " fcode="trunc"/>
<opset="empty_41/3 "/>
</bind>
</comp>

<comp id="758" class="1004" name="block_words_2_fu_758">
<pin_list>
<pin id="759" dir="0" index="0" bw="32" slack="0"/>
<pin id="760" dir="0" index="1" bw="8" slack="0"/>
<pin id="761" dir="0" index="2" bw="8" slack="0"/>
<pin id="762" dir="0" index="3" bw="8" slack="0"/>
<pin id="763" dir="0" index="4" bw="8" slack="0"/>
<pin id="764" dir="1" index="5" bw="32" slack="0"/>
</pin_list>
<bind>
<opcode="bitconcatenate(1004) " fcode="bitconcatenate"/>
<opset="block_words_2/3 "/>
</bind>
</comp>

<comp id="771" class="1004" name="empty_42_fu_771">
<pin_list>
<pin id="772" dir="0" index="0" bw="32" slack="0"/>
<pin id="773" dir="1" index="1" bw="8" slack="0"/>
</pin_list>
<bind>
<opcode="trunc(33) " fcode="trunc"/>
<opset="empty_42/3 "/>
</bind>
</comp>

<comp id="775" class="1004" name="block_words_3_fu_775">
<pin_list>
<pin id="776" dir="0" index="0" bw="32" slack="0"/>
<pin id="777" dir="0" index="1" bw="8" slack="0"/>
<pin id="778" dir="0" index="2" bw="8" slack="0"/>
<pin id="779" dir="0" index="3" bw="8" slack="0"/>
<pin id="780" dir="0" index="4" bw="8" slack="0"/>
<pin id="781" dir="1" index="5" bw="32" slack="0"/>
</pin_list>
<bind>
<opcode="bitconcatenate(1004) " fcode="bitconcatenate"/>
<opset="block_words_3/3 "/>
</bind>
</comp>

<comp id="788" class="1004" name="trunc_ln_fu_788">
<pin_list>
<pin id="789" dir="0" index="0" bw="8" slack="0"/>
<pin id="790" dir="0" index="1" bw="32" slack="0"/>
<pin id="791" dir="0" index="2" bw="6" slack="0"/>
<pin id="792" dir="0" index="3" bw="6" slack="0"/>
<pin id="793" dir="1" index="4" bw="8" slack="0"/>
</pin_list>
<bind>
<opcode="partselect(1002) " fcode="partselect"/>
<opset="trunc_ln/5 "/>
</bind>
</comp>

<comp id="799" class="1004" name="trunc_ln1_fu_799">
<pin_list>
<pin id="800" dir="0" index="0" bw="8" slack="0"/>
<pin id="801" dir="0" index="1" bw="32" slack="0"/>
<pin id="802" dir="0" index="2" bw="6" slack="0"/>
<pin id="803" dir="0" index="3" bw="6" slack="0"/>
<pin id="804" dir="1" index="4" bw="8" slack="0"/>
</pin_list>
<bind>
<opcode="partselect(1002) " fcode="partselect"/>
<opset="trunc_ln1/5 "/>
</bind>
</comp>

<comp id="810" class="1004" name="trunc_ln2_fu_810">
<pin_list>
<pin id="811" dir="0" index="0" bw="8" slack="0"/>
<pin id="812" dir="0" index="1" bw="32" slack="0"/>
<pin id="813" dir="0" index="2" bw="5" slack="0"/>
<pin id="814" dir="0" index="3" bw="5" slack="0"/>
<pin id="815" dir="1" index="4" bw="8" slack="1"/>
</pin_list>
<bind>
<opcode="partselect(1002) " fcode="partselect"/>
<opset="trunc_ln2/5 "/>
</bind>
</comp>

<comp id="820" class="1004" name="trunc_ln323_fu_820">
<pin_list>
<pin id="821" dir="0" index="0" bw="32" slack="0"/>
<pin id="822" dir="1" index="1" bw="8" slack="1"/>
</pin_list>
<bind>
<opcode="trunc(33) " fcode="trunc"/>
<opset="trunc_ln323/5 "/>
</bind>
</comp>

<comp id="824" class="1004" name="trunc_ln320_1_fu_824">
<pin_list>
<pin id="825" dir="0" index="0" bw="8" slack="0"/>
<pin id="826" dir="0" index="1" bw="32" slack="0"/>
<pin id="827" dir="0" index="2" bw="6" slack="0"/>
<pin id="828" dir="0" index="3" bw="6" slack="0"/>
<pin id="829" dir="1" index="4" bw="8" slack="2"/>
</pin_list>
<bind>
<opcode="partselect(1002) " fcode="partselect"/>
<opset="trunc_ln320_1/5 "/>
</bind>
</comp>

<comp id="834" class="1004" name="trunc_ln321_1_fu_834">
<pin_list>
<pin id="835" dir="0" index="0" bw="8" slack="0"/>
<pin id="836" dir="0" index="1" bw="32" slack="0"/>
<pin id="837" dir="0" index="2" bw="6" slack="0"/>
<pin id="838" dir="0" index="3" bw="6" slack="0"/>
<pin id="839" dir="1" index="4" bw="8" slack="2"/>
</pin_list>
<bind>
<opcode="partselect(1002) " fcode="partselect"/>
<opset="trunc_ln321_1/5 "/>
</bind>
</comp>

<comp id="844" class="1004" name="trunc_ln322_1_fu_844">
<pin_list>
<pin id="845" dir="0" index="0" bw="8" slack="0"/>
<pin id="846" dir="0" index="1" bw="32" slack="0"/>
<pin id="847" dir="0" index="2" bw="5" slack="0"/>
<pin id="848" dir="0" index="3" bw="5" slack="0"/>
<pin id="849" dir="1" index="4" bw="8" slack="3"/>
</pin_list>
<bind>
<opcode="partselect(1002) " fcode="partselect"/>
<opset="trunc_ln322_1/5 "/>
</bind>
</comp>

<comp id="854" class="1004" name="trunc_ln323_1_fu_854">
<pin_list>
<pin id="855" dir="0" index="0" bw="32" slack="0"/>
<pin id="856" dir="1" index="1" bw="8" slack="3"/>
</pin_list>
<bind>
<opcode="trunc(33) " fcode="trunc"/>
<opset="trunc_ln323_1/5 "/>
</bind>
</comp>

<comp id="858" class="1004" name="trunc_ln320_2_fu_858">
<pin_list>
<pin id="859" dir="0" index="0" bw="8" slack="0"/>
<pin id="860" dir="0" index="1" bw="32" slack="0"/>
<pin id="861" dir="0" index="2" bw="6" slack="0"/>
<pin id="862" dir="0" index="3" bw="6" slack="0"/>
<pin id="863" dir="1" index="4" bw="8" slack="4"/>
</pin_list>
<bind>
<opcode="partselect(1002) " fcode="partselect"/>
<opset="trunc_ln320_2/5 "/>
</bind>
</comp>

<comp id="868" class="1004" name="trunc_ln321_2_fu_868">
<pin_list>
<pin id="869" dir="0" index="0" bw="8" slack="0"/>
<pin id="870" dir="0" index="1" bw="32" slack="0"/>
<pin id="871" dir="0" index="2" bw="6" slack="0"/>
<pin id="872" dir="0" index="3" bw="6" slack="0"/>
<pin id="873" dir="1" index="4" bw="8" slack="4"/>
</pin_list>
<bind>
<opcode="partselect(1002) " fcode="partselect"/>
<opset="trunc_ln321_2/5 "/>
</bind>
</comp>

<comp id="878" class="1004" name="trunc_ln322_2_fu_878">
<pin_list>
<pin id="879" dir="0" index="0" bw="8" slack="0"/>
<pin id="880" dir="0" index="1" bw="32" slack="0"/>
<pin id="881" dir="0" index="2" bw="5" slack="0"/>
<pin id="882" dir="0" index="3" bw="5" slack="0"/>
<pin id="883" dir="1" index="4" bw="8" slack="5"/>
</pin_list>
<bind>
<opcode="partselect(1002) " fcode="partselect"/>
<opset="trunc_ln322_2/5 "/>
</bind>
</comp>

<comp id="888" class="1004" name="trunc_ln323_2_fu_888">
<pin_list>
<pin id="889" dir="0" index="0" bw="32" slack="0"/>
<pin id="890" dir="1" index="1" bw="8" slack="5"/>
</pin_list>
<bind>
<opcode="trunc(33) " fcode="trunc"/>
<opset="trunc_ln323_2/5 "/>
</bind>
</comp>

<comp id="892" class="1004" name="trunc_ln320_3_fu_892">
<pin_list>
<pin id="893" dir="0" index="0" bw="8" slack="0"/>
<pin id="894" dir="0" index="1" bw="32" slack="0"/>
<pin id="895" dir="0" index="2" bw="6" slack="0"/>
<pin id="896" dir="0" index="3" bw="6" slack="0"/>
<pin id="897" dir="1" index="4" bw="8" slack="6"/>
</pin_list>
<bind>
<opcode="partselect(1002) " fcode="partselect"/>
<opset="trunc_ln320_3/5 "/>
</bind>
</comp>

<comp id="902" class="1004" name="trunc_ln321_3_fu_902">
<pin_list>
<pin id="903" dir="0" index="0" bw="8" slack="0"/>
<pin id="904" dir="0" index="1" bw="32" slack="0"/>
<pin id="905" dir="0" index="2" bw="6" slack="0"/>
<pin id="906" dir="0" index="3" bw="6" slack="0"/>
<pin id="907" dir="1" index="4" bw="8" slack="6"/>
</pin_list>
<bind>
<opcode="partselect(1002) " fcode="partselect"/>
<opset="trunc_ln321_3/5 "/>
</bind>
</comp>

<comp id="912" class="1004" name="trunc_ln322_3_fu_912">
<pin_list>
<pin id="913" dir="0" index="0" bw="8" slack="0"/>
<pin id="914" dir="0" index="1" bw="32" slack="0"/>
<pin id="915" dir="0" index="2" bw="5" slack="0"/>
<pin id="916" dir="0" index="3" bw="5" slack="0"/>
<pin id="917" dir="1" index="4" bw="8" slack="7"/>
</pin_list>
<bind>
<opcode="partselect(1002) " fcode="partselect"/>
<opset="trunc_ln322_3/5 "/>
</bind>
</comp>

<comp id="922" class="1004" name="trunc_ln323_3_fu_922">
<pin_list>
<pin id="923" dir="0" index="0" bw="32" slack="0"/>
<pin id="924" dir="1" index="1" bw="8" slack="7"/>
</pin_list>
<bind>
<opcode="trunc(33) " fcode="trunc"/>
<opset="trunc_ln323_3/5 "/>
</bind>
</comp>

<comp id="926" class="1004" name="trunc_ln320_4_fu_926">
<pin_list>
<pin id="927" dir="0" index="0" bw="8" slack="0"/>
<pin id="928" dir="0" index="1" bw="32" slack="0"/>
<pin id="929" dir="0" index="2" bw="6" slack="0"/>
<pin id="930" dir="0" index="3" bw="6" slack="0"/>
<pin id="931" dir="1" index="4" bw="8" slack="8"/>
</pin_list>
<bind>
<opcode="partselect(1002) " fcode="partselect"/>
<opset="trunc_ln320_4/5 "/>
</bind>
</comp>

<comp id="936" class="1004" name="trunc_ln321_4_fu_936">
<pin_list>
<pin id="937" dir="0" index="0" bw="8" slack="0"/>
<pin id="938" dir="0" index="1" bw="32" slack="0"/>
<pin id="939" dir="0" index="2" bw="6" slack="0"/>
<pin id="940" dir="0" index="3" bw="6" slack="0"/>
<pin id="941" dir="1" index="4" bw="8" slack="8"/>
</pin_list>
<bind>
<opcode="partselect(1002) " fcode="partselect"/>
<opset="trunc_ln321_4/5 "/>
</bind>
</comp>

<comp id="946" class="1004" name="trunc_ln322_4_fu_946">
<pin_list>
<pin id="947" dir="0" index="0" bw="8" slack="0"/>
<pin id="948" dir="0" index="1" bw="32" slack="0"/>
<pin id="949" dir="0" index="2" bw="5" slack="0"/>
<pin id="950" dir="0" index="3" bw="5" slack="0"/>
<pin id="951" dir="1" index="4" bw="8" slack="9"/>
</pin_list>
<bind>
<opcode="partselect(1002) " fcode="partselect"/>
<opset="trunc_ln322_4/5 "/>
</bind>
</comp>

<comp id="956" class="1004" name="trunc_ln323_4_fu_956">
<pin_list>
<pin id="957" dir="0" index="0" bw="32" slack="0"/>
<pin id="958" dir="1" index="1" bw="8" slack="9"/>
</pin_list>
<bind>
<opcode="trunc(33) " fcode="trunc"/>
<opset="trunc_ln323_4/5 "/>
</bind>
</comp>

<comp id="960" class="1004" name="trunc_ln320_5_fu_960">
<pin_list>
<pin id="961" dir="0" index="0" bw="8" slack="0"/>
<pin id="962" dir="0" index="1" bw="32" slack="0"/>
<pin id="963" dir="0" index="2" bw="6" slack="0"/>
<pin id="964" dir="0" index="3" bw="6" slack="0"/>
<pin id="965" dir="1" index="4" bw="8" slack="10"/>
</pin_list>
<bind>
<opcode="partselect(1002) " fcode="partselect"/>
<opset="trunc_ln320_5/5 "/>
</bind>
</comp>

<comp id="970" class="1004" name="trunc_ln321_5_fu_970">
<pin_list>
<pin id="971" dir="0" index="0" bw="8" slack="0"/>
<pin id="972" dir="0" index="1" bw="32" slack="0"/>
<pin id="973" dir="0" index="2" bw="6" slack="0"/>
<pin id="974" dir="0" index="3" bw="6" slack="0"/>
<pin id="975" dir="1" index="4" bw="8" slack="10"/>
</pin_list>
<bind>
<opcode="partselect(1002) " fcode="partselect"/>
<opset="trunc_ln321_5/5 "/>
</bind>
</comp>

<comp id="980" class="1004" name="trunc_ln322_5_fu_980">
<pin_list>
<pin id="981" dir="0" index="0" bw="8" slack="0"/>
<pin id="982" dir="0" index="1" bw="32" slack="0"/>
<pin id="983" dir="0" index="2" bw="5" slack="0"/>
<pin id="984" dir="0" index="3" bw="5" slack="0"/>
<pin id="985" dir="1" index="4" bw="8" slack="11"/>
</pin_list>
<bind>
<opcode="partselect(1002) " fcode="partselect"/>
<opset="trunc_ln322_5/5 "/>
</bind>
</comp>

<comp id="990" class="1004" name="trunc_ln323_5_fu_990">
<pin_list>
<pin id="991" dir="0" index="0" bw="32" slack="0"/>
<pin id="992" dir="1" index="1" bw="8" slack="11"/>
</pin_list>
<bind>
<opcode="trunc(33) " fcode="trunc"/>
<opset="trunc_ln323_5/5 "/>
</bind>
</comp>

<comp id="994" class="1004" name="trunc_ln320_6_fu_994">
<pin_list>
<pin id="995" dir="0" index="0" bw="8" slack="0"/>
<pin id="996" dir="0" index="1" bw="32" slack="0"/>
<pin id="997" dir="0" index="2" bw="6" slack="0"/>
<pin id="998" dir="0" index="3" bw="6" slack="0"/>
<pin id="999" dir="1" index="4" bw="8" slack="12"/>
</pin_list>
<bind>
<opcode="partselect(1002) " fcode="partselect"/>
<opset="trunc_ln320_6/5 "/>
</bind>
</comp>

<comp id="1004" class="1004" name="trunc_ln321_6_fu_1004">
<pin_list>
<pin id="1005" dir="0" index="0" bw="8" slack="0"/>
<pin id="1006" dir="0" index="1" bw="32" slack="0"/>
<pin id="1007" dir="0" index="2" bw="6" slack="0"/>
<pin id="1008" dir="0" index="3" bw="6" slack="0"/>
<pin id="1009" dir="1" index="4" bw="8" slack="12"/>
</pin_list>
<bind>
<opcode="partselect(1002) " fcode="partselect"/>
<opset="trunc_ln321_6/5 "/>
</bind>
</comp>

<comp id="1014" class="1004" name="trunc_ln322_6_fu_1014">
<pin_list>
<pin id="1015" dir="0" index="0" bw="8" slack="0"/>
<pin id="1016" dir="0" index="1" bw="32" slack="0"/>
<pin id="1017" dir="0" index="2" bw="5" slack="0"/>
<pin id="1018" dir="0" index="3" bw="5" slack="0"/>
<pin id="1019" dir="1" index="4" bw="8" slack="13"/>
</pin_list>
<bind>
<opcode="partselect(1002) " fcode="partselect"/>
<opset="trunc_ln322_6/5 "/>
</bind>
</comp>

<comp id="1024" class="1004" name="trunc_ln323_6_fu_1024">
<pin_list>
<pin id="1025" dir="0" index="0" bw="32" slack="0"/>
<pin id="1026" dir="1" index="1" bw="8" slack="13"/>
</pin_list>
<bind>
<opcode="trunc(33) " fcode="trunc"/>
<opset="trunc_ln323_6/5 "/>
</bind>
</comp>

<comp id="1028" class="1004" name="trunc_ln320_7_fu_1028">
<pin_list>
<pin id="1029" dir="0" index="0" bw="8" slack="0"/>
<pin id="1030" dir="0" index="1" bw="32" slack="0"/>
<pin id="1031" dir="0" index="2" bw="6" slack="0"/>
<pin id="1032" dir="0" index="3" bw="6" slack="0"/>
<pin id="1033" dir="1" index="4" bw="8" slack="14"/>
</pin_list>
<bind>
<opcode="partselect(1002) " fcode="partselect"/>
<opset="trunc_ln320_7/5 "/>
</bind>
</comp>

<comp id="1038" class="1004" name="trunc_ln321_7_fu_1038">
<pin_list>
<pin id="1039" dir="0" index="0" bw="8" slack="0"/>
<pin id="1040" dir="0" index="1" bw="32" slack="0"/>
<pin id="1041" dir="0" index="2" bw="6" slack="0"/>
<pin id="1042" dir="0" index="3" bw="6" slack="0"/>
<pin id="1043" dir="1" index="4" bw="8" slack="14"/>
</pin_list>
<bind>
<opcode="partselect(1002) " fcode="partselect"/>
<opset="trunc_ln321_7/5 "/>
</bind>
</comp>

<comp id="1048" class="1004" name="trunc_ln322_7_fu_1048">
<pin_list>
<pin id="1049" dir="0" index="0" bw="8" slack="0"/>
<pin id="1050" dir="0" index="1" bw="32" slack="0"/>
<pin id="1051" dir="0" index="2" bw="5" slack="0"/>
<pin id="1052" dir="0" index="3" bw="5" slack="0"/>
<pin id="1053" dir="1" index="4" bw="8" slack="15"/>
</pin_list>
<bind>
<opcode="partselect(1002) " fcode="partselect"/>
<opset="trunc_ln322_7/5 "/>
</bind>
</comp>

<comp id="1058" class="1004" name="trunc_ln323_7_fu_1058">
<pin_list>
<pin id="1059" dir="0" index="0" bw="32" slack="0"/>
<pin id="1060" dir="1" index="1" bw="8" slack="15"/>
</pin_list>
<bind>
<opcode="trunc(33) " fcode="trunc"/>
<opset="trunc_ln323_7/5 "/>
</bind>
</comp>

<comp id="1062" class="1005" name="header_tail_addr_reg_1062">
<pin_list>
<pin id="1063" dir="0" index="0" bw="5" slack="1"/>
<pin id="1064" dir="1" index="1" bw="5" slack="1"/>
</pin_list>
<bind>
<opset="header_tail_addr "/>
</bind>
</comp>

<comp id="1067" class="1005" name="header_tail_addr_1_reg_1067">
<pin_list>
<pin id="1068" dir="0" index="0" bw="5" slack="1"/>
<pin id="1069" dir="1" index="1" bw="5" slack="1"/>
</pin_list>
<bind>
<opset="header_tail_addr_1 "/>
</bind>
</comp>

<comp id="1072" class="1005" name="empty_reg_1072">
<pin_list>
<pin id="1073" dir="0" index="0" bw="8" slack="1"/>
<pin id="1074" dir="1" index="1" bw="8" slack="1"/>
</pin_list>
<bind>
<opset="empty "/>
</bind>
</comp>

<comp id="1077" class="1005" name="p_3_reg_1077">
<pin_list>
<pin id="1078" dir="0" index="0" bw="8" slack="1"/>
<pin id="1079" dir="1" index="1" bw="8" slack="1"/>
</pin_list>
<bind>
<opset="p_3 "/>
</bind>
</comp>

<comp id="1082" class="1005" name="p_1_reg_1082">
<pin_list>
<pin id="1083" dir="0" index="0" bw="8" slack="1"/>
<pin id="1084" dir="1" index="1" bw="8" slack="1"/>
</pin_list>
<bind>
<opset="p_1 "/>
</bind>
</comp>

<comp id="1087" class="1005" name="p_2_reg_1087">
<pin_list>
<pin id="1088" dir="0" index="0" bw="8" slack="1"/>
<pin id="1089" dir="1" index="1" bw="8" slack="1"/>
</pin_list>
<bind>
<opset="p_2 "/>
</bind>
</comp>

<comp id="1092" class="1005" name="empty_40_reg_1092">
<pin_list>
<pin id="1093" dir="0" index="0" bw="8" slack="1"/>
<pin id="1094" dir="1" index="1" bw="8" slack="1"/>
</pin_list>
<bind>
<opset="empty_40 "/>
</bind>
</comp>

<comp id="1097" class="1005" name="p_4_reg_1097">
<pin_list>
<pin id="1098" dir="0" index="0" bw="8" slack="1"/>
<pin id="1099" dir="1" index="1" bw="8" slack="1"/>
</pin_list>
<bind>
<opset="p_4 "/>
</bind>
</comp>

<comp id="1102" class="1005" name="p_5_reg_1102">
<pin_list>
<pin id="1103" dir="0" index="0" bw="8" slack="1"/>
<pin id="1104" dir="1" index="1" bw="8" slack="1"/>
</pin_list>
<bind>
<opset="p_5 "/>
</bind>
</comp>

<comp id="1107" class="1005" name="p_6_reg_1107">
<pin_list>
<pin id="1108" dir="0" index="0" bw="8" slack="1"/>
<pin id="1109" dir="1" index="1" bw="8" slack="1"/>
</pin_list>
<bind>
<opset="p_6 "/>
</bind>
</comp>

<comp id="1112" class="1005" name="header_tail_addr_2_reg_1112">
<pin_list>
<pin id="1113" dir="0" index="0" bw="5" slack="1"/>
<pin id="1114" dir="1" index="1" bw="5" slack="1"/>
</pin_list>
<bind>
<opset="header_tail_addr_2 "/>
</bind>
</comp>

<comp id="1117" class="1005" name="header_tail_addr_3_reg_1117">
<pin_list>
<pin id="1118" dir="0" index="0" bw="5" slack="1"/>
<pin id="1119" dir="1" index="1" bw="5" slack="1"/>
</pin_list>
<bind>
<opset="header_tail_addr_3 "/>
</bind>
</comp>

<comp id="1122" class="1005" name="midstate_read_1_reg_1122">
<pin_list>
<pin id="1123" dir="0" index="0" bw="32" slack="1"/>
<pin id="1124" dir="1" index="1" bw="32" slack="1"/>
</pin_list>
<bind>
<opset="midstate_read_1 "/>
</bind>
</comp>

<comp id="1127" class="1005" name="midstate_read_2_reg_1127">
<pin_list>
<pin id="1128" dir="0" index="0" bw="32" slack="1"/>
<pin id="1129" dir="1" index="1" bw="32" slack="1"/>
</pin_list>
<bind>
<opset="midstate_read_2 "/>
</bind>
</comp>

<comp id="1132" class="1005" name="midstate_read_3_reg_1132">
<pin_list>
<pin id="1133" dir="0" index="0" bw="32" slack="1"/>
<pin id="1134" dir="1" index="1" bw="32" slack="1"/>
</pin_list>
<bind>
<opset="midstate_read_3 "/>
</bind>
</comp>

<comp id="1137" class="1005" name="midstate_read_4_reg_1137">
<pin_list>
<pin id="1138" dir="0" index="0" bw="32" slack="1"/>
<pin id="1139" dir="1" index="1" bw="32" slack="1"/>
</pin_list>
<bind>
<opset="midstate_read_4 "/>
</bind>
</comp>

<comp id="1142" class="1005" name="midstate_read_5_reg_1142">
<pin_list>
<pin id="1143" dir="0" index="0" bw="32" slack="1"/>
<pin id="1144" dir="1" index="1" bw="32" slack="1"/>
</pin_list>
<bind>
<opset="midstate_read_5 "/>
</bind>
</comp>

<comp id="1147" class="1005" name="midstate_read_6_reg_1147">
<pin_list>
<pin id="1148" dir="0" index="0" bw="32" slack="1"/>
<pin id="1149" dir="1" index="1" bw="32" slack="1"/>
</pin_list>
<bind>
<opset="midstate_read_6 "/>
</bind>
</comp>

<comp id="1152" class="1005" name="midstate_read_7_reg_1152">
<pin_list>
<pin id="1153" dir="0" index="0" bw="32" slack="1"/>
<pin id="1154" dir="1" index="1" bw="32" slack="1"/>
</pin_list>
<bind>
<opset="midstate_read_7 "/>
</bind>
</comp>

<comp id="1157" class="1005" name="midstate_read13_reg_1157">
<pin_list>
<pin id="1158" dir="0" index="0" bw="32" slack="1"/>
<pin id="1159" dir="1" index="1" bw="32" slack="1"/>
</pin_list>
<bind>
<opset="midstate_read13 "/>
</bind>
</comp>

<comp id="1162" class="1005" name="block_words_reg_1162">
<pin_list>
<pin id="1163" dir="0" index="0" bw="32" slack="1"/>
<pin id="1164" dir="1" index="1" bw="32" slack="1"/>
</pin_list>
<bind>
<opset="block_words "/>
</bind>
</comp>

<comp id="1167" class="1005" name="block_words_1_reg_1167">
<pin_list>
<pin id="1168" dir="0" index="0" bw="32" slack="1"/>
<pin id="1169" dir="1" index="1" bw="32" slack="1"/>
</pin_list>
<bind>
<opset="block_words_1 "/>
</bind>
</comp>

<comp id="1172" class="1005" name="block_words_2_reg_1172">
<pin_list>
<pin id="1173" dir="0" index="0" bw="32" slack="1"/>
<pin id="1174" dir="1" index="1" bw="32" slack="1"/>
</pin_list>
<bind>
<opset="block_words_2 "/>
</bind>
</comp>

<comp id="1177" class="1005" name="block_words_3_reg_1177">
<pin_list>
<pin id="1178" dir="0" index="0" bw="32" slack="1"/>
<pin id="1179" dir="1" index="1" bw="32" slack="1"/>
</pin_list>
<bind>
<opset="block_words_3 "/>
</bind>
</comp>

<comp id="1182" class="1005" name="s_16_reg_1182">
<pin_list>
<pin id="1183" dir="0" index="0" bw="32" slack="1"/>
<pin id="1184" dir="1" index="1" bw="32" slack="1"/>
</pin_list>
<bind>
<opset="s_16 "/>
</bind>
</comp>

<comp id="1187" class="1005" name="s_17_reg_1187">
<pin_list>
<pin id="1188" dir="0" index="0" bw="32" slack="1"/>
<pin id="1189" dir="1" index="1" bw="32" slack="1"/>
</pin_list>
<bind>
<opset="s_17 "/>
</bind>
</comp>

<comp id="1192" class="1005" name="s_18_reg_1192">
<pin_list>
<pin id="1193" dir="0" index="0" bw="32" slack="1"/>
<pin id="1194" dir="1" index="1" bw="32" slack="1"/>
</pin_list>
<bind>
<opset="s_18 "/>
</bind>
</comp>

<comp id="1197" class="1005" name="s_19_reg_1197">
<pin_list>
<pin id="1198" dir="0" index="0" bw="32" slack="1"/>
<pin id="1199" dir="1" index="1" bw="32" slack="1"/>
</pin_list>
<bind>
<opset="s_19 "/>
</bind>
</comp>

<comp id="1202" class="1005" name="s_20_reg_1202">
<pin_list>
<pin id="1203" dir="0" index="0" bw="32" slack="1"/>
<pin id="1204" dir="1" index="1" bw="32" slack="1"/>
</pin_list>
<bind>
<opset="s_20 "/>
</bind>
</comp>

<comp id="1207" class="1005" name="s_21_reg_1207">
<pin_list>
<pin id="1208" dir="0" index="0" bw="32" slack="1"/>
<pin id="1209" dir="1" index="1" bw="32" slack="1"/>
</pin_list>
<bind>
<opset="s_21 "/>
</bind>
</comp>

<comp id="1212" class="1005" name="s_22_reg_1212">
<pin_list>
<pin id="1213" dir="0" index="0" bw="32" slack="1"/>
<pin id="1214" dir="1" index="1" bw="32" slack="1"/>
</pin_list>
<bind>
<opset="s_22 "/>
</bind>
</comp>

<comp id="1217" class="1005" name="s_23_reg_1217">
<pin_list>
<pin id="1218" dir="0" index="0" bw="32" slack="1"/>
<pin id="1219" dir="1" index="1" bw="32" slack="1"/>
</pin_list>
<bind>
<opset="s_23 "/>
</bind>
</comp>

<comp id="1222" class="1005" name="trunc_ln2_reg_1222">
<pin_list>
<pin id="1223" dir="0" index="0" bw="8" slack="1"/>
<pin id="1224" dir="1" index="1" bw="8" slack="1"/>
</pin_list>
<bind>
<opset="trunc_ln2 "/>
</bind>
</comp>

<comp id="1227" class="1005" name="trunc_ln323_reg_1227">
<pin_list>
<pin id="1228" dir="0" index="0" bw="8" slack="1"/>
<pin id="1229" dir="1" index="1" bw="8" slack="1"/>
</pin_list>
<bind>
<opset="trunc_ln323 "/>
</bind>
</comp>

<comp id="1232" class="1005" name="trunc_ln320_1_reg_1232">
<pin_list>
<pin id="1233" dir="0" index="0" bw="8" slack="2"/>
<pin id="1234" dir="1" index="1" bw="8" slack="2"/>
</pin_list>
<bind>
<opset="trunc_ln320_1 "/>
</bind>
</comp>

<comp id="1237" class="1005" name="trunc_ln321_1_reg_1237">
<pin_list>
<pin id="1238" dir="0" index="0" bw="8" slack="2"/>
<pin id="1239" dir="1" index="1" bw="8" slack="2"/>
</pin_list>
<bind>
<opset="trunc_ln321_1 "/>
</bind>
</comp>

<comp id="1242" class="1005" name="trunc_ln322_1_reg_1242">
<pin_list>
<pin id="1243" dir="0" index="0" bw="8" slack="3"/>
<pin id="1244" dir="1" index="1" bw="8" slack="3"/>
</pin_list>
<bind>
<opset="trunc_ln322_1 "/>
</bind>
</comp>

<comp id="1247" class="1005" name="trunc_ln323_1_reg_1247">
<pin_list>
<pin id="1248" dir="0" index="0" bw="8" slack="3"/>
<pin id="1249" dir="1" index="1" bw="8" slack="3"/>
</pin_list>
<bind>
<opset="trunc_ln323_1 "/>
</bind>
</comp>

<comp id="1252" class="1005" name="trunc_ln320_2_reg_1252">
<pin_list>
<pin id="1253" dir="0" index="0" bw="8" slack="4"/>
<pin id="1254" dir="1" index="1" bw="8" slack="4"/>
</pin_list>
<bind>
<opset="trunc_ln320_2 "/>
</bind>
</comp>

<comp id="1257" class="1005" name="trunc_ln321_2_reg_1257">
<pin_list>
<pin id="1258" dir="0" index="0" bw="8" slack="4"/>
<pin id="1259" dir="1" index="1" bw="8" slack="4"/>
</pin_list>
<bind>
<opset="trunc_ln321_2 "/>
</bind>
</comp>

<comp id="1262" class="1005" name="trunc_ln322_2_reg_1262">
<pin_list>
<pin id="1263" dir="0" index="0" bw="8" slack="5"/>
<pin id="1264" dir="1" index="1" bw="8" slack="5"/>
</pin_list>
<bind>
<opset="trunc_ln322_2 "/>
</bind>
</comp>

<comp id="1267" class="1005" name="trunc_ln323_2_reg_1267">
<pin_list>
<pin id="1268" dir="0" index="0" bw="8" slack="5"/>
<pin id="1269" dir="1" index="1" bw="8" slack="5"/>
</pin_list>
<bind>
<opset="trunc_ln323_2 "/>
</bind>
</comp>

<comp id="1272" class="1005" name="trunc_ln320_3_reg_1272">
<pin_list>
<pin id="1273" dir="0" index="0" bw="8" slack="6"/>
<pin id="1274" dir="1" index="1" bw="8" slack="6"/>
</pin_list>
<bind>
<opset="trunc_ln320_3 "/>
</bind>
</comp>

<comp id="1277" class="1005" name="trunc_ln321_3_reg_1277">
<pin_list>
<pin id="1278" dir="0" index="0" bw="8" slack="6"/>
<pin id="1279" dir="1" index="1" bw="8" slack="6"/>
</pin_list>
<bind>
<opset="trunc_ln321_3 "/>
</bind>
</comp>

<comp id="1282" class="1005" name="trunc_ln322_3_reg_1282">
<pin_list>
<pin id="1283" dir="0" index="0" bw="8" slack="7"/>
<pin id="1284" dir="1" index="1" bw="8" slack="7"/>
</pin_list>
<bind>
<opset="trunc_ln322_3 "/>
</bind>
</comp>

<comp id="1287" class="1005" name="trunc_ln323_3_reg_1287">
<pin_list>
<pin id="1288" dir="0" index="0" bw="8" slack="7"/>
<pin id="1289" dir="1" index="1" bw="8" slack="7"/>
</pin_list>
<bind>
<opset="trunc_ln323_3 "/>
</bind>
</comp>

<comp id="1292" class="1005" name="trunc_ln320_4_reg_1292">
<pin_list>
<pin id="1293" dir="0" index="0" bw="8" slack="8"/>
<pin id="1294" dir="1" index="1" bw="8" slack="8"/>
</pin_list>
<bind>
<opset="trunc_ln320_4 "/>
</bind>
</comp>

<comp id="1297" class="1005" name="trunc_ln321_4_reg_1297">
<pin_list>
<pin id="1298" dir="0" index="0" bw="8" slack="8"/>
<pin id="1299" dir="1" index="1" bw="8" slack="8"/>
</pin_list>
<bind>
<opset="trunc_ln321_4 "/>
</bind>
</comp>

<comp id="1302" class="1005" name="trunc_ln322_4_reg_1302">
<pin_list>
<pin id="1303" dir="0" index="0" bw="8" slack="9"/>
<pin id="1304" dir="1" index="1" bw="8" slack="9"/>
</pin_list>
<bind>
<opset="trunc_ln322_4 "/>
</bind>
</comp>

<comp id="1307" class="1005" name="trunc_ln323_4_reg_1307">
<pin_list>
<pin id="1308" dir="0" index="0" bw="8" slack="9"/>
<pin id="1309" dir="1" index="1" bw="8" slack="9"/>
</pin_list>
<bind>
<opset="trunc_ln323_4 "/>
</bind>
</comp>

<comp id="1312" class="1005" name="trunc_ln320_5_reg_1312">
<pin_list>
<pin id="1313" dir="0" index="0" bw="8" slack="10"/>
<pin id="1314" dir="1" index="1" bw="8" slack="10"/>
</pin_list>
<bind>
<opset="trunc_ln320_5 "/>
</bind>
</comp>

<comp id="1317" class="1005" name="trunc_ln321_5_reg_1317">
<pin_list>
<pin id="1318" dir="0" index="0" bw="8" slack="10"/>
<pin id="1319" dir="1" index="1" bw="8" slack="10"/>
</pin_list>
<bind>
<opset="trunc_ln321_5 "/>
</bind>
</comp>

<comp id="1322" class="1005" name="trunc_ln322_5_reg_1322">
<pin_list>
<pin id="1323" dir="0" index="0" bw="8" slack="11"/>
<pin id="1324" dir="1" index="1" bw="8" slack="11"/>
</pin_list>
<bind>
<opset="trunc_ln322_5 "/>
</bind>
</comp>

<comp id="1327" class="1005" name="trunc_ln323_5_reg_1327">
<pin_list>
<pin id="1328" dir="0" index="0" bw="8" slack="11"/>
<pin id="1329" dir="1" index="1" bw="8" slack="11"/>
</pin_list>
<bind>
<opset="trunc_ln323_5 "/>
</bind>
</comp>

<comp id="1332" class="1005" name="trunc_ln320_6_reg_1332">
<pin_list>
<pin id="1333" dir="0" index="0" bw="8" slack="12"/>
<pin id="1334" dir="1" index="1" bw="8" slack="12"/>
</pin_list>
<bind>
<opset="trunc_ln320_6 "/>
</bind>
</comp>

<comp id="1337" class="1005" name="trunc_ln321_6_reg_1337">
<pin_list>
<pin id="1338" dir="0" index="0" bw="8" slack="12"/>
<pin id="1339" dir="1" index="1" bw="8" slack="12"/>
</pin_list>
<bind>
<opset="trunc_ln321_6 "/>
</bind>
</comp>

<comp id="1342" class="1005" name="trunc_ln322_6_reg_1342">
<pin_list>
<pin id="1343" dir="0" index="0" bw="8" slack="13"/>
<pin id="1344" dir="1" index="1" bw="8" slack="13"/>
</pin_list>
<bind>
<opset="trunc_ln322_6 "/>
</bind>
</comp>

<comp id="1347" class="1005" name="trunc_ln323_6_reg_1347">
<pin_list>
<pin id="1348" dir="0" index="0" bw="8" slack="13"/>
<pin id="1349" dir="1" index="1" bw="8" slack="13"/>
</pin_list>
<bind>
<opset="trunc_ln323_6 "/>
</bind>
</comp>

<comp id="1352" class="1005" name="trunc_ln320_7_reg_1352">
<pin_list>
<pin id="1353" dir="0" index="0" bw="8" slack="14"/>
<pin id="1354" dir="1" index="1" bw="8" slack="14"/>
</pin_list>
<bind>
<opset="trunc_ln320_7 "/>
</bind>
</comp>

<comp id="1357" class="1005" name="trunc_ln321_7_reg_1357">
<pin_list>
<pin id="1358" dir="0" index="0" bw="8" slack="14"/>
<pin id="1359" dir="1" index="1" bw="8" slack="14"/>
</pin_list>
<bind>
<opset="trunc_ln321_7 "/>
</bind>
</comp>

<comp id="1362" class="1005" name="trunc_ln322_7_reg_1362">
<pin_list>
<pin id="1363" dir="0" index="0" bw="8" slack="15"/>
<pin id="1364" dir="1" index="1" bw="8" slack="15"/>
</pin_list>
<bind>
<opset="trunc_ln322_7 "/>
</bind>
</comp>

<comp id="1367" class="1005" name="trunc_ln323_7_reg_1367">
<pin_list>
<pin id="1368" dir="0" index="0" bw="8" slack="15"/>
<pin id="1369" dir="1" index="1" bw="8" slack="15"/>
</pin_list>
<bind>
<opset="trunc_ln323_7 "/>
</bind>
</comp>

</comp_list>

<net_list>
<net id="140"><net_src comp="46" pin="0"/><net_sink comp="136" pin=0"/></net>

<net id="141"><net_src comp="14" pin="0"/><net_sink comp="136" pin=1"/></net>

<net id="146"><net_src comp="46" pin="0"/><net_sink comp="142" pin=0"/></net>

<net id="147"><net_src comp="12" pin="0"/><net_sink comp="142" pin=1"/></net>

<net id="152"><net_src comp="46" pin="0"/><net_sink comp="148" pin=0"/></net>

<net id="153"><net_src comp="10" pin="0"/><net_sink comp="148" pin=1"/></net>

<net id="158"><net_src comp="46" pin="0"/><net_sink comp="154" pin=0"/></net>

<net id="159"><net_src comp="8" pin="0"/><net_sink comp="154" pin=1"/></net>

<net id="164"><net_src comp="46" pin="0"/><net_sink comp="160" pin=0"/></net>

<net id="165"><net_src comp="6" pin="0"/><net_sink comp="160" pin=1"/></net>

<net id="170"><net_src comp="46" pin="0"/><net_sink comp="166" pin=0"/></net>

<net id="171"><net_src comp="4" pin="0"/><net_sink comp="166" pin=1"/></net>

<net id="176"><net_src comp="46" pin="0"/><net_sink comp="172" pin=0"/></net>

<net id="177"><net_src comp="2" pin="0"/><net_sink comp="172" pin=1"/></net>

<net id="182"><net_src comp="46" pin="0"/><net_sink comp="178" pin=0"/></net>

<net id="183"><net_src comp="0" pin="0"/><net_sink comp="178" pin=1"/></net>

<net id="189"><net_src comp="16" pin="0"/><net_sink comp="184" pin=0"/></net>

<net id="190"><net_src comp="22" pin="0"/><net_sink comp="184" pin=1"/></net>

<net id="191"><net_src comp="24" pin="0"/><net_sink comp="184" pin=2"/></net>

<net id="201"><net_src comp="184" pin="3"/><net_sink comp="192" pin=2"/></net>

<net id="207"><net_src comp="16" pin="0"/><net_sink comp="202" pin=0"/></net>

<net id="208"><net_src comp="22" pin="0"/><net_sink comp="202" pin=1"/></net>

<net id="209"><net_src comp="26" pin="0"/><net_sink comp="202" pin=2"/></net>

<net id="210"><net_src comp="202" pin="3"/><net_sink comp="192" pin=0"/></net>

<net id="216"><net_src comp="16" pin="0"/><net_sink comp="211" pin=0"/></net>

<net id="217"><net_src comp="22" pin="0"/><net_sink comp="211" pin=1"/></net>

<net id="218"><net_src comp="42" pin="0"/><net_sink comp="211" pin=2"/></net>

<net id="219"><net_src comp="211" pin="3"/><net_sink comp="192" pin=2"/></net>

<net id="225"><net_src comp="16" pin="0"/><net_sink comp="220" pin=0"/></net>

<net id="226"><net_src comp="22" pin="0"/><net_sink comp="220" pin=1"/></net>

<net id="227"><net_src comp="44" pin="0"/><net_sink comp="220" pin=2"/></net>

<net id="228"><net_src comp="220" pin="3"/><net_sink comp="192" pin=0"/></net>

<net id="234"><net_src comp="18" pin="0"/><net_sink comp="229" pin=0"/></net>

<net id="235"><net_src comp="22" pin="0"/><net_sink comp="229" pin=1"/></net>

<net id="236"><net_src comp="22" pin="0"/><net_sink comp="229" pin=2"/></net>

<net id="242"><net_src comp="18" pin="0"/><net_sink comp="237" pin=0"/></net>

<net id="243"><net_src comp="22" pin="0"/><net_sink comp="237" pin=1"/></net>

<net id="244"><net_src comp="76" pin="0"/><net_sink comp="237" pin=2"/></net>

<net id="254"><net_src comp="229" pin="3"/><net_sink comp="245" pin=2"/></net>

<net id="255"><net_src comp="237" pin="3"/><net_sink comp="245" pin=0"/></net>

<net id="261"><net_src comp="18" pin="0"/><net_sink comp="256" pin=0"/></net>

<net id="262"><net_src comp="22" pin="0"/><net_sink comp="256" pin=1"/></net>

<net id="263"><net_src comp="78" pin="0"/><net_sink comp="256" pin=2"/></net>

<net id="269"><net_src comp="18" pin="0"/><net_sink comp="264" pin=0"/></net>

<net id="270"><net_src comp="22" pin="0"/><net_sink comp="264" pin=1"/></net>

<net id="271"><net_src comp="80" pin="0"/><net_sink comp="264" pin=2"/></net>

<net id="272"><net_src comp="256" pin="3"/><net_sink comp="245" pin=2"/></net>

<net id="273"><net_src comp="264" pin="3"/><net_sink comp="245" pin=0"/></net>

<net id="279"><net_src comp="18" pin="0"/><net_sink comp="274" pin=0"/></net>

<net id="280"><net_src comp="22" pin="0"/><net_sink comp="274" pin=1"/></net>

<net id="281"><net_src comp="82" pin="0"/><net_sink comp="274" pin=2"/></net>

<net id="287"><net_src comp="18" pin="0"/><net_sink comp="282" pin=0"/></net>

<net id="288"><net_src comp="22" pin="0"/><net_sink comp="282" pin=1"/></net>

<net id="289"><net_src comp="84" pin="0"/><net_sink comp="282" pin=2"/></net>

<net id="290"><net_src comp="274" pin="3"/><net_sink comp="245" pin=2"/></net>

<net id="291"><net_src comp="282" pin="3"/><net_sink comp="245" pin=0"/></net>

<net id="297"><net_src comp="18" pin="0"/><net_sink comp="292" pin=0"/></net>

<net id="298"><net_src comp="22" pin="0"/><net_sink comp="292" pin=1"/></net>

<net id="299"><net_src comp="86" pin="0"/><net_sink comp="292" pin=2"/></net>

<net id="305"><net_src comp="18" pin="0"/><net_sink comp="300" pin=0"/></net>

<net id="306"><net_src comp="22" pin="0"/><net_sink comp="300" pin=1"/></net>

<net id="307"><net_src comp="88" pin="0"/><net_sink comp="300" pin=2"/></net>

<net id="308"><net_src comp="292" pin="3"/><net_sink comp="245" pin=2"/></net>

<net id="309"><net_src comp="300" pin="3"/><net_sink comp="245" pin=0"/></net>

<net id="315"><net_src comp="18" pin="0"/><net_sink comp="310" pin=0"/></net>

<net id="316"><net_src comp="22" pin="0"/><net_sink comp="310" pin=1"/></net>

<net id="317"><net_src comp="90" pin="0"/><net_sink comp="310" pin=2"/></net>

<net id="323"><net_src comp="18" pin="0"/><net_sink comp="318" pin=0"/></net>

<net id="324"><net_src comp="22" pin="0"/><net_sink comp="318" pin=1"/></net>

<net id="325"><net_src comp="92" pin="0"/><net_sink comp="318" pin=2"/></net>

<net id="326"><net_src comp="310" pin="3"/><net_sink comp="245" pin=2"/></net>

<net id="327"><net_src comp="318" pin="3"/><net_sink comp="245" pin=0"/></net>

<net id="333"><net_src comp="18" pin="0"/><net_sink comp="328" pin=0"/></net>

<net id="334"><net_src comp="22" pin="0"/><net_sink comp="328" pin=1"/></net>

<net id="335"><net_src comp="94" pin="0"/><net_sink comp="328" pin=2"/></net>

<net id="341"><net_src comp="18" pin="0"/><net_sink comp="336" pin=0"/></net>

<net id="342"><net_src comp="22" pin="0"/><net_sink comp="336" pin=1"/></net>

<net id="343"><net_src comp="96" pin="0"/><net_sink comp="336" pin=2"/></net>

<net id="344"><net_src comp="328" pin="3"/><net_sink comp="245" pin=2"/></net>

<net id="345"><net_src comp="336" pin="3"/><net_sink comp="245" pin=0"/></net>

<net id="351"><net_src comp="18" pin="0"/><net_sink comp="346" pin=0"/></net>

<net id="352"><net_src comp="22" pin="0"/><net_sink comp="346" pin=1"/></net>

<net id="353"><net_src comp="98" pin="0"/><net_sink comp="346" pin=2"/></net>

<net id="359"><net_src comp="18" pin="0"/><net_sink comp="354" pin=0"/></net>

<net id="360"><net_src comp="22" pin="0"/><net_sink comp="354" pin=1"/></net>

<net id="361"><net_src comp="100" pin="0"/><net_sink comp="354" pin=2"/></net>

<net id="362"><net_src comp="346" pin="3"/><net_sink comp="245" pin=2"/></net>

<net id="363"><net_src comp="354" pin="3"/><net_sink comp="245" pin=0"/></net>

<net id="369"><net_src comp="18" pin="0"/><net_sink comp="364" pin=0"/></net>

<net id="370"><net_src comp="22" pin="0"/><net_sink comp="364" pin=1"/></net>

<net id="371"><net_src comp="102" pin="0"/><net_sink comp="364" pin=2"/></net>

<net id="377"><net_src comp="18" pin="0"/><net_sink comp="372" pin=0"/></net>

<net id="378"><net_src comp="22" pin="0"/><net_sink comp="372" pin=1"/></net>

<net id="379"><net_src comp="104" pin="0"/><net_sink comp="372" pin=2"/></net>

<net id="380"><net_src comp="364" pin="3"/><net_sink comp="245" pin=2"/></net>

<net id="381"><net_src comp="372" pin="3"/><net_sink comp="245" pin=0"/></net>

<net id="387"><net_src comp="18" pin="0"/><net_sink comp="382" pin=0"/></net>

<net id="388"><net_src comp="22" pin="0"/><net_sink comp="382" pin=1"/></net>

<net id="389"><net_src comp="24" pin="0"/><net_sink comp="382" pin=2"/></net>

<net id="395"><net_src comp="18" pin="0"/><net_sink comp="390" pin=0"/></net>

<net id="396"><net_src comp="22" pin="0"/><net_sink comp="390" pin=1"/></net>

<net id="397"><net_src comp="26" pin="0"/><net_sink comp="390" pin=2"/></net>

<net id="398"><net_src comp="382" pin="3"/><net_sink comp="245" pin=2"/></net>

<net id="399"><net_src comp="390" pin="3"/><net_sink comp="245" pin=0"/></net>

<net id="405"><net_src comp="18" pin="0"/><net_sink comp="400" pin=0"/></net>

<net id="406"><net_src comp="22" pin="0"/><net_sink comp="400" pin=1"/></net>

<net id="407"><net_src comp="42" pin="0"/><net_sink comp="400" pin=2"/></net>

<net id="413"><net_src comp="18" pin="0"/><net_sink comp="408" pin=0"/></net>

<net id="414"><net_src comp="22" pin="0"/><net_sink comp="408" pin=1"/></net>

<net id="415"><net_src comp="44" pin="0"/><net_sink comp="408" pin=2"/></net>

<net id="416"><net_src comp="400" pin="3"/><net_sink comp="245" pin=2"/></net>

<net id="417"><net_src comp="408" pin="3"/><net_sink comp="245" pin=0"/></net>

<net id="423"><net_src comp="18" pin="0"/><net_sink comp="418" pin=0"/></net>

<net id="424"><net_src comp="22" pin="0"/><net_sink comp="418" pin=1"/></net>

<net id="425"><net_src comp="106" pin="0"/><net_sink comp="418" pin=2"/></net>

<net id="431"><net_src comp="18" pin="0"/><net_sink comp="426" pin=0"/></net>

<net id="432"><net_src comp="22" pin="0"/><net_sink comp="426" pin=1"/></net>

<net id="433"><net_src comp="108" pin="0"/><net_sink comp="426" pin=2"/></net>

<net id="434"><net_src comp="418" pin="3"/><net_sink comp="245" pin=2"/></net>

<net id="435"><net_src comp="426" pin="3"/><net_sink comp="245" pin=0"/></net>

<net id="441"><net_src comp="18" pin="0"/><net_sink comp="436" pin=0"/></net>

<net id="442"><net_src comp="22" pin="0"/><net_sink comp="436" pin=1"/></net>

<net id="443"><net_src comp="110" pin="0"/><net_sink comp="436" pin=2"/></net>

<net id="449"><net_src comp="18" pin="0"/><net_sink comp="444" pin=0"/></net>

<net id="450"><net_src comp="22" pin="0"/><net_sink comp="444" pin=1"/></net>

<net id="451"><net_src comp="112" pin="0"/><net_sink comp="444" pin=2"/></net>

<net id="452"><net_src comp="436" pin="3"/><net_sink comp="245" pin=2"/></net>

<net id="453"><net_src comp="444" pin="3"/><net_sink comp="245" pin=0"/></net>

<net id="459"><net_src comp="18" pin="0"/><net_sink comp="454" pin=0"/></net>

<net id="460"><net_src comp="22" pin="0"/><net_sink comp="454" pin=1"/></net>

<net id="461"><net_src comp="114" pin="0"/><net_sink comp="454" pin=2"/></net>

<net id="467"><net_src comp="18" pin="0"/><net_sink comp="462" pin=0"/></net>

<net id="468"><net_src comp="22" pin="0"/><net_sink comp="462" pin=1"/></net>

<net id="469"><net_src comp="116" pin="0"/><net_sink comp="462" pin=2"/></net>

<net id="470"><net_src comp="454" pin="3"/><net_sink comp="245" pin=2"/></net>

<net id="471"><net_src comp="462" pin="3"/><net_sink comp="245" pin=0"/></net>

<net id="477"><net_src comp="18" pin="0"/><net_sink comp="472" pin=0"/></net>

<net id="478"><net_src comp="22" pin="0"/><net_sink comp="472" pin=1"/></net>

<net id="479"><net_src comp="118" pin="0"/><net_sink comp="472" pin=2"/></net>

<net id="485"><net_src comp="18" pin="0"/><net_sink comp="480" pin=0"/></net>

<net id="486"><net_src comp="22" pin="0"/><net_sink comp="480" pin=1"/></net>

<net id="487"><net_src comp="120" pin="0"/><net_sink comp="480" pin=2"/></net>

<net id="488"><net_src comp="472" pin="3"/><net_sink comp="245" pin=2"/></net>

<net id="489"><net_src comp="480" pin="3"/><net_sink comp="245" pin=0"/></net>

<net id="495"><net_src comp="18" pin="0"/><net_sink comp="490" pin=0"/></net>

<net id="496"><net_src comp="22" pin="0"/><net_sink comp="490" pin=1"/></net>

<net id="497"><net_src comp="122" pin="0"/><net_sink comp="490" pin=2"/></net>

<net id="498"><net_src comp="490" pin="3"/><net_sink comp="245" pin=2"/></net>

<net id="504"><net_src comp="18" pin="0"/><net_sink comp="499" pin=0"/></net>

<net id="505"><net_src comp="22" pin="0"/><net_sink comp="499" pin=1"/></net>

<net id="506"><net_src comp="124" pin="0"/><net_sink comp="499" pin=2"/></net>

<net id="507"><net_src comp="499" pin="3"/><net_sink comp="245" pin=0"/></net>

<net id="513"><net_src comp="18" pin="0"/><net_sink comp="508" pin=0"/></net>

<net id="514"><net_src comp="22" pin="0"/><net_sink comp="508" pin=1"/></net>

<net id="515"><net_src comp="132" pin="0"/><net_sink comp="508" pin=2"/></net>

<net id="516"><net_src comp="508" pin="3"/><net_sink comp="245" pin=2"/></net>

<net id="522"><net_src comp="18" pin="0"/><net_sink comp="517" pin=0"/></net>

<net id="523"><net_src comp="22" pin="0"/><net_sink comp="517" pin=1"/></net>

<net id="524"><net_src comp="134" pin="0"/><net_sink comp="517" pin=2"/></net>

<net id="525"><net_src comp="517" pin="3"/><net_sink comp="245" pin=0"/></net>

<net id="585"><net_src comp="50" pin="0"/><net_sink comp="526" pin=0"/></net>

<net id="586"><net_src comp="178" pin="2"/><net_sink comp="526" pin=1"/></net>

<net id="587"><net_src comp="172" pin="2"/><net_sink comp="526" pin=2"/></net>

<net id="588"><net_src comp="166" pin="2"/><net_sink comp="526" pin=3"/></net>

<net id="589"><net_src comp="160" pin="2"/><net_sink comp="526" pin=4"/></net>

<net id="590"><net_src comp="154" pin="2"/><net_sink comp="526" pin=5"/></net>

<net id="591"><net_src comp="148" pin="2"/><net_sink comp="526" pin=6"/></net>

<net id="592"><net_src comp="142" pin="2"/><net_sink comp="526" pin=7"/></net>

<net id="593"><net_src comp="136" pin="2"/><net_sink comp="526" pin=8"/></net>

<net id="594"><net_src comp="52" pin="0"/><net_sink comp="526" pin=13"/></net>

<net id="595"><net_src comp="54" pin="0"/><net_sink comp="526" pin=14"/></net>

<net id="596"><net_src comp="54" pin="0"/><net_sink comp="526" pin=15"/></net>

<net id="597"><net_src comp="54" pin="0"/><net_sink comp="526" pin=16"/></net>

<net id="598"><net_src comp="54" pin="0"/><net_sink comp="526" pin=17"/></net>

<net id="599"><net_src comp="56" pin="0"/><net_sink comp="526" pin=18"/></net>

<net id="600"><net_src comp="20" pin="0"/><net_sink comp="526" pin=19"/></net>

<net id="614"><net_src comp="58" pin="0"/><net_sink comp="526" pin=1"/></net>

<net id="615"><net_src comp="60" pin="0"/><net_sink comp="526" pin=2"/></net>

<net id="616"><net_src comp="62" pin="0"/><net_sink comp="526" pin=3"/></net>

<net id="617"><net_src comp="64" pin="0"/><net_sink comp="526" pin=4"/></net>

<net id="618"><net_src comp="66" pin="0"/><net_sink comp="526" pin=5"/></net>

<net id="619"><net_src comp="68" pin="0"/><net_sink comp="526" pin=6"/></net>

<net id="620"><net_src comp="70" pin="0"/><net_sink comp="526" pin=7"/></net>

<net id="621"><net_src comp="72" pin="0"/><net_sink comp="526" pin=8"/></net>

<net id="622"><net_src comp="52" pin="0"/><net_sink comp="526" pin=17"/></net>

<net id="623"><net_src comp="74" pin="0"/><net_sink comp="526" pin=18"/></net>

<net id="634"><net_src comp="28" pin="0"/><net_sink comp="628" pin=0"/></net>

<net id="635"><net_src comp="192" pin="7"/><net_sink comp="628" pin=1"/></net>

<net id="636"><net_src comp="30" pin="0"/><net_sink comp="628" pin=2"/></net>

<net id="637"><net_src comp="32" pin="0"/><net_sink comp="628" pin=3"/></net>

<net id="644"><net_src comp="28" pin="0"/><net_sink comp="638" pin=0"/></net>

<net id="645"><net_src comp="192" pin="7"/><net_sink comp="638" pin=1"/></net>

<net id="646"><net_src comp="34" pin="0"/><net_sink comp="638" pin=2"/></net>

<net id="647"><net_src comp="36" pin="0"/><net_sink comp="638" pin=3"/></net>

<net id="654"><net_src comp="28" pin="0"/><net_sink comp="648" pin=0"/></net>

<net id="655"><net_src comp="192" pin="7"/><net_sink comp="648" pin=1"/></net>

<net id="656"><net_src comp="38" pin="0"/><net_sink comp="648" pin=2"/></net>

<net id="657"><net_src comp="40" pin="0"/><net_sink comp="648" pin=3"/></net>

<net id="664"><net_src comp="28" pin="0"/><net_sink comp="658" pin=0"/></net>

<net id="665"><net_src comp="192" pin="3"/><net_sink comp="658" pin=1"/></net>

<net id="666"><net_src comp="30" pin="0"/><net_sink comp="658" pin=2"/></net>

<net id="667"><net_src comp="32" pin="0"/><net_sink comp="658" pin=3"/></net>

<net id="674"><net_src comp="28" pin="0"/><net_sink comp="668" pin=0"/></net>

<net id="675"><net_src comp="192" pin="3"/><net_sink comp="668" pin=1"/></net>

<net id="676"><net_src comp="34" pin="0"/><net_sink comp="668" pin=2"/></net>

<net id="677"><net_src comp="36" pin="0"/><net_sink comp="668" pin=3"/></net>

<net id="684"><net_src comp="28" pin="0"/><net_sink comp="678" pin=0"/></net>

<net id="685"><net_src comp="192" pin="3"/><net_sink comp="678" pin=1"/></net>

<net id="686"><net_src comp="38" pin="0"/><net_sink comp="678" pin=2"/></net>

<net id="687"><net_src comp="40" pin="0"/><net_sink comp="678" pin=3"/></net>

<net id="691"><net_src comp="526" pin="20"/><net_sink comp="688" pin=0"/></net>

<net id="692"><net_src comp="688" pin="1"/><net_sink comp="526" pin=9"/></net>

<net id="696"><net_src comp="526" pin="20"/><net_sink comp="693" pin=0"/></net>

<net id="697"><net_src comp="693" pin="1"/><net_sink comp="526" pin=10"/></net>

<net id="701"><net_src comp="526" pin="20"/><net_sink comp="698" pin=0"/></net>

<net id="702"><net_src comp="698" pin="1"/><net_sink comp="526" pin=11"/></net>

<net id="706"><net_src comp="526" pin="20"/><net_sink comp="703" pin=0"/></net>

<net id="707"><net_src comp="703" pin="1"/><net_sink comp="526" pin=12"/></net>

<net id="711"><net_src comp="526" pin="20"/><net_sink comp="708" pin=0"/></net>

<net id="712"><net_src comp="708" pin="1"/><net_sink comp="526" pin=13"/></net>

<net id="716"><net_src comp="526" pin="20"/><net_sink comp="713" pin=0"/></net>

<net id="717"><net_src comp="713" pin="1"/><net_sink comp="526" pin=14"/></net>

<net id="721"><net_src comp="526" pin="20"/><net_sink comp="718" pin=0"/></net>

<net id="722"><net_src comp="718" pin="1"/><net_sink comp="526" pin=15"/></net>

<net id="726"><net_src comp="526" pin="20"/><net_sink comp="723" pin=0"/></net>

<net id="727"><net_src comp="723" pin="1"/><net_sink comp="526" pin=16"/></net>

<net id="731"><net_src comp="192" pin="7"/><net_sink comp="728" pin=0"/></net>

<net id="735"><net_src comp="192" pin="3"/><net_sink comp="732" pin=0"/></net>

<net id="743"><net_src comp="48" pin="0"/><net_sink comp="736" pin=0"/></net>

<net id="744"><net_src comp="736" pin="5"/><net_sink comp="526" pin=9"/></net>

<net id="752"><net_src comp="48" pin="0"/><net_sink comp="745" pin=0"/></net>

<net id="753"><net_src comp="745" pin="5"/><net_sink comp="526" pin=10"/></net>

<net id="757"><net_src comp="192" pin="7"/><net_sink comp="754" pin=0"/></net>

<net id="765"><net_src comp="48" pin="0"/><net_sink comp="758" pin=0"/></net>

<net id="766"><net_src comp="754" pin="1"/><net_sink comp="758" pin=1"/></net>

<net id="767"><net_src comp="638" pin="4"/><net_sink comp="758" pin=2"/></net>

<net id="768"><net_src comp="648" pin="4"/><net_sink comp="758" pin=3"/></net>

<net id="769"><net_src comp="628" pin="4"/><net_sink comp="758" pin=4"/></net>

<net id="770"><net_src comp="758" pin="5"/><net_sink comp="526" pin=11"/></net>

<net id="774"><net_src comp="192" pin="3"/><net_sink comp="771" pin=0"/></net>

<net id="782"><net_src comp="48" pin="0"/><net_sink comp="775" pin=0"/></net>

<net id="783"><net_src comp="771" pin="1"/><net_sink comp="775" pin=1"/></net>

<net id="784"><net_src comp="668" pin="4"/><net_sink comp="775" pin=2"/></net>

<net id="785"><net_src comp="678" pin="4"/><net_sink comp="775" pin=3"/></net>

<net id="786"><net_src comp="658" pin="4"/><net_sink comp="775" pin=4"/></net>

<net id="787"><net_src comp="775" pin="5"/><net_sink comp="526" pin=12"/></net>

<net id="794"><net_src comp="28" pin="0"/><net_sink comp="788" pin=0"/></net>

<net id="795"><net_src comp="688" pin="1"/><net_sink comp="788" pin=1"/></net>

<net id="796"><net_src comp="30" pin="0"/><net_sink comp="788" pin=2"/></net>

<net id="797"><net_src comp="32" pin="0"/><net_sink comp="788" pin=3"/></net>

<net id="798"><net_src comp="788" pin="4"/><net_sink comp="245" pin=4"/></net>

<net id="805"><net_src comp="28" pin="0"/><net_sink comp="799" pin=0"/></net>

<net id="806"><net_src comp="688" pin="1"/><net_sink comp="799" pin=1"/></net>

<net id="807"><net_src comp="38" pin="0"/><net_sink comp="799" pin=2"/></net>

<net id="808"><net_src comp="40" pin="0"/><net_sink comp="799" pin=3"/></net>

<net id="809"><net_src comp="799" pin="4"/><net_sink comp="245" pin=1"/></net>

<net id="816"><net_src comp="28" pin="0"/><net_sink comp="810" pin=0"/></net>

<net id="817"><net_src comp="688" pin="1"/><net_sink comp="810" pin=1"/></net>

<net id="818"><net_src comp="34" pin="0"/><net_sink comp="810" pin=2"/></net>

<net id="819"><net_src comp="36" pin="0"/><net_sink comp="810" pin=3"/></net>

<net id="823"><net_src comp="688" pin="1"/><net_sink comp="820" pin=0"/></net>

<net id="830"><net_src comp="28" pin="0"/><net_sink comp="824" pin=0"/></net>

<net id="831"><net_src comp="693" pin="1"/><net_sink comp="824" pin=1"/></net>

<net id="832"><net_src comp="30" pin="0"/><net_sink comp="824" pin=2"/></net>

<net id="833"><net_src comp="32" pin="0"/><net_sink comp="824" pin=3"/></net>

<net id="840"><net_src comp="28" pin="0"/><net_sink comp="834" pin=0"/></net>

<net id="841"><net_src comp="693" pin="1"/><net_sink comp="834" pin=1"/></net>

<net id="842"><net_src comp="38" pin="0"/><net_sink comp="834" pin=2"/></net>

<net id="843"><net_src comp="40" pin="0"/><net_sink comp="834" pin=3"/></net>

<net id="850"><net_src comp="28" pin="0"/><net_sink comp="844" pin=0"/></net>

<net id="851"><net_src comp="693" pin="1"/><net_sink comp="844" pin=1"/></net>

<net id="852"><net_src comp="34" pin="0"/><net_sink comp="844" pin=2"/></net>

<net id="853"><net_src comp="36" pin="0"/><net_sink comp="844" pin=3"/></net>

<net id="857"><net_src comp="693" pin="1"/><net_sink comp="854" pin=0"/></net>

<net id="864"><net_src comp="28" pin="0"/><net_sink comp="858" pin=0"/></net>

<net id="865"><net_src comp="698" pin="1"/><net_sink comp="858" pin=1"/></net>

<net id="866"><net_src comp="30" pin="0"/><net_sink comp="858" pin=2"/></net>

<net id="867"><net_src comp="32" pin="0"/><net_sink comp="858" pin=3"/></net>

<net id="874"><net_src comp="28" pin="0"/><net_sink comp="868" pin=0"/></net>

<net id="875"><net_src comp="698" pin="1"/><net_sink comp="868" pin=1"/></net>

<net id="876"><net_src comp="38" pin="0"/><net_sink comp="868" pin=2"/></net>

<net id="877"><net_src comp="40" pin="0"/><net_sink comp="868" pin=3"/></net>

<net id="884"><net_src comp="28" pin="0"/><net_sink comp="878" pin=0"/></net>

<net id="885"><net_src comp="698" pin="1"/><net_sink comp="878" pin=1"/></net>

<net id="886"><net_src comp="34" pin="0"/><net_sink comp="878" pin=2"/></net>

<net id="887"><net_src comp="36" pin="0"/><net_sink comp="878" pin=3"/></net>

<net id="891"><net_src comp="698" pin="1"/><net_sink comp="888" pin=0"/></net>

<net id="898"><net_src comp="28" pin="0"/><net_sink comp="892" pin=0"/></net>

<net id="899"><net_src comp="703" pin="1"/><net_sink comp="892" pin=1"/></net>

<net id="900"><net_src comp="30" pin="0"/><net_sink comp="892" pin=2"/></net>

<net id="901"><net_src comp="32" pin="0"/><net_sink comp="892" pin=3"/></net>

<net id="908"><net_src comp="28" pin="0"/><net_sink comp="902" pin=0"/></net>

<net id="909"><net_src comp="703" pin="1"/><net_sink comp="902" pin=1"/></net>

<net id="910"><net_src comp="38" pin="0"/><net_sink comp="902" pin=2"/></net>

<net id="911"><net_src comp="40" pin="0"/><net_sink comp="902" pin=3"/></net>

<net id="918"><net_src comp="28" pin="0"/><net_sink comp="912" pin=0"/></net>

<net id="919"><net_src comp="703" pin="1"/><net_sink comp="912" pin=1"/></net>

<net id="920"><net_src comp="34" pin="0"/><net_sink comp="912" pin=2"/></net>

<net id="921"><net_src comp="36" pin="0"/><net_sink comp="912" pin=3"/></net>

<net id="925"><net_src comp="703" pin="1"/><net_sink comp="922" pin=0"/></net>

<net id="932"><net_src comp="28" pin="0"/><net_sink comp="926" pin=0"/></net>

<net id="933"><net_src comp="708" pin="1"/><net_sink comp="926" pin=1"/></net>

<net id="934"><net_src comp="30" pin="0"/><net_sink comp="926" pin=2"/></net>

<net id="935"><net_src comp="32" pin="0"/><net_sink comp="926" pin=3"/></net>

<net id="942"><net_src comp="28" pin="0"/><net_sink comp="936" pin=0"/></net>

<net id="943"><net_src comp="708" pin="1"/><net_sink comp="936" pin=1"/></net>

<net id="944"><net_src comp="38" pin="0"/><net_sink comp="936" pin=2"/></net>

<net id="945"><net_src comp="40" pin="0"/><net_sink comp="936" pin=3"/></net>

<net id="952"><net_src comp="28" pin="0"/><net_sink comp="946" pin=0"/></net>

<net id="953"><net_src comp="708" pin="1"/><net_sink comp="946" pin=1"/></net>

<net id="954"><net_src comp="34" pin="0"/><net_sink comp="946" pin=2"/></net>

<net id="955"><net_src comp="36" pin="0"/><net_sink comp="946" pin=3"/></net>

<net id="959"><net_src comp="708" pin="1"/><net_sink comp="956" pin=0"/></net>

<net id="966"><net_src comp="28" pin="0"/><net_sink comp="960" pin=0"/></net>

<net id="967"><net_src comp="713" pin="1"/><net_sink comp="960" pin=1"/></net>

<net id="968"><net_src comp="30" pin="0"/><net_sink comp="960" pin=2"/></net>

<net id="969"><net_src comp="32" pin="0"/><net_sink comp="960" pin=3"/></net>

<net id="976"><net_src comp="28" pin="0"/><net_sink comp="970" pin=0"/></net>

<net id="977"><net_src comp="713" pin="1"/><net_sink comp="970" pin=1"/></net>

<net id="978"><net_src comp="38" pin="0"/><net_sink comp="970" pin=2"/></net>

<net id="979"><net_src comp="40" pin="0"/><net_sink comp="970" pin=3"/></net>

<net id="986"><net_src comp="28" pin="0"/><net_sink comp="980" pin=0"/></net>

<net id="987"><net_src comp="713" pin="1"/><net_sink comp="980" pin=1"/></net>

<net id="988"><net_src comp="34" pin="0"/><net_sink comp="980" pin=2"/></net>

<net id="989"><net_src comp="36" pin="0"/><net_sink comp="980" pin=3"/></net>

<net id="993"><net_src comp="713" pin="1"/><net_sink comp="990" pin=0"/></net>

<net id="1000"><net_src comp="28" pin="0"/><net_sink comp="994" pin=0"/></net>

<net id="1001"><net_src comp="718" pin="1"/><net_sink comp="994" pin=1"/></net>

<net id="1002"><net_src comp="30" pin="0"/><net_sink comp="994" pin=2"/></net>

<net id="1003"><net_src comp="32" pin="0"/><net_sink comp="994" pin=3"/></net>

<net id="1010"><net_src comp="28" pin="0"/><net_sink comp="1004" pin=0"/></net>

<net id="1011"><net_src comp="718" pin="1"/><net_sink comp="1004" pin=1"/></net>

<net id="1012"><net_src comp="38" pin="0"/><net_sink comp="1004" pin=2"/></net>

<net id="1013"><net_src comp="40" pin="0"/><net_sink comp="1004" pin=3"/></net>

<net id="1020"><net_src comp="28" pin="0"/><net_sink comp="1014" pin=0"/></net>

<net id="1021"><net_src comp="718" pin="1"/><net_sink comp="1014" pin=1"/></net>

<net id="1022"><net_src comp="34" pin="0"/><net_sink comp="1014" pin=2"/></net>

<net id="1023"><net_src comp="36" pin="0"/><net_sink comp="1014" pin=3"/></net>

<net id="1027"><net_src comp="718" pin="1"/><net_sink comp="1024" pin=0"/></net>

<net id="1034"><net_src comp="28" pin="0"/><net_sink comp="1028" pin=0"/></net>

<net id="1035"><net_src comp="723" pin="1"/><net_sink comp="1028" pin=1"/></net>

<net id="1036"><net_src comp="30" pin="0"/><net_sink comp="1028" pin=2"/></net>

<net id="1037"><net_src comp="32" pin="0"/><net_sink comp="1028" pin=3"/></net>

<net id="1044"><net_src comp="28" pin="0"/><net_sink comp="1038" pin=0"/></net>

<net id="1045"><net_src comp="723" pin="1"/><net_sink comp="1038" pin=1"/></net>

<net id="1046"><net_src comp="38" pin="0"/><net_sink comp="1038" pin=2"/></net>

<net id="1047"><net_src comp="40" pin="0"/><net_sink comp="1038" pin=3"/></net>

<net id="1054"><net_src comp="28" pin="0"/><net_sink comp="1048" pin=0"/></net>

<net id="1055"><net_src comp="723" pin="1"/><net_sink comp="1048" pin=1"/></net>

<net id="1056"><net_src comp="34" pin="0"/><net_sink comp="1048" pin=2"/></net>

<net id="1057"><net_src comp="36" pin="0"/><net_sink comp="1048" pin=3"/></net>

<net id="1061"><net_src comp="723" pin="1"/><net_sink comp="1058" pin=0"/></net>

<net id="1065"><net_src comp="184" pin="3"/><net_sink comp="1062" pin=0"/></net>

<net id="1066"><net_src comp="1062" pin="1"/><net_sink comp="192" pin=2"/></net>

<net id="1070"><net_src comp="202" pin="3"/><net_sink comp="1067" pin=0"/></net>

<net id="1071"><net_src comp="1067" pin="1"/><net_sink comp="192" pin=0"/></net>

<net id="1075"><net_src comp="728" pin="1"/><net_sink comp="1072" pin=0"/></net>

<net id="1076"><net_src comp="1072" pin="1"/><net_sink comp="736" pin=1"/></net>

<net id="1080"><net_src comp="628" pin="4"/><net_sink comp="1077" pin=0"/></net>

<net id="1081"><net_src comp="1077" pin="1"/><net_sink comp="736" pin=4"/></net>

<net id="1085"><net_src comp="638" pin="4"/><net_sink comp="1082" pin=0"/></net>

<net id="1086"><net_src comp="1082" pin="1"/><net_sink comp="736" pin=2"/></net>

<net id="1090"><net_src comp="648" pin="4"/><net_sink comp="1087" pin=0"/></net>

<net id="1091"><net_src comp="1087" pin="1"/><net_sink comp="736" pin=3"/></net>

<net id="1095"><net_src comp="732" pin="1"/><net_sink comp="1092" pin=0"/></net>

<net id="1096"><net_src comp="1092" pin="1"/><net_sink comp="745" pin=1"/></net>

<net id="1100"><net_src comp="658" pin="4"/><net_sink comp="1097" pin=0"/></net>

<net id="1101"><net_src comp="1097" pin="1"/><net_sink comp="745" pin=4"/></net>

<net id="1105"><net_src comp="668" pin="4"/><net_sink comp="1102" pin=0"/></net>

<net id="1106"><net_src comp="1102" pin="1"/><net_sink comp="745" pin=2"/></net>

<net id="1110"><net_src comp="678" pin="4"/><net_sink comp="1107" pin=0"/></net>

<net id="1111"><net_src comp="1107" pin="1"/><net_sink comp="745" pin=3"/></net>

<net id="1115"><net_src comp="211" pin="3"/><net_sink comp="1112" pin=0"/></net>

<net id="1116"><net_src comp="1112" pin="1"/><net_sink comp="192" pin=2"/></net>

<net id="1120"><net_src comp="220" pin="3"/><net_sink comp="1117" pin=0"/></net>

<net id="1121"><net_src comp="1117" pin="1"/><net_sink comp="192" pin=0"/></net>

<net id="1125"><net_src comp="136" pin="2"/><net_sink comp="1122" pin=0"/></net>

<net id="1126"><net_src comp="1122" pin="1"/><net_sink comp="526" pin=8"/></net>

<net id="1130"><net_src comp="142" pin="2"/><net_sink comp="1127" pin=0"/></net>

<net id="1131"><net_src comp="1127" pin="1"/><net_sink comp="526" pin=7"/></net>

<net id="1135"><net_src comp="148" pin="2"/><net_sink comp="1132" pin=0"/></net>

<net id="1136"><net_src comp="1132" pin="1"/><net_sink comp="526" pin=6"/></net>

<net id="1140"><net_src comp="154" pin="2"/><net_sink comp="1137" pin=0"/></net>

<net id="1141"><net_src comp="1137" pin="1"/><net_sink comp="526" pin=5"/></net>

<net id="1145"><net_src comp="160" pin="2"/><net_sink comp="1142" pin=0"/></net>

<net id="1146"><net_src comp="1142" pin="1"/><net_sink comp="526" pin=4"/></net>

<net id="1150"><net_src comp="166" pin="2"/><net_sink comp="1147" pin=0"/></net>

<net id="1151"><net_src comp="1147" pin="1"/><net_sink comp="526" pin=3"/></net>

<net id="1155"><net_src comp="172" pin="2"/><net_sink comp="1152" pin=0"/></net>

<net id="1156"><net_src comp="1152" pin="1"/><net_sink comp="526" pin=2"/></net>

<net id="1160"><net_src comp="178" pin="2"/><net_sink comp="1157" pin=0"/></net>

<net id="1161"><net_src comp="1157" pin="1"/><net_sink comp="526" pin=1"/></net>

<net id="1165"><net_src comp="736" pin="5"/><net_sink comp="1162" pin=0"/></net>

<net id="1166"><net_src comp="1162" pin="1"/><net_sink comp="526" pin=9"/></net>

<net id="1170"><net_src comp="745" pin="5"/><net_sink comp="1167" pin=0"/></net>

<net id="1171"><net_src comp="1167" pin="1"/><net_sink comp="526" pin=10"/></net>

<net id="1175"><net_src comp="758" pin="5"/><net_sink comp="1172" pin=0"/></net>

<net id="1176"><net_src comp="1172" pin="1"/><net_sink comp="526" pin=11"/></net>

<net id="1180"><net_src comp="775" pin="5"/><net_sink comp="1177" pin=0"/></net>

<net id="1181"><net_src comp="1177" pin="1"/><net_sink comp="526" pin=12"/></net>

<net id="1185"><net_src comp="688" pin="1"/><net_sink comp="1182" pin=0"/></net>

<net id="1186"><net_src comp="1182" pin="1"/><net_sink comp="526" pin=9"/></net>

<net id="1190"><net_src comp="693" pin="1"/><net_sink comp="1187" pin=0"/></net>

<net id="1191"><net_src comp="1187" pin="1"/><net_sink comp="526" pin=10"/></net>

<net id="1195"><net_src comp="698" pin="1"/><net_sink comp="1192" pin=0"/></net>

<net id="1196"><net_src comp="1192" pin="1"/><net_sink comp="526" pin=11"/></net>

<net id="1200"><net_src comp="703" pin="1"/><net_sink comp="1197" pin=0"/></net>

<net id="1201"><net_src comp="1197" pin="1"/><net_sink comp="526" pin=12"/></net>

<net id="1205"><net_src comp="708" pin="1"/><net_sink comp="1202" pin=0"/></net>

<net id="1206"><net_src comp="1202" pin="1"/><net_sink comp="526" pin=13"/></net>

<net id="1210"><net_src comp="713" pin="1"/><net_sink comp="1207" pin=0"/></net>

<net id="1211"><net_src comp="1207" pin="1"/><net_sink comp="526" pin=14"/></net>

<net id="1215"><net_src comp="718" pin="1"/><net_sink comp="1212" pin=0"/></net>

<net id="1216"><net_src comp="1212" pin="1"/><net_sink comp="526" pin=15"/></net>

<net id="1220"><net_src comp="723" pin="1"/><net_sink comp="1217" pin=0"/></net>

<net id="1221"><net_src comp="1217" pin="1"/><net_sink comp="526" pin=16"/></net>

<net id="1225"><net_src comp="810" pin="4"/><net_sink comp="1222" pin=0"/></net>

<net id="1226"><net_src comp="1222" pin="1"/><net_sink comp="245" pin=4"/></net>

<net id="1230"><net_src comp="820" pin="1"/><net_sink comp="1227" pin=0"/></net>

<net id="1231"><net_src comp="1227" pin="1"/><net_sink comp="245" pin=1"/></net>

<net id="1235"><net_src comp="824" pin="4"/><net_sink comp="1232" pin=0"/></net>

<net id="1236"><net_src comp="1232" pin="1"/><net_sink comp="245" pin=4"/></net>

<net id="1240"><net_src comp="834" pin="4"/><net_sink comp="1237" pin=0"/></net>

<net id="1241"><net_src comp="1237" pin="1"/><net_sink comp="245" pin=1"/></net>

<net id="1245"><net_src comp="844" pin="4"/><net_sink comp="1242" pin=0"/></net>

<net id="1246"><net_src comp="1242" pin="1"/><net_sink comp="245" pin=4"/></net>

<net id="1250"><net_src comp="854" pin="1"/><net_sink comp="1247" pin=0"/></net>

<net id="1251"><net_src comp="1247" pin="1"/><net_sink comp="245" pin=1"/></net>

<net id="1255"><net_src comp="858" pin="4"/><net_sink comp="1252" pin=0"/></net>

<net id="1256"><net_src comp="1252" pin="1"/><net_sink comp="245" pin=4"/></net>

<net id="1260"><net_src comp="868" pin="4"/><net_sink comp="1257" pin=0"/></net>

<net id="1261"><net_src comp="1257" pin="1"/><net_sink comp="245" pin=1"/></net>

<net id="1265"><net_src comp="878" pin="4"/><net_sink comp="1262" pin=0"/></net>

<net id="1266"><net_src comp="1262" pin="1"/><net_sink comp="245" pin=4"/></net>

<net id="1270"><net_src comp="888" pin="1"/><net_sink comp="1267" pin=0"/></net>

<net id="1271"><net_src comp="1267" pin="1"/><net_sink comp="245" pin=1"/></net>

<net id="1275"><net_src comp="892" pin="4"/><net_sink comp="1272" pin=0"/></net>

<net id="1276"><net_src comp="1272" pin="1"/><net_sink comp="245" pin=4"/></net>

<net id="1280"><net_src comp="902" pin="4"/><net_sink comp="1277" pin=0"/></net>

<net id="1281"><net_src comp="1277" pin="1"/><net_sink comp="245" pin=1"/></net>

<net id="1285"><net_src comp="912" pin="4"/><net_sink comp="1282" pin=0"/></net>

<net id="1286"><net_src comp="1282" pin="1"/><net_sink comp="245" pin=4"/></net>

<net id="1290"><net_src comp="922" pin="1"/><net_sink comp="1287" pin=0"/></net>

<net id="1291"><net_src comp="1287" pin="1"/><net_sink comp="245" pin=1"/></net>

<net id="1295"><net_src comp="926" pin="4"/><net_sink comp="1292" pin=0"/></net>

<net id="1296"><net_src comp="1292" pin="1"/><net_sink comp="245" pin=4"/></net>

<net id="1300"><net_src comp="936" pin="4"/><net_sink comp="1297" pin=0"/></net>

<net id="1301"><net_src comp="1297" pin="1"/><net_sink comp="245" pin=1"/></net>

<net id="1305"><net_src comp="946" pin="4"/><net_sink comp="1302" pin=0"/></net>

<net id="1306"><net_src comp="1302" pin="1"/><net_sink comp="245" pin=4"/></net>

<net id="1310"><net_src comp="956" pin="1"/><net_sink comp="1307" pin=0"/></net>

<net id="1311"><net_src comp="1307" pin="1"/><net_sink comp="245" pin=1"/></net>

<net id="1315"><net_src comp="960" pin="4"/><net_sink comp="1312" pin=0"/></net>

<net id="1316"><net_src comp="1312" pin="1"/><net_sink comp="245" pin=4"/></net>

<net id="1320"><net_src comp="970" pin="4"/><net_sink comp="1317" pin=0"/></net>

<net id="1321"><net_src comp="1317" pin="1"/><net_sink comp="245" pin=1"/></net>

<net id="1325"><net_src comp="980" pin="4"/><net_sink comp="1322" pin=0"/></net>

<net id="1326"><net_src comp="1322" pin="1"/><net_sink comp="245" pin=4"/></net>

<net id="1330"><net_src comp="990" pin="1"/><net_sink comp="1327" pin=0"/></net>

<net id="1331"><net_src comp="1327" pin="1"/><net_sink comp="245" pin=1"/></net>

<net id="1335"><net_src comp="994" pin="4"/><net_sink comp="1332" pin=0"/></net>

<net id="1336"><net_src comp="1332" pin="1"/><net_sink comp="245" pin=4"/></net>

<net id="1340"><net_src comp="1004" pin="4"/><net_sink comp="1337" pin=0"/></net>

<net id="1341"><net_src comp="1337" pin="1"/><net_sink comp="245" pin=1"/></net>

<net id="1345"><net_src comp="1014" pin="4"/><net_sink comp="1342" pin=0"/></net>

<net id="1346"><net_src comp="1342" pin="1"/><net_sink comp="245" pin=4"/></net>

<net id="1350"><net_src comp="1024" pin="1"/><net_sink comp="1347" pin=0"/></net>

<net id="1351"><net_src comp="1347" pin="1"/><net_sink comp="245" pin=1"/></net>

<net id="1355"><net_src comp="1028" pin="4"/><net_sink comp="1352" pin=0"/></net>

<net id="1356"><net_src comp="1352" pin="1"/><net_sink comp="245" pin=4"/></net>

<net id="1360"><net_src comp="1038" pin="4"/><net_sink comp="1357" pin=0"/></net>

<net id="1361"><net_src comp="1357" pin="1"/><net_sink comp="245" pin=1"/></net>

<net id="1365"><net_src comp="1048" pin="4"/><net_sink comp="1362" pin=0"/></net>

<net id="1366"><net_src comp="1362" pin="1"/><net_sink comp="245" pin=4"/></net>

<net id="1370"><net_src comp="1058" pin="1"/><net_sink comp="1367" pin=0"/></net>

<net id="1371"><net_src comp="1367" pin="1"/><net_sink comp="245" pin=1"/></net>

</net_list>

</model> 
---------------- Datapath Model END ------------------

* FSMD analyzer results:
  - Output states:
	Port: out_r | {5 6 7 8 9 10 11 12 13 14 15 16 17 18 19 20 }
	Port: K | {}
 - Input state : 
	Port: sha256d_from_midstate : midstate_read | {3 }
	Port: sha256d_from_midstate : midstate_read_15 | {3 }
	Port: sha256d_from_midstate : midstate_read_16 | {3 }
	Port: sha256d_from_midstate : midstate_read_17 | {3 }
	Port: sha256d_from_midstate : midstate_read_18 | {3 }
	Port: sha256d_from_midstate : midstate_read_19 | {3 }
	Port: sha256d_from_midstate : midstate_read_20 | {3 }
	Port: sha256d_from_midstate : midstate_read_21 | {3 }
	Port: sha256d_from_midstate : header_tail | {1 2 3 }
	Port: sha256d_from_midstate : K | {3 4 5 }
  - Chain level:
	State 1
		header_tail_load : 1
		header_tail_load_1 : 1
	State 2
		empty : 1
		p_3 : 1
		p_1 : 1
		p_2 : 1
		empty_40 : 1
		p_4 : 1
		p_5 : 1
		p_6 : 1
		header_tail_load_2 : 1
		header_tail_load_3 : 1
	State 3
		empty_41 : 1
		p_7 : 1
		p_8 : 1
		p_9 : 1
		block_words_2 : 2
		empty_42 : 1
		p_s : 1
		p_10 : 1
		p_11 : 1
		block_words_3 : 2
		call_ret : 3
	State 4
		s_16 : 1
		s_17 : 1
		s_18 : 1
		s_19 : 1
		s_20 : 1
		s_21 : 1
		s_22 : 1
		s_23 : 1
		call_ret1 : 2
	State 5
		s : 1
		s_8 : 1
		s_9 : 1
		s_11 : 1
		s_12 : 1
		s_13 : 1
		s_14 : 1
		s_15 : 1
		trunc_ln : 2
		store_ln320 : 3
		trunc_ln1 : 2
		store_ln321 : 3
		trunc_ln2 : 2
		trunc_ln323 : 2
		trunc_ln320_1 : 2
		trunc_ln321_1 : 2
		trunc_ln322_1 : 2
		trunc_ln323_1 : 2
		trunc_ln320_2 : 2
		trunc_ln321_2 : 2
		trunc_ln322_2 : 2
		trunc_ln323_2 : 2
		trunc_ln320_3 : 2
		trunc_ln321_3 : 2
		trunc_ln322_3 : 2
		trunc_ln323_3 : 2
		trunc_ln320_4 : 2
		trunc_ln321_4 : 2
		trunc_ln322_4 : 2
		trunc_ln323_4 : 2
		trunc_ln320_5 : 2
		trunc_ln321_5 : 2
		trunc_ln322_5 : 2
		trunc_ln323_5 : 2
		trunc_ln320_6 : 2
		trunc_ln321_6 : 2
		trunc_ln322_6 : 2
		trunc_ln323_6 : 2
		trunc_ln320_7 : 2
		trunc_ln321_7 : 2
		trunc_ln322_7 : 2
		trunc_ln323_7 : 2
	State 6
		store_ln322 : 1
		store_ln323 : 1
	State 7
		store_ln320 : 1
		store_ln321 : 1
	State 8
		store_ln322 : 1
		store_ln323 : 1
	State 9
		store_ln320 : 1
		store_ln321 : 1
	State 10
		store_ln322 : 1
		store_ln323 : 1
	State 11
		store_ln320 : 1
		store_ln321 : 1
	State 12
		store_ln322 : 1
		store_ln323 : 1
	State 13
		store_ln320 : 1
		store_ln321 : 1
	State 14
		store_ln322 : 1
		store_ln323 : 1
	State 15
		store_ln320 : 1
		store_ln321 : 1
	State 16
		store_ln322 : 1
		store_ln323 : 1
	State 17
		store_ln320 : 1
		store_ln321 : 1
	State 18
		store_ln322 : 1
		store_ln323 : 1
	State 19
		store_ln320 : 1
		store_ln321 : 1
	State 20
		store_ln322 : 1
		store_ln323 : 1


============================================================
+ Verbose Summary: Datapath Resource usage 
============================================================

* Functional unit list:
|----------|----------------------------------|---------|---------|---------|
| Operation|          Functional Unit         |  Delay  |    FF   |   LUT   |
|----------|----------------------------------|---------|---------|---------|
|   call   | grp_sha256_compress_words_fu_526 |  8.113  |   2722  |   1716  |
|----------|----------------------------------|---------|---------|---------|
|          |    midstate_read_1_read_fu_136   |    0    |    0    |    0    |
|          |    midstate_read_2_read_fu_142   |    0    |    0    |    0    |
|          |    midstate_read_3_read_fu_148   |    0    |    0    |    0    |
|   read   |    midstate_read_4_read_fu_154   |    0    |    0    |    0    |
|          |    midstate_read_5_read_fu_160   |    0    |    0    |    0    |
|          |    midstate_read_6_read_fu_166   |    0    |    0    |    0    |
|          |    midstate_read_7_read_fu_172   |    0    |    0    |    0    |
|          |    midstate_read13_read_fu_178   |    0    |    0    |    0    |
|----------|----------------------------------|---------|---------|---------|
|          |            grp_fu_628            |    0    |    0    |    0    |
|          |            grp_fu_638            |    0    |    0    |    0    |
|          |            grp_fu_648            |    0    |    0    |    0    |
|          |            grp_fu_658            |    0    |    0    |    0    |
|          |            grp_fu_668            |    0    |    0    |    0    |
|          |            grp_fu_678            |    0    |    0    |    0    |
|          |          trunc_ln_fu_788         |    0    |    0    |    0    |
|          |         trunc_ln1_fu_799         |    0    |    0    |    0    |
|          |         trunc_ln2_fu_810         |    0    |    0    |    0    |
|          |       trunc_ln320_1_fu_824       |    0    |    0    |    0    |
|          |       trunc_ln321_1_fu_834       |    0    |    0    |    0    |
|          |       trunc_ln322_1_fu_844       |    0    |    0    |    0    |
|          |       trunc_ln320_2_fu_858       |    0    |    0    |    0    |
|          |       trunc_ln321_2_fu_868       |    0    |    0    |    0    |
|partselect|       trunc_ln322_2_fu_878       |    0    |    0    |    0    |
|          |       trunc_ln320_3_fu_892       |    0    |    0    |    0    |
|          |       trunc_ln321_3_fu_902       |    0    |    0    |    0    |
|          |       trunc_ln322_3_fu_912       |    0    |    0    |    0    |
|          |       trunc_ln320_4_fu_926       |    0    |    0    |    0    |
|          |       trunc_ln321_4_fu_936       |    0    |    0    |    0    |
|          |       trunc_ln322_4_fu_946       |    0    |    0    |    0    |
|          |       trunc_ln320_5_fu_960       |    0    |    0    |    0    |
|          |       trunc_ln321_5_fu_970       |    0    |    0    |    0    |
|          |       trunc_ln322_5_fu_980       |    0    |    0    |    0    |
|          |       trunc_ln320_6_fu_994       |    0    |    0    |    0    |
|          |       trunc_ln321_6_fu_1004      |    0    |    0    |    0    |
|          |       trunc_ln322_6_fu_1014      |    0    |    0    |    0    |
|          |       trunc_ln320_7_fu_1028      |    0    |    0    |    0    |
|          |       trunc_ln321_7_fu_1038      |    0    |    0    |    0    |
|          |       trunc_ln322_7_fu_1048      |    0    |    0    |    0    |
|----------|----------------------------------|---------|---------|---------|
|          |            grp_fu_688            |    0    |    0    |    0    |
|          |            grp_fu_693            |    0    |    0    |    0    |
|          |            grp_fu_698            |    0    |    0    |    0    |
|extractvalue|            grp_fu_703            |    0    |    0    |    0    |
|          |            grp_fu_708            |    0    |    0    |    0    |
|          |            grp_fu_713            |    0    |    0    |    0    |
|          |            grp_fu_718            |    0    |    0    |    0    |
|          |            grp_fu_723            |    0    |    0    |    0    |
|----------|----------------------------------|---------|---------|---------|
|          |           empty_fu_728           |    0    |    0    |    0    |
|          |          empty_40_fu_732         |    0    |    0    |    0    |
|          |          empty_41_fu_754         |    0    |    0    |    0    |
|          |          empty_42_fu_771         |    0    |    0    |    0    |
|          |        trunc_ln323_fu_820        |    0    |    0    |    0    |
|   trunc  |       trunc_ln323_1_fu_854       |    0    |    0    |    0    |
|          |       trunc_ln323_2_fu_888       |    0    |    0    |    0    |
|          |       trunc_ln323_3_fu_922       |    0    |    0    |    0    |
|          |       trunc_ln323_4_fu_956       |    0    |    0    |    0    |
|          |       trunc_ln323_5_fu_990       |    0    |    0    |    0    |
|          |       trunc_ln323_6_fu_1024      |    0    |    0    |    0    |
|          |       trunc_ln323_7_fu_1058      |    0    |    0    |    0    |
|----------|----------------------------------|---------|---------|---------|
|          |        block_words_fu_736        |    0    |    0    |    0    |
|bitconcatenate|       block_words_1_fu_745       |    0    |    0    |    0    |
|          |       block_words_2_fu_758       |    0    |    0    |    0    |
|          |       block_words_3_fu_775       |    0    |    0    |    0    |
|----------|----------------------------------|---------|---------|---------|
|   Total  |                                  |  8.113  |   2722  |   1716  |
|----------|----------------------------------|---------|---------|---------|

Memories:
N/A

* Register list:
+---------------------------+--------+
|                           |   FF   |
+---------------------------+--------+
|   block_words_1_reg_1167  |   32   |
|   block_words_2_reg_1172  |   32   |
|   block_words_3_reg_1177  |   32   |
|    block_words_reg_1162   |   32   |
|     empty_40_reg_1092     |    8   |
|       empty_reg_1072      |    8   |
|header_tail_addr_1_reg_1067|    5   |
|header_tail_addr_2_reg_1112|    5   |
|header_tail_addr_3_reg_1117|    5   |
| header_tail_addr_reg_1062 |    5   |
|  midstate_read13_reg_1157 |   32   |
|  midstate_read_1_reg_1122 |   32   |
|  midstate_read_2_reg_1127 |   32   |
|  midstate_read_3_reg_1132 |   32   |
|  midstate_read_4_reg_1137 |   32   |
|  midstate_read_5_reg_1142 |   32   |
|  midstate_read_6_reg_1147 |   32   |
|  midstate_read_7_reg_1152 |   32   |
|        p_1_reg_1082       |    8   |
|        p_2_reg_1087       |    8   |
|        p_3_reg_1077       |    8   |
|        p_4_reg_1097       |    8   |
|        p_5_reg_1102       |    8   |
|        p_6_reg_1107       |    8   |
|       s_16_reg_1182       |   32   |
|       s_17_reg_1187       |   32   |
|       s_18_reg_1192       |   32   |
|       s_19_reg_1197       |   32   |
|       s_20_reg_1202       |   32   |
|       s_21_reg_1207       |   32   |
|       s_22_reg_1212       |   32   |
|       s_23_reg_1217       |   32   |
|     trunc_ln2_reg_1222    |    8   |
|   trunc_ln320_1_reg_1232  |    8   |
|   trunc_ln320_2_reg_1252  |    8   |
|   trunc_ln320_3_reg_1272  |    8   |
|   trunc_ln320_4_reg_1292  |    8   |
|   trunc_ln320_5_reg_1312  |    8   |
|   trunc_ln320_6_reg_1332  |    8   |
|   trunc_ln320_7_reg_1352  |    8   |
|   trunc_ln321_1_reg_1237  |    8   |
|   trunc_ln321_2_reg_1257  |    8   |
|   trunc_ln321_3_reg_1277  |    8   |
|   trunc_ln321_4_reg_1297  |    8   |
|   trunc_ln321_5_reg_1317  |    8   |
|   trunc_ln321_6_reg_1337  |    8   |
|   trunc_ln321_7_reg_1357  |    8   |
|   trunc_ln322_1_reg_1242  |    8   |
|   trunc_ln322_2_reg_1262  |    8   |
|   trunc_ln322_3_reg_1282  |    8   |
|   trunc_ln322_4_reg_1302  |    8   |
|   trunc_ln322_5_reg_1322  |    8   |
|   trunc_ln322_6_reg_1342  |    8   |
|   trunc_ln322_7_reg_1362  |    8   |
|   trunc_ln323_1_reg_1247  |    8   |
|   trunc_ln323_2_reg_1267  |    8   |
|   trunc_ln323_3_reg_1287  |    8   |
|   trunc_ln323_4_reg_1307  |    8   |
|   trunc_ln323_5_reg_1327  |    8   |
|   trunc_ln323_6_reg_1347  |    8   |
|   trunc_ln323_7_reg_1367  |    8   |
|    trunc_ln323_reg_1227   |    8   |
+---------------------------+--------+
|           Total           |   964  |
+---------------------------+--------+

* Multiplexer (MUX) list: 
|----------------------------------|------|------|------|--------||---------||---------||---------|
|               Comp               |  Pin | Size |  BW  | S x BW ||  Delay  ||    FF   ||   LUT   |
|----------------------------------|------|------|------|--------||---------||---------||---------|
|         grp_access_fu_192        |  p0  |   4  |   5  |   20   ||    0    ||    20   |
|         grp_access_fu_192        |  p2  |   4  |   0  |    0   ||    0    ||    20   |
|         grp_access_fu_245        |  p0  |  16  |   5  |   80   ||    0    ||    65   |
|         grp_access_fu_245        |  p1  |  16  |   8  |   128  ||    0    ||    65   |
|         grp_access_fu_245        |  p2  |  16  |   0  |    0   ||    0    ||    65   |
|         grp_access_fu_245        |  p4  |  16  |   5  |   80   ||    0    ||    65   |
| grp_sha256_compress_words_fu_526 |  p1  |   3  |  32  |   96   ||    0    ||    14   |
| grp_sha256_compress_words_fu_526 |  p2  |   3  |  32  |   96   ||    0    ||    14   |
| grp_sha256_compress_words_fu_526 |  p3  |   3  |  32  |   96   ||    0    ||    14   |
| grp_sha256_compress_words_fu_526 |  p4  |   3  |  32  |   96   ||    0    ||    14   |
| grp_sha256_compress_words_fu_526 |  p5  |   3  |  32  |   96   ||    0    ||    14   |
| grp_sha256_compress_words_fu_526 |  p6  |   3  |  32  |   96   ||    0    ||    14   |
| grp_sha256_compress_words_fu_526 |  p7  |   3  |  32  |   96   ||    0    ||    14   |
| grp_sha256_compress_words_fu_526 |  p8  |   3  |  32  |   96   ||    0    ||    14   |
| grp_sha256_compress_words_fu_526 |  p9  |   4  |  32  |   128  ||    0    ||    20   |
| grp_sha256_compress_words_fu_526 |  p10 |   4  |  32  |   128  ||    0    ||    20   |
| grp_sha256_compress_words_fu_526 |  p11 |   4  |  32  |   128  ||    0    ||    20   |
| grp_sha256_compress_words_fu_526 |  p12 |   4  |  32  |   128  ||    0    ||    20   |
| grp_sha256_compress_words_fu_526 |  p13 |   3  |  32  |   96   ||    0    ||    14   |
| grp_sha256_compress_words_fu_526 |  p14 |   3  |  32  |   96   ||    0    ||    14   |
| grp_sha256_compress_words_fu_526 |  p15 |   3  |  32  |   96   ||    0    ||    14   |
| grp_sha256_compress_words_fu_526 |  p16 |   3  |  32  |   96   ||    0    ||    14   |
| grp_sha256_compress_words_fu_526 |  p17 |   2  |  32  |   64   |
| grp_sha256_compress_words_fu_526 |  p18 |   2  |  11  |   22   |
|----------------------------------|------|------|------|--------||---------||---------||---------|
|               Total              |      |      |      |  2058  ||  11.672 ||    0    ||   548   |
|----------------------------------|------|------|------|--------||---------||---------||---------|



* Summary:
+-----------+--------+--------+--------+
|           |  Delay |   FF   |   LUT  |
+-----------+--------+--------+--------+
|  Function |    8   |  2722  |  1716  |
|   Memory  |    -   |    -   |    -   |
|Multiplexer|   11   |    0   |   548  |
|  Register |    -   |   964  |    -   |
+-----------+--------+--------+--------+
|   Total   |   19   |  3686  |  2264  |
+-----------+--------+--------+--------+
